<?xml version="1.0" encoding="utf-8"?>
<alto xmlns:xlink="http://www.w3.org/1999/xlink" xmlns:xsi="http://www.w3.org/2001/XMLSchema-instance" xsi:schemaLocation="http://www.loc.gov/standards/alto/ns-v2# http://www.loc.gov/standards/alto/alto-v2.0.xsd" xmlns="http://www.loc.gov/standards/alto/ns-v2#">
  <Description>
    <MeasurementUnit>pixel</MeasurementUnit>
    <sourceImageInformation>
      <fileName>0001.jpg</fileName>
    </sourceImageInformation>
    <OCRProcessing ID="Processing">
      <ocrProcessingStep>
        <processingStepSettings>Image Resolution:400</processingStepSettings>
        <processingSoftware>
          <softwareCreator>I2S Kirtas</softwareCreator>
          <softwareName>Limb</softwareName>
          <softwareVersion>1.0</softwareVersion>
          <applicationDescription>Abbyy10 OCR Engine</applicationDescription>
        </processingSoftware>
      </ocrProcessingStep>
    </OCRProcessing>
  </Description>
  <Styles>
    <TextStyle ID="StyleId-0" FONTSIZE="36" FONTFAMILY="Times New Roman" />
    <TextStyle ID="StyleId-1" FONTSIZE="24" FONTFAMILY="Times New Roman" />
    <TextStyle ID="StyleId-2" FONTSIZE="13" FONTFAMILY="Times New Roman" />
  </Styles>
  <Layout>
    <Page ID="P0" PHYSICAL_IMG_NR="0" HEIGHT="3800" WIDTH="2600" ACCURACY="0.7700613" QUALITY_DETAIL="20 words, 78 chars, 59 with recognition greater than 50% (75.64%)">
      <TopMargin ID="P0_TM00001" HPOS="0" VPOS="0" WIDTH="2600" HEIGHT="202" />
      <LeftMargin ID="P0_LM00001" HPOS="0" VPOS="202" WIDTH="296" HEIGHT="2992" />
      <RightMargin ID="P0_RM00001" HPOS="2396" VPOS="202" WIDTH="204" HEIGHT="2992" />
      <BottomMargin ID="P0_BM00001" HPOS="0" VPOS="3194" WIDTH="2600" HEIGHT="606" />
      <PrintSpace ID="P0_PS00001" HPOS="296" VPOS="202" WIDTH="2100" HEIGHT="2992">
        <TextBlock ID="P0_TB00001" HPOS="604" VPOS="202" WIDTH="1460" HEIGHT="158">
          <TextLine ID="P0_TL00001" HPOS="620" VPOS="208" WIDTH="1428" HEIGHT="144">
            <String ID="P0_S00001" HPOS="620" VPOS="212" WIDTH="428" HEIGHT="140" STYLEREFS="StyleId-0" CONTENT="THE" WC="0.396666676" CC="566" />
            <SP ID="P0_SP00001" WIDTH="0" HPOS="0" VPOS="0" />
            <String ID="P0_S00002" HPOS="1136" VPOS="208" WIDTH="912" HEIGHT="144" STYLEREFS="StyleId-0" CONTENT="LONDON" WC="0.613333344" CC="406470" />
          </TextLine>
        </TextBlock>
        <Illustration ID="P0_ILL00001" HPOS="296" VPOS="470" WIDTH="2100" HEIGHT="330" />
        <TextBlock ID="P0_TB00002" HPOS="698" VPOS="928" WIDTH="1316" HEIGHT="518">
          <TextLine ID="P0_TL00002" HPOS="714" VPOS="956" WIDTH="1284" HEIGHT="146">
            <String ID="P0_S00003" HPOS="714" VPOS="956" WIDTH="386" HEIGHT="104" STYLEREFS="StyleId-1" CONTENT="Edited" WC="0.63" CC="325604" />
            <SP ID="P0_SP00002" WIDTH="0" HPOS="0" VPOS="0" />
            <String ID="P0_S00004" HPOS="1156" VPOS="956" WIDTH="140" HEIGHT="144" STYLEREFS="StyleId-1" CONTENT="by" WC="0.645" CC="06" />
            <SP ID="P0_SP00003" WIDTH="0" HPOS="0" VPOS="0" />
            <String ID="P0_S00005" HPOS="1338" VPOS="964" WIDTH="92" HEIGHT="136" STYLEREFS="StyleId-1" CONTENT="J." WC="0.73" CC="13" />
            <SP ID="P0_SP00004" WIDTH="0" HPOS="0" VPOS="0" />
            <String ID="P0_S00006" HPOS="1462" VPOS="964" WIDTH="122" HEIGHT="136" STYLEREFS="StyleId-1" CONTENT="C." WC="0.85" CC="30" />
            <SP ID="P0_SP00005" WIDTH="0" HPOS="0" VPOS="0" />
            <String ID="P0_S00007" HPOS="1624" VPOS="962" WIDTH="374" HEIGHT="140" STYLEREFS="StyleId-1" CONTENT="Squire" WC="0.695" CC="065600" />
          </TextLine>
          <TextLine ID="P0_TL00003" HPOS="990" VPOS="1158" WIDTH="710" HEIGHT="106">
            <String ID="P0_S00008" HPOS="990" VPOS="1158" WIDTH="482" HEIGHT="106" STYLEREFS="StyleId-1" CONTENT="Volume" WC="0.7733333" CC="603400" />
            <SP ID="P0_SP00006" WIDTH="0" HPOS="0" VPOS="0" />
            <String ID="P0_S00009" HPOS="1540" VPOS="1166" WIDTH="160" HEIGHT="98" STYLEREFS="StyleId-1" CONTENT="III" WC="0.8566667" CC="004" />
          </TextLine>
          <TextLine ID="P0_TL00004" HPOS="815" VPOS="1356" WIDTH="1068" HEIGHT="86">
            <String ID="P0_S00010" HPOS="815" VPOS="1378" WIDTH="178" HEIGHT="57" STYLEREFS="StyleId-2" CONTENT="1920" WC="0.63" CC="0562" />
            <SP ID="P0_SP00007" WIDTH="0" HPOS="0" VPOS="0" />
            <String ID="P0_S00011" HPOS="1026" VPOS="1357" WIDTH="350" HEIGHT="78" STYLEREFS="StyleId-2" CONTENT="November" WC="0.74375" CC="21401603" />
            <SP ID="P0_SP00008" WIDTH="0" HPOS="0" VPOS="0" />
            <String ID="P0_S00012" HPOS="1407" VPOS="1376" WIDTH="61" HEIGHT="59" STYLEREFS="StyleId-2" CONTENT="to" WC="0.755" CC="22" />
            <SP ID="P0_SP00009" WIDTH="0" HPOS="0" VPOS="0" />
            <String ID="P0_S00013" HPOS="1498" VPOS="1356" WIDTH="174" HEIGHT="86" STYLEREFS="StyleId-2" CONTENT="April" WC="0.892" CC="02020" />
            <SP ID="P0_SP00010" WIDTH="0" HPOS="0" VPOS="0" />
            <String ID="P0_S00014" HPOS="1714" VPOS="1382" WIDTH="78" HEIGHT="60" STYLEREFS="StyleId-2" CONTENT="19" WC="1" CC="00" />
            <SP ID="P0_SP00011" WIDTH="0" HPOS="0" VPOS="0" />
            <String ID="P0_S00015" HPOS="1808" VPOS="1381" WIDTH="30" HEIGHT="61" STYLEREFS="StyleId-2" CONTENT="2" WC="1" CC="0" />
            <SP ID="P0_SP00012" WIDTH="0" HPOS="0" VPOS="0" />
            <String ID="P0_S00016" HPOS="1862" VPOS="1382" WIDTH="21" HEIGHT="60" STYLEREFS="StyleId-2" CONTENT="1" WC="1" CC="0" />
          </TextLine>
        </TextBlock>
        <Illustration ID="P0_ILL00002" HPOS="1022" VPOS="1596" WIDTH="632" HEIGHT="714" />
        <TextBlock ID="P0_TB00003" HPOS="542" VPOS="3034" WIDTH="1601" HEIGHT="160">
          <TextLine ID="P0_TL00005" HPOS="550" VPOS="3042" WIDTH="1586" HEIGHT="144">
            <String ID="P0_S00017" HPOS="550" VPOS="3060" WIDTH="260" HEIGHT="102" STYLEREFS="StyleId-1" CONTENT="The" WC="0.81" CC="500" />
            <SP ID="P0_SP00013" WIDTH="0" HPOS="0" VPOS="0" />
            <String ID="P0_S00018" HPOS="854" VPOS="3054" WIDTH="470" HEIGHT="108" STYLEREFS="StyleId-1" CONTENT="London" WC="0.74666667" CC="243040" />
            <SP ID="P0_SP00014" WIDTH="0" HPOS="0" VPOS="0" />
            <String ID="P0_S00019" HPOS="1372" VPOS="3054" WIDTH="508" HEIGHT="132" STYLEREFS="StyleId-1" CONTENT="Mercury" WC="0.747142851" CC="0060605" />
            <SP ID="P0_SP00015" WIDTH="0" HPOS="0" VPOS="0" />
            <String ID="P0_S00020" HPOS="1928" VPOS="3042" WIDTH="208" HEIGHT="144" STYLEREFS="StyleId-1" CONTENT="Ltd" WC="0.886666656" CC="300" />
          </TextLine>
        </TextBlock>
      </PrintSpace>
    </Page>
  </Layout>
</alto>