﻿<?xml version="1.0" encoding="utf-8"?>
<mets xsi:schemaLocation="http://www.loc.gov/METS/ http://www.loc.gov/standards/mets/mets.xsd http://www.openarchives.org/OAI/2.0/oai_dc/ http://www.openarchives.org/OAI/2.0/oai_dc.xsd http://www.loc.gov/mix/v20 http://www.loc.gov/standards/mix/mix20/mix20.xsd" xmlns:xsi="http://www.w3.org/2001/XMLSchema-instance" xmlns:dc="http://purl.org/dc/elements/1.1/" xmlns:premis="http://purl.org/dc/elements/1.1/premis" xmlns:mix="http://purl.org/dc/elements/1.1/mix" xmlns:xlink="http://www.w3.org/1999/xlink" xmlns="http://www.loc.gov/METS/">
  <metsHdr CREATEDATE="2014-08-05T09:14:27" RECORDSTATUS="Complete">
    <agent ROLE="CREATOR" TYPE="ORGANIZATION">
      <name>Emory University</name>
    </agent>
    <agent ROLE="ARCHIVIST" TYPE="ORGANIZATION">
      <name>Emory University</name>
    </agent>
    <agent ROLE="ARCHIVIST" TYPE="INDIVIDUAL">
      <name>Emory University</name>
    </agent>
  </metsHdr>
  <dmdSec ID="DMD1">
    <mdWrap MIMETYPE="text/xml" MDTYPE="MODS" LABEL="MODS Metadata">
  <xmlData>
    <mods:mods version="3.3" xsi:schemaLocation="http://www.loc.gov/mods/v3 http://www.loc.gov/standards/mods/v3/mods-3-3.xsd" xmlns:mods="http://www.loc.gov/mods/v3">
      <mods:name type="personal">
        <mods:role>
          <mods:roleTerm authority="marcrelator" type="text">creator</mods:roleTerm>
        </mods:role>
      </mods:name>
      <mods:typeOfResource>text</mods:typeOfResource>
      <mods:originInfo>
        <mods:place>
          <mods:placeTerm type="code" authority="marccountry">enk</mods:placeTerm>
        </mods:place>
      </mods:originInfo>
      <mods:recordInfo>
        <mods:recordContentSource authority="marcorg">CtY</mods:recordContentSource>
      </mods:recordInfo>
    </mods:mods>
  </xmlData>
</mdWrap>
  </dmdSec>
  <dmdSec ID="DMD2">
    <mdWrap MIMETYPE="text/xml" MDTYPE="DC" LABEL="DC Metadata" />
  </dmdSec>
  <amdSec ID="AMD">
    <techMD ID="AMD_TECHMD_TIF0001">
      <mdWrap MDTYPE="NISOIMG" MIMETYPE="text/xml" LABEL="NISO MIX Metadata">
  <xmlData>
    <mix:mix xsi:schemaLocation="http://www.loc.gov/mix/v20 http://www.loc.gov/standards/mix/mix20/mix20.xsd" xmlns:mix="http://www.loc.gov/mix/v20">
      <mix:BasicDigitalObjectInformation>
        <mix:ObjectIdentifier>
          <mix:objectIdentifierType>pathname</mix:objectIdentifierType>
          <mix:objectIdentifierValue>../TIFF/00000001.tif</mix:objectIdentifierValue>
        </mix:ObjectIdentifier>
        <mix:fileSize>265940</mix:fileSize>
        <mix:FormatDesignation>
          <mix:formatName>image/tiff</mix:formatName>
        </mix:FormatDesignation>
        <mix:Fixity>
          <mix:messageDigestAlgorithm>MD5</mix:messageDigestAlgorithm>
          <mix:messageDigest>02cf2003a4ad3d33437e06a2ba6f7958</mix:messageDigest>
        </mix:Fixity>
      </mix:BasicDigitalObjectInformation>
      <mix:BasicImageInformation>
        <mix:BasicImageCharacteristics>
          <mix:imageWidth>2600</mix:imageWidth>
          <mix:imageHeight>3800</mix:imageHeight>
        </mix:BasicImageCharacteristics>
      </mix:BasicImageInformation>
      <mix:ImageAssessmentMetadata>
        <mix:ImageColorEncoding>
          <mix:BitsPerSample>
            <mix:bitsPerSampleUnit>integer</mix:bitsPerSampleUnit>
          </mix:BitsPerSample>
        </mix:ImageColorEncoding>
      </mix:ImageAssessmentMetadata>
    </mix:mix>
  </xmlData>
</mdWrap>
    </techMD>
    <techMD ID="AMD_TECHMD_TIF0002">
      <mdWrap MDTYPE="NISOIMG" MIMETYPE="text/xml" LABEL="NISO MIX Metadata">
  <xmlData>
    <mix:mix xsi:schemaLocation="http://www.loc.gov/mix/v20 http://www.loc.gov/standards/mix/mix20/mix20.xsd" xmlns:mix="http://www.loc.gov/mix/v20">
      <mix:BasicDigitalObjectInformation>
        <mix:ObjectIdentifier>
          <mix:objectIdentifierType>pathname</mix:objectIdentifierType>
          <mix:objectIdentifierValue>../TIFF/00000002.tif</mix:objectIdentifierValue>
        </mix:ObjectIdentifier>
        <mix:fileSize>108352</mix:fileSize>
        <mix:FormatDesignation>
          <mix:formatName>image/tiff</mix:formatName>
        </mix:FormatDesignation>
        <mix:Fixity>
          <mix:messageDigestAlgorithm>MD5</mix:messageDigestAlgorithm>
          <mix:messageDigest>31769c260b52f2335e46a0742a8a9528</mix:messageDigest>
        </mix:Fixity>
      </mix:BasicDigitalObjectInformation>
      <mix:BasicImageInformation>
        <mix:BasicImageCharacteristics>
          <mix:imageWidth>2600</mix:imageWidth>
          <mix:imageHeight>3800</mix:imageHeight>
        </mix:BasicImageCharacteristics>
      </mix:BasicImageInformation>
      <mix:ImageAssessmentMetadata>
        <mix:ImageColorEncoding>
          <mix:BitsPerSample>
            <mix:bitsPerSampleUnit>integer</mix:bitsPerSampleUnit>
          </mix:BitsPerSample>
        </mix:ImageColorEncoding>
      </mix:ImageAssessmentMetadata>
    </mix:mix>
  </xmlData>
</mdWrap>
    </techMD>
    <techMD ID="AMD_TECHMD_TIF0003">
      <mdWrap MDTYPE="NISOIMG" MIMETYPE="text/xml" LABEL="NISO MIX Metadata">
  <xmlData>
    <mix:mix xsi:schemaLocation="http://www.loc.gov/mix/v20 http://www.loc.gov/standards/mix/mix20/mix20.xsd" xmlns:mix="http://www.loc.gov/mix/v20">
      <mix:BasicDigitalObjectInformation>
        <mix:ObjectIdentifier>
          <mix:objectIdentifierType>pathname</mix:objectIdentifierType>
          <mix:objectIdentifierValue>../TIFF/00000003.tif</mix:objectIdentifierValue>
        </mix:ObjectIdentifier>
        <mix:fileSize>115026</mix:fileSize>
        <mix:FormatDesignation>
          <mix:formatName>image/tiff</mix:formatName>
        </mix:FormatDesignation>
        <mix:Fixity>
          <mix:messageDigestAlgorithm>MD5</mix:messageDigestAlgorithm>
          <mix:messageDigest>ec9ddf16b6e94b96dc76bfc213fcc795</mix:messageDigest>
        </mix:Fixity>
      </mix:BasicDigitalObjectInformation>
      <mix:BasicImageInformation>
        <mix:BasicImageCharacteristics>
          <mix:imageWidth>2600</mix:imageWidth>
          <mix:imageHeight>3800</mix:imageHeight>
        </mix:BasicImageCharacteristics>
      </mix:BasicImageInformation>
      <mix:ImageAssessmentMetadata>
        <mix:ImageColorEncoding>
          <mix:BitsPerSample>
            <mix:bitsPerSampleUnit>integer</mix:bitsPerSampleUnit>
          </mix:BitsPerSample>
        </mix:ImageColorEncoding>
      </mix:ImageAssessmentMetadata>
    </mix:mix>
  </xmlData>
</mdWrap>
    </techMD>
    <techMD ID="AMD_TECHMD_TIF0004">
      <mdWrap MDTYPE="NISOIMG" MIMETYPE="text/xml" LABEL="NISO MIX Metadata">
  <xmlData>
    <mix:mix xsi:schemaLocation="http://www.loc.gov/mix/v20 http://www.loc.gov/standards/mix/mix20/mix20.xsd" xmlns:mix="http://www.loc.gov/mix/v20">
      <mix:BasicDigitalObjectInformation>
        <mix:ObjectIdentifier>
          <mix:objectIdentifierType>pathname</mix:objectIdentifierType>
          <mix:objectIdentifierValue>../TIFF/00000004.tif</mix:objectIdentifierValue>
        </mix:ObjectIdentifier>
        <mix:fileSize>127212</mix:fileSize>
        <mix:FormatDesignation>
          <mix:formatName>image/tiff</mix:formatName>
        </mix:FormatDesignation>
        <mix:Fixity>
          <mix:messageDigestAlgorithm>MD5</mix:messageDigestAlgorithm>
          <mix:messageDigest>1760ef1b41a6c47d7d5fff284bb62d2a</mix:messageDigest>
        </mix:Fixity>
      </mix:BasicDigitalObjectInformation>
      <mix:BasicImageInformation>
        <mix:BasicImageCharacteristics>
          <mix:imageWidth>2600</mix:imageWidth>
          <mix:imageHeight>3800</mix:imageHeight>
        </mix:BasicImageCharacteristics>
      </mix:BasicImageInformation>
      <mix:ImageAssessmentMetadata>
        <mix:ImageColorEncoding>
          <mix:BitsPerSample>
            <mix:bitsPerSampleUnit>integer</mix:bitsPerSampleUnit>
          </mix:BitsPerSample>
        </mix:ImageColorEncoding>
      </mix:ImageAssessmentMetadata>
    </mix:mix>
  </xmlData>
</mdWrap>
    </techMD>
    <techMD ID="AMD_TECHMD_TIF0005">
      <mdWrap MDTYPE="NISOIMG" MIMETYPE="text/xml" LABEL="NISO MIX Metadata">
  <xmlData>
    <mix:mix xsi:schemaLocation="http://www.loc.gov/mix/v20 http://www.loc.gov/standards/mix/mix20/mix20.xsd" xmlns:mix="http://www.loc.gov/mix/v20">
      <mix:BasicDigitalObjectInformation>
        <mix:ObjectIdentifier>
          <mix:objectIdentifierType>pathname</mix:objectIdentifierType>
          <mix:objectIdentifierValue>../TIFF/00000005.tif</mix:objectIdentifierValue>
        </mix:ObjectIdentifier>
        <mix:fileSize>128972</mix:fileSize>
        <mix:FormatDesignation>
          <mix:formatName>image/tiff</mix:formatName>
        </mix:FormatDesignation>
        <mix:Fixity>
          <mix:messageDigestAlgorithm>MD5</mix:messageDigestAlgorithm>
          <mix:messageDigest>662673f3314bf6b23e94db7b8132a1fb</mix:messageDigest>
        </mix:Fixity>
      </mix:BasicDigitalObjectInformation>
      <mix:BasicImageInformation>
        <mix:BasicImageCharacteristics>
          <mix:imageWidth>2600</mix:imageWidth>
          <mix:imageHeight>3800</mix:imageHeight>
        </mix:BasicImageCharacteristics>
      </mix:BasicImageInformation>
      <mix:ImageAssessmentMetadata>
        <mix:ImageColorEncoding>
          <mix:BitsPerSample>
            <mix:bitsPerSampleUnit>integer</mix:bitsPerSampleUnit>
          </mix:BitsPerSample>
        </mix:ImageColorEncoding>
      </mix:ImageAssessmentMetadata>
    </mix:mix>
  </xmlData>
</mdWrap>
    </techMD>
    <techMD ID="AMD_TECHMD_TIF0006">
      <mdWrap MDTYPE="NISOIMG" MIMETYPE="text/xml" LABEL="NISO MIX Metadata">
  <xmlData>
    <mix:mix xsi:schemaLocation="http://www.loc.gov/mix/v20 http://www.loc.gov/standards/mix/mix20/mix20.xsd" xmlns:mix="http://www.loc.gov/mix/v20">
      <mix:BasicDigitalObjectInformation>
        <mix:ObjectIdentifier>
          <mix:objectIdentifierType>pathname</mix:objectIdentifierType>
          <mix:objectIdentifierValue>../TIFF/00000006.tif</mix:objectIdentifierValue>
        </mix:ObjectIdentifier>
        <mix:fileSize>140964</mix:fileSize>
        <mix:FormatDesignation>
          <mix:formatName>image/tiff</mix:formatName>
        </mix:FormatDesignation>
        <mix:Fixity>
          <mix:messageDigestAlgorithm>MD5</mix:messageDigestAlgorithm>
          <mix:messageDigest>553130f36b790433c333c830a9ab4bc4</mix:messageDigest>
        </mix:Fixity>
      </mix:BasicDigitalObjectInformation>
      <mix:BasicImageInformation>
        <mix:BasicImageCharacteristics>
          <mix:imageWidth>2600</mix:imageWidth>
          <mix:imageHeight>3800</mix:imageHeight>
        </mix:BasicImageCharacteristics>
      </mix:BasicImageInformation>
      <mix:ImageAssessmentMetadata>
        <mix:ImageColorEncoding>
          <mix:BitsPerSample>
            <mix:bitsPerSampleUnit>integer</mix:bitsPerSampleUnit>
          </mix:BitsPerSample>
        </mix:ImageColorEncoding>
      </mix:ImageAssessmentMetadata>
    </mix:mix>
  </xmlData>
</mdWrap>
    </techMD>
    <techMD ID="AMD_TECHMD_TIF0007">
      <mdWrap MDTYPE="NISOIMG" MIMETYPE="text/xml" LABEL="NISO MIX Metadata">
  <xmlData>
    <mix:mix xsi:schemaLocation="http://www.loc.gov/mix/v20 http://www.loc.gov/standards/mix/mix20/mix20.xsd" xmlns:mix="http://www.loc.gov/mix/v20">
      <mix:BasicDigitalObjectInformation>
        <mix:ObjectIdentifier>
          <mix:objectIdentifierType>pathname</mix:objectIdentifierType>
          <mix:objectIdentifierValue>../TIFF/00000007.tif</mix:objectIdentifierValue>
        </mix:ObjectIdentifier>
        <mix:fileSize>289234</mix:fileSize>
        <mix:FormatDesignation>
          <mix:formatName>image/tiff</mix:formatName>
        </mix:FormatDesignation>
        <mix:Fixity>
          <mix:messageDigestAlgorithm>MD5</mix:messageDigestAlgorithm>
          <mix:messageDigest>dab8f407c9bb380b0411739d8970c027</mix:messageDigest>
        </mix:Fixity>
      </mix:BasicDigitalObjectInformation>
      <mix:BasicImageInformation>
        <mix:BasicImageCharacteristics>
          <mix:imageWidth>2600</mix:imageWidth>
          <mix:imageHeight>3800</mix:imageHeight>
        </mix:BasicImageCharacteristics>
      </mix:BasicImageInformation>
      <mix:ImageAssessmentMetadata>
        <mix:ImageColorEncoding>
          <mix:BitsPerSample>
            <mix:bitsPerSampleUnit>integer</mix:bitsPerSampleUnit>
          </mix:BitsPerSample>
        </mix:ImageColorEncoding>
      </mix:ImageAssessmentMetadata>
    </mix:mix>
  </xmlData>
</mdWrap>
    </techMD>
    <techMD ID="AMD_TECHMD_ALT0001">
      <mdWrap MDTYPE="NISOIMG" MIMETYPE="text/xml" LABEL="NISO MIX Metadata">
  <xmlData>
    <mix:mix xsi:schemaLocation="http://www.loc.gov/mix/v20 http://www.loc.gov/standards/mix/mix20/mix20.xsd" xmlns:mix="http://www.loc.gov/mix/v20">
      <mix:BasicDigitalObjectInformation>
        <mix:ObjectIdentifier>
          <mix:objectIdentifierType>pathname</mix:objectIdentifierType>
          <mix:objectIdentifierValue>../ALTO/00000001.xml</mix:objectIdentifierValue>
        </mix:ObjectIdentifier>
        <mix:fileSize>6809</mix:fileSize>
        <mix:FormatDesignation>
          <mix:formatName>application/alto</mix:formatName>
        </mix:FormatDesignation>
        <mix:Fixity>
          <mix:messageDigestAlgorithm>MD5</mix:messageDigestAlgorithm>
          <mix:messageDigest>9b5598b8fef1e1578788e18637f0abb6</mix:messageDigest>
        </mix:Fixity>
      </mix:BasicDigitalObjectInformation>
      <mix:BasicImageInformation>
        <mix:BasicImageCharacteristics>
          <mix:imageWidth>2600</mix:imageWidth>
          <mix:imageHeight>3800</mix:imageHeight>
        </mix:BasicImageCharacteristics>
      </mix:BasicImageInformation>
      <mix:ImageAssessmentMetadata>
        <mix:ImageColorEncoding>
          <mix:BitsPerSample>
            <mix:bitsPerSampleUnit>integer</mix:bitsPerSampleUnit>
          </mix:BitsPerSample>
        </mix:ImageColorEncoding>
      </mix:ImageAssessmentMetadata>
    </mix:mix>
  </xmlData>
</mdWrap>
    </techMD>
    <techMD ID="AMD_TECHMD_ALT0002">
      <mdWrap MDTYPE="NISOIMG" MIMETYPE="text/xml" LABEL="NISO MIX Metadata">
  <xmlData>
    <mix:mix xsi:schemaLocation="http://www.loc.gov/mix/v20 http://www.loc.gov/standards/mix/mix20/mix20.xsd" xmlns:mix="http://www.loc.gov/mix/v20">
      <mix:BasicDigitalObjectInformation>
        <mix:ObjectIdentifier>
          <mix:objectIdentifierType>pathname</mix:objectIdentifierType>
          <mix:objectIdentifierValue>../ALTO/00000002.xml</mix:objectIdentifierValue>
        </mix:ObjectIdentifier>
        <mix:fileSize>111642</mix:fileSize>
        <mix:FormatDesignation>
          <mix:formatName>application/alto</mix:formatName>
        </mix:FormatDesignation>
        <mix:Fixity>
          <mix:messageDigestAlgorithm>MD5</mix:messageDigestAlgorithm>
          <mix:messageDigest>6e2e0f703f6295fc7e1b080aca185ecb</mix:messageDigest>
        </mix:Fixity>
      </mix:BasicDigitalObjectInformation>
      <mix:BasicImageInformation>
        <mix:BasicImageCharacteristics>
          <mix:imageWidth>2600</mix:imageWidth>
          <mix:imageHeight>3800</mix:imageHeight>
        </mix:BasicImageCharacteristics>
      </mix:BasicImageInformation>
      <mix:ImageAssessmentMetadata>
        <mix:ImageColorEncoding>
          <mix:BitsPerSample>
            <mix:bitsPerSampleUnit>integer</mix:bitsPerSampleUnit>
          </mix:BitsPerSample>
        </mix:ImageColorEncoding>
      </mix:ImageAssessmentMetadata>
    </mix:mix>
  </xmlData>
</mdWrap>
    </techMD>
    <techMD ID="AMD_TECHMD_ALT0003">
      <mdWrap MDTYPE="NISOIMG" MIMETYPE="text/xml" LABEL="NISO MIX Metadata">
  <xmlData>
    <mix:mix xsi:schemaLocation="http://www.loc.gov/mix/v20 http://www.loc.gov/standards/mix/mix20/mix20.xsd" xmlns:mix="http://www.loc.gov/mix/v20">
      <mix:BasicDigitalObjectInformation>
        <mix:ObjectIdentifier>
          <mix:objectIdentifierType>pathname</mix:objectIdentifierType>
          <mix:objectIdentifierValue>../ALTO/00000003.xml</mix:objectIdentifierValue>
        </mix:ObjectIdentifier>
        <mix:fileSize>126678</mix:fileSize>
        <mix:FormatDesignation>
          <mix:formatName>application/alto</mix:formatName>
        </mix:FormatDesignation>
        <mix:Fixity>
          <mix:messageDigestAlgorithm>MD5</mix:messageDigestAlgorithm>
          <mix:messageDigest>4fbc6e82b3b4a4c71e2e688f2611aa47</mix:messageDigest>
        </mix:Fixity>
      </mix:BasicDigitalObjectInformation>
      <mix:BasicImageInformation>
        <mix:BasicImageCharacteristics>
          <mix:imageWidth>2600</mix:imageWidth>
          <mix:imageHeight>3800</mix:imageHeight>
        </mix:BasicImageCharacteristics>
      </mix:BasicImageInformation>
      <mix:ImageAssessmentMetadata>
        <mix:ImageColorEncoding>
          <mix:BitsPerSample>
            <mix:bitsPerSampleUnit>integer</mix:bitsPerSampleUnit>
          </mix:BitsPerSample>
        </mix:ImageColorEncoding>
      </mix:ImageAssessmentMetadata>
    </mix:mix>
  </xmlData>
</mdWrap>
    </techMD>
    <techMD ID="AMD_TECHMD_ALT0004">
      <mdWrap MDTYPE="NISOIMG" MIMETYPE="text/xml" LABEL="NISO MIX Metadata">
  <xmlData>
    <mix:mix xsi:schemaLocation="http://www.loc.gov/mix/v20 http://www.loc.gov/standards/mix/mix20/mix20.xsd" xmlns:mix="http://www.loc.gov/mix/v20">
      <mix:BasicDigitalObjectInformation>
        <mix:ObjectIdentifier>
          <mix:objectIdentifierType>pathname</mix:objectIdentifierType>
          <mix:objectIdentifierValue>../ALTO/00000004.xml</mix:objectIdentifierValue>
        </mix:ObjectIdentifier>
        <mix:fileSize>136017</mix:fileSize>
        <mix:FormatDesignation>
          <mix:formatName>application/alto</mix:formatName>
        </mix:FormatDesignation>
        <mix:Fixity>
          <mix:messageDigestAlgorithm>MD5</mix:messageDigestAlgorithm>
          <mix:messageDigest>7d817ac1f5f72174fdfd59f90fe94cf7</mix:messageDigest>
        </mix:Fixity>
      </mix:BasicDigitalObjectInformation>
      <mix:BasicImageInformation>
        <mix:BasicImageCharacteristics>
          <mix:imageWidth>2600</mix:imageWidth>
          <mix:imageHeight>3800</mix:imageHeight>
        </mix:BasicImageCharacteristics>
      </mix:BasicImageInformation>
      <mix:ImageAssessmentMetadata>
        <mix:ImageColorEncoding>
          <mix:BitsPerSample>
            <mix:bitsPerSampleUnit>integer</mix:bitsPerSampleUnit>
          </mix:BitsPerSample>
        </mix:ImageColorEncoding>
      </mix:ImageAssessmentMetadata>
    </mix:mix>
  </xmlData>
</mdWrap>
    </techMD>
    <techMD ID="AMD_TECHMD_ALT0005">
      <mdWrap MDTYPE="NISOIMG" MIMETYPE="text/xml" LABEL="NISO MIX Metadata">
  <xmlData>
    <mix:mix xsi:schemaLocation="http://www.loc.gov/mix/v20 http://www.loc.gov/standards/mix/mix20/mix20.xsd" xmlns:mix="http://www.loc.gov/mix/v20">
      <mix:BasicDigitalObjectInformation>
        <mix:ObjectIdentifier>
          <mix:objectIdentifierType>pathname</mix:objectIdentifierType>
          <mix:objectIdentifierValue>../ALTO/00000005.xml</mix:objectIdentifierValue>
        </mix:ObjectIdentifier>
        <mix:fileSize>133338</mix:fileSize>
        <mix:FormatDesignation>
          <mix:formatName>application/alto</mix:formatName>
        </mix:FormatDesignation>
        <mix:Fixity>
          <mix:messageDigestAlgorithm>MD5</mix:messageDigestAlgorithm>
          <mix:messageDigest>4c95e332527fbf33471cdeb543b802a6</mix:messageDigest>
        </mix:Fixity>
      </mix:BasicDigitalObjectInformation>
      <mix:BasicImageInformation>
        <mix:BasicImageCharacteristics>
          <mix:imageWidth>2600</mix:imageWidth>
          <mix:imageHeight>3800</mix:imageHeight>
        </mix:BasicImageCharacteristics>
      </mix:BasicImageInformation>
      <mix:ImageAssessmentMetadata>
        <mix:ImageColorEncoding>
          <mix:BitsPerSample>
            <mix:bitsPerSampleUnit>integer</mix:bitsPerSampleUnit>
          </mix:BitsPerSample>
        </mix:ImageColorEncoding>
      </mix:ImageAssessmentMetadata>
    </mix:mix>
  </xmlData>
</mdWrap>
    </techMD>
    <techMD ID="AMD_TECHMD_ALT0006">
      <mdWrap MDTYPE="NISOIMG" MIMETYPE="text/xml" LABEL="NISO MIX Metadata">
  <xmlData>
    <mix:mix xsi:schemaLocation="http://www.loc.gov/mix/v20 http://www.loc.gov/standards/mix/mix20/mix20.xsd" xmlns:mix="http://www.loc.gov/mix/v20">
      <mix:BasicDigitalObjectInformation>
        <mix:ObjectIdentifier>
          <mix:objectIdentifierType>pathname</mix:objectIdentifierType>
          <mix:objectIdentifierValue>../ALTO/00000006.xml</mix:objectIdentifierValue>
        </mix:ObjectIdentifier>
        <mix:fileSize>116968</mix:fileSize>
        <mix:FormatDesignation>
          <mix:formatName>application/alto</mix:formatName>
        </mix:FormatDesignation>
        <mix:Fixity>
          <mix:messageDigestAlgorithm>MD5</mix:messageDigestAlgorithm>
          <mix:messageDigest>11e5012a9da81db9702e1c8d0e571cad</mix:messageDigest>
        </mix:Fixity>
      </mix:BasicDigitalObjectInformation>
      <mix:BasicImageInformation>
        <mix:BasicImageCharacteristics>
          <mix:imageWidth>2600</mix:imageWidth>
          <mix:imageHeight>3800</mix:imageHeight>
        </mix:BasicImageCharacteristics>
      </mix:BasicImageInformation>
      <mix:ImageAssessmentMetadata>
        <mix:ImageColorEncoding>
          <mix:BitsPerSample>
            <mix:bitsPerSampleUnit>integer</mix:bitsPerSampleUnit>
          </mix:BitsPerSample>
        </mix:ImageColorEncoding>
      </mix:ImageAssessmentMetadata>
    </mix:mix>
  </xmlData>
</mdWrap>
    </techMD>
    <techMD ID="AMD_TECHMD_ALT0007">
      <mdWrap MDTYPE="NISOIMG" MIMETYPE="text/xml" LABEL="NISO MIX Metadata">
  <xmlData>
    <mix:mix xsi:schemaLocation="http://www.loc.gov/mix/v20 http://www.loc.gov/standards/mix/mix20/mix20.xsd" xmlns:mix="http://www.loc.gov/mix/v20">
      <mix:BasicDigitalObjectInformation>
        <mix:ObjectIdentifier>
          <mix:objectIdentifierType>pathname</mix:objectIdentifierType>
          <mix:objectIdentifierValue>../ALTO/00000007.xml</mix:objectIdentifierValue>
        </mix:ObjectIdentifier>
        <mix:fileSize>145671</mix:fileSize>
        <mix:FormatDesignation>
          <mix:formatName>application/alto</mix:formatName>
        </mix:FormatDesignation>
        <mix:Fixity>
          <mix:messageDigestAlgorithm>MD5</mix:messageDigestAlgorithm>
          <mix:messageDigest>f4919012dbcbfceda7eaf722c9024b81</mix:messageDigest>
        </mix:Fixity>
      </mix:BasicDigitalObjectInformation>
      <mix:BasicImageInformation>
        <mix:BasicImageCharacteristics>
          <mix:imageWidth>2600</mix:imageWidth>
          <mix:imageHeight>3800</mix:imageHeight>
        </mix:BasicImageCharacteristics>
      </mix:BasicImageInformation>
      <mix:ImageAssessmentMetadata>
        <mix:ImageColorEncoding>
          <mix:BitsPerSample>
            <mix:bitsPerSampleUnit>integer</mix:bitsPerSampleUnit>
          </mix:BitsPerSample>
        </mix:ImageColorEncoding>
      </mix:ImageAssessmentMetadata>
    </mix:mix>
  </xmlData>
</mdWrap>
    </techMD>
    <techMD ID="AMD_TECHMD_TXT0001">
      <mdWrap MDTYPE="NISOIMG" MIMETYPE="text/xml" LABEL="NISO MIX Metadata">
  <xmlData>
    <mix:mix xsi:schemaLocation="http://www.loc.gov/mix/v20 http://www.loc.gov/standards/mix/mix20/mix20.xsd" xmlns:mix="http://www.loc.gov/mix/v20">
      <mix:BasicDigitalObjectInformation>
        <mix:ObjectIdentifier>
          <mix:objectIdentifierType>pathname</mix:objectIdentifierType>
          <mix:objectIdentifierValue>../OCR/00000001.txt</mix:objectIdentifierValue>
        </mix:ObjectIdentifier>
        <mix:fileSize>103</mix:fileSize>
        <mix:FormatDesignation>
          <mix:formatName>plain/text</mix:formatName>
        </mix:FormatDesignation>
        <mix:Fixity>
          <mix:messageDigestAlgorithm>MD5</mix:messageDigestAlgorithm>
          <mix:messageDigest>6fb00ede2d71126e3c787371af9a0fbf</mix:messageDigest>
        </mix:Fixity>
      </mix:BasicDigitalObjectInformation>
      <mix:BasicImageInformation>
        <mix:BasicImageCharacteristics>
          <mix:imageWidth>2600</mix:imageWidth>
          <mix:imageHeight>3800</mix:imageHeight>
        </mix:BasicImageCharacteristics>
      </mix:BasicImageInformation>
      <mix:ImageAssessmentMetadata>
        <mix:ImageColorEncoding>
          <mix:BitsPerSample>
            <mix:bitsPerSampleUnit>integer</mix:bitsPerSampleUnit>
          </mix:BitsPerSample>
        </mix:ImageColorEncoding>
      </mix:ImageAssessmentMetadata>
    </mix:mix>
  </xmlData>
</mdWrap>
    </techMD>
    <techMD ID="AMD_TECHMD_TXT0002">
      <mdWrap MDTYPE="NISOIMG" MIMETYPE="text/xml" LABEL="NISO MIX Metadata">
  <xmlData>
    <mix:mix xsi:schemaLocation="http://www.loc.gov/mix/v20 http://www.loc.gov/standards/mix/mix20/mix20.xsd" xmlns:mix="http://www.loc.gov/mix/v20">
      <mix:BasicDigitalObjectInformation>
        <mix:ObjectIdentifier>
          <mix:objectIdentifierType>pathname</mix:objectIdentifierType>
          <mix:objectIdentifierValue>../OCR/00000002.txt</mix:objectIdentifierValue>
        </mix:ObjectIdentifier>
        <mix:fileSize>2742</mix:fileSize>
        <mix:FormatDesignation>
          <mix:formatName>plain/text</mix:formatName>
        </mix:FormatDesignation>
        <mix:Fixity>
          <mix:messageDigestAlgorithm>MD5</mix:messageDigestAlgorithm>
          <mix:messageDigest>ae4acebc6e0a838d6c5d746864db0dfe</mix:messageDigest>
        </mix:Fixity>
      </mix:BasicDigitalObjectInformation>
      <mix:BasicImageInformation>
        <mix:BasicImageCharacteristics>
          <mix:imageWidth>2600</mix:imageWidth>
          <mix:imageHeight>3800</mix:imageHeight>
        </mix:BasicImageCharacteristics>
      </mix:BasicImageInformation>
      <mix:ImageAssessmentMetadata>
        <mix:ImageColorEncoding>
          <mix:BitsPerSample>
            <mix:bitsPerSampleUnit>integer</mix:bitsPerSampleUnit>
          </mix:BitsPerSample>
        </mix:ImageColorEncoding>
      </mix:ImageAssessmentMetadata>
    </mix:mix>
  </xmlData>
</mdWrap>
    </techMD>
    <techMD ID="AMD_TECHMD_TXT0003">
      <mdWrap MDTYPE="NISOIMG" MIMETYPE="text/xml" LABEL="NISO MIX Metadata">
  <xmlData>
    <mix:mix xsi:schemaLocation="http://www.loc.gov/mix/v20 http://www.loc.gov/standards/mix/mix20/mix20.xsd" xmlns:mix="http://www.loc.gov/mix/v20">
      <mix:BasicDigitalObjectInformation>
        <mix:ObjectIdentifier>
          <mix:objectIdentifierType>pathname</mix:objectIdentifierType>
          <mix:objectIdentifierValue>../OCR/00000003.txt</mix:objectIdentifierValue>
        </mix:ObjectIdentifier>
        <mix:fileSize>3145</mix:fileSize>
        <mix:FormatDesignation>
          <mix:formatName>plain/text</mix:formatName>
        </mix:FormatDesignation>
        <mix:Fixity>
          <mix:messageDigestAlgorithm>MD5</mix:messageDigestAlgorithm>
          <mix:messageDigest>05e849c2f7095c6fed6d64df49697ab9</mix:messageDigest>
        </mix:Fixity>
      </mix:BasicDigitalObjectInformation>
      <mix:BasicImageInformation>
        <mix:BasicImageCharacteristics>
          <mix:imageWidth>2600</mix:imageWidth>
          <mix:imageHeight>3800</mix:imageHeight>
        </mix:BasicImageCharacteristics>
      </mix:BasicImageInformation>
      <mix:ImageAssessmentMetadata>
        <mix:ImageColorEncoding>
          <mix:BitsPerSample>
            <mix:bitsPerSampleUnit>integer</mix:bitsPerSampleUnit>
          </mix:BitsPerSample>
        </mix:ImageColorEncoding>
      </mix:ImageAssessmentMetadata>
    </mix:mix>
  </xmlData>
</mdWrap>
    </techMD>
    <techMD ID="AMD_TECHMD_TXT0004">
      <mdWrap MDTYPE="NISOIMG" MIMETYPE="text/xml" LABEL="NISO MIX Metadata">
  <xmlData>
    <mix:mix xsi:schemaLocation="http://www.loc.gov/mix/v20 http://www.loc.gov/standards/mix/mix20/mix20.xsd" xmlns:mix="http://www.loc.gov/mix/v20">
      <mix:BasicDigitalObjectInformation>
        <mix:ObjectIdentifier>
          <mix:objectIdentifierType>pathname</mix:objectIdentifierType>
          <mix:objectIdentifierValue>../OCR/00000004.txt</mix:objectIdentifierValue>
        </mix:ObjectIdentifier>
        <mix:fileSize>3459</mix:fileSize>
        <mix:FormatDesignation>
          <mix:formatName>plain/text</mix:formatName>
        </mix:FormatDesignation>
        <mix:Fixity>
          <mix:messageDigestAlgorithm>MD5</mix:messageDigestAlgorithm>
          <mix:messageDigest>d35cb2712faa2d0e2f4f8d69a623e263</mix:messageDigest>
        </mix:Fixity>
      </mix:BasicDigitalObjectInformation>
      <mix:BasicImageInformation>
        <mix:BasicImageCharacteristics>
          <mix:imageWidth>2600</mix:imageWidth>
          <mix:imageHeight>3800</mix:imageHeight>
        </mix:BasicImageCharacteristics>
      </mix:BasicImageInformation>
      <mix:ImageAssessmentMetadata>
        <mix:ImageColorEncoding>
          <mix:BitsPerSample>
            <mix:bitsPerSampleUnit>integer</mix:bitsPerSampleUnit>
          </mix:BitsPerSample>
        </mix:ImageColorEncoding>
      </mix:ImageAssessmentMetadata>
    </mix:mix>
  </xmlData>
</mdWrap>
    </techMD>
    <techMD ID="AMD_TECHMD_TXT0005">
      <mdWrap MDTYPE="NISOIMG" MIMETYPE="text/xml" LABEL="NISO MIX Metadata">
  <xmlData>
    <mix:mix xsi:schemaLocation="http://www.loc.gov/mix/v20 http://www.loc.gov/standards/mix/mix20/mix20.xsd" xmlns:mix="http://www.loc.gov/mix/v20">
      <mix:BasicDigitalObjectInformation>
        <mix:ObjectIdentifier>
          <mix:objectIdentifierType>pathname</mix:objectIdentifierType>
          <mix:objectIdentifierValue>../OCR/00000005.txt</mix:objectIdentifierValue>
        </mix:ObjectIdentifier>
        <mix:fileSize>3478</mix:fileSize>
        <mix:FormatDesignation>
          <mix:formatName>plain/text</mix:formatName>
        </mix:FormatDesignation>
        <mix:Fixity>
          <mix:messageDigestAlgorithm>MD5</mix:messageDigestAlgorithm>
          <mix:messageDigest>4b76791aabdc60b33f193e07ae9a6be4</mix:messageDigest>
        </mix:Fixity>
      </mix:BasicDigitalObjectInformation>
      <mix:BasicImageInformation>
        <mix:BasicImageCharacteristics>
          <mix:imageWidth>2600</mix:imageWidth>
          <mix:imageHeight>3800</mix:imageHeight>
        </mix:BasicImageCharacteristics>
      </mix:BasicImageInformation>
      <mix:ImageAssessmentMetadata>
        <mix:ImageColorEncoding>
          <mix:BitsPerSample>
            <mix:bitsPerSampleUnit>integer</mix:bitsPerSampleUnit>
          </mix:BitsPerSample>
        </mix:ImageColorEncoding>
      </mix:ImageAssessmentMetadata>
    </mix:mix>
  </xmlData>
</mdWrap>
    </techMD>
    <techMD ID="AMD_TECHMD_TXT0006">
      <mdWrap MDTYPE="NISOIMG" MIMETYPE="text/xml" LABEL="NISO MIX Metadata">
  <xmlData>
    <mix:mix xsi:schemaLocation="http://www.loc.gov/mix/v20 http://www.loc.gov/standards/mix/mix20/mix20.xsd" xmlns:mix="http://www.loc.gov/mix/v20">
      <mix:BasicDigitalObjectInformation>
        <mix:ObjectIdentifier>
          <mix:objectIdentifierType>pathname</mix:objectIdentifierType>
          <mix:objectIdentifierValue>../OCR/00000006.txt</mix:objectIdentifierValue>
        </mix:ObjectIdentifier>
        <mix:fileSize>3356</mix:fileSize>
        <mix:FormatDesignation>
          <mix:formatName>plain/text</mix:formatName>
        </mix:FormatDesignation>
        <mix:Fixity>
          <mix:messageDigestAlgorithm>MD5</mix:messageDigestAlgorithm>
          <mix:messageDigest>909444aa91358bdeac04e810457110d5</mix:messageDigest>
        </mix:Fixity>
      </mix:BasicDigitalObjectInformation>
      <mix:BasicImageInformation>
        <mix:BasicImageCharacteristics>
          <mix:imageWidth>2600</mix:imageWidth>
          <mix:imageHeight>3800</mix:imageHeight>
        </mix:BasicImageCharacteristics>
      </mix:BasicImageInformation>
      <mix:ImageAssessmentMetadata>
        <mix:ImageColorEncoding>
          <mix:BitsPerSample>
            <mix:bitsPerSampleUnit>integer</mix:bitsPerSampleUnit>
          </mix:BitsPerSample>
        </mix:ImageColorEncoding>
      </mix:ImageAssessmentMetadata>
    </mix:mix>
  </xmlData>
</mdWrap>
    </techMD>
    <techMD ID="AMD_TECHMD_TXT0007">
      <mdWrap MDTYPE="NISOIMG" MIMETYPE="text/xml" LABEL="NISO MIX Metadata">
  <xmlData>
    <mix:mix xsi:schemaLocation="http://www.loc.gov/mix/v20 http://www.loc.gov/standards/mix/mix20/mix20.xsd" xmlns:mix="http://www.loc.gov/mix/v20">
      <mix:BasicDigitalObjectInformation>
        <mix:ObjectIdentifier>
          <mix:objectIdentifierType>pathname</mix:objectIdentifierType>
          <mix:objectIdentifierValue>../OCR/00000007.txt</mix:objectIdentifierValue>
        </mix:ObjectIdentifier>
        <mix:fileSize>3782</mix:fileSize>
        <mix:FormatDesignation>
          <mix:formatName>plain/text</mix:formatName>
        </mix:FormatDesignation>
        <mix:Fixity>
          <mix:messageDigestAlgorithm>MD5</mix:messageDigestAlgorithm>
          <mix:messageDigest>ddceb39909eefacf747fb5d23c809edb</mix:messageDigest>
        </mix:Fixity>
      </mix:BasicDigitalObjectInformation>
      <mix:BasicImageInformation>
        <mix:BasicImageCharacteristics>
          <mix:imageWidth>2600</mix:imageWidth>
          <mix:imageHeight>3800</mix:imageHeight>
        </mix:BasicImageCharacteristics>
      </mix:BasicImageInformation>
      <mix:ImageAssessmentMetadata>
        <mix:ImageColorEncoding>
          <mix:BitsPerSample>
            <mix:bitsPerSampleUnit>integer</mix:bitsPerSampleUnit>
          </mix:BitsPerSample>
        </mix:ImageColorEncoding>
      </mix:ImageAssessmentMetadata>
    </mix:mix>
  </xmlData>
</mdWrap>
    </techMD>
  </amdSec>
  <fileSec>
    <fileGrp ID="TIFF">
      <file ID="TIF0001" ADMID="AMD_TECHMD_TIF0001" MIMETYPE="image/tiff">
        <FLocat LOCTYPE="URL" xlink:href="../TIFF/00000001.tif" />
      </file>
      <file ID="TIF0002" ADMID="AMD_TECHMD_TIF0002" MIMETYPE="image/tiff">
        <FLocat LOCTYPE="URL" xlink:href="../TIFF/00000002.tif" />
      </file>
      <file ID="TIF0003" ADMID="AMD_TECHMD_TIF0003" MIMETYPE="image/tiff">
        <FLocat LOCTYPE="URL" xlink:href="../TIFF/00000003.tif" />
      </file>
      <file ID="TIF0004" ADMID="AMD_TECHMD_TIF0004" MIMETYPE="image/tiff">
        <FLocat LOCTYPE="URL" xlink:href="../TIFF/00000004.tif" />
      </file>
      <file ID="TIF0005" ADMID="AMD_TECHMD_TIF0005" MIMETYPE="image/tiff">
        <FLocat LOCTYPE="URL" xlink:href="../TIFF/00000005.tif" />
      </file>
      <file ID="TIF0006" ADMID="AMD_TECHMD_TIF0006" MIMETYPE="image/tiff">
        <FLocat LOCTYPE="URL" xlink:href="../TIFF/00000006.tif" />
      </file>
      <file ID="TIF0007" ADMID="AMD_TECHMD_TIF0007" MIMETYPE="image/tiff">
        <FLocat LOCTYPE="URL" xlink:href="../TIFF/00000007.tif" />
      </file>
    </fileGrp>
    <fileGrp ID="ALTO">
      <file ID="ALT0001" MIMETYPE="application/alto">
        <FLocat LOCTYPE="URL" xlink:href="../ALTO/00000001.xml" />
      </file>
      <file ID="ALT0002" MIMETYPE="application/alto">
        <FLocat LOCTYPE="URL" xlink:href="../ALTO/00000002.xml" />
      </file>
      <file ID="ALT0003" MIMETYPE="application/alto">
        <FLocat LOCTYPE="URL" xlink:href="../ALTO/00000003.xml" />
      </file>
      <file ID="ALT0004" MIMETYPE="application/alto">
        <FLocat LOCTYPE="URL" xlink:href="../ALTO/00000004.xml" />
      </file>
      <file ID="ALT0005" MIMETYPE="application/alto">
        <FLocat LOCTYPE="URL" xlink:href="../ALTO/00000005.xml" />
      </file>
      <file ID="ALT0006" MIMETYPE="application/alto">
        <FLocat LOCTYPE="URL" xlink:href="../ALTO/00000006.xml" />
      </file>
      <file ID="ALT0007" MIMETYPE="application/alto">
        <FLocat LOCTYPE="URL" xlink:href="../ALTO/00000007.xml" />
      </file>
    </fileGrp>
    <fileGrp ID="OCR">
      <file ID="TXT0001" ADMID="AMD_TECHMD_TXT0001" MIMETYPE="plain/text">
        <FLocat LOCTYPE="URL" xlink:href="../OCR/00000001.txt" />
      </file>
      <file ID="TXT0002" ADMID="AMD_TECHMD_TXT0002" MIMETYPE="plain/text">
        <FLocat LOCTYPE="URL" xlink:href="../OCR/00000002.txt" />
      </file>
      <file ID="TXT0003" ADMID="AMD_TECHMD_TXT0003" MIMETYPE="plain/text">
        <FLocat LOCTYPE="URL" xlink:href="../OCR/00000003.txt" />
      </file>
      <file ID="TXT0004" ADMID="AMD_TECHMD_TXT0004" MIMETYPE="plain/text">
        <FLocat LOCTYPE="URL" xlink:href="../OCR/00000004.txt" />
      </file>
      <file ID="TXT0005" ADMID="AMD_TECHMD_TXT0005" MIMETYPE="plain/text">
        <FLocat LOCTYPE="URL" xlink:href="../OCR/00000005.txt" />
      </file>
      <file ID="TXT0006" ADMID="AMD_TECHMD_TXT0006" MIMETYPE="plain/text">
        <FLocat LOCTYPE="URL" xlink:href="../OCR/00000006.txt" />
      </file>
      <file ID="TXT0007" ADMID="AMD_TECHMD_TXT0007" MIMETYPE="plain/text">
        <FLocat LOCTYPE="URL" xlink:href="../OCR/00000007.txt" />
      </file>
    </fileGrp>
  </fileSec>
  <structMap TYPE="physical">
    <div DMDID="DMD1" LABEL="" TYPE="volume">
      <div ORDER="1" TYPE="page">
        <fptr FILEID="TIF0001" />
        <fptr FILEID="ALT0001" />
        <fptr FILEID="TXT0001" />
      </div>
      <div ORDER="2" TYPE="page">
        <fptr FILEID="TIF0002" />
        <fptr FILEID="ALT0002" />
        <fptr FILEID="TXT0002" />
      </div>
      <div ORDER="3" TYPE="page">
        <fptr FILEID="TIF0003" />
        <fptr FILEID="ALT0003" />
        <fptr FILEID="TXT0003" />
      </div>
      <div ORDER="4" TYPE="page">
        <fptr FILEID="TIF0004" />
        <fptr FILEID="ALT0004" />
        <fptr FILEID="TXT0004" />
      </div>
      <div ORDER="5" TYPE="page">
        <fptr FILEID="TIF0005" />
        <fptr FILEID="ALT0005" />
        <fptr FILEID="TXT0005" />
      </div>
      <div ORDER="6" TYPE="page">
        <fptr FILEID="TIF0006" />
        <fptr FILEID="ALT0006" />
        <fptr FILEID="TXT0006" />
      </div>
      <div ORDER="7" TYPE="page">
        <fptr FILEID="TIF0007" />
        <fptr FILEID="ALT0007" />
        <fptr FILEID="TXT0007" />
      </div>
    </div>
  </structMap>
  <structMap TYPE="logical">
    <div ORDER="1" LABEL="" TYPE="volume">
      <div ORDER="1" LABEL="Cover" TYPE="cover">
        <div ORDER="1" ORDERLABEL="" TYPE="page">
          <fptr FILEID="TIF0001" />
          <fptr FILEID="ALT0001" />
        </div>
      </div>
      <div ORDER="2" LABEL="Body" TYPE="body">
        <div ORDER="1" ORDERLABEL="" TYPE="page">
          <fptr FILEID="TIF0002" />
          <fptr FILEID="ALT0002" />
        </div>
        <div ORDER="2" ORDERLABEL="iv" TYPE="page">
          <fptr FILEID="TIF0003" />
          <fptr FILEID="ALT0003" />
        </div>
        <div ORDER="3" ORDERLABEL="v" TYPE="page">
          <fptr FILEID="TIF0004" />
          <fptr FILEID="ALT0004" />
        </div>
        <div ORDER="4" ORDERLABEL="vi" TYPE="page">
          <fptr FILEID="TIF0005" />
          <fptr FILEID="ALT0005" />
        </div>
        <div ORDER="5" ORDERLABEL="vii" TYPE="page">
          <fptr FILEID="TIF0006" />
          <fptr FILEID="ALT0006" />
        </div>
      </div>
      <div ORDER="3" LABEL="Cover" TYPE="cover">
        <div ORDER="1" ORDERLABEL="viii" TYPE="page">
          <fptr FILEID="TIF0007" />
          <fptr FILEID="ALT0007" />
        </div>
      </div>
    </div>
  </structMap>
</mets>