<?xml version="1.0" encoding="utf-8"?>
<alto xmlns:xlink="http://www.w3.org/1999/xlink" xmlns:xsi="http://www.w3.org/2001/XMLSchema-instance" xsi:schemaLocation="http://www.loc.gov/standards/alto/ns-v2# http://www.loc.gov/standards/alto/alto-v2.0.xsd" xmlns="http://www.loc.gov/standards/alto/ns-v2#">
  <Description>
    <MeasurementUnit>pixel</MeasurementUnit>
    <sourceImageInformation>
      <fileName>0000000.tif</fileName>
    </sourceImageInformation>
    <OCRProcessing ID="Processing">
      <ocrProcessingStep>
        <processingStepSettings>Image Resolution:400</processingStepSettings>
        <processingSoftware>
          <softwareCreator>I2S Kirtas</softwareCreator>
          <softwareName>Limb</softwareName>
          <softwareVersion>1.0</softwareVersion>
          <applicationDescription>Abbyy10 OCR Engine</applicationDescription>
        </processingSoftware>
      </ocrProcessingStep>
    </OCRProcessing>
  </Description>
  <Styles />
  <Layout>
    <Page ID="P0" PHYSICAL_IMG_NR="0" HEIGHT="2800" WIDTH="1900" ACCURACY="0">
      <TopMargin ID="P0_TM00001" HPOS="0" VPOS="0" WIDTH="1900" HEIGHT="0" />
      <LeftMargin ID="P0_LM00001" HPOS="0" VPOS="0" WIDTH="0" HEIGHT="0" />
      <RightMargin ID="P0_RM00001" HPOS="0" VPOS="0" WIDTH="1900" HEIGHT="0" />
      <BottomMargin ID="P0_BM00001" HPOS="0" VPOS="0" WIDTH="1900" HEIGHT="2800" />
      <PrintSpace ID="P0_PS00001" HPOS="0" VPOS="0" WIDTH="0" HEIGHT="0" />
    </Page>
  </Layout>
</alto>