<?xml version="1.0" encoding="utf-8"?>
<alto xmlns:xlink="http://www.w3.org/1999/xlink" xmlns:xsi="http://www.w3.org/2001/XMLSchema-instance" xsi:schemaLocation="http://www.loc.gov/standards/alto/ns-v2# http://www.loc.gov/standards/alto/alto-v2.0.xsd" xmlns="http://www.loc.gov/standards/alto/ns-v2#">
  <Description>
    <MeasurementUnit>pixel</MeasurementUnit>
    <sourceImageInformation>
      <fileName>0000020.tif</fileName>
    </sourceImageInformation>
    <OCRProcessing ID="Processing">
      <ocrProcessingStep>
        <processingStepSettings>Image Resolution:400</processingStepSettings>
        <processingSoftware>
          <softwareCreator>I2S Kirtas</softwareCreator>
          <softwareName>Limb</softwareName>
          <softwareVersion>1.0</softwareVersion>
          <applicationDescription>Abbyy10 OCR Engine</applicationDescription>
        </processingSoftware>
      </ocrProcessingStep>
    </OCRProcessing>
  </Description>
  <Styles>
    <TextStyle ID="StyleId-0" FONTSIZE="9" FONTFAMILY="Times New Roman" />
    <TextStyle ID="StyleId-1" FONTSIZE="8" FONTFAMILY="Times New Roman" />
  </Styles>
  <Layout>
    <Page ID="P20" PHYSICAL_IMG_NR="20" HEIGHT="2799" WIDTH="1899" ACCURACY="0.6623424" QUALITY_DETAIL="324 words, 1626 chars, 1031 with recognition greater than 50% (63.41%)">
      <TopMargin ID="P20_TM00001" HPOS="0" VPOS="0" WIDTH="1899" HEIGHT="271" />
      <LeftMargin ID="P20_LM00001" HPOS="0" VPOS="271" WIDTH="153" HEIGHT="2260" />
      <RightMargin ID="P20_RM00001" HPOS="1726" VPOS="271" WIDTH="173" HEIGHT="2260" />
      <BottomMargin ID="P20_BM00001" HPOS="0" VPOS="2531" WIDTH="1899" HEIGHT="268" />
      <PrintSpace ID="P20_PS00001" HPOS="153" VPOS="271" WIDTH="1573" HEIGHT="2260">
        <TextBlock ID="P20_TB00001" HPOS="157" VPOS="279" WIDTH="58" HEIGHT="53">
          <TextLine ID="P20_TL00001" HPOS="165" VPOS="287" WIDTH="41" HEIGHT="37">
            <String ID="P20_S00001" HPOS="165" VPOS="287" WIDTH="41" HEIGHT="37" STYLEREFS="StyleId-0" CONTENT="16" WC="0.27" CC="77" />
          </TextLine>
        </TextBlock>
        <TextBlock ID="P20_TB00002" HPOS="636" VPOS="264" WIDTH="574" HEIGHT="51">
          <TextLine ID="P20_TL00002" HPOS="644" VPOS="271" WIDTH="558" HEIGHT="36">
            <String ID="P20_S00002" HPOS="644" VPOS="277" WIDTH="200" HEIGHT="38" STYLEREFS="StyleId-1" CONTENT="WOMAN" WC="0.958" CC="01000" />
            <SP ID="P20_SP00001" WIDTH="0" HPOS="0" VPOS="0" />
            <String ID="P20_S00003" HPOS="870" VPOS="276" WIDTH="56" HEIGHT="39" STYLEREFS="StyleId-1" CONTENT="IN" WC="0.96" CC="00" />
            <SP ID="P20_SP00002" WIDTH="0" HPOS="0" VPOS="0" />
            <String ID="P20_S00004" HPOS="946" VPOS="264" WIDTH="256" HEIGHT="51" STYLEREFS="StyleId-1" CONTENT="MEDICINE" WC="0.75625" CC="004220100" />
          </TextLine>
        </TextBlock>
        <TextBlock ID="P20_TB00003" HPOS="154" VPOS="381" WIDTH="1572" HEIGHT="2150">
          <TextLine ID="P20_TL00003" HPOS="249" VPOS="387" WIDTH="1435" HEIGHT="37">
            <String ID="P20_S00005" HPOS="250" VPOS="404" WIDTH="98" HEIGHT="39" STYLEREFS="StyleId-0" CONTENT="It:is" WC="0.544" CC="86800" />
            <SP ID="P20_SP00003" WIDTH="0" HPOS="0" VPOS="0" />
            <String ID="P20_S00006" HPOS="370" VPOS="402" WIDTH="91" HEIGHT="41" STYLEREFS="StyleId-0" CONTENT="said" WC="0.8675" CC="0014" />
            <SP ID="P20_SP00004" WIDTH="0" HPOS="0" VPOS="0" />
            <String ID="P20_S00007" HPOS="483" VPOS="400" WIDTH="44" HEIGHT="43" STYLEREFS="StyleId-0" CONTENT="of" WC="0.67" CC="06" />
            <SP ID="P20_SP00005" WIDTH="0" HPOS="0" VPOS="0" />
            <String ID="P20_S00008" HPOS="549" VPOS="400" WIDTH="74" HEIGHT="43" STYLEREFS="StyleId-0" CONTENT="the" WC="0.6666667" CC="360" />
            <SP ID="P20_SP00006" WIDTH="0" HPOS="0" VPOS="0" />
            <String ID="P20_S00009" HPOS="659" VPOS="394" WIDTH="178" HEIGHT="49" STYLEREFS="StyleId-0" CONTENT="faithful" WC="0.63125" CC="12225374" />
            <SP ID="P20_SP00007" WIDTH="0" HPOS="0" VPOS="0" />
            <String ID="P20_S00010" HPOS="861" VPOS="389" WIDTH="258" HEIGHT="54" STYLEREFS="StyleId-0" CONTENT="Christians," WC="0.6290909" CC="50627049500" />
            <SP ID="P20_SP00008" WIDTH="0" HPOS="0" VPOS="0" />
            <String ID="P20_S00011" HPOS="1168" VPOS="383" WIDTH="122" HEIGHT="60" STYLEREFS="StyleId-0" CONTENT="after1" WC="0.491666675" CC="070686" />
            <SP ID="P20_SP00009" WIDTH="0" HPOS="0" VPOS="0" />
            <String ID="P20_S00012" HPOS="1320" VPOS="368" WIDTH="364" HEIGHT="75" STYLEREFS="StyleId-0" CONTENT="death,-^'their" WC="0.7557143" CC="04000179000660" />
          </TextLine>
          <TextLine ID="P20_TL00004" HPOS="167" VPOS="459" WIDTH="1520" HEIGHT="31">
            <String ID="P20_S00013" HPOS="168" VPOS="472" WIDTH="141" HEIGHT="39" STYLEREFS="StyleId-0" CONTENT="works" WC="0.756" CC="00407" />
            <SP ID="P20_SP00010" WIDTH="0" HPOS="0" VPOS="0" />
            <String ID="P20_S00014" HPOS="332" VPOS="471" WIDTH="54" HEIGHT="40" STYLEREFS="StyleId-0" CONTENT="do" WC="0.635" CC="07" />
            <SP ID="P20_SP00011" WIDTH="0" HPOS="0" VPOS="0" />
            <String ID="P20_S00015" HPOS="409" VPOS="467" WIDTH="146" HEIGHT="44" STYLEREFS="StyleId-0" CONTENT="follow" WC="0.72" CC="503403" />
            <SP ID="P20_SP00012" WIDTH="0" HPOS="0" VPOS="0" />
            <String ID="P20_S00016" HPOS="575" VPOS="462" WIDTH="172" HEIGHT="49" STYLEREFS="StyleId-0" CONTENT="them.&quot;" WC="0.725" CC="004407" />
            <SP ID="P20_SP00013" WIDTH="0" HPOS="0" VPOS="0" />
            <String ID="P20_S00017" HPOS="808" VPOS="457" WIDTH="110" HEIGHT="54" STYLEREFS="StyleId-0" CONTENT="This" WC="0.495" CC="7057" />
            <SP ID="P20_SP00014" WIDTH="0" HPOS="0" VPOS="0" />
            <String ID="P20_S00018" HPOS="940" VPOS="457" WIDTH="36" HEIGHT="54" STYLEREFS="StyleId-0" CONTENT="is" WC="0.88" CC="20" />
            <SP ID="P20_SP00015" WIDTH="0" HPOS="0" VPOS="0" />
            <String ID="P20_S00019" HPOS="993" VPOS="446" WIDTH="282" HEIGHT="65" STYLEREFS="StyleId-0" CONTENT="exemplified" WC="0.5618182" CC="900666600410" />
            <SP ID="P20_SP00016" WIDTH="0" HPOS="0" VPOS="0" />
            <String ID="P20_S00020" HPOS="1317" VPOS="446" WIDTH="44" HEIGHT="65" STYLEREFS="StyleId-0" CONTENT="in" WC="0.65" CC="24" />
            <SP ID="P20_SP00017" WIDTH="0" HPOS="0" VPOS="0" />
            <String ID="P20_S00021" HPOS="1385" VPOS="445" WIDTH="75" HEIGHT="66" STYLEREFS="StyleId-0" CONTENT="the" WC="0.73" CC="601" />
            <SP ID="P20_SP00018" WIDTH="0" HPOS="0" VPOS="0" />
            <String ID="P20_S00022" HPOS="1500" VPOS="451" WIDTH="99" HEIGHT="60" STYLEREFS="StyleId-0" CONTENT="Case" WC="0.5625" CC="70100" />
            <SP ID="P20_SP00019" WIDTH="0" HPOS="0" VPOS="0" />
            <String ID="P20_S00023" HPOS="1639" VPOS="436" WIDTH="48" HEIGHT="75" STYLEREFS="StyleId-0" CONTENT="of" WC="0.345" CC="66" />
          </TextLine>
          <TextLine ID="P20_TL00005" HPOS="166" VPOS="524" WIDTH="1515" HEIGHT="35">
            <String ID="P20_S00024" HPOS="167" VPOS="537" WIDTH="88" HEIGHT="38" STYLEREFS="StyleId-0" CONTENT="this" WC="0.5625" CC="7054" />
            <SP ID="P20_SP00020" WIDTH="0" HPOS="0" VPOS="0" />
            <String ID="P20_S00025" HPOS="276" VPOS="533" WIDTH="221" HEIGHT="42" STYLEREFS="StyleId-0" CONTENT="Christian" WC="0.6855556" CC="303570008" />
            <SP ID="P20_SP00021" WIDTH="0" HPOS="0" VPOS="0" />
            <String ID="P20_S00026" HPOS="519" VPOS="531" WIDTH="101" HEIGHT="44" STYLEREFS="StyleId-0" CONTENT="lady" WC="0.68" CC="4403" />
            <SP ID="P20_SP00022" WIDTH="0" HPOS="0" VPOS="0" />
            <String ID="P20_S00027" HPOS="642" VPOS="542" WIDTH="6" HEIGHT="33" STYLEREFS="StyleId-0" CONTENT=";" WC="1" CC="0" />
            <SP ID="P20_SP00023" WIDTH="0" HPOS="0" VPOS="0" />
            <String ID="P20_S00028" HPOS="676" VPOS="528" WIDTH="66" HEIGHT="47" STYLEREFS="StyleId-0" CONTENT="for" WC="0.74333334" CC="402" />
            <SP ID="P20_SP00024" WIDTH="0" HPOS="0" VPOS="0" />
            <String ID="P20_S00029" HPOS="764" VPOS="527" WIDTH="73" HEIGHT="48" STYLEREFS="StyleId-0" CONTENT="the" WC="0.783333361" CC="060" />
            <SP ID="P20_SP00025" WIDTH="0" HPOS="0" VPOS="0" />
            <String ID="P20_S00030" HPOS="859" VPOS="523" WIDTH="165" HEIGHT="52" STYLEREFS="StyleId-0" CONTENT="college" WC="0.7157143" CC="0461070" />
            <SP ID="P20_SP00026" WIDTH="0" HPOS="0" VPOS="0" />
            <String ID="P20_S00031" HPOS="1046" VPOS="518" WIDTH="45" HEIGHT="57" STYLEREFS="StyleId-0" CONTENT="of" WC="0.69" CC="06" />
            <SP ID="P20_SP00027" WIDTH="0" HPOS="0" VPOS="0" />
            <String ID="P20_S00032" HPOS="1112" VPOS="519" WIDTH="77" HEIGHT="56" STYLEREFS="StyleId-0" CONTENT="her" WC="1" CC="000" />
            <SP ID="P20_SP00028" WIDTH="0" HPOS="0" VPOS="0" />
            <String ID="P20_S00033" HPOS="1212" VPOS="512" WIDTH="220" HEIGHT="63" STYLEREFS="StyleId-0" CONTENT="founding" WC="0.28375" CC="25897697" />
            <SP ID="P20_SP00029" WIDTH="0" HPOS="0" VPOS="0" />
            <String ID="P20_S00034" HPOS="1454" VPOS="509" WIDTH="35" HEIGHT="66" STYLEREFS="StyleId-0" CONTENT="is" WC="0.4" CC="210" />
            <SP ID="P20_SP00030" WIDTH="0" HPOS="0" VPOS="0" />
            <String ID="P20_S00035" HPOS="1511" VPOS="503" WIDTH="90" HEIGHT="72" STYLEREFS="StyleId-0" CONTENT="still" WC="0.44" CC="010565" />
            <SP ID="P20_SP00031" WIDTH="0" HPOS="0" VPOS="0" />
            <String ID="P20_S00036" HPOS="1638" VPOS="505" WIDTH="43" HEIGHT="70" STYLEREFS="StyleId-0" CONTENT="in" WC="0.255" CC="77" />
          </TextLine>
          <TextLine ID="P20_TL00006" HPOS="167" VPOS="594" WIDTH="1519" HEIGHT="31">
            <String ID="P20_S00037" HPOS="168" VPOS="602" WIDTH="233" HEIGHT="42" STYLEREFS="StyleId-0" CONTENT="existence," WC="0.684" CC="00670060100" />
            <SP ID="P20_SP00032" WIDTH="0" HPOS="0" VPOS="0" />
            <String ID="P20_S00038" HPOS="430" VPOS="596" WIDTH="141" HEIGHT="48" STYLEREFS="StyleId-0" CONTENT="and.is" WC="0.641666651" CC="670700" />
            <SP ID="P20_SP00033" WIDTH="0" HPOS="0" VPOS="0" />
            <String ID="P20_S00039" HPOS="593" VPOS="593" WIDTH="92" HEIGHT="51" STYLEREFS="StyleId-0" CONTENT="said" WC="0.89" CC="0040" />
            <SP ID="P20_SP00034" WIDTH="0" HPOS="0" VPOS="0" />
            <String ID="P20_S00040" HPOS="708" VPOS="598" WIDTH="44" HEIGHT="46" STYLEREFS="StyleId-0" CONTENT="to" WC="0.56" CC="80" />
            <SP ID="P20_SP00035" WIDTH="0" HPOS="0" VPOS="0" />
            <String ID="P20_S00041" HPOS="774" VPOS="592" WIDTH="51" HEIGHT="52" STYLEREFS="StyleId-0" CONTENT="be" WC="1" CC="00" />
            <SP ID="P20_SP00036" WIDTH="0" HPOS="0" VPOS="0" />
            <String ID="P20_S00042" HPOS="848" VPOS="589" WIDTH="74" HEIGHT="55" STYLEREFS="StyleId-0" CONTENT="the" WC="0.876666665" CC="003" />
            <SP ID="P20_SP00037" WIDTH="0" HPOS="0" VPOS="0" />
            <String ID="P20_S00043" HPOS="943" VPOS="588" WIDTH="93" HEIGHT="56" STYLEREFS="StyleId-0" CONTENT="best" WC="0.8175" CC="7000" />
            <SP ID="P20_SP00038" WIDTH="0" HPOS="0" VPOS="0" />
            <String ID="P20_S00044" HPOS="1060" VPOS="581" WIDTH="212" HEIGHT="63" STYLEREFS="StyleId-0" CONTENT="woman's" WC="0.567142844" CC="90008210" />
            <SP ID="P20_SP00039" WIDTH="0" HPOS="0" VPOS="0" />
            <String ID="P20_S00045" HPOS="1315" VPOS="574" WIDTH="185" HEIGHT="70" STYLEREFS="StyleId-0" CONTENT="medical" WC="0.7442857" CC="6007003" />
            <SP ID="P20_SP00040" WIDTH="0" HPOS="0" VPOS="0" />
            <String ID="P20_S00046" HPOS="1518" VPOS="572" WIDTH="168" HEIGHT="72" STYLEREFS="StyleId-0" CONTENT="college" WC="0.7457143" CC="0054170" />
          </TextLine>
          <TextLine ID="P20_TL00007" HPOS="168" VPOS="667" WIDTH="473" HEIGHT="39">
            <String ID="P20_S00047" HPOS="168" VPOS="669" WIDTH="45" HEIGHT="36" STYLEREFS="StyleId-0" CONTENT="in" WC="0.58" CC="08" />
            <SP ID="P20_SP00041" WIDTH="0" HPOS="0" VPOS="0" />
            <String ID="P20_S00048" HPOS="230" VPOS="668" WIDTH="74" HEIGHT="37" STYLEREFS="StyleId-0" CONTENT="the" WC="1" CC="000" />
            <SP ID="P20_SP00042" WIDTH="0" HPOS="0" VPOS="0" />
            <String ID="P20_S00049" HPOS="320" VPOS="664" WIDTH="134" HEIGHT="41" STYLEREFS="StyleId-0" CONTENT="world" WC="0.802" CC="01530" />
            <SP ID="P20_SP00043" WIDTH="0" HPOS="0" VPOS="0" />
            <String ID="P20_S00050" HPOS="476" VPOS="661" WIDTH="165" HEIGHT="45" STYLEREFS="StyleId-0" CONTENT="to-day." WC="0.7785714" CC="0040830" />
          </TextLine>
          <TextLine ID="P20_TL00008" HPOS="254" VPOS="721" WIDTH="1438" HEIGHT="33">
            <String ID="P20_S00051" HPOS="255" VPOS="733" WIDTH="39" HEIGHT="36" STYLEREFS="StyleId-0" CONTENT="It" WC="0.94" CC="10" />
            <SP ID="P20_SP00044" WIDTH="0" HPOS="0" VPOS="0" />
            <String ID="P20_S00052" HPOS="316" VPOS="731" WIDTH="76" HEIGHT="38" STYLEREFS="StyleId-0" CONTENT="has" WC="0.896666646" CC="003" />
            <SP ID="P20_SP00045" WIDTH="0" HPOS="0" VPOS="0" />
            <String ID="P20_S00053" HPOS="412" VPOS="729" WIDTH="108" HEIGHT="40" STYLEREFS="StyleId-0" CONTENT="been" WC="0.8825" CC="0004" />
            <SP ID="P20_SP00046" WIDTH="0" HPOS="0" VPOS="0" />
            <String ID="P20_S00054" HPOS="561" VPOS="722" WIDTH="195" HEIGHT="47" STYLEREFS="StyleId-0" CONTENT="fittingly" WC="0.7188889" CC="004006850" />
            <SP ID="P20_SP00047" WIDTH="0" HPOS="0" VPOS="0" />
            <String ID="P20_S00055" HPOS="798" VPOS="711" WIDTH="394" HEIGHT="58" STYLEREFS="StyleId-0" CONTENT="said,—&quot;Women" WC="0.5133333" CC="5524297021008" />
            <SP ID="P20_SP00048" WIDTH="0" HPOS="0" VPOS="0" />
            <String ID="P20_S00056" HPOS="1234" VPOS="711" WIDTH="45" HEIGHT="58" STYLEREFS="StyleId-0" CONTENT="ill" WC="0.316666663" CC="676" />
            <SP ID="P20_SP00049" WIDTH="0" HPOS="0" VPOS="0" />
            <String ID="P20_S00057" HPOS="1321" VPOS="705" WIDTH="215" HEIGHT="64" STYLEREFS="StyleId-0" CONTENT="medicine" WC="0.68625" CC="24060650" />
            <SP ID="P20_SP00050" WIDTH="0" HPOS="0" VPOS="0" />
            <String ID="P20_S00058" HPOS="1578" VPOS="704" WIDTH="114" HEIGHT="65" STYLEREFS="StyleId-0" CONTENT="hav^" WC="0.74" CC="1009" />
          </TextLine>
          <TextLine ID="P20_TL00009" HPOS="169" VPOS="791" WIDTH="1521" HEIGHT="28">
            <String ID="P20_S00059" HPOS="170" VPOS="800" WIDTH="106" HEIGHT="35" STYLEREFS="StyleId-0" CONTENT="been" WC="0.75" CC="0072" />
            <SP ID="P20_SP00051" WIDTH="0" HPOS="0" VPOS="0" />
            <String ID="P20_S00060" HPOS="298" VPOS="796" WIDTH="88" HEIGHT="39" STYLEREFS="StyleId-0" CONTENT="like" WC="0.555" CC="5226" />
            <SP ID="P20_SP00052" WIDTH="0" HPOS="0" VPOS="0" />
            <String ID="P20_S00061" HPOS="409" VPOS="807" WIDTH="23" HEIGHT="28" STYLEREFS="StyleId-0" CONTENT="a" WC="1" CC="0" />
            <SP ID="P20_SP00053" WIDTH="0" HPOS="0" VPOS="0" />
            <String ID="P20_S00062" HPOS="452" VPOS="792" WIDTH="114" HEIGHT="43" STYLEREFS="StyleId-0" CONTENT="band" WC="0.7325" CC="1900" />
            <SP ID="P20_SP00054" WIDTH="0" HPOS="0" VPOS="0" />
            <String ID="P20_S00063" HPOS="589" VPOS="789" WIDTH="46" HEIGHT="46" STYLEREFS="StyleId-0" CONTENT="of" WC="0.645" CC="33" />
            <SP ID="P20_SP00055" WIDTH="0" HPOS="0" VPOS="0" />
            <String ID="P20_S00064" HPOS="655" VPOS="787" WIDTH="275" HEIGHT="48" STYLEREFS="StyleId-0" CONTENT="immigrants" WC="0.621" CC="6054050735" />
            <SP ID="P20_SP00056" WIDTH="0" HPOS="0" VPOS="0" />
            <String ID="P20_S00065" HPOS="951" VPOS="783" WIDTH="45" HEIGHT="52" STYLEREFS="StyleId-0" CONTENT="in" WC="0.3" CC="58" />
            <SP ID="P20_SP00057" WIDTH="0" HPOS="0" VPOS="0" />
            <String ID="P20_S00066" HPOS="1023" VPOS="794" WIDTH="22" HEIGHT="41" STYLEREFS="StyleId-0" CONTENT="a" WC="1" CC="0" />
            <SP ID="P20_SP00058" WIDTH="0" HPOS="0" VPOS="0" />
            <String ID="P20_S00067" HPOS="1068" VPOS="792" WIDTH="94" HEIGHT="43" STYLEREFS="StyleId-0" CONTENT="new" WC="0.223333329" CC="598" />
            <SP ID="P20_SP00059" WIDTH="0" HPOS="0" VPOS="0" />
            <String ID="P20_S00068" HPOS="1178" VPOS="781" WIDTH="204" HEIGHT="54" STYLEREFS="StyleId-0" CONTENT="countty," WC="0.615" CC="05080870" />
            <SP ID="P20_SP00060" WIDTH="0" HPOS="0" VPOS="0" />
            <String ID="P20_S00069" HPOS="1408" VPOS="771" WIDTH="145" HEIGHT="64" STYLEREFS="StyleId-0" CONTENT="which" WC="0.692" CC="00455" />
            <SP ID="P20_SP00061" WIDTH="0" HPOS="0" VPOS="0" />
            <String ID="P20_S00070" HPOS="1584" VPOS="769" WIDTH="106" HEIGHT="66" STYLEREFS="StyleId-0" CONTENT="they" WC="0.68" CC="0605" />
          </TextLine>
          <TextLine ID="P20_TL00010" HPOS="172" VPOS="856" WIDTH="1516" HEIGHT="30">
            <String ID="P20_S00071" HPOS="173" VPOS="862" WIDTH="126" HEIGHT="39" STYLEREFS="StyleId-0" CONTENT="could" WC="0.83" CC="00800" />
            <SP ID="P20_SP00062" WIDTH="0" HPOS="0" VPOS="0" />
            <String ID="P20_S00072" HPOS="322" VPOS="860" WIDTH="102" HEIGHT="45" STYLEREFS="StyleId-0" CONTENT="only" WC="0.8575" CC="0050" />
            <SP ID="P20_SP00063" WIDTH="0" HPOS="0" VPOS="0" />
            <String ID="P20_S00073" HPOS="449" VPOS="860" WIDTH="221" HEIGHT="45" STYLEREFS="StyleId-0" CONTENT="penetrate" WC="0.864444435" CC="605000000" />
            <SP ID="P20_SP00064" WIDTH="0" HPOS="0" VPOS="0" />
            <String ID="P20_S00074" HPOS="691" VPOS="853" WIDTH="58" HEIGHT="52" STYLEREFS="StyleId-0" CONTENT="by" WC="0.535" CC="09" />
            <SP ID="P20_SP00065" WIDTH="0" HPOS="0" VPOS="0" />
            <String ID="P20_S00075" HPOS="789" VPOS="849" WIDTH="204" HEIGHT="56" STYLEREFS="StyleId-0" CONTENT="building" WC="0.5025" CC="065305810" />
            <SP ID="P20_SP00066" WIDTH="0" HPOS="0" VPOS="0" />
            <String ID="P20_S00076" HPOS="1034" VPOS="846" WIDTH="112" HEIGHT="59" STYLEREFS="StyleId-0" CONTENT="their" WC="0.516" CC="67064" />
            <SP ID="P20_SP00067" WIDTH="0" HPOS="0" VPOS="0" />
            <String ID="P20_S00077" HPOS="1186" VPOS="854" WIDTH="96" HEIGHT="51" STYLEREFS="StyleId-0" CONTENT="own" WC="0.25" CC="498" />
            <SP ID="P20_SP00068" WIDTH="0" HPOS="0" VPOS="0" />
            <String ID="P20_S00078" HPOS="1327" VPOS="838" WIDTH="128" HEIGHT="67" STYLEREFS="StyleId-0" CONTENT="roads" WC="0.568" CC="155100" />
            <SP ID="P20_SP00069" WIDTH="0" HPOS="0" VPOS="0" />
            <String ID="P20_S00079" HPOS="1497" VPOS="848" WIDTH="46" HEIGHT="57" STYLEREFS="StyleId-0" CONTENT="as" WC="0.515" CC="90" />
            <SP ID="P20_SP00070" WIDTH="0" HPOS="0" VPOS="0" />
            <String ID="P20_S00080" HPOS="1583" VPOS="835" WIDTH="105" HEIGHT="70" STYLEREFS="StyleId-0" CONTENT="they" WC="0.7425" CC="0009" />
          </TextLine>
          <TextLine ID="P20_TL00011" HPOS="172" VPOS="922" WIDTH="1516" HEIGHT="26">
            <String ID="P20_S00081" HPOS="173" VPOS="926" WIDTH="167" HEIGHT="41" STYLEREFS="StyleId-0" CONTENT="went.&quot;" WC="0.6116667" CC="026904" />
            <SP ID="P20_SP00071" WIDTH="0" HPOS="0" VPOS="0" />
            <String ID="P20_S00082" HPOS="401" VPOS="922" WIDTH="108" HEIGHT="45" STYLEREFS="StyleId-0" CONTENT="This" WC="0.445" CC="70410" />
            <SP ID="P20_SP00072" WIDTH="0" HPOS="0" VPOS="0" />
            <String ID="P20_S00083" HPOS="531" VPOS="932" WIDTH="87" HEIGHT="35" STYLEREFS="StyleId-0" CONTENT="was" WC="1" CC="000" />
            <SP ID="P20_SP00073" WIDTH="0" HPOS="0" VPOS="0" />
            <String ID="P20_S00084" HPOS="639" VPOS="927" WIDTH="97" HEIGHT="40" STYLEREFS="StyleId-0" CONTENT="true" WC="0.765" CC="2060" />
            <SP ID="P20_SP00074" WIDTH="0" HPOS="0" VPOS="0" />
            <String ID="P20_S00085" HPOS="757" VPOS="917" WIDTH="44" HEIGHT="50" STYLEREFS="StyleId-0" CONTENT="in" WC="0.335" CC="66" />
            <SP ID="P20_SP00075" WIDTH="0" HPOS="0" VPOS="0" />
            <String ID="P20_S00086" HPOS="824" VPOS="917" WIDTH="75" HEIGHT="50" STYLEREFS="StyleId-0" CONTENT="the" WC="0.686666667" CC="900" />
            <SP ID="P20_SP00076" WIDTH="0" HPOS="0" VPOS="0" />
            <String ID="P20_S00087" HPOS="920" VPOS="914" WIDTH="170" HEIGHT="53" STYLEREFS="StyleId-0" CONTENT="history" WC="0.7657143" CC="0360410" />
            <SP ID="P20_SP00077" WIDTH="0" HPOS="0" VPOS="0" />
            <String ID="P20_S00088" HPOS="1111" VPOS="910" WIDTH="46" HEIGHT="57" STYLEREFS="StyleId-0" CONTENT="of" WC="0.905" CC="01" />
            <SP ID="P20_SP00078" WIDTH="0" HPOS="0" VPOS="0" />
            <String ID="P20_S00089" HPOS="1178" VPOS="909" WIDTH="75" HEIGHT="58" STYLEREFS="StyleId-0" CONTENT="the" WC="0.61" CC="560" />
            <SP ID="P20_SP00079" WIDTH="0" HPOS="0" VPOS="0" />
            <String ID="P20_S00090" HPOS="1276" VPOS="916" WIDTH="168" HEIGHT="51" STYLEREFS="StyleId-0" CONTENT="women" WC="0.55" CC="05907" />
            <SP ID="P20_SP00080" WIDTH="0" HPOS="0" VPOS="0" />
            <String ID="P20_S00091" HPOS="1488" VPOS="901" WIDTH="200" HEIGHT="66" STYLEREFS="StyleId-0" CONTENT="pioneers" WC="0.845" CC="20520011" />
          </TextLine>
          <TextLine ID="P20_TL00012" HPOS="174" VPOS="986" WIDTH="1515" HEIGHT="29">
            <String ID="P20_S00092" HPOS="174" VPOS="993" WIDTH="45" HEIGHT="37" STYLEREFS="StyleId-0" CONTENT="in" WC="0.43" CC="37" />
            <SP ID="P20_SP00081" WIDTH="0" HPOS="0" VPOS="0" />
            <String ID="P20_S00093" HPOS="241" VPOS="990" WIDTH="214" HEIGHT="43" STYLEREFS="StyleId-0" CONTENT="America," WC="0.8675" CC="00043200" />
            <SP ID="P20_SP00082" WIDTH="0" HPOS="0" VPOS="0" />
            <String ID="P20_S00094" HPOS="481" VPOS="987" WIDTH="98" HEIGHT="46" STYLEREFS="StyleId-0" CONTENT="who" WC="1" CC="000" />
            <SP ID="P20_SP00083" WIDTH="0" HPOS="0" VPOS="0" />
            <String ID="P20_S00095" HPOS="601" VPOS="997" WIDTH="112" HEIGHT="36" STYLEREFS="StyleId-0" CONTENT="were" WC="0.9575" CC="0010" />
            <SP ID="P20_SP00084" WIDTH="0" HPOS="0" VPOS="0" />
            <String ID="P20_S00096" HPOS="736" VPOS="985" WIDTH="182" HEIGHT="48" STYLEREFS="StyleId-0" CONTENT="Doctors" WC="0.8257143" CC="4102040" />
            <SP ID="P20_SP00085" WIDTH="0" HPOS="0" VPOS="0" />
            <String ID="P20_S00097" HPOS="949" VPOS="975" WIDTH="227" HEIGHT="58" STYLEREFS="StyleId-0" CONTENT="Elizabeth" WC="0.674444437" CC="754100540" />
            <SP ID="P20_SP00086" WIDTH="0" HPOS="0" VPOS="0" />
            <String ID="P20_S00098" HPOS="1218" VPOS="972" WIDTH="85" HEIGHT="61" STYLEREFS="StyleId-0" CONTENT="and" WC="0.36" CC="783" />
            <SP ID="P20_SP00087" WIDTH="0" HPOS="0" VPOS="0" />
            <String ID="P20_S00099" HPOS="1346" VPOS="968" WIDTH="149" HEIGHT="65" STYLEREFS="StyleId-0" CONTENT="Emily" WC="0.446" CC="710540" />
            <SP ID="P20_SP00088" WIDTH="0" HPOS="0" VPOS="0" />
            <String ID="P20_S00100" HPOS="1535" VPOS="965" WIDTH="154" HEIGHT="68" STYLEREFS="StyleId-0" CONTENT="Black-" WC="0.605" CC="773050" />
          </TextLine>
          <TextLine ID="P20_TL00013" HPOS="175" VPOS="1052" WIDTH="1512" HEIGHT="26">
            <String ID="P20_S00101" HPOS="176" VPOS="1057" WIDTH="110" HEIGHT="40" STYLEREFS="StyleId-0" CONTENT="well," WC="0.718" CC="00436" />
            <SP ID="P20_SP00089" WIDTH="0" HPOS="0" VPOS="0" />
            <String ID="P20_S00102" HPOS="314" VPOS="1058" WIDTH="74" HEIGHT="39" STYLEREFS="StyleId-0" CONTENT="Dr." WC="0.896666646" CC="030" />
            <SP ID="P20_SP00090" WIDTH="0" HPOS="0" VPOS="0" />
            <String ID="P20_S00103" HPOS="409" VPOS="1052" WIDTH="176" HEIGHT="45" STYLEREFS="StyleId-0" CONTENT="Harriet" WC="0.76" CC="6040302" />
            <SP ID="P20_SP00091" WIDTH="0" HPOS="0" VPOS="0" />
            <String ID="P20_S00104" HPOS="608" VPOS="1052" WIDTH="56" HEIGHT="45" STYLEREFS="StyleId-0" CONTENT="K." WC="1" CC="00" />
            <SP ID="P20_SP00092" WIDTH="0" HPOS="0" VPOS="0" />
            <String ID="P20_S00105" HPOS="691" VPOS="1050" WIDTH="142" HEIGHT="47" STYLEREFS="StyleId-0" CONTENT="Hunt," WC="0.7" CC="61700" />
            <SP ID="P20_SP00093" WIDTH="0" HPOS="0" VPOS="0" />
            <String ID="P20_S00106" HPOS="860" VPOS="1045" WIDTH="47" HEIGHT="52" STYLEREFS="StyleId-0" CONTENT="of" WC="0.595" CC="52" />
            <SP ID="P20_SP00094" WIDTH="0" HPOS="0" VPOS="0" />
            <String ID="P20_S00107" HPOS="926" VPOS="1046" WIDTH="180" HEIGHT="51" STYLEREFS="StyleId-0" CONTENT="Boston," WC="0.70714283" CC="7600070" />
            <SP ID="P20_SP00095" WIDTH="0" HPOS="0" VPOS="0" />
            <String ID="P20_S00108" HPOS="1143" VPOS="1041" WIDTH="75" HEIGHT="56" STYLEREFS="StyleId-0" CONTENT="Dr." WC="0.896666646" CC="110" />
            <SP ID="P20_SP00096" WIDTH="0" HPOS="0" VPOS="0" />
            <String ID="P20_S00109" HPOS="1262" VPOS="1033" WIDTH="301" HEIGHT="64" STYLEREFS="StyleId-0" CONTENT="Zakrzewska," WC="0.659090936" CC="06512000892" />
            <SP ID="P20_SP00097" WIDTH="0" HPOS="0" VPOS="0" />
            <String ID="P20_S00110" HPOS="1610" VPOS="1033" WIDTH="77" HEIGHT="64" STYLEREFS="StyleId-0" CONTENT="Dr." WC="0.516666651" CC="950" />
          </TextLine>
          <TextLine ID="P20_TL00014" HPOS="176" VPOS="1116" WIDTH="1516" HEIGHT="30">
            <String ID="P20_S00111" HPOS="176" VPOS="1122" WIDTH="134" HEIGHT="39" STYLEREFS="StyleId-0" CONTENT="Sarah" WC="0.712" CC="004100" />
            <SP ID="P20_SP00098" WIDTH="0" HPOS="0" VPOS="0" />
            <String ID="P20_S00112" HPOS="332" VPOS="1119" WIDTH="165" HEIGHT="45" STYLEREFS="StyleId-0" CONTENT="Dolley," WC="0.7871429" CC="0446000" />
            <SP ID="P20_SP00099" WIDTH="0" HPOS="0" VPOS="0" />
            <String ID="P20_S00113" HPOS="523" VPOS="1116" WIDTH="84" HEIGHT="48" STYLEREFS="StyleId-0" CONTENT="and" WC="0.716666639" CC="080" />
            <SP ID="P20_SP00100" WIDTH="0" HPOS="0" VPOS="0" />
            <String ID="P20_S00114" HPOS="632" VPOS="1117" WIDTH="73" HEIGHT="47" STYLEREFS="StyleId-0" CONTENT="Dr." WC="0.876666665" CC="003" />
            <SP ID="P20_SP00101" WIDTH="0" HPOS="0" VPOS="0" />
            <String ID="P20_S00115" HPOS="732" VPOS="1113" WIDTH="229" HEIGHT="51" STYLEREFS="StyleId-0" CONTENT="Clemence" WC="0.7125" CC="08060800" />
            <SP ID="P20_SP00102" WIDTH="0" HPOS="0" VPOS="0" />
            <String ID="P20_S00116" HPOS="980" VPOS="1109" WIDTH="45" HEIGHT="55" STYLEREFS="StyleId-0" CONTENT="S." WC="0.615" CC="70" />
            <SP ID="P20_SP00103" WIDTH="0" HPOS="0" VPOS="0" />
            <String ID="P20_S00117" HPOS="1038" VPOS="1105" WIDTH="177" HEIGHT="59" STYLEREFS="StyleId-0" CONTENT="Xozier," WC="0.6085714" CC="10700243" />
            <SP ID="P20_SP00104" WIDTH="0" HPOS="0" VPOS="0" />
            <String ID="P20_S00118" HPOS="1241" VPOS="1102" WIDTH="47" HEIGHT="62" STYLEREFS="StyleId-0" CONTENT="of" WC="0.875" CC="20" />
            <SP ID="P20_SP00105" WIDTH="0" HPOS="0" VPOS="0" />
            <String ID="P20_S00119" HPOS="1305" VPOS="1104" WIDTH="109" HEIGHT="60" STYLEREFS="StyleId-0" CONTENT="New" WC="0.466666669" CC="609" />
            <SP ID="P20_SP00106" WIDTH="0" HPOS="0" VPOS="0" />
            <String ID="P20_S00120" HPOS="1426" VPOS="1099" WIDTH="138" HEIGHT="65" STYLEREFS="StyleId-0" CONTENT="York." WC="0.508" CC="46670" />
            <SP ID="P20_SP00107" WIDTH="0" HPOS="0" VPOS="0" />
            <String ID="P20_S00121" HPOS="1583" VPOS="1096" WIDTH="109" HEIGHT="68" STYLEREFS="StyleId-0" CONTENT="This" WC="0.8625" CC="0050" />
          </TextLine>
          <TextLine ID="P20_TL00015" HPOS="175" VPOS="1184" WIDTH="1512" HEIGHT="25">
            <String ID="P20_S00122" HPOS="175" VPOS="1187" WIDTH="127" HEIGHT="39" STYLEREFS="StyleId-0" CONTENT="noble" WC="0.572" CC="65360" />
            <SP ID="P20_SP00108" WIDTH="0" HPOS="0" VPOS="0" />
            <String ID="P20_S00123" HPOS="323" VPOS="1184" WIDTH="114" HEIGHT="42" STYLEREFS="StyleId-0" CONTENT="band" WC="0.8175" CC="0070" />
            <SP ID="P20_SP00109" WIDTH="0" HPOS="0" VPOS="0" />
            <String ID="P20_S00124" HPOS="459" VPOS="1183" WIDTH="46" HEIGHT="43" STYLEREFS="StyleId-0" CONTENT="of" WC="0.435" CC="55" />
            <SP ID="P20_SP00110" WIDTH="0" HPOS="0" VPOS="0" />
            <String ID="P20_S00125" HPOS="545" VPOS="1180" WIDTH="144" HEIGHT="46" STYLEREFS="StyleId-0" CONTENT="herioc" WC="0.7416667" CC="006260" />
            <SP ID="P20_SP00111" WIDTH="0" HPOS="0" VPOS="0" />
            <String ID="P20_S00126" HPOS="704" VPOS="1179" WIDTH="85" HEIGHT="47" STYLEREFS="StyleId-0" CONTENT="and" WC="0.14" CC="988" />
            <SP ID="P20_SP00112" WIDTH="0" HPOS="0" VPOS="0" />
            <String ID="P20_S00127" HPOS="825" VPOS="1173" WIDTH="219" HEIGHT="53" STYLEREFS="StyleId-0" CONTENT="energetic" WC="0.7777778" CC="080070030" />
            <SP ID="P20_SP00113" WIDTH="0" HPOS="0" VPOS="0" />
            <String ID="P20_S00128" HPOS="1061" VPOS="1183" WIDTH="184" HEIGHT="43" STYLEREFS="StyleId-0" CONTENT="women," WC="0.688333333" CC="009080" />
            <SP ID="P20_SP00114" WIDTH="0" HPOS="0" VPOS="0" />
            <String ID="P20_S00129" HPOS="1273" VPOS="1166" WIDTH="195" HEIGHT="60" STYLEREFS="StyleId-0" CONTENT="through" WC="0.347142845" CC="87507107" />
            <SP ID="P20_SP00115" WIDTH="0" HPOS="0" VPOS="0" />
            <String ID="P20_S00130" HPOS="1491" VPOS="1164" WIDTH="195" HEIGHT="62" STYLEREFS="StyleId-0" CONTENT="discour¬" WC="0.7475" CC="05050450" />
          </TextLine>
          <TextLine ID="P20_TL00016" HPOS="176" VPOS="1248" WIDTH="1513" HEIGHT="29">
            <String ID="P20_S00131" HPOS="176" VPOS="1256" WIDTH="221" HEIGHT="43" STYLEREFS="StyleId-0" CONTENT="agements" WC="0.62125" CC="910120700" />
            <SP ID="P20_SP00116" WIDTH="0" HPOS="0" VPOS="0" />
            <String ID="P20_S00132" HPOS="418" VPOS="1250" WIDTH="107" HEIGHT="49" STYLEREFS="StyleId-0" CONTENT="deep" WC="0.8425" CC="0006" />
            <SP ID="P20_SP00117" WIDTH="0" HPOS="0" VPOS="0" />
            <String ID="P20_S00133" HPOS="548" VPOS="1246" WIDTH="85" HEIGHT="53" STYLEREFS="StyleId-0" CONTENT="and" WC="0.723333359" CC="080" />
            <SP ID="P20_SP00118" WIDTH="0" HPOS="0" VPOS="0" />
            <String ID="P20_S00134" HPOS="655" VPOS="1244" WIDTH="123" HEIGHT="55" STYLEREFS="StyleId-0" CONTENT="dark," WC="0.758" CC="02090" />
            <SP ID="P20_SP00119" WIDTH="0" HPOS="0" VPOS="0" />
            <String ID="P20_S00135" HPOS="797" VPOS="1241" WIDTH="85" HEIGHT="58" STYLEREFS="StyleId-0" CONTENT="and" WC="0.446666658" CC="1060" />
            <SP ID="P20_SP00120" WIDTH="0" HPOS="0" VPOS="0" />
            <String ID="P20_S00136" HPOS="905" VPOS="1239" WIDTH="107" HEIGHT="60" STYLEREFS="StyleId-0" CONTENT="with" WC="0.635" CC="0086" />
            <SP ID="P20_SP00121" WIDTH="0" HPOS="0" VPOS="0" />
            <String ID="P20_S00137" HPOS="1034" VPOS="1242" WIDTH="122" HEIGHT="57" STYLEREFS="StyleId-0" CONTENT="great" WC="0.738" CC="103000" />
            <SP ID="P20_SP00122" WIDTH="0" HPOS="0" VPOS="0" />
            <String ID="P20_S00138" HPOS="1179" VPOS="1232" WIDTH="199" HEIGHT="67" STYLEREFS="StyleId-0" CONTENT="personal" WC="0.48625" CC="100393706" />
            <SP ID="P20_SP00123" WIDTH="0" HPOS="0" VPOS="0" />
            <String ID="P20_S00139" HPOS="1395" VPOS="1229" WIDTH="195" HEIGHT="70" STYLEREFS="StyleId-0" CONTENT="sacrifice" WC="0.76222223" CC="080252200" />
            <SP ID="P20_SP00124" WIDTH="0" HPOS="0" VPOS="0" />
            <String ID="P20_S00140" HPOS="1605" VPOS="1227" WIDTH="84" HEIGHT="72" STYLEREFS="StyleId-0" CONTENT="and" WC="0.41" CC="980" />
          </TextLine>
          <TextLine ID="P20_TL00017" HPOS="176" VPOS="1314" WIDTH="1521" HEIGHT="27">
            <String ID="P20_S00141" HPOS="176" VPOS="1318" WIDTH="121" HEIGHT="38" STYLEREFS="StyleId-0" CONTENT="often" WC="0.668" CC="54006" />
            <SP ID="P20_SP00125" WIDTH="0" HPOS="0" VPOS="0" />
            <String ID="P20_S00142" HPOS="318" VPOS="1312" WIDTH="291" HEIGHT="44" STYLEREFS="StyleId-0" CONTENT="humiliation," WC="0.49666667" CC="779565700370" />
            <SP ID="P20_SP00126" WIDTH="0" HPOS="0" VPOS="0" />
            <String ID="P20_S00143" HPOS="634" VPOS="1310" WIDTH="59" HEIGHT="46" STYLEREFS="StyleId-0" CONTENT="by" WC="0.71" CC="50" />
            <SP ID="P20_SP00127" WIDTH="0" HPOS="0" VPOS="0" />
            <String ID="P20_S00144" HPOS="714" VPOS="1309" WIDTH="106" HEIGHT="47" STYLEREFS="StyleId-0" CONTENT="hard" WC="0.6525" CC="0822" />
            <SP ID="P20_SP00128" WIDTH="0" HPOS="0" VPOS="0" />
            <String ID="P20_S00145" HPOS="844" VPOS="1305" WIDTH="121" HEIGHT="51" STYLEREFS="StyleId-0" CONTENT="work" WC="0.4025" CC="8059" />
            <SP ID="P20_SP00129" WIDTH="0" HPOS="0" VPOS="0" />
            <String ID="P20_S00146" HPOS="987" VPOS="1313" WIDTH="226" HEIGHT="43" STYLEREFS="StyleId-0" CONTENT="overcame" WC="0.7775" CC="300040100" />
            <SP ID="P20_SP00130" WIDTH="0" HPOS="0" VPOS="0" />
            <String ID="P20_S00147" HPOS="1233" VPOS="1300" WIDTH="76" HEIGHT="56" STYLEREFS="StyleId-0" CONTENT="the" WC="1" CC="000" />
            <SP ID="P20_SP00131" WIDTH="0" HPOS="0" VPOS="0" />
            <String ID="P20_S00148" HPOS="1348" VPOS="1296" WIDTH="213" HEIGHT="60" STYLEREFS="StyleId-0" CONTENT="obstacles" WC="0.75555557" CC="040280402" />
            <SP ID="P20_SP00132" WIDTH="0" HPOS="0" VPOS="0" />
            <String ID="P20_S00149" HPOS="1600" VPOS="1293" WIDTH="97" HEIGHT="63" STYLEREFS="StyleId-0" CONTENT="that" WC="0.87" CC="0050" />
          </TextLine>
          <TextLine ID="P20_TL00018" HPOS="178" VPOS="1380" WIDTH="1517" HEIGHT="25">
            <String ID="P20_S00150" HPOS="178" VPOS="1381" WIDTH="293" HEIGHT="40" STYLEREFS="StyleId-0" CONTENT="embarrassed" WC="0.6736364" CC="06301294008" />
            <SP ID="P20_SP00133" WIDTH="0" HPOS="0" VPOS="0" />
            <String ID="P20_S00151" HPOS="494" VPOS="1383" WIDTH="117" HEIGHT="38" STYLEREFS="StyleId-0" CONTENT="them" WC="0.655" CC="01003" />
            <SP ID="P20_SP00134" WIDTH="0" HPOS="0" VPOS="0" />
            <String ID="P20_S00152" HPOS="634" VPOS="1375" WIDTH="85" HEIGHT="46" STYLEREFS="StyleId-0" CONTENT="and" WC="0.273333341" CC="984" />
            <SP ID="P20_SP00135" WIDTH="0" HPOS="0" VPOS="0" />
            <String ID="P20_S00153" HPOS="755" VPOS="1371" WIDTH="248" HEIGHT="50" STYLEREFS="StyleId-0" CONTENT="obstructed" WC="0.808" CC="5000660000" />
            <SP ID="P20_SP00136" WIDTH="0" HPOS="0" VPOS="0" />
            <String ID="P20_S00154" HPOS="1027" VPOS="1368" WIDTH="113" HEIGHT="53" STYLEREFS="StyleId-0" CONTENT="their" WC="0.844" CC="00024" />
            <SP ID="P20_SP00137" WIDTH="0" HPOS="0" VPOS="0" />
            <String ID="P20_S00155" HPOS="1162" VPOS="1366" WIDTH="219" HEIGHT="55" STYLEREFS="StyleId-0" CONTENT="pathway," WC="0.505" CC="1080610301" />
            <SP ID="P20_SP00138" WIDTH="0" HPOS="0" VPOS="0" />
            <String ID="P20_S00156" HPOS="1420" VPOS="1362" WIDTH="84" HEIGHT="59" STYLEREFS="StyleId-0" CONTENT="and" WC="0.7133333" CC="080" />
            <SP ID="P20_SP00139" WIDTH="0" HPOS="0" VPOS="0" />
            <String ID="P20_S00157" HPOS="1528" VPOS="1358" WIDTH="167" HEIGHT="63" STYLEREFS="StyleId-0" CONTENT="opened" WC="0.7966667" CC="000830" />
          </TextLine>
          <TextLine ID="P20_TL00019" HPOS="183" VPOS="1446" WIDTH="1514" HEIGHT="26">
            <String ID="P20_S00158" HPOS="183" VPOS="1460" WIDTH="59" HEIGHT="34" STYLEREFS="StyleId-0" CONTENT="up" WC="1" CC="00" />
            <SP ID="P20_SP00140" WIDTH="0" HPOS="0" VPOS="0" />
            <String ID="P20_S00159" HPOS="263" VPOS="1448" WIDTH="75" HEIGHT="46" STYLEREFS="StyleId-0" CONTENT="the" WC="1" CC="000" />
            <SP ID="P20_SP00141" WIDTH="0" HPOS="0" VPOS="0" />
            <String ID="P20_S00160" HPOS="358" VPOS="1445" WIDTH="103" HEIGHT="49" STYLEREFS="StyleId-0" CONTENT="road" WC="0.84" CC="0006" />
            <SP ID="P20_SP00142" WIDTH="0" HPOS="0" VPOS="0" />
            <String ID="P20_S00161" HPOS="483" VPOS="1444" WIDTH="45" HEIGHT="50" STYLEREFS="StyleId-0" CONTENT="of" WC="0.43" CC="46" />
            <SP ID="P20_SP00143" WIDTH="0" HPOS="0" VPOS="0" />
            <String ID="P20_S00162" HPOS="549" VPOS="1439" WIDTH="284" HEIGHT="55" STYLEREFS="StyleId-0" CONTENT="opportunity" WC="0.656363666" CC="100010386700" />
            <SP ID="P20_SP00144" WIDTH="0" HPOS="0" VPOS="0" />
            <String ID="P20_S00163" HPOS="857" VPOS="1437" WIDTH="65" HEIGHT="57" STYLEREFS="StyleId-0" CONTENT="for" WC="0.613333344" CC="245" />
            <SP ID="P20_SP00145" WIDTH="0" HPOS="0" VPOS="0" />
            <String ID="P20_S00164" HPOS="946" VPOS="1436" WIDTH="74" HEIGHT="58" STYLEREFS="StyleId-0" CONTENT="the" WC="0.5833333" CC="2100" />
            <SP ID="P20_SP00146" WIDTH="0" HPOS="0" VPOS="0" />
            <String ID="P20_S00165" HPOS="1039" VPOS="1438" WIDTH="123" HEIGHT="56" STYLEREFS="StyleId-0" CONTENT="great" WC="0.654" CC="104200" />
            <SP ID="P20_SP00147" WIDTH="0" HPOS="0" VPOS="0" />
            <String ID="P20_S00166" HPOS="1183" VPOS="1443" WIDTH="122" HEIGHT="51" STYLEREFS="StyleId-0" CONTENT="army" WC="0.5675" CC="0880" />
            <SP ID="P20_SP00148" WIDTH="0" HPOS="0" VPOS="0" />
            <String ID="P20_S00167" HPOS="1326" VPOS="1429" WIDTH="46" HEIGHT="65" STYLEREFS="StyleId-0" CONTENT="of" WC="0.69" CC="33" />
            <SP ID="P20_SP00149" WIDTH="0" HPOS="0" VPOS="0" />
            <String ID="P20_S00168" HPOS="1393" VPOS="1438" WIDTH="168" HEIGHT="56" STYLEREFS="StyleId-0" CONTENT="women" WC="0.516" CC="04568" />
            <SP ID="P20_SP00150" WIDTH="0" HPOS="0" VPOS="0" />
            <String ID="P20_S00169" HPOS="1597" VPOS="1425" WIDTH="99" HEIGHT="69" STYLEREFS="StyleId-0" CONTENT="who" WC="0.50666666" CC="1004" />
          </TextLine>
          <TextLine ID="P20_TL00020" HPOS="183" VPOS="1511" WIDTH="1401" HEIGHT="27">
            <String ID="P20_S00170" HPOS="183" VPOS="1524" WIDTH="72" HEIGHT="27" STYLEREFS="StyleId-0" CONTENT="are" WC="0.6933333" CC="702" />
            <SP ID="P20_SP00151" WIDTH="0" HPOS="0" VPOS="0" />
            <String ID="P20_S00171" HPOS="277" VPOS="1525" WIDTH="98" HEIGHT="26" STYLEREFS="StyleId-0" CONTENT="now" WC="0.393333346" CC="728" />
            <SP ID="P20_SP00152" WIDTH="0" HPOS="0" VPOS="0" />
            <String ID="P20_S00172" HPOS="396" VPOS="1508" WIDTH="226" HEIGHT="44" STYLEREFS="StyleId-0" CONTENT="following" WC="0.567777753" CC="4160410470" />
            <SP ID="P20_SP00153" WIDTH="0" HPOS="0" VPOS="0" />
            <String ID="P20_S00173" HPOS="643" VPOS="1506" WIDTH="43" HEIGHT="46" STYLEREFS="StyleId-0" CONTENT="in" WC="0.365" CC="57" />
            <SP ID="P20_SP00154" WIDTH="0" HPOS="0" VPOS="0" />
            <String ID="P20_S00174" HPOS="710" VPOS="1506" WIDTH="75" HEIGHT="46" STYLEREFS="StyleId-0" CONTENT="the" WC="0.6433333" CC="460" />
            <SP ID="P20_SP00155" WIDTH="0" HPOS="0" VPOS="0" />
            <String ID="P20_S00175" HPOS="807" VPOS="1503" WIDTH="211" HEIGHT="49" STYLEREFS="StyleId-0" CONTENT="footsteps" WC="0.6588889" CC="255090700" />
            <SP ID="P20_SP00156" WIDTH="0" HPOS="0" VPOS="0" />
            <String ID="P20_S00176" HPOS="1040" VPOS="1499" WIDTH="46" HEIGHT="53" STYLEREFS="StyleId-0" CONTENT="of" WC="0.765" CC="04" />
            <SP ID="P20_SP00157" WIDTH="0" HPOS="0" VPOS="0" />
            <String ID="P20_S00177" HPOS="1105" VPOS="1498" WIDTH="116" HEIGHT="54" STYLEREFS="StyleId-0" CONTENT="their" WC="0.794" CC="00540" />
            <SP ID="P20_SP00158" WIDTH="0" HPOS="0" VPOS="0" />
            <String ID="P20_S00178" HPOS="1243" VPOS="1496" WIDTH="115" HEIGHT="56" STYLEREFS="StyleId-0" CONTENT="elder" WC="0.86" CC="00006" />
            <SP ID="P20_SP00159" WIDTH="0" HPOS="0" VPOS="0" />
            <String ID="P20_S00179" HPOS="1389" VPOS="1493" WIDTH="164" HEIGHT="59" STYLEREFS="StyleId-0" CONTENT="sisters." WC="0.7325" CC="140003102" />
            <SP ID="P20_SP00160" WIDTH="0" HPOS="0" VPOS="0" />
            <String ID="P20_S00180" HPOS="1576" VPOS="1506" WIDTH="7" HEIGHT="46" STYLEREFS="StyleId-0" CONTENT="•" WC="0.29" CC="7" />
          </TextLine>
          <TextLine ID="P20_TL00021" HPOS="267" VPOS="1570" WIDTH="1432" HEIGHT="30">
            <String ID="P20_S00181" HPOS="267" VPOS="1575" WIDTH="95" HEIGHT="39" STYLEREFS="StyleId-0" CONTENT="The" WC="1" CC="000" />
            <SP ID="P20_SP00161" WIDTH="0" HPOS="0" VPOS="0" />
            <String ID="P20_S00182" HPOS="383" VPOS="1575" WIDTH="138" HEIGHT="39" STYLEREFS="StyleId-0" CONTENT="editor" WC="0.75" CC="052060" />
            <SP ID="P20_SP00162" WIDTH="0" HPOS="0" VPOS="0" />
            <String ID="P20_S00183" HPOS="543" VPOS="1573" WIDTH="45" HEIGHT="41" STYLEREFS="StyleId-0" CONTENT="of" WC="0.665" CC="41" />
            <SP ID="P20_SP00163" WIDTH="0" HPOS="0" VPOS="0" />
            <String ID="P20_S00184" HPOS="613" VPOS="1565" WIDTH="128" HEIGHT="49" STYLEREFS="StyleId-0" CONTENT="&quot;The" WC="0.6225" CC="7070" />
            <SP ID="P20_SP00164" WIDTH="0" HPOS="0" VPOS="0" />
            <String ID="P20_S00185" HPOS="765" VPOS="1566" WIDTH="187" HEIGHT="48" STYLEREFS="StyleId-0" CONTENT="Medical" WC="0.811428547" CC="0064002" />
            <SP ID="P20_SP00165" WIDTH="0" HPOS="0" VPOS="0" />
            <String ID="P20_S00186" HPOS="974" VPOS="1564" WIDTH="177" HEIGHT="50" STYLEREFS="StyleId-0" CONTENT="Review" WC="0.77" CC="620500" />
            <SP ID="P20_SP00166" WIDTH="0" HPOS="0" VPOS="0" />
            <String ID="P20_S00187" HPOS="1172" VPOS="1562" WIDTH="44" HEIGHT="52" STYLEREFS="StyleId-0" CONTENT="of" WC="0.72" CC="05" />
            <SP ID="P20_SP00167" WIDTH="0" HPOS="0" VPOS="0" />
            <String ID="P20_S00188" HPOS="1240" VPOS="1558" WIDTH="251" HEIGHT="56" STYLEREFS="StyleId-0" CONTENT="Reviews,&quot;" WC="0.728888869" CC="100406037" />
            <SP ID="P20_SP00168" WIDTH="0" HPOS="0" VPOS="0" />
            <String ID="P20_S00189" HPOS="1539" VPOS="1556" WIDTH="43" HEIGHT="58" STYLEREFS="StyleId-0" CONTENT="in" WC="0.4" CC="38" />
            <SP ID="P20_SP00169" WIDTH="0" HPOS="0" VPOS="0" />
            <String ID="P20_S00190" HPOS="1624" VPOS="1555" WIDTH="74" HEIGHT="59" STYLEREFS="StyleId-0" CONTENT="the" WC="0.97" CC="000" />
          </TextLine>
          <TextLine ID="P20_TL00022" HPOS="184" VPOS="1642" WIDTH="1514" HEIGHT="25">
            <String ID="P20_S00191" HPOS="184" VPOS="1645" WIDTH="114" HEIGHT="44" STYLEREFS="StyleId-0" CONTENT="June" WC="0.5675" CC="4480" />
            <SP ID="P20_SP00170" WIDTH="0" HPOS="0" VPOS="0" />
            <String ID="P20_S00192" HPOS="318" VPOS="1640" WIDTH="195" HEIGHT="49" STYLEREFS="StyleId-0" CONTENT="number," WC="0.725714266" CC="6400350" />
            <SP ID="P20_SP00171" WIDTH="0" HPOS="0" VPOS="0" />
            <String ID="P20_S00193" HPOS="542" VPOS="1639" WIDTH="78" HEIGHT="50" STYLEREFS="StyleId-0" CONTENT="has" WC="1" CC="000" />
            <SP ID="P20_SP00172" WIDTH="0" HPOS="0" VPOS="0" />
            <String ID="P20_S00194" HPOS="641" VPOS="1636" WIDTH="74" HEIGHT="53" STYLEREFS="StyleId-0" CONTENT="the" WC="0.526666641" CC="4100" />
            <SP ID="P20_SP00173" WIDTH="0" HPOS="0" VPOS="0" />
            <String ID="P20_S00195" HPOS="736" VPOS="1632" WIDTH="228" HEIGHT="57" STYLEREFS="StyleId-0" CONTENT="following" WC="0.775555551" CC="150341110" />
            <SP ID="P20_SP00174" WIDTH="0" HPOS="0" VPOS="0" />
            <String ID="P20_S00196" HPOS="984" VPOS="1638" WIDTH="44" HEIGHT="51" STYLEREFS="StyleId-0" CONTENT="to" WC="1" CC="00" />
            <SP ID="P20_SP00175" WIDTH="0" HPOS="0" VPOS="0" />
            <String ID="P20_S00197" HPOS="1050" VPOS="1643" WIDTH="76" HEIGHT="46" STYLEREFS="StyleId-0" CONTENT="say" WC="0.933333337" CC="200" />
            <SP ID="P20_SP00176" WIDTH="0" HPOS="0" VPOS="0" />
            <String ID="P20_S00198" HPOS="1167" VPOS="1628" WIDTH="45" HEIGHT="61" STYLEREFS="StyleId-0" CONTENT="of" WC="0.445" CC="73" />
            <SP ID="P20_SP00177" WIDTH="0" HPOS="0" VPOS="0" />
            <String ID="P20_S00199" HPOS="1253" VPOS="1627" WIDTH="74" HEIGHT="62" STYLEREFS="StyleId-0" CONTENT="the" WC="0.43" CC="907" />
            <SP ID="P20_SP00178" WIDTH="0" HPOS="0" VPOS="0" />
            <String ID="P20_S00200" HPOS="1368" VPOS="1624" WIDTH="121" HEIGHT="65" STYLEREFS="StyleId-0" CONTENT="work" WC="0.5375" CC="80100" />
            <SP ID="P20_SP00179" WIDTH="0" HPOS="0" VPOS="0" />
            <String ID="P20_S00201" HPOS="1532" VPOS="1633" WIDTH="165" HEIGHT="56" STYLEREFS="StyleId-0" CONTENT="accom¬" WC="0.803333342" CC="026002" />
          </TextLine>
          <TextLine ID="P20_TL00023" HPOS="188" VPOS="1701" WIDTH="1510" HEIGHT="32">
            <String ID="P20_S00202" HPOS="188" VPOS="1706" WIDTH="167" HEIGHT="48" STYLEREFS="StyleId-0" CONTENT="plished" WC="0.6471428" CC="0575600" />
            <SP ID="P20_SP00180" WIDTH="0" HPOS="0" VPOS="0" />
            <String ID="P20_S00203" HPOS="378" VPOS="1707" WIDTH="58" HEIGHT="47" STYLEREFS="StyleId-0" CONTENT="by" WC="0.875" CC="20" />
            <SP ID="P20_SP00181" WIDTH="0" HPOS="0" VPOS="0" />
            <String ID="P20_S00204" HPOS="453" VPOS="1713" WIDTH="165" HEIGHT="41" STYLEREFS="StyleId-0" CONTENT="women" WC="0.672" CC="03803" />
            <SP ID="P20_SP00182" WIDTH="0" HPOS="0" VPOS="0" />
            <String ID="P20_S00205" HPOS="641" VPOS="1696" WIDTH="252" HEIGHT="58" STYLEREFS="StyleId-0" CONTENT="physicians" WC="0.577" CC="70100601880" />
            <SP ID="P20_SP00183" WIDTH="0" HPOS="0" VPOS="0" />
            <String ID="P20_S00206" HPOS="916" VPOS="1710" WIDTH="59" HEIGHT="44" STYLEREFS="StyleId-0" CONTENT="up" WC="0.675" CC="60" />
            <SP ID="P20_SP00184" WIDTH="0" HPOS="0" VPOS="0" />
            <String ID="P20_S00207" HPOS="992" VPOS="1702" WIDTH="43" HEIGHT="52" STYLEREFS="StyleId-0" CONTENT="to" WC="0.925" CC="01" />
            <SP ID="P20_SP00185" WIDTH="0" HPOS="0" VPOS="0" />
            <String ID="P20_S00208" HPOS="1050" VPOS="1695" WIDTH="73" HEIGHT="59" STYLEREFS="StyleId-0" CONTENT="the" WC="1" CC="000" />
            <SP ID="P20_SP00186" WIDTH="0" HPOS="0" VPOS="0" />
            <String ID="P20_S00209" HPOS="1146" VPOS="1697" WIDTH="174" HEIGHT="57" STYLEREFS="StyleId-0" CONTENT="present" WC="0.85" CC="0000280" />
            <SP ID="P20_SP00187" WIDTH="0" HPOS="0" VPOS="0" />
            <String ID="P20_S00210" HPOS="1342" VPOS="1691" WIDTH="104" HEIGHT="63" STYLEREFS="StyleId-0" CONTENT="time" WC="0.84" CC="1230" />
            <SP ID="P20_SP00188" WIDTH="0" HPOS="0" VPOS="0" />
            <String ID="P20_S00211" HPOS="1465" VPOS="1681" WIDTH="232" HEIGHT="73" STYLEREFS="StyleId-0" CONTENT=":—-''Fem¬" WC="0.674444437" CC="194006061" />
          </TextLine>
          <TextLine ID="P20_TL00024" HPOS="190" VPOS="1773" WIDTH="1510" HEIGHT="26">
            <String ID="P20_S00212" HPOS="190" VPOS="1773" WIDTH="126" HEIGHT="37" STYLEREFS="StyleId-0" CONTENT="inism" WC="0.376" CC="77365" />
            <SP ID="P20_SP00189" WIDTH="0" HPOS="0" VPOS="0" />
            <String ID="P20_S00213" HPOS="339" VPOS="1772" WIDTH="36" HEIGHT="38" STYLEREFS="StyleId-0" CONTENT="is" WC="0.68" CC="41" />
            <SP ID="P20_SP00190" WIDTH="0" HPOS="0" VPOS="0" />
            <String ID="P20_S00214" HPOS="397" VPOS="1783" WIDTH="23" HEIGHT="27" STYLEREFS="StyleId-0" CONTENT="a" WC="1" CC="0" />
            <SP ID="P20_SP00191" WIDTH="0" HPOS="0" VPOS="0" />
            <String ID="P20_S00215" HPOS="441" VPOS="1776" WIDTH="108" HEIGHT="34" STYLEREFS="StyleId-0" CONTENT="tefm" WC="0.2725" CC="100109" />
            <SP ID="P20_SP00192" WIDTH="0" HPOS="0" VPOS="0" />
            <String ID="P20_S00216" HPOS="571" VPOS="1767" WIDTH="143" HEIGHT="43" STYLEREFS="StyleId-0" CONTENT="which" WC="0.724" CC="07600" />
            <SP ID="P20_SP00193" WIDTH="0" HPOS="0" VPOS="0" />
            <String ID="P20_S00217" HPOS="737" VPOS="1770" WIDTH="42" HEIGHT="40" STYLEREFS="StyleId-0" CONTENT="at" WC="1" CC="00" />
            <SP ID="P20_SP00194" WIDTH="0" HPOS="0" VPOS="0" />
            <String ID="P20_S00218" HPOS="810" VPOS="1767" WIDTH="175" HEIGHT="43" STYLEREFS="StyleId-0" CONTENT="present" WC="0.491428584" CC="10004875" />
            <SP ID="P20_SP00195" WIDTH="0" HPOS="0" VPOS="0" />
            <String ID="P20_S00219" HPOS="1026" VPOS="1761" WIDTH="36" HEIGHT="49" STYLEREFS="StyleId-0" CONTENT="is" WC="0.75" CC="40" />
            <SP ID="P20_SP00196" WIDTH="0" HPOS="0" VPOS="0" />
            <String ID="P20_S00220" HPOS="1104" VPOS="1757" WIDTH="250" HEIGHT="53" STYLEREFS="StyleId-0" CONTENT="frequently" WC="0.803" CC="4003700040" />
            <SP ID="P20_SP00197" WIDTH="0" HPOS="0" VPOS="0" />
            <String ID="P20_S00221" HPOS="1395" VPOS="1767" WIDTH="102" HEIGHT="43" STYLEREFS="StyleId-0" CONTENT="seen" WC="0.745" CC="0045" />
            <SP ID="P20_SP00198" WIDTH="0" HPOS="0" VPOS="0" />
            <String ID="P20_S00222" HPOS="1540" VPOS="1754" WIDTH="43" HEIGHT="56" STYLEREFS="StyleId-0" CONTENT="in" WC="0.395" CC="47" />
            <SP ID="P20_SP00199" WIDTH="0" HPOS="0" VPOS="0" />
            <String ID="P20_S00223" HPOS="1625" VPOS="1753" WIDTH="74" HEIGHT="57" STYLEREFS="StyleId-0" CONTENT="the" WC="0.296666652" CC="3107" />
          </TextLine>
          <TextLine ID="P20_TL00025" HPOS="189" VPOS="1839" WIDTH="1513" HEIGHT="25">
            <String ID="P20_S00224" HPOS="189" VPOS="1834" WIDTH="379" HEIGHT="49" STYLEREFS="StyleId-0" CONTENT="newspapers'and" WC="0.785" CC="70000020614070" />
            <SP ID="P20_SP00200" WIDTH="0" HPOS="0" VPOS="0" />
            <String ID="P20_S00225" HPOS="590" VPOS="1831" WIDTH="261" HEIGHT="52" STYLEREFS="StyleId-0" CONTENT="magazines," WC="0.589" CC="02109068004" />
            <SP ID="P20_SP00201" WIDTH="0" HPOS="0" VPOS="0" />
            <String ID="P20_S00226" HPOS="879" VPOS="1828" WIDTH="83" HEIGHT="55" STYLEREFS="StyleId-0" CONTENT="and" WC="0.776666641" CC="060" />
            <SP ID="P20_SP00202" WIDTH="0" HPOS="0" VPOS="0" />
            <String ID="P20_S00227" HPOS="986" VPOS="1828" WIDTH="37" HEIGHT="55" STYLEREFS="StyleId-0" CONTENT="is" WC="0.685" CC="60" />
            <SP ID="P20_SP00203" WIDTH="0" HPOS="0" VPOS="0" />
            <String ID="P20_S00228" HPOS="1044" VPOS="1825" WIDTH="132" HEIGHT="58" STYLEREFS="StyleId-0" CONTENT="heard" WC="0.912" CC="00040" />
            <SP ID="P20_SP00204" WIDTH="0" HPOS="0" VPOS="0" />
            <String ID="P20_S00229" HPOS="1201" VPOS="1836" WIDTH="116" HEIGHT="47" STYLEREFS="StyleId-0" CONTENT="upon" WC="0.625" CC="8015" />
            <SP ID="P20_SP00205" WIDTH="0" HPOS="0" VPOS="0" />
            <String ID="P20_S00230" HPOS="1333" VPOS="1823" WIDTH="74" HEIGHT="60" STYLEREFS="StyleId-0" CONTENT="the" WC="0.82" CC="500" />
            <SP ID="P20_SP00206" WIDTH="0" HPOS="0" VPOS="0" />
            <String ID="P20_S00231" HPOS="1425" VPOS="1820" WIDTH="146" HEIGHT="63" STYLEREFS="StyleId-0" CONTENT="public" WC="0.575" CC="8100600" />
            <SP ID="P20_SP00207" WIDTH="0" HPOS="0" VPOS="0" />
            <String ID="P20_S00232" HPOS="1594" VPOS="1818" WIDTH="108" HEIGHT="65" STYLEREFS="StyleId-0" CONTENT="plat¬" WC="0.7" CC="02039" />
          </TextLine>
          <TextLine ID="P20_TL00026" HPOS="191" VPOS="1901" WIDTH="1509" HEIGHT="28">
            <String ID="P20_S00233" HPOS="191" VPOS="1904" WIDTH="136" HEIGHT="37" STYLEREFS="StyleId-0" CONTENT="forms" WC="0.45" CC="55709" />
            <SP ID="P20_SP00208" WIDTH="0" HPOS="0" VPOS="0" />
            <String ID="P20_S00234" HPOS="348" VPOS="1901" WIDTH="82" HEIGHT="40" STYLEREFS="StyleId-0" CONTENT="arid" WC="0.645" CC="0670" />
            <SP ID="P20_SP00209" WIDTH="0" HPOS="0" VPOS="0" />
            <String ID="P20_S00235" HPOS="454" VPOS="1900" WIDTH="43" HEIGHT="41" STYLEREFS="StyleId-0" CONTENT="in" WC="0.65" CC="07" />
            <SP ID="P20_SP00210" WIDTH="0" HPOS="0" VPOS="0" />
            <String ID="P20_S00236" HPOS="521" VPOS="1899" WIDTH="73" HEIGHT="42" STYLEREFS="StyleId-0" CONTENT="the" WC="0.533333361" CC="076" />
            <SP ID="P20_SP00211" WIDTH="0" HPOS="0" VPOS="0" />
            <String ID="P20_S00237" HPOS="615" VPOS="1895" WIDTH="163" HEIGHT="46" STYLEREFS="StyleId-0" CONTENT="lecture" WC="0.54285717" CC="7709800" />
            <SP ID="P20_SP00212" WIDTH="0" HPOS="0" VPOS="0" />
            <String ID="P20_S00238" HPOS="800" VPOS="1891" WIDTH="191" HEIGHT="50" STYLEREFS="StyleId-0" CONTENT="circuits;" WC="0.696666658" CC="060008048" />
            <SP ID="P20_SP00213" WIDTH="0" HPOS="0" VPOS="0" />
            <String ID="P20_S00239" HPOS="1052" VPOS="1891" WIDTH="95" HEIGHT="50" STYLEREFS="StyleId-0" CONTENT="The" WC="0.783333361" CC="060" />
            <SP ID="P20_SP00214" WIDTH="0" HPOS="0" VPOS="0" />
            <String ID="P20_S00240" HPOS="1171" VPOS="1888" WIDTH="262" HEIGHT="53" STYLEREFS="StyleId-0" CONTENT="awakening" WC="0.55" CC="01000075710" />
            <SP ID="P20_SP00215" WIDTH="0" HPOS="0" VPOS="0" />
            <String ID="P20_S00241" HPOS="1454" VPOS="1886" WIDTH="45" HEIGHT="55" STYLEREFS="StyleId-0" CONTENT="of" WC="0.415" CC="56" />
            <SP ID="P20_SP00216" WIDTH="0" HPOS="0" VPOS="0" />
            <String ID="P20_S00242" HPOS="1534" VPOS="1895" WIDTH="166" HEIGHT="46" STYLEREFS="StyleId-0" CONTENT="women" WC="0.554" CC="021046" />
          </TextLine>
          <TextLine ID="P20_TL00027" HPOS="191" VPOS="1968" WIDTH="1511" HEIGHT="27">
            <String ID="P20_S00243" HPOS="191" VPOS="1975" WIDTH="44" HEIGHT="31" STYLEREFS="StyleId-0" CONTENT="to" WC="1" CC="00" />
            <SP ID="P20_SP00217" WIDTH="0" HPOS="0" VPOS="0" />
            <String ID="P20_S00244" HPOS="259" VPOS="1980" WIDTH="23" HEIGHT="26" STYLEREFS="StyleId-0" CONTENT="a" WC="1" CC="0" />
            <SP ID="P20_SP00218" WIDTH="0" HPOS="0" VPOS="0" />
            <String ID="P20_S00245" HPOS="303" VPOS="1978" WIDTH="124" HEIGHT="28" STYLEREFS="StyleId-0" CONTENT="sense" WC="0.65" CC="10456" />
            <SP ID="P20_SP00219" WIDTH="0" HPOS="0" VPOS="0" />
            <String ID="P20_S00246" HPOS="448" VPOS="1964" WIDTH="44" HEIGHT="42" STYLEREFS="StyleId-0" CONTENT="of" WC="0.73" CC="05" />
            <SP ID="P20_SP00220" WIDTH="0" HPOS="0" VPOS="0" />
            <String ID="P20_S00247" HPOS="515" VPOS="1975" WIDTH="142" HEIGHT="35" STYLEREFS="StyleId-0" CONTENT="power" WC="0.67" CC="041002" />
            <SP ID="P20_SP00221" WIDTH="0" HPOS="0" VPOS="0" />
            <String ID="P20_S00248" HPOS="681" VPOS="1962" WIDTH="81" HEIGHT="48" STYLEREFS="StyleId-0" CONTENT="and" WC="0.5466667" CC="490" />
            <SP ID="P20_SP00222" WIDTH="0" HPOS="0" VPOS="0" />
            <String ID="P20_S00249" HPOS="787" VPOS="1957" WIDTH="326" HEIGHT="53" STYLEREFS="StyleId-0" CONTENT="responsibility" WC="0.808571458" CC="00000803054400" />
            <SP ID="P20_SP00223" WIDTH="0" HPOS="0" VPOS="0" />
            <String ID="P20_S00250" HPOS="1135" VPOS="1956" WIDTH="35" HEIGHT="54" STYLEREFS="StyleId-0" CONTENT="is" WC="0.905" CC="01" />
            <SP ID="P20_SP00224" WIDTH="0" HPOS="0" VPOS="0" />
            <String ID="P20_S00251" HPOS="1206" VPOS="1951" WIDTH="256" HEIGHT="59" STYLEREFS="StyleId-0" CONTENT="extending:" WC="0.644" CC="00017018107" />
            <SP ID="P20_SP00225" WIDTH="0" HPOS="0" VPOS="0" />
            <String ID="P20_S00252" HPOS="1493" VPOS="1947" WIDTH="209" HEIGHT="63" STYLEREFS="StyleId-0" CONTENT="through¬" WC="0.65125" CC="0000710100" />
          </TextLine>
          <TextLine ID="P20_TL00028" HPOS="194" VPOS="2032" WIDTH="1510" HEIGHT="30">
            <String ID="P20_S00253" HPOS="194" VPOS="2038" WIDTH="77" HEIGHT="33" STYLEREFS="StyleId-0" CONTENT="out" WC="0.7" CC="090" />
            <SP ID="P20_SP00226" WIDTH="0" HPOS="0" VPOS="0" />
            <String ID="P20_S00254" HPOS="291" VPOS="2033" WIDTH="74" HEIGHT="38" STYLEREFS="StyleId-0" CONTENT="the" WC="0.9066667" CC="002" />
            <SP ID="P20_SP00227" WIDTH="0" HPOS="0" VPOS="0" />
            <String ID="P20_S00255" HPOS="387" VPOS="2029" WIDTH="195" HEIGHT="42" STYLEREFS="StyleId-0" CONTENT="civilized" WC="0.668888867" CC="028276300" />
            <SP ID="P20_SP00228" WIDTH="0" HPOS="0" VPOS="0" />
            <String ID="P20_S00256" HPOS="605" VPOS="2027" WIDTH="151" HEIGHT="44" STYLEREFS="StyleId-0" CONTENT="world." WC="0.98" CC="000100" />
            <SP ID="P20_SP00229" WIDTH="0" HPOS="0" VPOS="0" />
            <String ID="P20_S00257" HPOS="818" VPOS="2023" WIDTH="95" HEIGHT="48" STYLEREFS="StyleId-0" CONTENT="The" WC="0.783333361" CC="060" />
            <SP ID="P20_SP00230" WIDTH="0" HPOS="0" VPOS="0" />
            <String ID="P20_S00258" HPOS="935" VPOS="2020" WIDTH="140" HEIGHT="51" STYLEREFS="StyleId-0" CONTENT="desire" WC="0.915" CC="000500" />
            <SP ID="P20_SP00231" WIDTH="0" HPOS="0" VPOS="0" />
            <String ID="P20_S00259" HPOS="1109" VPOS="2022" WIDTH="66" HEIGHT="49" STYLEREFS="StyleId-0" CONTENT="for" WC="0.67" CC="306" />
            <SP ID="P20_SP00232" WIDTH="0" HPOS="0" VPOS="0" />
            <String ID="P20_S00260" HPOS="1214" VPOS="2033" WIDTH="52" HEIGHT="38" STYLEREFS="StyleId-0" CONTENT="an" WC="0.68" CC="06" />
            <SP ID="P20_SP00233" WIDTH="0" HPOS="0" VPOS="0" />
            <String ID="P20_S00261" HPOS="1309" VPOS="2017" WIDTH="287" HEIGHT="54" STYLEREFS="StyleId-0" CONTENT="opportunity" WC="0.74" CC="410000105520" />
            <SP ID="P20_SP00234" WIDTH="0" HPOS="0" VPOS="0" />
            <String ID="P20_S00262" HPOS="1638" VPOS="2015" WIDTH="66" HEIGHT="56" STYLEREFS="StyleId-0" CONTENT="fof" WC="0.306666672" CC="388" />
          </TextLine>
          <TextLine ID="P20_TL00029" HPOS="192" VPOS="2098" WIDTH="1511" HEIGHT="29">
            <String ID="P20_S00263" HPOS="192" VPOS="2095" WIDTH="344" HEIGHT="47" STYLEREFS="StyleId-0" CONTENT="self-expansion" WC="0.513571441" CC="410674095043057" />
            <SP ID="P20_SP00235" WIDTH="0" HPOS="0" VPOS="0" />
            <String ID="P20_S00264" HPOS="559" VPOS="2093" WIDTH="125" HEIGHT="49" STYLEREFS="StyleId-0" CONTENT="equal" WC="0.62" CC="00684" />
            <SP ID="P20_SP00236" WIDTH="0" HPOS="0" VPOS="0" />
            <String ID="P20_S00265" HPOS="708" VPOS="2098" WIDTH="43" HEIGHT="44" STYLEREFS="StyleId-0" CONTENT="to" WC="0.635" CC="07" />
            <SP ID="P20_SP00237" WIDTH="0" HPOS="0" VPOS="0" />
            <String ID="P20_S00266" HPOS="774" VPOS="2092" WIDTH="95" HEIGHT="50" STYLEREFS="StyleId-0" CONTENT="that" WC="0.615" CC="0708" />
            <SP ID="P20_SP00238" WIDTH="0" HPOS="0" VPOS="0" />
            <String ID="P20_S00267" HPOS="891" VPOS="2090" WIDTH="45" HEIGHT="52" STYLEREFS="StyleId-0" CONTENT="of" WC="0.53" CC="44" />
            <SP ID="P20_SP00239" WIDTH="0" HPOS="0" VPOS="0" />
            <String ID="P20_S00268" HPOS="957" VPOS="2088" WIDTH="113" HEIGHT="54" STYLEREFS="StyleId-0" CONTENT="their" WC="0.91" CC="00004" />
            <SP ID="P20_SP00240" WIDTH="0" HPOS="0" VPOS="0" />
            <String ID="P20_S00269" HPOS="1092" VPOS="2087" WIDTH="214" HEIGHT="55" STYLEREFS="StyleId-0" CONTENT="brothers," WC="0.9066667" CC="030000400" />
            <SP ID="P20_SP00241" WIDTH="0" HPOS="0" VPOS="0" />
            <String ID="P20_S00270" HPOS="1346" VPOS="2085" WIDTH="78" HEIGHT="57" STYLEREFS="StyleId-0" CONTENT="has" WC="1" CC="000" />
            <SP ID="P20_SP00242" WIDTH="0" HPOS="0" VPOS="0" />
            <String ID="P20_S00271" HPOS="1465" VPOS="2080" WIDTH="238" HEIGHT="62" STYLEREFS="StyleId-0" CONTENT="developed" WC="0.572222233" CC="007253873" />
          </TextLine>
          <TextLine ID="P20_TL00030" HPOS="196" VPOS="2160" WIDTH="1512" HEIGHT="29">
            <String ID="P20_S00272" HPOS="196" VPOS="2174" WIDTH="23" HEIGHT="27" STYLEREFS="StyleId-0" CONTENT="a" WC="0" CC="10" />
            <SP ID="P20_SP00243" WIDTH="0" HPOS="0" VPOS="0" />
            <String ID="P20_S00273" HPOS="240" VPOS="2159" WIDTH="190" HEIGHT="42" STYLEREFS="StyleId-0" CONTENT="ihi'litant" WC="0.67" CC="81050000530" />
            <SP ID="P20_SP00244" WIDTH="0" HPOS="0" VPOS="0" />
            <String ID="P20_S00274" HPOS="452" VPOS="2159" WIDTH="124" HEIGHT="47" STYLEREFS="StyleId-0" CONTENT="spirit" WC="0.811666667" CC="300330" />
            <SP ID="P20_SP00245" WIDTH="0" HPOS="0" VPOS="0" />
            <String ID="P20_S00275" HPOS="597" VPOS="2171" WIDTH="56" HEIGHT="35" STYLEREFS="StyleId-0" CONTENT="on" WC="0.775" CC="22" />
            <SP ID="P20_SP00246" WIDTH="0" HPOS="0" VPOS="0" />
            <String ID="P20_S00276" HPOS="676" VPOS="2158" WIDTH="73" HEIGHT="48" STYLEREFS="StyleId-0" CONTENT="the" WC="0.6666667" CC="0010" />
            <SP ID="P20_SP00247" WIDTH="0" HPOS="0" VPOS="0" />
            <String ID="P20_S00277" HPOS="771" VPOS="2162" WIDTH="95" HEIGHT="44" STYLEREFS="StyleId-0" CONTENT="part" WC="0.6025" CC="10050" />
            <SP ID="P20_SP00248" WIDTH="0" HPOS="0" VPOS="0" />
            <String ID="P20_S00278" HPOS="888" VPOS="2156" WIDTH="44" HEIGHT="50" STYLEREFS="StyleId-0" CONTENT="of" WC="0.815" CC="03" />
            <SP ID="P20_SP00249" WIDTH="0" HPOS="0" VPOS="0" />
            <String ID="P20_S00279" HPOS="954" VPOS="2154" WIDTH="73" HEIGHT="52" STYLEREFS="StyleId-0" CONTENT="the" WC="0.74333334" CC="160" />
            <SP ID="P20_SP00250" WIDTH="0" HPOS="0" VPOS="0" />
            <String ID="P20_S00280" HPOS="1057" VPOS="2150" WIDTH="269" HEIGHT="56" STYLEREFS="StyleId-0" CONTENT="intellectual" WC="0.649166644" CC="670723009500" />
            <SP ID="P20_SP00251" WIDTH="0" HPOS="0" VPOS="0" />
            <String ID="P20_S00281" HPOS="1366" VPOS="2160" WIDTH="185" HEIGHT="46" STYLEREFS="StyleId-0" CONTENT="women." WC="0.635" CC="907040" />
            <SP ID="P20_SP00252" WIDTH="0" HPOS="0" VPOS="0" />
            <String ID="P20_S00282" HPOS="1612" VPOS="2143" WIDTH="96" HEIGHT="63" STYLEREFS="StyleId-0" CONTENT="The" WC="0.0833333358" CC="10107" />
          </TextLine>
          <TextLine ID="P20_TL00031" HPOS="191" VPOS="2228" WIDTH="1516" HEIGHT="28">
            <String ID="P20_S00283" HPOS="191" VPOS="2228" WIDTH="93" HEIGHT="38" STYLEREFS="StyleId-0" CONTENT="first" WC="0.834" CC="00600" />
            <SP ID="P20_SP00253" WIDTH="0" HPOS="0" VPOS="0" />
            <String ID="P20_S00284" HPOS="324" VPOS="2226" WIDTH="86" HEIGHT="40" STYLEREFS="StyleId-0" CONTENT="real" WC="0.86" CC="0004" />
            <SP ID="P20_SP00254" WIDTH="0" HPOS="0" VPOS="0" />
            <String ID="P20_S00285" HPOS="451" VPOS="2223" WIDTH="285" HEIGHT="48" STYLEREFS="StyleId-0" CONTENT="opportunity" WC="0.523636341" CC="001063069790" />
            <SP ID="P20_SP00255" WIDTH="0" HPOS="0" VPOS="0" />
            <String ID="P20_S00286" HPOS="778" VPOS="2222" WIDTH="65" HEIGHT="49" STYLEREFS="StyleId-0" CONTENT="for" WC="0.8233333" CC="500" />
            <SP ID="P20_SP00256" WIDTH="0" HPOS="0" VPOS="0" />
            <String ID="P20_S00287" HPOS="885" VPOS="2221" WIDTH="74" HEIGHT="50" STYLEREFS="StyleId-0" CONTENT="the" WC="0.6533333" CC="063" />
            <SP ID="P20_SP00257" WIDTH="0" HPOS="0" VPOS="0" />
            <String ID="P20_S00288" HPOS="1001" VPOS="2217" WIDTH="243" HEIGHT="54" STYLEREFS="StyleId-0" CONTENT="expansion" WC="0.595555544" CC="0310087006" />
            <SP ID="P20_SP00258" WIDTH="0" HPOS="0" VPOS="0" />
            <String ID="P20_S00289" HPOS="1275" VPOS="2216" WIDTH="46" HEIGHT="55" STYLEREFS="StyleId-0" CONTENT="of" WC="0.615" CC="16" />
            <SP ID="P20_SP00259" WIDTH="0" HPOS="0" VPOS="0" />
            <String ID="P20_S00290" HPOS="1364" VPOS="2214" WIDTH="213" HEIGHT="57" STYLEREFS="StyleId-0" CONTENT="feminine" WC="0.84875" CC="40000060" />
            <SP ID="P20_SP00260" WIDTH="0" HPOS="0" VPOS="0" />
            <String ID="P20_S00291" HPOS="1640" VPOS="2224" WIDTH="67" HEIGHT="47" STYLEREFS="StyleId-0" CONTENT="ac^" WC="0.7" CC="009" />
          </TextLine>
          <TextLine ID="P20_TL00032" HPOS="195" VPOS="2293" WIDTH="1513" HEIGHT="27">
            <String ID="P20_S00292" HPOS="195" VPOS="2292" WIDTH="162" HEIGHT="40" STYLEREFS="StyleId-0" CONTENT="tivities" WC="0.63875" CC="861030000" />
            <SP ID="P20_SP00261" WIDTH="0" HPOS="0" VPOS="0" />
            <String ID="P20_S00293" HPOS="379" VPOS="2303" WIDTH="89" HEIGHT="29" STYLEREFS="StyleId-0" CONTENT="was" WC="0.803333342" CC="005" />
            <SP ID="P20_SP00262" WIDTH="0" HPOS="0" VPOS="0" />
            <String ID="P20_S00294" HPOS="486" VPOS="2290" WIDTH="45" HEIGHT="42" STYLEREFS="StyleId-0" CONTENT="in" WC="0.37" CC="48" />
            <SP ID="P20_SP00263" WIDTH="0" HPOS="0" VPOS="0" />
            <String ID="P20_S00295" HPOS="551" VPOS="2290" WIDTH="78" HEIGHT="42" STYLEREFS="StyleId-0" CONTENT="the" WC="0.32" CC="766" />
            <SP ID="P20_SP00264" WIDTH="0" HPOS="0" VPOS="0" />
            <String ID="P20_S00296" HPOS="648" VPOS="2287" WIDTH="182" HEIGHT="45" STYLEREFS="StyleId-0" CONTENT="medical" WC="0.817142844" CC="8004000" />
            <SP ID="P20_SP00265" WIDTH="0" HPOS="0" VPOS="0" />
            <String ID="P20_S00297" HPOS="853" VPOS="2284" WIDTH="274" HEIGHT="48" STYLEREFS="StyleId-0" CONTENT="profession.^" WC="0.4475" CC="63054101055609" />
            <SP ID="P20_SP00266" WIDTH="0" HPOS="0" VPOS="0" />
            <String ID="P20_S00298" HPOS="1173" VPOS="2281" WIDTH="96" HEIGHT="51" STYLEREFS="StyleId-0" CONTENT="The" WC="0.793333352" CC="006" />
            <SP ID="P20_SP00267" WIDTH="0" HPOS="0" VPOS="0" />
            <String ID="P20_S00299" HPOS="1305" VPOS="2280" WIDTH="190" HEIGHT="52" STYLEREFS="StyleId-0" CONTENT="medical" WC="0.5814286" CC="7167420" />
            <SP ID="P20_SP00268" WIDTH="0" HPOS="0" VPOS="0" />
            <String ID="P20_S00300" HPOS="1537" VPOS="2291" WIDTH="171" HEIGHT="41" STYLEREFS="StyleId-0" CONTENT="women" WC="0.656" CC="90008" />
          </TextLine>
          <TextLine ID="P20_TL00033" HPOS="197" VPOS="2353" WIDTH="1514" HEIGHT="34">
            <String ID="P20_S00301" HPOS="197" VPOS="2358" WIDTH="154" HEIGHT="38" STYLEREFS="StyleId-0" CONTENT="of'this" WC="0.545714259" CC="25410036" />
            <SP ID="P20_SP00269" WIDTH="0" HPOS="0" VPOS="0" />
            <String ID="P20_S00302" HPOS="380" VPOS="2350" WIDTH="185" HEIGHT="51" STYLEREFS="StyleId-0" CONTENT="country" WC="0.27" CC="21098659" />
            <SP ID="P20_SP00270" WIDTH="0" HPOS="0" VPOS="0" />
            <String ID="P20_S00303" HPOS="601" VPOS="2351" WIDTH="109" HEIGHT="50" STYLEREFS="StyleId-0" CONTENT="have" WC="0.81" CC="0070" />
            <SP ID="P20_SP00271" WIDTH="0" HPOS="0" VPOS="0" />
            <String ID="P20_S00304" HPOS="749" VPOS="2351" WIDTH="201" HEIGHT="50" STYLEREFS="StyleId-0" CONTENT="reflected" WC="0.5888889" CC="092661046" />
            <SP ID="P20_SP00272" WIDTH="0" HPOS="0" VPOS="0" />
            <String ID="P20_S00305" HPOS="976" VPOS="2350" WIDTH="3" HEIGHT="51" STYLEREFS="StyleId-0" CONTENT="'" WC="0.62" CC="3" />
            <SP ID="P20_SP00273" WIDTH="0" HPOS="0" VPOS="0" />
            <String ID="P20_S00306" HPOS="990" VPOS="2349" WIDTH="146" HEIGHT="52" STYLEREFS="StyleId-0" CONTENT="credit'" WC="0.65" CC="2130744" />
            <SP ID="P20_SP00274" WIDTH="0" HPOS="0" VPOS="0" />
            <String ID="P20_S00307" HPOS="1150" VPOS="2355" WIDTH="131" HEIGHT="46" STYLEREFS="StyleId-0" CONTENT="&quot;upon" WC="0.286" CC="371077" />
            <SP ID="P20_SP00275" WIDTH="0" HPOS="0" VPOS="0" />
            <String ID="P20_S00308" HPOS="1322" VPOS="2344" WIDTH="262" HEIGHT="57" STYLEREFS="StyleId-0" CONTENT="themselves" WC="0.486" CC="8709863800" />
            <SP ID="P20_SP00276" WIDTH="0" HPOS="0" VPOS="0" />
            <String ID="P20_S00309" HPOS="1626" VPOS="2343" WIDTH="85" HEIGHT="58" STYLEREFS="StyleId-0" CONTENT="and" WC="0.50333333" CC="455" />
          </TextLine>
          <TextLine ID="P20_TL00034" HPOS="198" VPOS="2424" WIDTH="1513" HEIGHT="25">
            <String ID="P20_S00310" HPOS="198" VPOS="2423" WIDTH="123" HEIGHT="39" STYLEREFS="StyleId-0" CONTENT="their" WC="0.404" CC="970310" />
            <SP ID="P20_SP00277" WIDTH="0" HPOS="0" VPOS="0" />
            <String ID="P20_S00311" HPOS="332" VPOS="2423" WIDTH="161" HEIGHT="39" STYLEREFS="StyleId-0" CONTENT="choseri" WC="0.5971429" CC="0006677" />
            <SP ID="P20_SP00278" WIDTH="0" HPOS="0" VPOS="0" />
            <String ID="P20_S00312" HPOS="514" VPOS="2417" WIDTH="453" HEIGHT="49" STYLEREFS="StyleId-0" CONTENT="professionGreat" WC="0.544666648" CC="052713737777007" />
            <SP ID="P20_SP00279" WIDTH="0" HPOS="0" VPOS="0" />
            <String ID="P20_S00313" HPOS="997" VPOS="2415" WIDTH="215" HEIGHT="51" STYLEREFS="StyleId-0" CONTENT="advances" WC="0.60875" CC="021003068" />
            <SP ID="P20_SP00280" WIDTH="0" HPOS="0" VPOS="0" />
            <String ID="P20_S00314" HPOS="1225" VPOS="2412" WIDTH="118" HEIGHT="54" STYLEREFS="StyleId-0" CONTENT="-have" WC="0.222" CC="98866" />
            <SP ID="P20_SP00281" WIDTH="0" HPOS="0" VPOS="0" />
            <String ID="P20_S00315" HPOS="1371" VPOS="2410" WIDTH="255" HEIGHT="56" STYLEREFS="StyleId-0" CONTENT="beeiVmade" WC="0.5188889" CC="400784673" />
            <SP ID="P20_SP00282" WIDTH="0" HPOS="0" VPOS="0" />
            <String ID="P20_S00316" HPOS="1663" VPOS="2410" WIDTH="48" HEIGHT="56" STYLEREFS="StyleId-0" CONTENT="in" WC="0.165" CC="88" />
          </TextLine>
          <TextLine ID="P20_TL00035" HPOS="199" VPOS="2489" WIDTH="1516" HEIGHT="34">
            <String ID="P20_S00317" HPOS="199" VPOS="2487" WIDTH="216" HEIGHT="41" STYLEREFS="StyleId-0" CONTENT="medicine" WC="0.65125" CC="74253021" />
            <SP ID="P20_SP00283" WIDTH="0" HPOS="0" VPOS="0" />
            <String ID="P20_S00318" HPOS="433" VPOS="2486" WIDTH="119" HEIGHT="42" STYLEREFS="StyleId-0" CONTENT="siiicte" WC="0.312857151" CC="2777877" />
            <SP ID="P20_SP00284" WIDTH="0" HPOS="0" VPOS="0" />
            <String ID="P20_S00319" HPOS="570" VPOS="2485" WIDTH="76" HEIGHT="43" STYLEREFS="StyleId-0" CONTENT="the" WC="0.62" CC="803" />
            <SP ID="P20_SP00285" WIDTH="0" HPOS="0" VPOS="0" />
            <String ID="P20_S00320" HPOS="668" VPOS="2484" WIDTH="120" HEIGHT="46" STYLEREFS="StyleId-0" CONTENT="days'" WC="0.394" CC="78805" />
            <SP ID="P20_SP00286" WIDTH="0" HPOS="0" VPOS="0" />
            <String ID="P20_S00321" HPOS="798" VPOS="2482" WIDTH="45" HEIGHT="48" STYLEREFS="StyleId-0" CONTENT="of" WC="0.32" CC="66" />
            <SP ID="P20_SP00287" WIDTH="0" HPOS="0" VPOS="0" />
            <String ID="P20_S00322" HPOS="863" VPOS="2482" WIDTH="127" HEIGHT="48" STYLEREFS="StyleId-0" CONTENT="those" WC="0.632" CC="010700" />
            <SP ID="P20_SP00288" WIDTH="0" HPOS="0" VPOS="0" />
            <String ID="P20_S00323" HPOS="1017" VPOS="2478" WIDTH="210" HEIGHT="52" STYLEREFS="StyleId-0" CONTENT="splendid'" WC="0.212222219" CC="51058910787" />
            <SP ID="P20_SP00289" WIDTH="0" HPOS="0" VPOS="0" />
            <String ID="P20_S00324" HPOS="1260" VPOS="2476" WIDTH="455" HEIGHT="54" STYLEREFS="StyleId-0" CONTENT="pioneers''^-givitjfg" WC="0.442" CC="04087821074921040310774" />
          </TextLine>
        </TextBlock>
      </PrintSpace>
    </Page>
  </Layout>
</alto>