<?xml version="1.0" encoding="utf-8"?>
<alto xmlns:xlink="http://www.w3.org/1999/xlink" xmlns:xsi="http://www.w3.org/2001/XMLSchema-instance" xsi:schemaLocation="http://www.loc.gov/standards/alto/ns-v2# http://www.loc.gov/standards/alto/alto-v2.0.xsd" xmlns="http://www.loc.gov/standards/alto/ns-v2#">
  <Description>
    <MeasurementUnit>pixel</MeasurementUnit>
    <sourceImageInformation>
      <fileName>0000001.tif</fileName>
    </sourceImageInformation>
    <OCRProcessing ID="Processing">
      <ocrProcessingStep>
        <processingStepSettings>Image Resolution:400</processingStepSettings>
        <processingSoftware>
          <softwareCreator>I2S Kirtas</softwareCreator>
          <softwareName>Limb</softwareName>
          <softwareVersion>1.0</softwareVersion>
          <applicationDescription>Abbyy10 OCR Engine</applicationDescription>
        </processingSoftware>
      </ocrProcessingStep>
    </OCRProcessing>
  </Description>
  <Styles>
    <TextStyle ID="StyleId-0" FONTSIZE="18" FONTFAMILY="Times New Roman" />
    <TextStyle ID="StyleId-1" FONTSIZE="6" FONTFAMILY="Times New Roman" />
    <TextStyle ID="StyleId-2" FONTSIZE="12" FONTFAMILY="Times New Roman" />
    <TextStyle ID="StyleId-3" FONTSIZE="7" FONTFAMILY="Times New Roman" />
    <TextStyle ID="StyleId-4" FONTSIZE="9" FONTFAMILY="Times New Roman" />
  </Styles>
  <Layout>
    <Page ID="P1" PHYSICAL_IMG_NR="1" HEIGHT="2800" WIDTH="1900" ACCURACY="0.817379355" QUALITY_DETAIL="72 words, 388 chars, 329 with recognition greater than 50% (84.79%)">
      <TopMargin ID="P1_TM00001" HPOS="0" VPOS="0" WIDTH="1900" HEIGHT="446" />
      <LeftMargin ID="P1_LM00001" HPOS="0" VPOS="446" WIDTH="227" HEIGHT="1919" />
      <RightMargin ID="P1_RM00001" HPOS="1554" VPOS="446" WIDTH="346" HEIGHT="1919" />
      <BottomMargin ID="P1_BM00001" HPOS="0" VPOS="2365" WIDTH="1900" HEIGHT="435" />
      <PrintSpace ID="P1_PS00001" HPOS="227" VPOS="446" WIDTH="1327" HEIGHT="1919">
        <TextBlock ID="P1_TB00001" HPOS="227" VPOS="446" WIDTH="1323" HEIGHT="833">
          <TextLine ID="P1_TL00001" HPOS="235" VPOS="445" WIDTH="1304" HEIGHT="69">
            <String ID="P1_S00001" HPOS="235" VPOS="445" WIDTH="462" HEIGHT="72" STYLEREFS="StyleId-0" CONTENT="WOMAN" WC="1" CC="00000" />
            <SP ID="P1_SP00001" WIDTH="0" HPOS="0" VPOS="0" />
            <String ID="P1_S00002" HPOS="765" VPOS="445" WIDTH="120" HEIGHT="72" STYLEREFS="StyleId-0" CONTENT="IN" WC="0.84" CC="30" />
            <SP ID="P1_SP00002" WIDTH="0" HPOS="0" VPOS="0" />
            <String ID="P1_S00003" HPOS="963" VPOS="442" WIDTH="576" HEIGHT="75" STYLEREFS="StyleId-0" CONTENT="MEDICINE" WC="0.85875" CC="05100102" />
          </TextLine>
          <TextLine ID="P1_TL00002" HPOS="366" VPOS="562" WIDTH="1044" HEIGHT="29">
            <String ID="P1_S00004" HPOS="366" VPOS="562" WIDTH="36" HEIGHT="31" STYLEREFS="StyleId-1" CONTENT="a" WC="0.57" CC="4" />
            <SP ID="P1_SP00003" WIDTH="0" HPOS="0" VPOS="0" />
            <String ID="P1_S00005" HPOS="427" VPOS="571" WIDTH="108" HEIGHT="22" STYLEREFS="StyleId-1" CONTENT="paper" WC="0.75" CC="50015" />
            <SP ID="P1_SP00004" WIDTH="0" HPOS="0" VPOS="0" />
            <String ID="P1_S00006" HPOS="556" VPOS="571" WIDTH="89" HEIGHT="22" STYLEREFS="StyleId-1" CONTENT="read" WC="0.7225" CC="2502" />
            <SP ID="P1_SP00005" WIDTH="0" HPOS="0" VPOS="0" />
            <String ID="P1_S00007" HPOS="668" VPOS="570" WIDTH="130" HEIGHT="23" STYLEREFS="StyleId-1" CONTENT="before" WC="0.7216667" CC="254004" />
            <SP ID="P1_SP00006" WIDTH="0" HPOS="0" VPOS="0" />
            <String ID="P1_S00008" HPOS="814" VPOS="571" WIDTH="71" HEIGHT="22" STYLEREFS="StyleId-1" CONTENT="the" WC="0.91" CC="002" />
            <SP ID="P1_SP00007" WIDTH="0" HPOS="0" VPOS="0" />
            <String ID="P1_S00009" HPOS="900" VPOS="562" WIDTH="189" HEIGHT="31" STYLEREFS="StyleId-1" CONTENT="national" WC="0.85625" CC="00420102" />
            <SP ID="P1_SP00008" WIDTH="0" HPOS="0" VPOS="0" />
            <String ID="P1_S00010" HPOS="1107" VPOS="560" WIDTH="243" HEIGHT="33" STYLEREFS="StyleId-1" CONTENT="association" WC="0.883636355" CC="00000300404" />
            <SP ID="P1_SP00009" WIDTH="0" HPOS="0" VPOS="0" />
            <String ID="P1_S00011" HPOS="1369" VPOS="568" WIDTH="41" HEIGHT="25" STYLEREFS="StyleId-1" CONTENT="of" WC="0.78" CC="04" />
          </TextLine>
          <TextLine ID="P1_TL00003" HPOS="366" VPOS="616" WIDTH="1039" HEIGHT="36">
            <String ID="P1_S00012" HPOS="366" VPOS="617" WIDTH="174" HEIGHT="32" STYLEREFS="StyleId-1" CONTENT="Colored" WC="0.8471429" CC="0000037" />
            <SP ID="P1_SP00010" WIDTH="0" HPOS="0" VPOS="0" />
            <String ID="P1_S00013" HPOS="565" VPOS="614" WIDTH="184" HEIGHT="35" STYLEREFS="StyleId-1" CONTENT="Women's" WC="0.954285741" CC="0012000" />
            <SP ID="P1_SP00011" WIDTH="0" HPOS="0" VPOS="0" />
            <String ID="P1_S00014" HPOS="768" VPOS="616" WIDTH="116" HEIGHT="33" STYLEREFS="StyleId-1" CONTENT="Clubs" WC="0.956" CC="00200" />
            <SP ID="P1_SP00012" WIDTH="0" HPOS="0" VPOS="0" />
            <String ID="P1_S00015" HPOS="902" VPOS="625" WIDTH="47" HEIGHT="24" STYLEREFS="StyleId-1" CONTENT="at" WC="1" CC="00" />
            <SP ID="P1_SP00013" WIDTH="0" HPOS="0" VPOS="0" />
            <String ID="P1_S00016" HPOS="977" VPOS="615" WIDTH="279" HEIGHT="37" STYLEREFS="StyleId-1" CONTENT="Wilberforck," WC="0.6725" CC="0400000108086" />
            <SP ID="P1_SP00014" WIDTH="0" HPOS="0" VPOS="0" />
            <String ID="P1_S00017" HPOS="1296" VPOS="614" WIDTH="109" HEIGHT="38" STYLEREFS="StyleId-1" CONTENT="Ohio," WC="0.81" CC="20006" />
          </TextLine>
          <TextLine ID="P1_TL00004" HPOS="733" VPOS="670" WIDTH="324" HEIGHT="38">
            <String ID="P1_S00018" HPOS="733" VPOS="670" WIDTH="155" HEIGHT="32" STYLEREFS="StyleId-1" CONTENT="August" WC="0.9216667" CC="003100" />
            <SP ID="P1_SP00015" WIDTH="0" HPOS="0" VPOS="0" />
            <String ID="P1_S00019" HPOS="907" VPOS="673" WIDTH="30" HEIGHT="36" STYLEREFS="StyleId-1" CONTENT="6," WC="0.905" CC="01" />
            <SP ID="P1_SP00016" WIDTH="0" HPOS="0" VPOS="0" />
            <String ID="P1_S00020" HPOS="964" VPOS="671" WIDTH="93" HEIGHT="38" STYLEREFS="StyleId-1" CONTENT="1914." WC="0.794" CC="000100" />
          </TextLine>
          <TextLine ID="P1_TL00005" HPOS="865" VPOS="790" WIDTH="52" HEIGHT="32">
            <String ID="P1_S00021" HPOS="865" VPOS="790" WIDTH="52" HEIGHT="32" STYLEREFS="StyleId-1" CONTENT="By" WC="0.72" CC="05" />
          </TextLine>
          <TextLine ID="P1_TL00006" HPOS="421" VPOS="890" WIDTH="952" HEIGHT="53">
            <String ID="P1_S00022" HPOS="421" VPOS="891" WIDTH="46" HEIGHT="46" STYLEREFS="StyleId-2" CONTENT="S." WC="0.495" CC="54" />
            <SP ID="P1_SP00017" WIDTH="0" HPOS="0" VPOS="0" />
            <String ID="P1_S00023" HPOS="503" VPOS="888" WIDTH="245" HEIGHT="49" STYLEREFS="StyleId-2" CONTENT="MARIA" WC="0.832" CC="05020" />
            <SP ID="P1_SP00018" WIDTH="0" HPOS="0" VPOS="0" />
            <String ID="P1_S00024" HPOS="775" VPOS="887" WIDTH="380" HEIGHT="56" STYLEREFS="StyleId-2" CONTENT="STEWARD," WC="0.86125" CC="25000210" />
            <SP ID="P1_SP00019" WIDTH="0" HPOS="0" VPOS="0" />
            <String ID="P1_S00025" HPOS="1180" VPOS="887" WIDTH="80" HEIGHT="56" STYLEREFS="StyleId-2" CONTENT="M." WC="0.805" CC="03" />
            <SP ID="P1_SP00020" WIDTH="0" HPOS="0" VPOS="0" />
            <String ID="P1_S00026" HPOS="1285" VPOS="886" WIDTH="88" HEIGHT="57" STYLEREFS="StyleId-2" CONTENT="D.," WC="0.8066667" CC="140" />
          </TextLine>
          <TextLine ID="P1_TL00007" HPOS="373" VPOS="976" WIDTH="1038" HEIGHT="29">
            <String ID="P1_S00027" HPOS="373" VPOS="978" WIDTH="204" HEIGHT="31" STYLEREFS="StyleId-1" CONTENT="Graduate" WC="0.7625" CC="001040004" />
            <SP ID="P1_SP00021" WIDTH="0" HPOS="0" VPOS="0" />
            <String ID="P1_S00028" HPOS="591" VPOS="986" WIDTH="44" HEIGHT="23" STYLEREFS="StyleId-1" CONTENT="of" WC="0.905" CC="01" />
            <SP ID="P1_SP00022" WIDTH="0" HPOS="0" VPOS="0" />
            <String ID="P1_S00029" HPOS="648" VPOS="984" WIDTH="70" HEIGHT="25" STYLEREFS="StyleId-1" CONTENT="the" WC="1" CC="000" />
            <SP ID="P1_SP00023" WIDTH="0" HPOS="0" VPOS="0" />
            <String ID="P1_S00030" HPOS="739" VPOS="976" WIDTH="88" HEIGHT="33" STYLEREFS="StyleId-1" CONTENT="New" WC="0.92" CC="010" />
            <SP ID="P1_SP00024" WIDTH="0" HPOS="0" VPOS="0" />
            <String ID="P1_S00031" HPOS="841" VPOS="976" WIDTH="109" HEIGHT="33" STYLEREFS="StyleId-1" CONTENT="York" WC="0.63" CC="1075" />
            <SP ID="P1_SP00025" WIDTH="0" HPOS="0" VPOS="0" />
            <String ID="P1_S00032" HPOS="972" VPOS="974" WIDTH="170" HEIGHT="35" STYLEREFS="StyleId-1" CONTENT="Medical" WC="0.892857134" CC="0205000" />
            <SP ID="P1_SP00026" WIDTH="0" HPOS="0" VPOS="0" />
            <String ID="P1_S00033" HPOS="1161" VPOS="973" WIDTH="165" HEIGHT="36" STYLEREFS="StyleId-1" CONTENT="College" WC="0.938571453" CC="0000130" />
            <SP ID="P1_SP00027" WIDTH="0" HPOS="0" VPOS="0" />
            <String ID="P1_S00034" HPOS="1343" VPOS="981" WIDTH="68" HEIGHT="28" STYLEREFS="StyleId-1" CONTENT="and" WC="0.766666651" CC="007" />
          </TextLine>
          <TextLine ID="P1_TL00008" HPOS="375" VPOS="1021" WIDTH="1035" HEIGHT="27">
            <String ID="P1_S00035" HPOS="375" VPOS="1021" WIDTH="182" HEIGHT="31" STYLEREFS="StyleId-1" CONTENT="Hospital" WC="0.635" CC="410670010" />
            <SP ID="P1_SP00028" WIDTH="0" HPOS="0" VPOS="0" />
            <String ID="P1_S00036" HPOS="582" VPOS="1029" WIDTH="65" HEIGHT="23" STYLEREFS="StyleId-1" CONTENT="for" WC="0.563333333" CC="570" />
            <SP ID="P1_SP00029" WIDTH="0" HPOS="0" VPOS="0" />
            <String ID="P1_S00037" HPOS="675" VPOS="1020" WIDTH="159" HEIGHT="32" STYLEREFS="StyleId-1" CONTENT="Women." WC="0.848333359" CC="004400" />
            <SP ID="P1_SP00030" WIDTH="0" HPOS="0" VPOS="0" />
            <String ID="P1_S00038" HPOS="883" VPOS="1019" WIDTH="306" HEIGHT="33" STYLEREFS="StyleId-1" CONTENT="Post-graduate" WC="0.8376923" CC="0100020851001" />
            <SP ID="P1_SP00031" WIDTH="0" HPOS="0" VPOS="0" />
            <String ID="P1_S00039" HPOS="1213" VPOS="1024" WIDTH="133" HEIGHT="28" STYLEREFS="StyleId-1" CONTENT="course" WC="0.92" CC="100003" />
            <SP ID="P1_SP00032" WIDTH="0" HPOS="0" VPOS="0" />
            <String ID="P1_S00040" HPOS="1364" VPOS="1024" WIDTH="46" HEIGHT="28" STYLEREFS="StyleId-1" CONTENT="at" WC="1" CC="00" />
          </TextLine>
          <TextLine ID="P1_TL00009" HPOS="371" VPOS="1063" WIDTH="1037" HEIGHT="35">
            <String ID="P1_S00041" HPOS="371" VPOS="1073" WIDTH="71" HEIGHT="22" STYLEREFS="StyleId-1" CONTENT="the" WC="0.793333352" CC="014" />
            <SP ID="P1_SP00033" WIDTH="0" HPOS="0" VPOS="0" />
            <String ID="P1_S00042" HPOS="474" VPOS="1064" WIDTH="100" HEIGHT="31" STYLEREFS="StyleId-1" CONTENT="Long" WC="0.76" CC="6002" />
            <SP ID="P1_SP00034" WIDTH="0" HPOS="0" VPOS="0" />
            <String ID="P1_S00043" HPOS="611" VPOS="1064" WIDTH="125" HEIGHT="31" STYLEREFS="StyleId-1" CONTENT="Island" WC="0.908333361" CC="000005" />
            <SP ID="P1_SP00035" WIDTH="0" HPOS="0" VPOS="0" />
            <String ID="P1_S00044" HPOS="769" VPOS="1062" WIDTH="165" HEIGHT="33" STYLEREFS="StyleId-1" CONTENT="College" WC="0.7785714" CC="0700700" />
            <SP ID="P1_SP00036" WIDTH="0" HPOS="0" VPOS="0" />
            <String ID="P1_S00045" HPOS="960" VPOS="1061" WIDTH="193" HEIGHT="38" STYLEREFS="StyleId-1" CONTENT="Hospital," WC="0.75777775" CC="500560004" />
            <SP ID="P1_SP00037" WIDTH="0" HPOS="0" VPOS="0" />
            <String ID="P1_S00046" HPOS="1199" VPOS="1060" WIDTH="209" HEIGHT="39" STYLEREFS="StyleId-1" CONTENT="Brooklyn," WC="0.807777762" CC="700030401" />
          </TextLine>
          <TextLine ID="P1_TL00010" HPOS="780" VPOS="1106" WIDTH="229" HEIGHT="30">
            <String ID="P1_S00047" HPOS="780" VPOS="1106" WIDTH="89" HEIGHT="30" STYLEREFS="StyleId-1" CONTENT="New" WC="0.6933333" CC="044" />
            <SP ID="P1_SP00038" WIDTH="0" HPOS="0" VPOS="0" />
            <String ID="P1_S00048" HPOS="888" VPOS="1106" WIDTH="121" HEIGHT="31" STYLEREFS="StyleId-1" CONTENT="York." WC="1" CC="00000" />
          </TextLine>
          <TextLine ID="P1_TL00011" HPOS="375" VPOS="1147" WIDTH="1041" HEIGHT="31">
            <String ID="P1_S00049" HPOS="375" VPOS="1152" WIDTH="77" HEIGHT="30" STYLEREFS="StyleId-1" CONTENT="One" WC="0.686666667" CC="530" />
            <SP ID="P1_SP00039" WIDTH="0" HPOS="0" VPOS="0" />
            <String ID="P1_S00050" HPOS="476" VPOS="1159" WIDTH="44" HEIGHT="23" STYLEREFS="StyleId-1" CONTENT="of" WC="0.695" CC="06" />
            <SP ID="P1_SP00040" WIDTH="0" HPOS="0" VPOS="0" />
            <String ID="P1_S00051" HPOS="542" VPOS="1159" WIDTH="71" HEIGHT="23" STYLEREFS="StyleId-1" CONTENT="the" WC="0.936666667" CC="001" />
            <SP ID="P1_SP00041" WIDTH="0" HPOS="0" VPOS="0" />
            <String ID="P1_S00052" HPOS="639" VPOS="1150" WIDTH="187" HEIGHT="32" STYLEREFS="StyleId-1" CONTENT="Founders" WC="0.91625" CC="00005000" />
            <SP ID="P1_SP00042" WIDTH="0" HPOS="0" VPOS="0" />
            <String ID="P1_S00053" HPOS="851" VPOS="1157" WIDTH="44" HEIGHT="25" STYLEREFS="StyleId-1" CONTENT="of" WC="0.535" CC="36" />
            <SP ID="P1_SP00043" WIDTH="0" HPOS="0" VPOS="0" />
            <String ID="P1_S00054" HPOS="912" VPOS="1156" WIDTH="70" HEIGHT="26" STYLEREFS="StyleId-1" CONTENT="the" WC="0.8933333" CC="003" />
            <SP ID="P1_SP00044" WIDTH="0" HPOS="0" VPOS="0" />
            <String ID="P1_S00055" HPOS="1006" VPOS="1144" WIDTH="184" HEIGHT="38" STYLEREFS="StyleId-1" CONTENT="Woman's" WC="0.95" CC="0000030" />
            <SP ID="P1_SP00045" WIDTH="0" HPOS="0" VPOS="0" />
            <String ID="P1_S00056" HPOS="1214" VPOS="1154" WIDTH="69" HEIGHT="28" STYLEREFS="StyleId-1" CONTENT="and" WC="0.7966667" CC="006" />
            <SP ID="P1_SP00046" WIDTH="0" HPOS="0" VPOS="0" />
            <String ID="P1_S00057" HPOS="1304" VPOS="1145" WIDTH="112" HEIGHT="37" STYLEREFS="StyleId-1" CONTENT="Chil¬" WC="0.954" CC="01000" />
          </TextLine>
          <TextLine ID="P1_TL00012" HPOS="464" VPOS="1192" WIDTH="816" HEIGHT="36">
            <String ID="P1_S00058" HPOS="464" VPOS="1192" WIDTH="122" HEIGHT="33" STYLEREFS="StyleId-1" CONTENT="dren's" WC="0.81" CC="503020" />
            <SP ID="P1_SP00047" WIDTH="0" HPOS="0" VPOS="0" />
            <String ID="P1_S00059" HPOS="608" VPOS="1194" WIDTH="182" HEIGHT="36" STYLEREFS="StyleId-1" CONTENT="Hospitai," WC="0.876666665" CC="200610000" />
            <SP ID="P1_SP00048" WIDTH="0" HPOS="0" VPOS="0" />
            <String ID="P1_S00060" HPOS="816" VPOS="1192" WIDTH="206" HEIGHT="38" STYLEREFS="StyleId-1" CONTENT="Brooklyn," WC="0.89" CC="000000054" />
            <SP ID="P1_SP00049" WIDTH="0" HPOS="0" VPOS="0" />
            <String ID="P1_S00061" HPOS="1049" VPOS="1191" WIDTH="88" HEIGHT="39" STYLEREFS="StyleId-1" CONTENT="New" WC="0.91" CC="020" />
            <SP ID="P1_SP00050" WIDTH="0" HPOS="0" VPOS="0" />
            <String ID="P1_S00062" HPOS="1162" VPOS="1190" WIDTH="118" HEIGHT="40" STYLEREFS="StyleId-1" CONTENT="York." WC="0.79" CC="000100" />
          </TextLine>
          <TextLine ID="P1_TL00013" HPOS="420" VPOS="1237" WIDTH="949" HEIGHT="35">
            <String ID="P1_S00063" HPOS="420" VPOS="1238" WIDTH="176" HEIGHT="30" STYLEREFS="StyleId-1" CONTENT="Resident" WC="0.83" CC="01045300" />
            <SP ID="P1_SP00051" WIDTH="0" HPOS="0" VPOS="0" />
            <String ID="P1_S00064" HPOS="617" VPOS="1237" WIDTH="201" HEIGHT="37" STYLEREFS="StyleId-1" CONTENT="Physician," WC="0.81" CC="6000425000" />
            <SP ID="P1_SP00052" WIDTH="0" HPOS="0" VPOS="0" />
            <String ID="P1_S00065" HPOS="851" VPOS="1236" WIDTH="262" HEIGHT="38" STYLEREFS="StyleId-1" CONTENT="Wilberforce" WC="0.797272742" CC="06025060001" />
            <SP ID="P1_SP00053" WIDTH="0" HPOS="0" VPOS="0" />
            <String ID="P1_S00066" HPOS="1139" VPOS="1234" WIDTH="230" HEIGHT="40" STYLEREFS="StyleId-1" CONTENT="University." WC="0.6027273" CC="07608707006" />
          </TextLine>
        </TextBlock>
        <Illustration ID="P1_ILL00001" HPOS="700" VPOS="1374" WIDTH="391" HEIGHT="387" />
        <TextBlock ID="P1_TB00002" HPOS="566" VPOS="2135" WIDTH="671" HEIGHT="231">
          <TextLine ID="P1_TL00014" HPOS="734" VPOS="2142" WIDTH="329" HEIGHT="41">
            <String ID="P1_S00067" HPOS="734" VPOS="2143" WIDTH="14" HEIGHT="41" STYLEREFS="StyleId-3" CONTENT="(" WC="0.6" CC="4" />
            <SP ID="P1_SP00054" WIDTH="0" HPOS="0" VPOS="0" />
            <String ID="P1_S00068" HPOS="763" VPOS="2144" WIDTH="94" HEIGHT="40" STYLEREFS="StyleId-3" CONTENT="Price" WC="0.82" CC="04400" />
            <SP ID="P1_SP00055" WIDTH="0" HPOS="0" VPOS="0" />
            <String ID="P1_S00069" HPOS="879" VPOS="2144" WIDTH="35" HEIGHT="40" STYLEREFS="StyleId-3" CONTENT="15" WC="0.815" CC="30" />
            <SP ID="P1_SP00056" WIDTH="0" HPOS="0" VPOS="0" />
            <String ID="P1_S00070" HPOS="942" VPOS="2141" WIDTH="121" HEIGHT="43" STYLEREFS="StyleId-3" CONTENT="Cents)" WC="0.7416667" CC="006360" />
          </TextLine>
          <TextLine ID="P1_TL00015" HPOS="575" VPOS="2320" WIDTH="653" HEIGHT="46">
            <String ID="P1_S00071" HPOS="575" VPOS="2319" WIDTH="448" HEIGHT="48" STYLEREFS="StyleId-4" CONTENT="WILBERFORCE," WC="0.86" CC="004400113001" />
            <SP ID="P1_SP00057" WIDTH="0" HPOS="0" VPOS="0" />
            <String ID="P1_S00072" HPOS="1052" VPOS="2318" WIDTH="176" HEIGHT="49" STYLEREFS="StyleId-4" CONTENT="OHIO." WC="0.942" CC="00002" />
          </TextLine>
        </TextBlock>
      </PrintSpace>
    </Page>
  </Layout>
</alto>