<?xml version="1.0" encoding="utf-8"?>
<alto xmlns:xlink="http://www.w3.org/1999/xlink" xmlns:xsi="http://www.w3.org/2001/XMLSchema-instance" xsi:schemaLocation="http://www.loc.gov/standards/alto/ns-v2# http://www.loc.gov/standards/alto/alto-v2.0.xsd" xmlns="http://www.loc.gov/standards/alto/ns-v2#">
  <Description>
    <MeasurementUnit>pixel</MeasurementUnit>
    <sourceImageInformation>
      <fileName>0000011.tif</fileName>
    </sourceImageInformation>
    <OCRProcessing ID="Processing">
      <ocrProcessingStep>
        <processingStepSettings>Image Resolution:400</processingStepSettings>
        <processingSoftware>
          <softwareCreator>I2S Kirtas</softwareCreator>
          <softwareName>Limb</softwareName>
          <softwareVersion>1.0</softwareVersion>
          <applicationDescription>Abbyy10 OCR Engine</applicationDescription>
        </processingSoftware>
      </ocrProcessingStep>
    </OCRProcessing>
  </Description>
  <Styles>
    <TextStyle ID="StyleId-0" FONTSIZE="8" FONTFAMILY="Times New Roman" />
    <TextStyle ID="StyleId-1" FONTSIZE="9" FONTFAMILY="Times New Roman" />
  </Styles>
  <Layout>
    <Page ID="P11" PHYSICAL_IMG_NR="11" HEIGHT="2800" WIDTH="1900" ACCURACY="0.770688057" QUALITY_DETAIL="329 words, 1597 chars, 1210 with recognition greater than 50% (75.77%)">
      <TopMargin ID="P11_TM00001" HPOS="0" VPOS="0" WIDTH="1900" HEIGHT="258" />
      <LeftMargin ID="P11_LM00001" HPOS="0" VPOS="258" WIDTH="168" HEIGHT="2284" />
      <RightMargin ID="P11_RM00001" HPOS="1741" VPOS="258" WIDTH="159" HEIGHT="2284" />
      <BottomMargin ID="P11_BM00001" HPOS="0" VPOS="2542" WIDTH="1900" HEIGHT="258" />
      <PrintSpace ID="P11_PS00001" HPOS="168" VPOS="258" WIDTH="1573" HEIGHT="2284">
        <TextBlock ID="P11_TB00001" HPOS="660" VPOS="256" WIDTH="572" HEIGHT="53">
          <TextLine ID="P11_TL00001" HPOS="668" VPOS="264" WIDTH="556" HEIGHT="37">
            <String ID="P11_S00001" HPOS="668" VPOS="264" WIDTH="203" HEIGHT="35" STYLEREFS="StyleId-0" CONTENT="WOMAN" WC="0.934" CC="20000" />
            <SP ID="P11_SP00001" WIDTH="0" HPOS="0" VPOS="0" />
            <String ID="P11_S00002" HPOS="890" VPOS="265" WIDTH="55" HEIGHT="34" STYLEREFS="StyleId-0" CONTENT="IN" WC="0.585" CC="44" />
            <SP ID="P11_SP00002" WIDTH="0" HPOS="0" VPOS="0" />
            <String ID="P11_S00003" HPOS="966" VPOS="265" WIDTH="258" HEIGHT="36" STYLEREFS="StyleId-0" CONTENT="MEDICINE" WC="0.87125" CC="00030060" />
          </TextLine>
        </TextBlock>
        <TextBlock ID="P11_TB00002" HPOS="1679" VPOS="259" WIDTH="38" HEIGHT="49">
          <TextLine ID="P11_TL00002" HPOS="1687" VPOS="267" WIDTH="22" HEIGHT="33">
            <String ID="P11_S00004" HPOS="1687" VPOS="267" WIDTH="22" HEIGHT="33" STYLEREFS="StyleId-0" CONTENT="9" WC="0.5" CC="5" />
          </TextLine>
        </TextBlock>
        <TextBlock ID="P11_TB00003" HPOS="169" VPOS="372" WIDTH="1572" HEIGHT="2170">
          <TextLine ID="P11_TL00003" HPOS="264" VPOS="380" WIDTH="1442" HEIGHT="47">
            <String ID="P11_S00005" HPOS="264" VPOS="380" WIDTH="83" HEIGHT="38" STYLEREFS="StyleId-1" CONTENT="We" WC="1" CC="00" />
            <SP ID="P11_SP00003" WIDTH="0" HPOS="0" VPOS="0" />
            <String ID="P11_S00006" HPOS="369" VPOS="393" WIDTH="100" HEIGHT="26" STYLEREFS="StyleId-1" CONTENT="now" WC="0.78" CC="600" />
            <SP ID="P11_SP00004" WIDTH="0" HPOS="0" VPOS="0" />
            <String ID="P11_S00007" HPOS="511" VPOS="393" WIDTH="122" HEIGHT="26" STYLEREFS="StyleId-1" CONTENT="come" WC="0.8275" CC="0060" />
            <SP ID="P11_SP00005" WIDTH="0" HPOS="0" VPOS="0" />
            <String ID="P11_S00008" HPOS="673" VPOS="386" WIDTH="45" HEIGHT="33" STYLEREFS="StyleId-1" CONTENT="to" WC="0.915" CC="10" />
            <SP ID="P11_SP00006" WIDTH="0" HPOS="0" VPOS="0" />
            <String ID="P11_S00009" HPOS="759" VPOS="382" WIDTH="75" HEIGHT="37" STYLEREFS="StyleId-1" CONTENT="the" WC="0.7133333" CC="170" />
            <SP ID="P11_SP00007" WIDTH="0" HPOS="0" VPOS="0" />
            <String ID="P11_S00010" HPOS="876" VPOS="382" WIDTH="167" HEIGHT="48" STYLEREFS="StyleId-1" CONTENT="history" WC="0.9342857" CC="2100000" />
            <SP ID="P11_SP00008" WIDTH="0" HPOS="0" VPOS="0" />
            <String ID="P11_S00011" HPOS="1085" VPOS="383" WIDTH="45" HEIGHT="47" STYLEREFS="StyleId-1" CONTENT="of" WC="0.985" CC="00" />
            <SP ID="P11_SP00009" WIDTH="0" HPOS="0" VPOS="0" />
            <String ID="P11_S00012" HPOS="1170" VPOS="384" WIDTH="74" HEIGHT="46" STYLEREFS="StyleId-1" CONTENT="the" WC="0.83" CC="050" />
            <SP ID="P11_SP00010" WIDTH="0" HPOS="0" VPOS="0" />
            <String ID="P11_S00013" HPOS="1285" VPOS="383" WIDTH="235" HEIGHT="47" STYLEREFS="StyleId-1" CONTENT="medieval-" WC="0.7033333" CC="600700264" />
            <SP ID="P11_SP00011" WIDTH="0" HPOS="0" VPOS="0" />
            <String ID="P11_S00014" HPOS="1538" VPOS="395" WIDTH="168" HEIGHT="35" STYLEREFS="StyleId-1" CONTENT="women" WC="0.68" CC="07800" />
          </TextLine>
          <TextLine ID="P11_TL00004" HPOS="177" VPOS="445" WIDTH="1541" HEIGHT="50">
            <String ID="P11_S00015" HPOS="177" VPOS="445" WIDTH="268" HEIGHT="48" STYLEREFS="StyleId-1" CONTENT="physicians," WC="0.5590909" CC="05695030963" />
            <SP ID="P11_SP00012" WIDTH="0" HPOS="0" VPOS="0" />
            <String ID="P11_S00016" HPOS="469" VPOS="447" WIDTH="85" HEIGHT="46" STYLEREFS="StyleId-1" CONTENT="and" WC="0.57" CC="093" />
            <SP ID="P11_SP00013" WIDTH="0" HPOS="0" VPOS="0" />
            <String ID="P11_S00017" HPOS="579" VPOS="447" WIDTH="113" HEIGHT="46" STYLEREFS="StyleId-1" CONTENT="their" WC="0.88" CC="00041" />
            <SP ID="P11_SP00014" WIDTH="0" HPOS="0" VPOS="0" />
            <String ID="P11_S00018" HPOS="709" VPOS="459" WIDTH="104" HEIGHT="35" STYLEREFS="StyleId-1" CONTENT="very" WC="0.845" CC="0140" />
            <SP ID="P11_SP00015" WIDTH="0" HPOS="0" VPOS="0" />
            <String ID="P11_S00019" HPOS="834" VPOS="448" WIDTH="197" HEIGHT="46" STYLEREFS="StyleId-1" CONTENT="superior" WC="0.62625" CC="67900600" />
            <SP ID="P11_SP00016" WIDTH="0" HPOS="0" VPOS="0" />
            <String ID="P11_S00020" HPOS="1048" VPOS="449" WIDTH="408" HEIGHT="47" STYLEREFS="StyleId-1" CONTENT="oppo&quot;tunities:for" WC="0.769411743" CC="00007067403006002" />
            <SP ID="P11_SP00017" WIDTH="0" HPOS="0" VPOS="0" />
            <String ID="P11_S00021" HPOS="1477" VPOS="450" WIDTH="74" HEIGHT="46" STYLEREFS="StyleId-1" CONTENT="the" WC="0.5933333" CC="704" />
            <SP ID="P11_SP00018" WIDTH="0" HPOS="0" VPOS="0" />
            <String ID="P11_S00022" HPOS="1572" VPOS="449" WIDTH="146" HEIGHT="47" STYLEREFS="StyleId-1" CONTENT="study," WC="0.715" CC="100509" />
          </TextLine>
          <TextLine ID="P11_TL00005" HPOS="179" VPOS="511" WIDTH="1522" HEIGHT="50">
            <String ID="P11_S00023" HPOS="179" VPOS="511" WIDTH="46" HEIGHT="38" STYLEREFS="StyleId-1" CONTENT="of" WC="0.655" CC="06" />
            <SP ID="P11_SP00019" WIDTH="0" HPOS="0" VPOS="0" />
            <String ID="P11_S00024" HPOS="248" VPOS="512" WIDTH="216" HEIGHT="38" STYLEREFS="StyleId-1" CONTENT="medicine" WC="0.745" CC="20030770" />
            <SP ID="P11_SP00020" WIDTH="0" HPOS="0" VPOS="0" />
            <String ID="P11_S00025" HPOS="487" VPOS="512" WIDTH="43" HEIGHT="38" STYLEREFS="StyleId-1" CONTENT="in" WC="0.615" CC="06" />
            <SP ID="P11_SP00021" WIDTH="0" HPOS="0" VPOS="0" />
            <String ID="P11_S00026" HPOS="555" VPOS="513" WIDTH="75" HEIGHT="38" STYLEREFS="StyleId-1" CONTENT="the" WC="0.8566667" CC="004" />
            <SP ID="P11_SP00022" WIDTH="0" HPOS="0" VPOS="0" />
            <String ID="P11_S00027" HPOS="672" VPOS="519" WIDTH="121" HEIGHT="41" STYLEREFS="StyleId-1" CONTENT="great" WC="0.716" CC="76000" />
            <SP ID="P11_SP00023" WIDTH="0" HPOS="0" VPOS="0" />
            <String ID="P11_S00028" HPOS="834" VPOS="513" WIDTH="184" HEIGHT="47" STYLEREFS="StyleId-1" CONTENT="medical" WC="0.9514286" CC="0003000" />
            <SP ID="P11_SP00024" WIDTH="0" HPOS="0" VPOS="0" />
            <String ID="P11_S00029" HPOS="1059" VPOS="515" WIDTH="148" HEIGHT="45" STYLEREFS="StyleId-1" CONTENT="school" WC="0.815" CC="406000" />
            <SP ID="P11_SP00025" WIDTH="0" HPOS="0" VPOS="0" />
            <String ID="P11_S00030" HPOS="1247" VPOS="520" WIDTH="45" HEIGHT="40" STYLEREFS="StyleId-1" CONTENT="at" WC="0.58" CC="80" />
            <SP ID="P11_SP00026" WIDTH="0" HPOS="0" VPOS="0" />
            <String ID="P11_S00031" HPOS="1331" VPOS="515" WIDTH="194" HEIGHT="45" STYLEREFS="StyleId-1" CONTENT="Salerno," WC="0.8025" CC="14002600" />
            <SP ID="P11_SP00027" WIDTH="0" HPOS="0" VPOS="0" />
            <String ID="P11_S00032" HPOS="1572" VPOS="515" WIDTH="129" HEIGHT="46" STYLEREFS="StyleId-1" CONTENT="Italy;" WC="0.77" CC="000067" />
          </TextLine>
          <TextLine ID="P11_TL00006" HPOS="183" VPOS="578" WIDTH="1526" HEIGHT="48">
            <String ID="P11_S00033" HPOS="183" VPOS="578" WIDTH="145" HEIGHT="38" STYLEREFS="StyleId-1" CONTENT="where" WC="0.824" CC="80000" />
            <SP ID="P11_SP00028" WIDTH="0" HPOS="0" VPOS="0" />
            <String ID="P11_S00034" HPOS="351" VPOS="591" WIDTH="168" HEIGHT="26" STYLEREFS="StyleId-1" CONTENT="women" WC="0.682" CC="00708" />
            <SP ID="P11_SP00029" WIDTH="0" HPOS="0" VPOS="0" />
            <String ID="P11_S00035" HPOS="544" VPOS="592" WIDTH="112" HEIGHT="25" STYLEREFS="StyleId-1" CONTENT="were" WC="1" CC="0000" />
            <SP ID="P11_SP00030" WIDTH="0" HPOS="0" VPOS="0" />
            <String ID="P11_S00036" HPOS="679" VPOS="579" WIDTH="210" HEIGHT="39" STYLEREFS="StyleId-1" CONTENT="admitted" WC="0.9025" CC="00040300" />
            <SP ID="P11_SP00031" WIDTH="0" HPOS="0" VPOS="0" />
            <String ID="P11_S00037" HPOS="912" VPOS="590" WIDTH="55" HEIGHT="28" STYLEREFS="StyleId-1" CONTENT="oft" WC="0.7133333" CC="033" />
            <SP ID="P11_SP00032" WIDTH="0" HPOS="0" VPOS="0" />
            <String ID="P11_S00038" HPOS="990" VPOS="581" WIDTH="75" HEIGHT="38" STYLEREFS="StyleId-1" CONTENT="the" WC="1" CC="000" />
            <SP ID="P11_SP00033" WIDTH="0" HPOS="0" VPOS="0" />
            <String ID="P11_S00039" HPOS="1104" VPOS="593" WIDTH="116" HEIGHT="26" STYLEREFS="StyleId-1" CONTENT="same" WC="0.845" CC="0600" />
            <SP ID="P11_SP00034" WIDTH="0" HPOS="0" VPOS="0" />
            <String ID="P11_S00040" HPOS="1262" VPOS="587" WIDTH="132" HEIGHT="32" STYLEREFS="StyleId-1" CONTENT="terms" WC="1" CC="00000" />
            <SP ID="P11_SP00035" WIDTH="0" HPOS="0" VPOS="0" />
            <String ID="P11_S00041" HPOS="1415" VPOS="593" WIDTH="46" HEIGHT="26" STYLEREFS="StyleId-1" CONTENT="as" WC="0.605" CC="70" />
            <SP ID="P11_SP00036" WIDTH="0" HPOS="0" VPOS="0" />
            <String ID="P11_S00042" HPOS="1482" VPOS="593" WIDTH="114" HEIGHT="33" STYLEREFS="StyleId-1" CONTENT="men," WC="0.605" CC="6260" />
            <SP ID="P11_SP00037" WIDTH="0" HPOS="0" VPOS="0" />
            <String ID="P11_S00043" HPOS="1623" VPOS="580" WIDTH="86" HEIGHT="46" STYLEREFS="StyleId-1" CONTENT="and" WC="0.7133333" CC="025" />
          </TextLine>
          <TextLine ID="P11_TL00007" HPOS="182" VPOS="643" WIDTH="1522" HEIGHT="47">
            <String ID="P11_S00044" HPOS="182" VPOS="643" WIDTH="132" HEIGHT="47" STYLEREFS="StyleId-1" CONTENT="given" WC="0.798" CC="100000" />
            <SP ID="P11_SP00038" WIDTH="0" HPOS="0" VPOS="0" />
            <String ID="P11_S00045" HPOS="338" VPOS="644" WIDTH="75" HEIGHT="46" STYLEREFS="StyleId-1" CONTENT="the" WC="1" CC="000" />
            <SP ID="P11_SP00039" WIDTH="0" HPOS="0" VPOS="0" />
            <String ID="P11_S00046" HPOS="435" VPOS="656" WIDTH="118" HEIGHT="34" STYLEREFS="StyleId-1" CONTENT="same" WC="0.8175" CC="5100" />
            <SP ID="P11_SP00040" WIDTH="0" HPOS="0" VPOS="0" />
            <String ID="P11_S00047" HPOS="574" VPOS="645" WIDTH="225" HEIGHT="47" STYLEREFS="StyleId-1" CONTENT="thorough" WC="0.9025" CC="00040300" />
            <SP ID="P11_SP00041" WIDTH="0" HPOS="0" VPOS="0" />
            <String ID="P11_S00048" HPOS="822" VPOS="646" WIDTH="265" HEIGHT="47" STYLEREFS="StyleId-1" CONTENT="advantages" WC="0.76" CC="0060106900" />
            <SP ID="P11_SP00042" WIDTH="0" HPOS="0" VPOS="0" />
            <String ID="P11_S00049" HPOS="1111" VPOS="659" WIDTH="46" HEIGHT="34" STYLEREFS="StyleId-1" CONTENT="as" WC="0.715" CC="41" />
            <SP ID="P11_SP00043" WIDTH="0" HPOS="0" VPOS="0" />
            <String ID="P11_S00050" HPOS="1191" VPOS="647" WIDTH="215" HEIGHT="46" STYLEREFS="StyleId-1" CONTENT="students." WC="0.766666651" CC="312037002" />
            <SP ID="P11_SP00044" WIDTH="0" HPOS="0" VPOS="0" />
            <String ID="P11_S00051" HPOS="1468" VPOS="648" WIDTH="40" HEIGHT="45" STYLEREFS="StyleId-1" CONTENT="It" WC="1" CC="00" />
            <SP ID="P11_SP00045" WIDTH="0" HPOS="0" VPOS="0" />
            <String ID="P11_S00052" HPOS="1530" VPOS="646" WIDTH="37" HEIGHT="47" STYLEREFS="StyleId-1" CONTENT="is" WC="0.665" CC="60" />
            <SP ID="P11_SP00046" WIDTH="0" HPOS="0" VPOS="0" />
            <String ID="P11_S00053" HPOS="1585" VPOS="646" WIDTH="93" HEIGHT="47" STYLEREFS="StyleId-1" CONTENT="said" WC="0.7075" CC="7400" />
            <SP ID="P11_SP00047" WIDTH="0" HPOS="0" VPOS="0" />
            <String ID="P11_S00054" HPOS="1697" VPOS="660" WIDTH="7" HEIGHT="33" STYLEREFS="StyleId-1" CONTENT=":" WC="0.91" CC="0" />
          </TextLine>
          <TextLine ID="P11_TL00008" HPOS="221" VPOS="708" WIDTH="1492" HEIGHT="48">
            <String ID="P11_S00055" HPOS="221" VPOS="708" WIDTH="98" HEIGHT="40" STYLEREFS="StyleId-1" CONTENT="The" WC="0.553333342" CC="760" />
            <SP ID="P11_SP00048" WIDTH="0" HPOS="0" VPOS="0" />
            <String ID="P11_S00056" HPOS="357" VPOS="709" WIDTH="96" HEIGHT="39" STYLEREFS="StyleId-1" CONTENT="best" WC="0.8125" CC="7000" />
            <SP ID="P11_SP00049" WIDTH="0" HPOS="0" VPOS="0" />
            <String ID="P11_S00057" HPOS="477" VPOS="712" WIDTH="129" HEIGHT="45" STYLEREFS="StyleId-1" CONTENT="proof" WC="0.734" CC="60005" />
            <SP ID="P11_SP00050" WIDTH="0" HPOS="0" VPOS="0" />
            <String ID="P11_S00058" HPOS="643" VPOS="711" WIDTH="46" HEIGHT="46" STYLEREFS="StyleId-1" CONTENT="of" WC="0.73" CC="05" />
            <SP ID="P11_SP00051" WIDTH="0" HPOS="0" VPOS="0" />
            <String ID="P11_S00059" HPOS="711" VPOS="712" WIDTH="98" HEIGHT="45" STYLEREFS="StyleId-1" CONTENT="how" WC="1" CC="000" />
            <SP ID="P11_SP00052" WIDTH="0" HPOS="0" VPOS="0" />
            <String ID="P11_S00060" HPOS="831" VPOS="712" WIDTH="219" HEIGHT="47" STYLEREFS="StyleId-1" CONTENT="thorough" WC="0.8625" CC="00020800" />
            <SP ID="P11_SP00053" WIDTH="0" HPOS="0" VPOS="0" />
            <String ID="P11_S00061" HPOS="1073" VPOS="725" WIDTH="88" HEIGHT="34" STYLEREFS="StyleId-1" CONTENT="was" WC="0.8066667" CC="050" />
            <SP ID="P11_SP00054" WIDTH="0" HPOS="0" VPOS="0" />
            <String ID="P11_S00062" HPOS="1182" VPOS="713" WIDTH="74" HEIGHT="46" STYLEREFS="StyleId-1" CONTENT="the" WC="0.836666644" CC="400" />
            <SP ID="P11_SP00055" WIDTH="0" HPOS="0" VPOS="0" />
            <String ID="P11_S00063" HPOS="1277" VPOS="712" WIDTH="180" HEIGHT="47" STYLEREFS="StyleId-1" CONTENT="medical" WC="0.8257143" CC="0000092" />
            <SP ID="P11_SP00056" WIDTH="0" HPOS="0" VPOS="0" />
            <String ID="P11_S00064" HPOS="1480" VPOS="711" WIDTH="233" HEIGHT="48" STYLEREFS="StyleId-1" CONTENT="education" WC="0.775555551" CC="007003207" />
          </TextLine>
          <TextLine ID="P11_TL00009" HPOS="184" VPOS="775" WIDTH="1527" HEIGHT="42">
            <String ID="P11_S00065" HPOS="184" VPOS="781" WIDTH="44" HEIGHT="33" STYLEREFS="StyleId-1" CONTENT="at" WC="0.73" CC="50" />
            <SP ID="P11_SP00057" WIDTH="0" HPOS="0" VPOS="0" />
            <String ID="P11_S00066" HPOS="250" VPOS="775" WIDTH="197" HEIGHT="47" STYLEREFS="StyleId-1" CONTENT="Salerno," WC="0.69875" CC="60803600" />
            <SP ID="P11_SP00058" WIDTH="0" HPOS="0" VPOS="0" />
            <String ID="P11_S00067" HPOS="475" VPOS="777" WIDTH="85" HEIGHT="45" STYLEREFS="StyleId-1" CONTENT="and" WC="0.7733333" CC="060" />
            <SP ID="P11_SP00059" WIDTH="0" HPOS="0" VPOS="0" />
            <String ID="P11_S00068" HPOS="603" VPOS="778" WIDTH="101" HEIGHT="44" STYLEREFS="StyleId-1" CONTENT="how" WC="0.863333344" CC="022" />
            <SP ID="P11_SP00060" WIDTH="0" HPOS="0" VPOS="0" />
            <String ID="P11_S00069" HPOS="744" VPOS="777" WIDTH="133" HEIGHT="45" STYLEREFS="StyleId-1" CONTENT="much" WC="0.405" CC="10850" />
            <SP ID="P11_SP00061" WIDTH="0" HPOS="0" VPOS="0" />
            <String ID="P11_S00070" HPOS="918" VPOS="777" WIDTH="218" HEIGHT="45" STYLEREFS="StyleId-1" CONTENT="influence" WC="0.5711111" CC="776750500" />
            <SP ID="P11_SP00062" WIDTH="0" HPOS="0" VPOS="0" />
            <String ID="P11_S00071" HPOS="1176" VPOS="778" WIDTH="33" HEIGHT="44" STYLEREFS="StyleId-1" CONTENT="it" WC="0.755" CC="40" />
            <SP ID="P11_SP00063" WIDTH="0" HPOS="0" VPOS="0" />
            <String ID="P11_S00072" HPOS="1244" VPOS="778" WIDTH="176" HEIGHT="44" STYLEREFS="StyleId-1" CONTENT="exerted" WC="0.9557143" CC="0000300" />
            <SP ID="P11_SP00064" WIDTH="0" HPOS="0" VPOS="0" />
            <String ID="P11_S00073" HPOS="1461" VPOS="790" WIDTH="106" HEIGHT="32" STYLEREFS="StyleId-1" CONTENT="even" WC="1" CC="0000" />
            <SP ID="P11_SP00065" WIDTH="0" HPOS="0" VPOS="0" />
            <String ID="P11_S00074" HPOS="1609" VPOS="789" WIDTH="102" HEIGHT="33" STYLEREFS="StyleId-1" CONTENT="over" WC="0.5075" CC="4905" />
          </TextLine>
          <TextLine ID="P11_TL00010" HPOS="185" VPOS="842" WIDTH="1526" HEIGHT="46">
            <String ID="P11_S00075" HPOS="185" VPOS="842" WIDTH="149" HEIGHT="47" STYLEREFS="StyleId-1" CONTENT="public" WC="0.76" CC="084010" />
            <SP ID="P11_SP00066" WIDTH="0" HPOS="0" VPOS="0" />
            <String ID="P11_S00076" HPOS="358" VPOS="842" WIDTH="198" HEIGHT="47" STYLEREFS="StyleId-1" CONTENT="opinion," WC="0.71625" CC="00382080" />
            <SP ID="P11_SP00067" WIDTH="0" HPOS="0" VPOS="0" />
            <String ID="P11_S00077" HPOS="584" VPOS="842" WIDTH="35" HEIGHT="47" STYLEREFS="StyleId-1" CONTENT="is" WC="1" CC="00" />
            <SP ID="P11_SP00068" WIDTH="0" HPOS="0" VPOS="0" />
            <String ID="P11_S00078" HPOS="642" VPOS="848" WIDTH="44" HEIGHT="41" STYLEREFS="StyleId-1" CONTENT="to" WC="0.89" CC="02" />
            <SP ID="P11_SP00069" WIDTH="0" HPOS="0" VPOS="0" />
            <String ID="P11_S00079" HPOS="709" VPOS="842" WIDTH="52" HEIGHT="47" STYLEREFS="StyleId-1" CONTENT="be" WC="1" CC="00" />
            <SP ID="P11_SP00070" WIDTH="0" HPOS="0" VPOS="0" />
            <String ID="P11_S00080" HPOS="784" VPOS="843" WIDTH="137" HEIGHT="46" STYLEREFS="StyleId-1" CONTENT="found" WC="0.82" CC="00080" />
            <SP ID="P11_SP00071" WIDTH="0" HPOS="0" VPOS="0" />
            <String ID="P11_S00081" HPOS="937" VPOS="843" WIDTH="43" HEIGHT="46" STYLEREFS="StyleId-1" CONTENT="in" WC="0.94" CC="01" />
            <SP ID="P11_SP00072" WIDTH="0" HPOS="0" VPOS="0" />
            <String ID="P11_S00082" HPOS="1003" VPOS="844" WIDTH="74" HEIGHT="45" STYLEREFS="StyleId-1" CONTENT="the" WC="0.59" CC="075" />
            <SP ID="P11_SP00073" WIDTH="0" HPOS="0" VPOS="0" />
            <String ID="P11_S00083" HPOS="1098" VPOS="843" WIDTH="243" HEIGHT="46" STYLEREFS="StyleId-1" CONTENT="regulation" WC="0.723" CC="0006235504" />
            <SP ID="P11_SP00074" WIDTH="0" HPOS="0" VPOS="0" />
            <String ID="P11_S00084" HPOS="1365" VPOS="843" WIDTH="44" HEIGHT="46" STYLEREFS="StyleId-1" CONTENT="of" WC="0.81" CC="12" />
            <SP ID="P11_SP00075" WIDTH="0" HPOS="0" VPOS="0" />
            <String ID="P11_S00085" HPOS="1429" VPOS="843" WIDTH="74" HEIGHT="46" STYLEREFS="StyleId-1" CONTENT="the" WC="0.99333334" CC="000" />
            <SP ID="P11_SP00076" WIDTH="0" HPOS="0" VPOS="0" />
            <String ID="P11_S00086" HPOS="1525" VPOS="842" WIDTH="186" HEIGHT="47" STYLEREFS="StyleId-1" CONTENT="practice" WC="0.83375" CC="03000702" />
          </TextLine>
          <TextLine ID="P11_TL00011" HPOS="187" VPOS="908" WIDTH="1518" HEIGHT="46">
            <String ID="P11_S00087" HPOS="187" VPOS="908" WIDTH="46" HEIGHT="39" STYLEREFS="StyleId-1" CONTENT="of" WC="1" CC="00" />
            <SP ID="P11_SP00077" WIDTH="0" HPOS="0" VPOS="0" />
            <String ID="P11_S00088" HPOS="254" VPOS="908" WIDTH="231" HEIGHT="45" STYLEREFS="StyleId-1" CONTENT="medicine," WC="0.894444466" CC="000410300" />
            <SP ID="P11_SP00078" WIDTH="0" HPOS="0" VPOS="0" />
            <String ID="P11_S00089" HPOS="508" VPOS="908" WIDTH="145" HEIGHT="45" STYLEREFS="StyleId-1" CONTENT="which" WC="0.878" CC="06000" />
            <SP ID="P11_SP00079" WIDTH="0" HPOS="0" VPOS="0" />
            <String ID="P11_S00090" HPOS="677" VPOS="921" WIDTH="105" HEIGHT="32" STYLEREFS="StyleId-1" CONTENT="soon" WC="0.7725" CC="0008" />
            <SP ID="P11_SP00080" WIDTH="0" HPOS="0" VPOS="0" />
            <String ID="P11_S00091" HPOS="806" VPOS="909" WIDTH="157" HEIGHT="46" STYLEREFS="StyleId-1" CONTENT="began," WC="0.7416667" CC="0010050" />
            <SP ID="P11_SP00081" WIDTH="0" HPOS="0" VPOS="0" />
            <String ID="P11_S00092" HPOS="991" VPOS="909" WIDTH="82" HEIGHT="46" STYLEREFS="StyleId-1" CONTENT="and" WC="0.816666663" CC="050" />
            <SP ID="P11_SP00082" WIDTH="0" HPOS="0" VPOS="0" />
            <String ID="P11_S00093" HPOS="1099" VPOS="909" WIDTH="73" HEIGHT="46" STYLEREFS="StyleId-1" CONTENT="the" WC="0.7633333" CC="070" />
            <SP ID="P11_SP00083" WIDTH="0" HPOS="0" VPOS="0" />
            <String ID="P11_S00094" HPOS="1195" VPOS="908" WIDTH="232" HEIGHT="47" STYLEREFS="StyleId-1" CONTENT="insistence" WC="0.825" CC="0801000600" />
            <SP ID="P11_SP00084" WIDTH="0" HPOS="0" VPOS="0" />
            <String ID="P11_S00095" HPOS="1468" VPOS="921" WIDTH="56" HEIGHT="34" STYLEREFS="StyleId-1" CONTENT="on" WC="0.71" CC="05" />
            <SP ID="P11_SP00085" WIDTH="0" HPOS="0" VPOS="0" />
            <String ID="P11_S00096" HPOS="1548" VPOS="920" WIDTH="157" HEIGHT="35" STYLEREFS="StyleId-1" CONTENT="proper" WC="0.9166667" CC="000005" />
          </TextLine>
          <TextLine ID="P11_TL00012" HPOS="186" VPOS="974" WIDTH="1525" HEIGHT="45">
            <String ID="P11_S00097" HPOS="186" VPOS="974" WIDTH="197" HEIGHT="47" STYLEREFS="StyleId-1" CONTENT="training" WC="0.75125" CC="02208160" />
            <SP ID="P11_SP00086" WIDTH="0" HPOS="0" VPOS="0" />
            <String ID="P11_S00098" HPOS="403" VPOS="974" WIDTH="150" HEIGHT="47" STYLEREFS="StyleId-1" CONTENT="before" WC="0.87166667" CC="015000" />
            <SP ID="P11_SP00087" WIDTH="0" HPOS="0" VPOS="0" />
            <String ID="P11_S00099" HPOS="595" VPOS="974" WIDTH="258" HEIGHT="47" STYLEREFS="StyleId-1" CONTENT="permission" WC="0.649" CC="00310540505" />
            <SP ID="P11_SP00088" WIDTH="0" HPOS="0" VPOS="0" />
            <String ID="P11_S00100" HPOS="895" VPOS="981" WIDTH="45" HEIGHT="40" STYLEREFS="StyleId-1" CONTENT="to" WC="1" CC="00" />
            <SP ID="P11_SP00089" WIDTH="0" HPOS="0" VPOS="0" />
            <String ID="P11_S00101" HPOS="982" VPOS="974" WIDTH="187" HEIGHT="47" STYLEREFS="StyleId-1" CONTENT="practice" WC="0.83125" CC="04600200" />
            <SP ID="P11_SP00090" WIDTH="0" HPOS="0" VPOS="0" />
            <String ID="P11_S00102" HPOS="1185" VPOS="986" WIDTH="87" HEIGHT="35" STYLEREFS="StyleId-1" CONTENT="was" WC="1" CC="000" />
            <SP ID="P11_SP00091" WIDTH="0" HPOS="0" VPOS="0" />
            <String ID="P11_S00103" HPOS="1312" VPOS="974" WIDTH="197" HEIGHT="47" STYLEREFS="StyleId-1" CONTENT="granted." WC="0.85" CC="00050600" />
            <SP ID="P11_SP00092" WIDTH="0" HPOS="0" VPOS="0" />
            <String ID="P11_S00104" HPOS="1571" VPOS="971" WIDTH="140" HEIGHT="50" STYLEREFS="StyleId-1" CONTENT="Three" WC="0.566" CC="70607" />
          </TextLine>
          <TextLine ID="P11_TL00013" HPOS="187" VPOS="1041" WIDTH="1526" HEIGHT="44">
            <String ID="P11_S00105" HPOS="188" VPOS="1052" WIDTH="125" HEIGHT="36" STYLEREFS="StyleId-1" CONTENT="years" WC="0.82" CC="02006" />
            <SP ID="P11_SP00093" WIDTH="0" HPOS="0" VPOS="0" />
            <String ID="P11_S00106" HPOS="336" VPOS="1040" WIDTH="47" HEIGHT="48" STYLEREFS="StyleId-1" CONTENT="of" WC="0.945" CC="01" />
            <SP ID="P11_SP00094" WIDTH="0" HPOS="0" VPOS="0" />
            <String ID="P11_S00107" HPOS="404" VPOS="1040" WIDTH="285" HEIGHT="48" STYLEREFS="StyleId-1" CONTENT="preliminary" WC="0.54" CC="75077068250" />
            <SP ID="P11_SP00095" WIDTH="0" HPOS="0" VPOS="0" />
            <String ID="P11_S00108" HPOS="713" VPOS="1039" WIDTH="244" HEIGHT="49" STYLEREFS="StyleId-1" CONTENT="university" WC="0.652" CC="1860706500" />
            <SP ID="P11_SP00096" WIDTH="0" HPOS="0" VPOS="0" />
            <String ID="P11_S00109" HPOS="979" VPOS="1039" WIDTH="248" HEIGHT="49" STYLEREFS="StyleId-1" CONTENT="education," WC="0.718" CC="9060003080" />
            <SP ID="P11_SP00097" WIDTH="0" HPOS="0" VPOS="0" />
            <String ID="P11_S00110" HPOS="1252" VPOS="1039" WIDTH="146" HEIGHT="49" STYLEREFS="StyleId-1" CONTENT="before" WC="0.811666667" CC="004050" />
            <SP ID="P11_SP00098" WIDTH="0" HPOS="0" VPOS="0" />
            <String ID="P11_S00111" HPOS="1420" VPOS="1040" WIDTH="73" HEIGHT="48" STYLEREFS="StyleId-1" CONTENT="the" WC="0.7" CC="900" />
            <SP ID="P11_SP00099" WIDTH="0" HPOS="0" VPOS="0" />
            <String ID="P11_S00112" HPOS="1515" VPOS="1039" WIDTH="130" HEIGHT="49" STYLEREFS="StyleId-1" CONTENT="study" WC="0.744" CC="03207" />
            <SP ID="P11_SP00100" WIDTH="0" HPOS="0" VPOS="0" />
            <String ID="P11_S00113" HPOS="1667" VPOS="1038" WIDTH="46" HEIGHT="50" STYLEREFS="StyleId-1" CONTENT="of" WC="0.73" CC="05" />
          </TextLine>
          <TextLine ID="P11_TL00014" HPOS="188" VPOS="1106" WIDTH="1523" HEIGHT="44">
            <String ID="P11_S00114" HPOS="188" VPOS="1106" WIDTH="217" HEIGHT="38" STYLEREFS="StyleId-1" CONTENT="medicine" WC="0.8525" CC="03000080" />
            <SP ID="P11_SP00101" WIDTH="0" HPOS="0" VPOS="0" />
            <String ID="P11_S00115" HPOS="429" VPOS="1106" WIDTH="142" HEIGHT="47" STYLEREFS="StyleId-1" CONTENT="might" WC="0.602" CC="14077" />
            <SP ID="P11_SP00102" WIDTH="0" HPOS="0" VPOS="0" />
            <String ID="P11_S00116" HPOS="593" VPOS="1106" WIDTH="52" HEIGHT="47" STYLEREFS="StyleId-1" CONTENT="be" WC="0.66" CC="60" />
            <SP ID="P11_SP00103" WIDTH="0" HPOS="0" VPOS="0" />
            <String ID="P11_S00117" HPOS="668" VPOS="1106" WIDTH="130" HEIGHT="47" STYLEREFS="StyleId-1" CONTENT="taken" WC="0.38" CC="09777" />
            <SP ID="P11_SP00104" WIDTH="0" HPOS="0" VPOS="0" />
            <String ID="P11_S00118" HPOS="824" VPOS="1117" WIDTH="58" HEIGHT="36" STYLEREFS="StyleId-1" CONTENT="up" WC="0.15" CC="88" />
            <SP ID="P11_SP00105" WIDTH="0" HPOS="0" VPOS="0" />
            <String ID="P11_S00119" HPOS="901" VPOS="1120" WIDTH="7" HEIGHT="33" STYLEREFS="StyleId-1" CONTENT=";" WC="1" CC="0" />
            <SP ID="P11_SP00106" WIDTH="0" HPOS="0" VPOS="0" />
            <String ID="P11_S00120" HPOS="936" VPOS="1105" WIDTH="98" HEIGHT="48" STYLEREFS="StyleId-1" CONTENT="four" WC="0.935" CC="2000" />
            <SP ID="P11_SP00107" WIDTH="0" HPOS="0" VPOS="0" />
            <String ID="P11_S00121" HPOS="1076" VPOS="1117" WIDTH="124" HEIGHT="36" STYLEREFS="StyleId-1" CONTENT="years" WC="0.724" CC="001012" />
            <SP ID="P11_SP00108" WIDTH="0" HPOS="0" VPOS="0" />
            <String ID="P11_S00122" HPOS="1239" VPOS="1105" WIDTH="45" HEIGHT="48" STYLEREFS="StyleId-1" CONTENT="of" WC="0.605" CC="61" />
            <SP ID="P11_SP00109" WIDTH="0" HPOS="0" VPOS="0" />
            <String ID="P11_S00123" HPOS="1323" VPOS="1104" WIDTH="182" HEIGHT="49" STYLEREFS="StyleId-1" CONTENT="medical" WC="0.7614286" CC="9002302" />
            <SP ID="P11_SP00110" WIDTH="0" HPOS="0" VPOS="0" />
            <String ID="P11_S00124" HPOS="1546" VPOS="1103" WIDTH="165" HEIGHT="50" STYLEREFS="StyleId-1" CONTENT="studies" WC="0.931428552" CC="0000400" />
          </TextLine>
          <TextLine ID="P11_TL00015" HPOS="189" VPOS="1173" WIDTH="1522" HEIGHT="42">
            <String ID="P11_S00125" HPOS="189" VPOS="1185" WIDTH="172" HEIGHT="34" STYLEREFS="StyleId-1" CONTENT="proper," WC="0.9442857" CC="0000030" />
            <SP ID="P11_SP00111" WIDTH="0" HPOS="0" VPOS="0" />
            <String ID="P11_S00126" HPOS="388" VPOS="1172" WIDTH="148" HEIGHT="47" STYLEREFS="StyleId-1" CONTENT="before" WC="0.9533333" CC="002000" />
            <SP ID="P11_SP00112" WIDTH="0" HPOS="0" VPOS="0" />
            <String ID="P11_S00127" HPOS="560" VPOS="1185" WIDTH="23" HEIGHT="34" STYLEREFS="StyleId-1" CONTENT="a" WC="0.86" CC="1" />
            <SP ID="P11_SP00113" WIDTH="0" HPOS="0" VPOS="0" />
            <String ID="P11_S00128" HPOS="605" VPOS="1172" WIDTH="157" HEIGHT="47" STYLEREFS="StyleId-1" CONTENT="degree" WC="0.9533333" CC="000200" />
            <SP ID="P11_SP00114" WIDTH="0" HPOS="0" VPOS="0" />
            <String ID="P11_S00129" HPOS="790" VPOS="1184" WIDTH="88" HEIGHT="35" STYLEREFS="StyleId-1" CONTENT="was" WC="0.426666677" CC="1070" />
            <SP ID="P11_SP00115" WIDTH="0" HPOS="0" VPOS="0" />
            <String ID="P11_S00130" HPOS="901" VPOS="1171" WIDTH="145" HEIGHT="48" STYLEREFS="StyleId-1" CONTENT="given," WC="0.8333333" CC="1000000" />
            <SP ID="P11_SP00116" WIDTH="0" HPOS="0" VPOS="0" />
            <String ID="P11_S00131" HPOS="1074" VPOS="1170" WIDTH="229" HEIGHT="49" STYLEREFS="StyleId-1" CONTENT="including" WC="0.728888869" CC="480000380" />
            <SP ID="P11_SP00117" WIDTH="0" HPOS="0" VPOS="0" />
            <String ID="P11_S00132" HPOS="1324" VPOS="1183" WIDTH="24" HEIGHT="36" STYLEREFS="StyleId-1" CONTENT="a" WC="1" CC="0" />
            <SP ID="P11_SP00118" WIDTH="0" HPOS="0" VPOS="0" />
            <String ID="P11_S00133" HPOS="1369" VPOS="1169" WIDTH="157" HEIGHT="50" STYLEREFS="StyleId-1" CONTENT="special" WC="0.991428554" CC="0000000" />
            <SP ID="P11_SP00119" WIDTH="0" HPOS="0" VPOS="0" />
            <String ID="P11_S00134" HPOS="1560" VPOS="1179" WIDTH="151" HEIGHT="40" STYLEREFS="StyleId-1" CONTENT="course" WC="0.8016667" CC="005060" />
          </TextLine>
          <TextLine ID="P11_TL00016" HPOS="189" VPOS="1238" WIDTH="1524" HEIGHT="43">
            <String ID="P11_S00135" HPOS="189" VPOS="1239" WIDTH="44" HEIGHT="38" STYLEREFS="StyleId-1" CONTENT="in" WC="0.71" CC="05" />
            <SP ID="P11_SP00120" WIDTH="0" HPOS="0" VPOS="0" />
            <String ID="P11_S00136" HPOS="257" VPOS="1244" WIDTH="224" HEIGHT="41" STYLEREFS="StyleId-1" CONTENT="anatomy," WC="0.83375" CC="05020400" />
            <SP ID="P11_SP00121" WIDTH="0" HPOS="0" VPOS="0" />
            <String ID="P11_S00137" HPOS="509" VPOS="1237" WIDTH="33" HEIGHT="48" STYLEREFS="StyleId-1" CONTENT="if" WC="0.5" CC="36" />
            <SP ID="P11_SP00122" WIDTH="0" HPOS="0" VPOS="0" />
            <String ID="P11_S00138" HPOS="564" VPOS="1249" WIDTH="183" HEIGHT="36" STYLEREFS="StyleId-1" CONTENT="surgery" WC="0.8357143" CC="1810000" />
            <SP ID="P11_SP00123" WIDTH="0" HPOS="0" VPOS="0" />
            <String ID="P11_S00139" HPOS="758" VPOS="1249" WIDTH="114" HEIGHT="36" STYLEREFS="StyleId-1" CONTENT="were" WC="0.6425" CC="40100" />
            <SP ID="P11_SP00124" WIDTH="0" HPOS="0" VPOS="0" />
            <String ID="P11_S00140" HPOS="884" VPOS="1242" WIDTH="44" HEIGHT="43" STYLEREFS="StyleId-1" CONTENT="to" WC="0.855" CC="02" />
            <SP ID="P11_SP00125" WIDTH="0" HPOS="0" VPOS="0" />
            <String ID="P11_S00141" HPOS="944" VPOS="1236" WIDTH="51" HEIGHT="49" STYLEREFS="StyleId-1" CONTENT="be" WC="0.865" CC="20" />
            <SP ID="P11_SP00126" WIDTH="0" HPOS="0" VPOS="0" />
            <String ID="P11_S00142" HPOS="1015" VPOS="1235" WIDTH="214" HEIGHT="50" STYLEREFS="StyleId-1" CONTENT="practiced" WC="0.895555556" CC="006011000" />
            <SP ID="P11_SP00127" WIDTH="0" HPOS="0" VPOS="0" />
            <String ID="P11_S00143" HPOS="1252" VPOS="1249" WIDTH="8" HEIGHT="36" STYLEREFS="StyleId-1" CONTENT=";" WC="1" CC="0" />
            <SP ID="P11_SP00128" WIDTH="0" HPOS="0" VPOS="0" />
            <String ID="P11_S00144" HPOS="1286" VPOS="1248" WIDTH="23" HEIGHT="37" STYLEREFS="StyleId-1" CONTENT="a" WC="1" CC="0" />
            <SP ID="P11_SP00129" WIDTH="0" HPOS="0" VPOS="0" />
            <String ID="P11_S00145" HPOS="1331" VPOS="1247" WIDTH="101" HEIGHT="38" STYLEREFS="StyleId-1" CONTENT="year" WC="0.9075" CC="0003" />
            <SP ID="P11_SP00130" WIDTH="0" HPOS="0" VPOS="0" />
            <String ID="P11_S00146" HPOS="1458" VPOS="1235" WIDTH="44" HEIGHT="50" STYLEREFS="StyleId-1" CONTENT="of" WC="0.78" CC="04" />
            <SP ID="P11_SP00131" WIDTH="0" HPOS="0" VPOS="0" />
            <String ID="P11_S00147" HPOS="1524" VPOS="1234" WIDTH="188" HEIGHT="51" STYLEREFS="StyleId-1" CONTENT="practice" WC="0.89625" CC="04000030" />
          </TextLine>
          <TextLine ID="P11_TL00017" HPOS="188" VPOS="1304" WIDTH="1521" HEIGHT="41">
            <String ID="P11_S00148" HPOS="188" VPOS="1305" WIDTH="107" HEIGHT="39" STYLEREFS="StyleId-1" CONTENT="with" WC="0.795" CC="3004" />
            <SP ID="P11_SP00132" WIDTH="0" HPOS="0" VPOS="0" />
            <String ID="P11_S00149" HPOS="319" VPOS="1317" WIDTH="24" HEIGHT="27" STYLEREFS="StyleId-1" CONTENT="a" WC="1" CC="0" />
            <SP ID="P11_SP00133" WIDTH="0" HPOS="0" VPOS="0" />
            <String ID="P11_S00150" HPOS="378" VPOS="1304" WIDTH="220" HEIGHT="46" STYLEREFS="StyleId-1" CONTENT="regularly" WC="0.7" CC="0010640050" />
            <SP ID="P11_SP00134" WIDTH="0" HPOS="0" VPOS="0" />
            <String ID="P11_S00151" HPOS="632" VPOS="1303" WIDTH="189" HEIGHT="47" STYLEREFS="StyleId-1" CONTENT="licensed" WC="0.81125" CC="16006000" />
            <SP ID="P11_SP00135" WIDTH="0" HPOS="0" VPOS="0" />
            <String ID="P11_S00152" HPOS="846" VPOS="1301" WIDTH="242" HEIGHT="49" STYLEREFS="StyleId-1" CONTENT="physician," WC="0.696" CC="0406304082" />
            <SP ID="P11_SP00136" WIDTH="0" HPOS="0" VPOS="0" />
            <String ID="P11_S00153" HPOS="1115" VPOS="1301" WIDTH="146" HEIGHT="49" STYLEREFS="StyleId-1" CONTENT="before" WC="0.785" CC="202070" />
            <SP ID="P11_SP00137" WIDTH="0" HPOS="0" VPOS="0" />
            <String ID="P11_S00154" HPOS="1298" VPOS="1313" WIDTH="24" HEIGHT="37" STYLEREFS="StyleId-1" CONTENT="a" WC="0.25" CC="7" />
            <SP ID="P11_SP00138" WIDTH="0" HPOS="0" VPOS="0" />
            <String ID="P11_S00155" HPOS="1342" VPOS="1300" WIDTH="159" HEIGHT="50" STYLEREFS="StyleId-1" CONTENT="license" WC="0.917142868" CC="1000400" />
            <SP ID="P11_SP00139" WIDTH="0" HPOS="0" VPOS="0" />
            <String ID="P11_S00156" HPOS="1523" VPOS="1305" WIDTH="45" HEIGHT="45" STYLEREFS="StyleId-1" CONTENT="to" WC="0.905" CC="01" />
            <SP ID="P11_SP00140" WIDTH="0" HPOS="0" VPOS="0" />
            <String ID="P11_S00157" HPOS="1590" VPOS="1312" WIDTH="119" HEIGHT="38" STYLEREFS="StyleId-1" CONTENT="prac¬" WC="1" CC="00000" />
          </TextLine>
          <TextLine ID="P11_TL00018" HPOS="187" VPOS="1370" WIDTH="591" HEIGHT="37">
            <String ID="P11_S00158" HPOS="187" VPOS="1371" WIDTH="84" HEIGHT="38" STYLEREFS="StyleId-1" CONTENT="tice" WC="0.62" CC="2335" />
            <SP ID="P11_SP00141" WIDTH="0" HPOS="0" VPOS="0" />
            <String ID="P11_S00159" HPOS="293" VPOS="1370" WIDTH="129" HEIGHT="39" STYLEREFS="StyleId-1" CONTENT="could" WC="0.784" CC="00640" />
            <SP ID="P11_SP00142" WIDTH="0" HPOS="0" VPOS="0" />
            <String ID="P11_S00160" HPOS="444" VPOS="1369" WIDTH="53" HEIGHT="40" STYLEREFS="StyleId-1" CONTENT="be" WC="0.75" CC="05" />
            <SP ID="P11_SP00143" WIDTH="0" HPOS="0" VPOS="0" />
            <String ID="P11_S00161" HPOS="518" VPOS="1368" WIDTH="260" HEIGHT="41" STYLEREFS="StyleId-1" CONTENT="obtained.&quot;" WC="0.694" CC="0009870004" />
          </TextLine>
          <TextLine ID="P11_TL00019" HPOS="240" VPOS="1430" WIDTH="1472" HEIGHT="46">
            <String ID="P11_S00162" HPOS="240" VPOS="1430" WIDTH="108" HEIGHT="44" STYLEREFS="StyleId-1" CONTENT="&quot;All" WC="0.6575" CC="7113" />
            <SP ID="P11_SP00144" WIDTH="0" HPOS="0" VPOS="0" />
            <String ID="P11_S00163" HPOS="372" VPOS="1436" WIDTH="88" HEIGHT="38" STYLEREFS="StyleId-1" CONTENT="this" WC="0.8075" CC="0700" />
            <SP ID="P11_SP00145" WIDTH="0" HPOS="0" VPOS="0" />
            <String ID="P11_S00164" HPOS="482" VPOS="1438" WIDTH="245" HEIGHT="43" STYLEREFS="StyleId-1" CONTENT="represents" WC="0.869" CC="3004400000" />
            <SP ID="P11_SP00146" WIDTH="0" HPOS="0" VPOS="0" />
            <String ID="P11_S00165" HPOS="744" VPOS="1446" WIDTH="55" HEIGHT="35" STYLEREFS="StyleId-1" CONTENT="an" WC="0.8" CC="04" />
            <SP ID="P11_SP00147" WIDTH="0" HPOS="0" VPOS="0" />
            <String ID="P11_S00166" HPOS="821" VPOS="1433" WIDTH="111" HEIGHT="48" STYLEREFS="StyleId-1" CONTENT="ideal" WC="0.91" CC="30001" />
            <SP ID="P11_SP00148" WIDTH="0" HPOS="0" VPOS="0" />
            <String ID="P11_S00167" HPOS="955" VPOS="1445" WIDTH="62" HEIGHT="36" STYLEREFS="StyleId-1" CONTENT="we" WC="1" CC="00" />
            <SP ID="P11_SP00149" WIDTH="0" HPOS="0" VPOS="0" />
            <String ID="P11_S00168" HPOS="1040" VPOS="1444" WIDTH="70" HEIGHT="37" STYLEREFS="StyleId-1" CONTENT="are" WC="0.82" CC="500" />
            <SP ID="P11_SP00150" WIDTH="0" HPOS="0" VPOS="0" />
            <String ID="P11_S00169" HPOS="1132" VPOS="1444" WIDTH="96" HEIGHT="37" STYLEREFS="StyleId-1" CONTENT="now" WC="0.74" CC="700" />
            <SP ID="P11_SP00151" WIDTH="0" HPOS="0" VPOS="0" />
            <String ID="P11_S00170" HPOS="1249" VPOS="1430" WIDTH="186" HEIGHT="51" STYLEREFS="StyleId-1" CONTENT="striving" WC="0.825" CC="00300180" />
            <SP ID="P11_SP00152" WIDTH="0" HPOS="0" VPOS="0" />
            <String ID="P11_S00171" HPOS="1455" VPOS="1430" WIDTH="124" HEIGHT="51" STYLEREFS="StyleId-1" CONTENT="after." WC="0.855" CC="030014" />
            <SP ID="P11_SP00153" WIDTH="0" HPOS="0" VPOS="0" />
            <String ID="P11_S00172" HPOS="1611" VPOS="1429" WIDTH="101" HEIGHT="52" STYLEREFS="StyleId-1" CONTENT="And" WC="0.776666641" CC="060" />
          </TextLine>
          <TextLine ID="P11_TL00020" HPOS="185" VPOS="1499" WIDTH="1528" HEIGHT="42">
            <String ID="P11_S00173" HPOS="185" VPOS="1503" WIDTH="58" HEIGHT="38" STYLEREFS="StyleId-1" CONTENT="all" WC="0.76" CC="006" />
            <SP ID="P11_SP00154" WIDTH="0" HPOS="0" VPOS="0" />
            <String ID="P11_S00174" HPOS="267" VPOS="1502" WIDTH="88" HEIGHT="39" STYLEREFS="StyleId-1" CONTENT="this" WC="0.1975" CC="87610" />
            <SP ID="P11_SP00155" WIDTH="0" HPOS="0" VPOS="0" />
            <String ID="P11_S00175" HPOS="379" VPOS="1502" WIDTH="34" HEIGHT="39" STYLEREFS="StyleId-1" CONTENT="is" WC="0.575" CC="44" />
            <SP ID="P11_SP00156" WIDTH="0" HPOS="0" VPOS="0" />
            <String ID="P11_S00176" HPOS="435" VPOS="1513" WIDTH="48" HEIGHT="28" STYLEREFS="StyleId-1" CONTENT="so" WC="0.375" CC="74" />
            <SP ID="P11_SP00157" WIDTH="0" HPOS="0" VPOS="0" />
            <String ID="P11_S00177" HPOS="507" VPOS="1501" WIDTH="132" HEIGHT="40" STYLEREFS="StyleId-1" CONTENT="much" WC="0.81" CC="0700" />
            <SP ID="P11_SP00158" WIDTH="0" HPOS="0" VPOS="0" />
            <String ID="P11_S00178" HPOS="662" VPOS="1512" WIDTH="119" HEIGHT="29" STYLEREFS="StyleId-1" CONTENT="more" WC="0.63" CC="2640" />
            <SP ID="P11_SP00159" WIDTH="0" HPOS="0" VPOS="0" />
            <String ID="P11_S00179" HPOS="804" VPOS="1498" WIDTH="221" HEIGHT="43" STYLEREFS="StyleId-1" CONTENT="advanced" WC="0.7875" CC="70314000" />
            <SP ID="P11_SP00160" WIDTH="0" HPOS="0" VPOS="0" />
            <String ID="P11_S00180" HPOS="1043" VPOS="1498" WIDTH="104" HEIGHT="43" STYLEREFS="StyleId-1" CONTENT="than" WC="0.3425" CC="6595" />
            <SP ID="P11_SP00161" WIDTH="0" HPOS="0" VPOS="0" />
            <String ID="P11_S00181" HPOS="1171" VPOS="1509" WIDTH="64" HEIGHT="32" STYLEREFS="StyleId-1" CONTENT="we" WC="0.725" CC="40" />
            <SP ID="P11_SP00162" WIDTH="0" HPOS="0" VPOS="0" />
            <String ID="P11_S00182" HPOS="1246" VPOS="1496" WIDTH="129" HEIGHT="45" STYLEREFS="StyleId-1" CONTENT="could" WC="0.702" CC="00770" />
            <SP ID="P11_SP00163" WIDTH="0" HPOS="0" VPOS="0" />
            <String ID="P11_S00183" HPOS="1390" VPOS="1494" WIDTH="191" HEIGHT="48" STYLEREFS="StyleId-1" CONTENT="possibly" WC="0.63375" CC="03074725" />
            <SP ID="P11_SP00164" WIDTH="0" HPOS="0" VPOS="0" />
            <String ID="P11_S00184" HPOS="1603" VPOS="1495" WIDTH="110" HEIGHT="47" STYLEREFS="StyleId-1" CONTENT="have" WC="0.9375" CC="2000" />
          </TextLine>
          <TextLine ID="P11_TL00021" HPOS="190" VPOS="1565" WIDTH="1517" HEIGHT="44">
            <String ID="P11_S00185" HPOS="190" VPOS="1567" WIDTH="238" HEIGHT="48" STYLEREFS="StyleId-1" CONTENT="imagined," WC="0.8111111" CC="250008000" />
            <SP ID="P11_SP00165" WIDTH="0" HPOS="0" VPOS="0" />
            <String ID="P11_S00186" HPOS="456" VPOS="1566" WIDTH="105" HEIGHT="49" STYLEREFS="StyleId-1" CONTENT="only" WC="0.5025" CC="06310" />
            <SP ID="P11_SP00166" WIDTH="0" HPOS="0" VPOS="0" />
            <String ID="P11_S00187" HPOS="584" VPOS="1566" WIDTH="94" HEIGHT="49" STYLEREFS="StyleId-1" CONTENT="that" WC="0.7725" CC="2600" />
            <SP ID="P11_SP00167" WIDTH="0" HPOS="0" VPOS="0" />
            <String ID="P11_S00188" HPOS="700" VPOS="1565" WIDTH="74" HEIGHT="50" STYLEREFS="StyleId-1" CONTENT="the" WC="0.7733333" CC="060" />
            <SP ID="P11_SP00168" WIDTH="0" HPOS="0" VPOS="0" />
            <String ID="P11_S00189" HPOS="797" VPOS="1563" WIDTH="140" HEIGHT="52" STYLEREFS="StyleId-1" CONTENT="actual" WC="0.785" CC="000444" />
            <SP ID="P11_SP00169" WIDTH="0" HPOS="0" VPOS="0" />
            <String ID="P11_S00190" HPOS="980" VPOS="1563" WIDTH="257" HEIGHT="52" STYLEREFS="StyleId-1" CONTENT="documents" WC="0.8388889" CC="000000509" />
            <SP ID="P11_SP00170" WIDTH="0" HPOS="0" VPOS="0" />
            <String ID="P11_S00191" HPOS="1278" VPOS="1573" WIDTH="70" HEIGHT="42" STYLEREFS="StyleId-1" CONTENT="are" WC="1" CC="000" />
            <SP ID="P11_SP00171" WIDTH="0" HPOS="0" VPOS="0" />
            <String ID="P11_S00192" HPOS="1390" VPOS="1560" WIDTH="43" HEIGHT="55" STYLEREFS="StyleId-1" CONTENT="in" WC="0.525" CC="44" />
            <SP ID="P11_SP00172" WIDTH="0" HPOS="0" VPOS="0" />
            <String ID="P11_S00193" HPOS="1475" VPOS="1560" WIDTH="232" HEIGHT="55" STYLEREFS="StyleId-1" CONTENT="existence," WC="0.859" CC="0023008000" />
          </TextLine>
          <TextLine ID="P11_TL00022" HPOS="192" VPOS="1630" WIDTH="1520" HEIGHT="43">
            <String ID="P11_S00194" HPOS="192" VPOS="1635" WIDTH="96" HEIGHT="38" STYLEREFS="StyleId-1" CONTENT="that" WC="0.5675" CC="07100" />
            <SP ID="P11_SP00173" WIDTH="0" HPOS="0" VPOS="0" />
            <String ID="P11_S00195" HPOS="310" VPOS="1639" WIDTH="115" HEIGHT="34" STYLEREFS="StyleId-1" CONTENT="most" WC="0.9925" CC="0000" />
            <SP ID="P11_SP00174" WIDTH="0" HPOS="0" VPOS="0" />
            <String ID="P11_S00196" HPOS="450" VPOS="1632" WIDTH="153" HEIGHT="46" STYLEREFS="StyleId-1" CONTENT="people" WC="0.858333349" CC="000025" />
            <SP ID="P11_SP00175" WIDTH="0" HPOS="0" VPOS="0" />
            <String ID="P11_S00197" HPOS="626" VPOS="1630" WIDTH="145" HEIGHT="48" STYLEREFS="StyleId-1" CONTENT="refuse" WC="0.775" CC="005700" />
            <SP ID="P11_SP00176" WIDTH="0" HPOS="0" VPOS="0" />
            <String ID="P11_S00198" HPOS="795" VPOS="1635" WIDTH="42" HEIGHT="43" STYLEREFS="StyleId-1" CONTENT="to" WC="0.79" CC="04" />
            <SP ID="P11_SP00177" WIDTH="0" HPOS="0" VPOS="0" />
            <String ID="P11_S00199" HPOS="879" VPOS="1629" WIDTH="64" HEIGHT="49" STYLEREFS="StyleId-1" CONTENT="let" WC="0.8566667" CC="400" />
            <SP ID="P11_SP00178" WIDTH="0" HPOS="0" VPOS="0" />
            <String ID="P11_S00200" HPOS="974" VPOS="1627" WIDTH="259" HEIGHT="51" STYLEREFS="StyleId-1" CONTENT="themselves" WC="0.931" CC="0510000000" />
            <SP ID="P11_SP00179" WIDTH="0" HPOS="0" VPOS="0" />
            <String ID="P11_S00201" HPOS="1273" VPOS="1626" WIDTH="52" HEIGHT="52" STYLEREFS="StyleId-1" CONTENT="be" WC="1" CC="00" />
            <SP ID="P11_SP00180" WIDTH="0" HPOS="0" VPOS="0" />
            <String ID="P11_S00202" HPOS="1366" VPOS="1625" WIDTH="255" HEIGHT="53" STYLEREFS="StyleId-1" CONTENT="persuaded," WC="0.763" CC="0605280000" />
            <SP ID="P11_SP00181" WIDTH="0" HPOS="0" VPOS="0" />
            <String ID="P11_S00203" HPOS="1668" VPOS="1625" WIDTH="44" HEIGHT="53" STYLEREFS="StyleId-1" CONTENT="in" WC="1" CC="00" />
          </TextLine>
          <TextLine ID="P11_TL00023" HPOS="189" VPOS="1696" WIDTH="1522" HEIGHT="45">
            <String ID="P11_S00204" HPOS="189" VPOS="1700" WIDTH="114" HEIGHT="47" STYLEREFS="StyleId-1" CONTENT="spite" WC="0.938" CC="00300" />
            <SP ID="P11_SP00182" WIDTH="0" HPOS="0" VPOS="0" />
            <String ID="P11_S00205" HPOS="325" VPOS="1700" WIDTH="46" HEIGHT="47" STYLEREFS="StyleId-1" CONTENT="of" WC="0.79" CC="04" />
            <SP ID="P11_SP00183" WIDTH="0" HPOS="0" VPOS="0" />
            <String ID="P11_S00206" HPOS="393" VPOS="1699" WIDTH="74" HEIGHT="48" STYLEREFS="StyleId-1" CONTENT="the" WC="0.783333361" CC="060" />
            <SP ID="P11_SP00184" WIDTH="0" HPOS="0" VPOS="0" />
            <String ID="P11_S00207" HPOS="489" VPOS="1697" WIDTH="96" HEIGHT="50" STYLEREFS="StyleId-1" CONTENT="law," WC="0.9025" CC="2001" />
            <SP ID="P11_SP00185" WIDTH="0" HPOS="0" VPOS="0" />
            <String ID="P11_S00208" HPOS="614" VPOS="1698" WIDTH="94" HEIGHT="49" STYLEREFS="StyleId-1" CONTENT="that" WC="0.83" CC="0600" />
            <SP ID="P11_SP00186" WIDTH="0" HPOS="0" VPOS="0" />
            <String ID="P11_S00209" HPOS="732" VPOS="1695" WIDTH="32" HEIGHT="52" STYLEREFS="StyleId-1" CONTENT="it" WC="1" CC="00" />
            <SP ID="P11_SP00187" WIDTH="0" HPOS="0" VPOS="0" />
            <String ID="P11_S00210" HPOS="785" VPOS="1694" WIDTH="128" HEIGHT="53" STYLEREFS="StyleId-1" CONTENT="could" WC="0.858" CC="00600" />
            <SP ID="P11_SP00188" WIDTH="0" HPOS="0" VPOS="0" />
            <String ID="P11_S00211" HPOS="936" VPOS="1695" WIDTH="111" HEIGHT="52" STYLEREFS="StyleId-1" CONTENT="have" WC="1" CC="0000" />
            <SP ID="P11_SP00189" WIDTH="0" HPOS="0" VPOS="0" />
            <String ID="P11_S00212" HPOS="1068" VPOS="1698" WIDTH="145" HEIGHT="49" STYLEREFS="StyleId-1" CONTENT="meant" WC="0.786" CC="02080" />
            <SP ID="P11_SP00190" WIDTH="0" HPOS="0" VPOS="0" />
            <String ID="P11_S00213" HPOS="1234" VPOS="1704" WIDTH="102" HEIGHT="43" STYLEREFS="StyleId-1" CONTENT="very" WC="1" CC="0000" />
            <SP ID="P11_SP00191" WIDTH="0" HPOS="0" VPOS="0" />
            <String ID="P11_S00214" HPOS="1372" VPOS="1691" WIDTH="146" HEIGHT="56" STYLEREFS="StyleId-1" CONTENT="much." WC="0.684" CC="74003" />
            <SP ID="P11_SP00192" WIDTH="0" HPOS="0" VPOS="0" />
            <String ID="P11_S00215" HPOS="1581" VPOS="1690" WIDTH="130" HEIGHT="57" STYLEREFS="StyleId-1" CONTENT="Espe¬" WC="0.684" CC="72500" />
          </TextLine>
          <TextLine ID="P11_TL00024" HPOS="190" VPOS="1760" WIDTH="1523" HEIGHT="45">
            <String ID="P11_S00216" HPOS="190" VPOS="1765" WIDTH="130" HEIGHT="46" STYLEREFS="StyleId-1" CONTENT="cially" WC="0.7416667" CC="000239" />
            <SP ID="P11_SP00193" WIDTH="0" HPOS="0" VPOS="0" />
            <String ID="P11_S00217" HPOS="344" VPOS="1777" WIDTH="45" HEIGHT="34" STYLEREFS="StyleId-1" CONTENT="as" WC="1" CC="00" />
            <SP ID="P11_SP00194" WIDTH="0" HPOS="0" VPOS="0" />
            <String ID="P11_S00218" HPOS="412" VPOS="1763" WIDTH="179" HEIGHT="48" STYLEREFS="StyleId-1" CONTENT="regards" WC="0.9357143" CC="0000400" />
            <SP ID="P11_SP00195" WIDTH="0" HPOS="0" VPOS="0" />
            <String ID="P11_S00219" HPOS="613" VPOS="1760" WIDTH="184" HEIGHT="51" STYLEREFS="StyleId-1" CONTENT="medical" WC="0.697142839" CC="0080705" />
            <SP ID="P11_SP00196" WIDTH="0" HPOS="0" VPOS="0" />
            <String ID="P11_S00220" HPOS="838" VPOS="1759" WIDTH="225" HEIGHT="52" STYLEREFS="StyleId-1" CONTENT="education" WC="0.7277778" CC="406000508" />
            <SP ID="P11_SP00197" WIDTH="0" HPOS="0" VPOS="0" />
            <String ID="P11_S00221" HPOS="1118" VPOS="1770" WIDTH="71" HEIGHT="41" STYLEREFS="StyleId-1" CONTENT="are" WC="0.74666667" CC="700" />
            <SP ID="P11_SP00198" WIDTH="0" HPOS="0" VPOS="0" />
            <String ID="P11_S00222" HPOS="1229" VPOS="1758" WIDTH="102" HEIGHT="53" STYLEREFS="StyleId-1" CONTENT="they" WC="0.87" CC="0500" />
            <SP ID="P11_SP00199" WIDTH="0" HPOS="0" VPOS="0" />
            <String ID="P11_S00223" HPOS="1373" VPOS="1755" WIDTH="197" HEIGHT="56" STYLEREFS="StyleId-1" CONTENT="dubious-" WC="0.71" CC="05720601" />
            <SP ID="P11_SP00200" WIDTH="0" HPOS="0" VPOS="0" />
            <String ID="P11_S00224" HPOS="1600" VPOS="1767" WIDTH="45" HEIGHT="44" STYLEREFS="StyleId-1" CONTENT="as" WC="0.835" CC="30" />
            <SP ID="P11_SP00201" WIDTH="0" HPOS="0" VPOS="0" />
            <String ID="P11_S00225" HPOS="1668" VPOS="1761" WIDTH="45" HEIGHT="50" STYLEREFS="StyleId-1" CONTENT="to" WC="1" CC="00" />
          </TextLine>
          <TextLine ID="P11_TL00025" HPOS="191" VPOS="1825" WIDTH="1523" HEIGHT="40">
            <String ID="P11_S00226" HPOS="191" VPOS="1830" WIDTH="250" HEIGHT="40" STYLEREFS="StyleId-1" CONTENT="conditions" WC="0.683" CC="0489100070" />
            <SP ID="P11_SP00202" WIDTH="0" HPOS="0" VPOS="0" />
            <String ID="P11_S00227" HPOS="465" VPOS="1835" WIDTH="43" HEIGHT="35" STYLEREFS="StyleId-1" CONTENT="at" WC="0.845" CC="30" />
            <SP ID="P11_SP00203" WIDTH="0" HPOS="0" VPOS="0" />
            <String ID="P11_S00228" HPOS="530" VPOS="1829" WIDTH="96" HEIGHT="41" STYLEREFS="StyleId-1" CONTENT="that" WC="0.6475" CC="0670" />
            <SP ID="P11_SP00204" WIDTH="0" HPOS="0" VPOS="0" />
            <String ID="P11_S00229" HPOS="647" VPOS="1827" WIDTH="121" HEIGHT="43" STYLEREFS="StyleId-1" CONTENT="time." WC="0.834" CC="06001" />
            <SP ID="P11_SP00205" WIDTH="0" HPOS="0" VPOS="0" />
            <String ID="P11_S00230" HPOS="793" VPOS="1823" WIDTH="65" HEIGHT="47" STYLEREFS="StyleId-1" CONTENT="To" WC="1" CC="00" />
            <SP ID="P11_SP00206" WIDTH="0" HPOS="0" VPOS="0" />
            <String ID="P11_S00231" HPOS="879" VPOS="1825" WIDTH="134" HEIGHT="45" STYLEREFS="StyleId-1" CONTENT="them," WC="0.69" CC="96000" />
            <SP ID="P11_SP00207" WIDTH="0" HPOS="0" VPOS="0" />
            <String ID="P11_S00232" HPOS="1041" VPOS="1823" WIDTH="33" HEIGHT="47" STYLEREFS="StyleId-1" CONTENT="it" WC="0.96" CC="00" />
            <SP ID="P11_SP00208" WIDTH="0" HPOS="0" VPOS="0" />
            <String ID="P11_S00233" HPOS="1096" VPOS="1834" WIDTH="138" HEIGHT="36" STYLEREFS="StyleId-1" CONTENT="seems" WC="1" CC="00000" />
            <SP ID="P11_SP00209" WIDTH="0" HPOS="0" VPOS="0" />
            <String ID="P11_S00234" HPOS="1256" VPOS="1822" WIDTH="93" HEIGHT="48" STYLEREFS="StyleId-1" CONTENT="that" WC="0.835" CC="0600" />
            <SP ID="P11_SP00210" WIDTH="0" HPOS="0" VPOS="0" />
            <String ID="P11_S00235" HPOS="1373" VPOS="1821" WIDTH="32" HEIGHT="49" STYLEREFS="StyleId-1" CONTENT="it" WC="0.87" CC="20" />
            <SP ID="P11_SP00211" WIDTH="0" HPOS="0" VPOS="0" />
            <String ID="P11_S00236" HPOS="1428" VPOS="1821" WIDTH="127" HEIGHT="49" STYLEREFS="StyleId-1" CONTENT="could" WC="0.89" CC="00500" />
            <SP ID="P11_SP00212" WIDTH="0" HPOS="0" VPOS="0" />
            <String ID="P11_S00237" HPOS="1586" VPOS="1820" WIDTH="128" HEIGHT="50" STYLEREFS="StyleId-1" CONTENT="make" WC="0.66" CC="0660" />
          </TextLine>
          <TextLine ID="P11_TL00026" HPOS="190" VPOS="1891" WIDTH="1523" HEIGHT="47">
            <String ID="P11_S00238" HPOS="190" VPOS="1909" WIDTH="107" HEIGHT="35" STYLEREFS="StyleId-1" CONTENT="very" WC="0.785" CC="8000" />
            <SP ID="P11_SP00213" WIDTH="0" HPOS="0" VPOS="0" />
            <String ID="P11_S00239" HPOS="320" VPOS="1896" WIDTH="115" HEIGHT="48" STYLEREFS="StyleId-1" CONTENT="little" WC="0.9266667" CC="000040" />
            <SP ID="P11_SP00214" WIDTH="0" HPOS="0" VPOS="0" />
            <String ID="P11_S00240" HPOS="457" VPOS="1893" WIDTH="235" HEIGHT="51" STYLEREFS="StyleId-1" CONTENT="difference" WC="0.745" CC="0133233800" />
            <SP ID="P11_SP00215" WIDTH="0" HPOS="0" VPOS="0" />
            <String ID="P11_S00241" HPOS="715" VPOS="1893" WIDTH="101" HEIGHT="51" STYLEREFS="StyleId-1" CONTENT="how" WC="0.78" CC="600" />
            <SP ID="P11_SP00216" WIDTH="0" HPOS="0" VPOS="0" />
            <String ID="P11_S00242" HPOS="837" VPOS="1890" WIDTH="130" HEIGHT="54" STYLEREFS="StyleId-1" CONTENT="much" WC="0.5075" CC="0576" />
            <SP ID="P11_SP00217" WIDTH="0" HPOS="0" VPOS="0" />
            <String ID="P11_S00243" HPOS="990" VPOS="1889" WIDTH="104" HEIGHT="55" STYLEREFS="StyleId-1" CONTENT="time" WC="0.8425" CC="2300" />
            <SP ID="P11_SP00218" WIDTH="0" HPOS="0" VPOS="0" />
            <String ID="P11_S00244" HPOS="1116" VPOS="1900" WIDTH="86" HEIGHT="44" STYLEREFS="StyleId-1" CONTENT="was" WC="1" CC="000" />
            <SP ID="P11_SP00219" WIDTH="0" HPOS="0" VPOS="0" />
            <String ID="P11_S00245" HPOS="1228" VPOS="1886" WIDTH="196" HEIGHT="58" STYLEREFS="StyleId-1" CONTENT="required" WC="0.97375" CC="00020000" />
            <SP ID="P11_SP00220" WIDTH="0" HPOS="0" VPOS="0" />
            <String ID="P11_S00246" HPOS="1448" VPOS="1886" WIDTH="65" HEIGHT="58" STYLEREFS="StyleId-1" CONTENT="for" WC="0.79" CC="600" />
            <SP ID="P11_SP00221" WIDTH="0" HPOS="0" VPOS="0" />
            <String ID="P11_S00247" HPOS="1530" VPOS="1885" WIDTH="183" HEIGHT="59" STYLEREFS="StyleId-1" CONTENT="medical" WC="0.78" CC="0035070" />
          </TextLine>
          <TextLine ID="P11_TL00027" HPOS="187" VPOS="1956" WIDTH="1529" HEIGHT="48">
            <String ID="P11_S00248" HPOS="187" VPOS="1963" WIDTH="136" HEIGHT="47" STYLEREFS="StyleId-1" CONTENT="study" WC="0.938" CC="00300" />
            <SP ID="P11_SP00222" WIDTH="0" HPOS="0" VPOS="0" />
            <String ID="P11_S00249" HPOS="344" VPOS="1974" WIDTH="49" HEIGHT="36" STYLEREFS="StyleId-1" CONTENT="or" WC="0.81" CC="03" />
            <SP ID="P11_SP00223" WIDTH="0" HPOS="0" VPOS="0" />
            <String ID="P11_S00250" HPOS="415" VPOS="1961" WIDTH="68" HEIGHT="49" STYLEREFS="StyleId-1" CONTENT="for" WC="0.6766667" CC="540" />
            <SP ID="P11_SP00224" WIDTH="0" HPOS="0" VPOS="0" />
            <String ID="P11_S00251" HPOS="503" VPOS="1959" WIDTH="167" HEIGHT="51" STYLEREFS="StyleId-1" CONTENT="studies" WC="0.767142832" CC="0032108" />
            <SP ID="P11_SP00225" WIDTH="0" HPOS="0" VPOS="0" />
            <String ID="P11_S00252" HPOS="692" VPOS="1956" WIDTH="283" HEIGHT="54" STYLEREFS="StyleId-1" CONTENT="preliminary" WC="0.834545434" CC="70002035000" />
            <SP ID="P11_SP00226" WIDTH="0" HPOS="0" VPOS="0" />
            <String ID="P11_S00253" HPOS="995" VPOS="1959" WIDTH="44" HEIGHT="51" STYLEREFS="StyleId-1" CONTENT="to" WC="1" CC="00" />
            <SP ID="P11_SP00227" WIDTH="0" HPOS="0" VPOS="0" />
            <String ID="P11_S00254" HPOS="1061" VPOS="1952" WIDTH="229" HEIGHT="58" STYLEREFS="StyleId-1" CONTENT="medicine," WC="0.7877778" CC="900002304" />
            <SP ID="P11_SP00228" WIDTH="0" HPOS="0" VPOS="0" />
            <String ID="P11_S00255" HPOS="1315" VPOS="1951" WIDTH="117" HEIGHT="59" STYLEREFS="StyleId-1" CONTENT="since" WC="0.874" CC="00600" />
            <SP ID="P11_SP00229" WIDTH="0" HPOS="0" VPOS="0" />
            <String ID="P11_S00256" HPOS="1467" VPOS="1952" WIDTH="121" HEIGHT="58" STYLEREFS="StyleId-1" CONTENT="there" WC="0.908" CC="40000" />
            <SP ID="P11_SP00230" WIDTH="0" HPOS="0" VPOS="0" />
            <String ID="P11_S00257" HPOS="1627" VPOS="1962" WIDTH="88" HEIGHT="48" STYLEREFS="StyleId-1" CONTENT="was" WC="0.826666653" CC="050" />
          </TextLine>
          <TextLine ID="P11_TL00028" HPOS="191" VPOS="2021" WIDTH="1523" HEIGHT="42">
            <String ID="P11_S00258" HPOS="191" VPOS="2042" WIDTH="47" HEIGHT="26" STYLEREFS="StyleId-1" CONTENT="so" WC="0.77" CC="40" />
            <SP ID="P11_SP00231" WIDTH="0" HPOS="0" VPOS="0" />
            <String ID="P11_S00259" HPOS="258" VPOS="2028" WIDTH="114" HEIGHT="40" STYLEREFS="StyleId-1" CONTENT="little" WC="0.87166667" CC="100041" />
            <SP ID="P11_SP00232" WIDTH="0" HPOS="0" VPOS="0" />
            <String ID="P11_S00260" HPOS="395" VPOS="2032" WIDTH="45" HEIGHT="36" STYLEREFS="StyleId-1" CONTENT="to" WC="0.35" CC="57" />
            <SP ID="P11_SP00233" WIDTH="0" HPOS="0" VPOS="0" />
            <String ID="P11_S00261" HPOS="461" VPOS="2026" WIDTH="54" HEIGHT="42" STYLEREFS="StyleId-1" CONTENT="be" WC="0.63" CC="07" />
            <SP ID="P11_SP00234" WIDTH="0" HPOS="0" VPOS="0" />
            <String ID="P11_S00262" HPOS="534" VPOS="2023" WIDTH="194" HEIGHT="45" STYLEREFS="StyleId-1" CONTENT="learned." WC="0.6575" CC="305610200" />
            <SP ID="P11_SP00235" WIDTH="0" HPOS="0" VPOS="0" />
            <String ID="P11_S00263" HPOS="790" VPOS="2020" WIDTH="96" HEIGHT="48" STYLEREFS="StyleId-1" CONTENT="The" WC="1" CC="000" />
            <SP ID="P11_SP00236" WIDTH="0" HPOS="0" VPOS="0" />
            <String ID="P11_S00264" HPOS="908" VPOS="2033" WIDTH="79" HEIGHT="35" STYLEREFS="StyleId-1" CONTENT="age" WC="0.6666667" CC="1000" />
            <SP ID="P11_SP00237" WIDTH="0" HPOS="0" VPOS="0" />
            <String ID="P11_S00265" HPOS="1009" VPOS="2031" WIDTH="87" HEIGHT="37" STYLEREFS="StyleId-1" CONTENT="was" WC="0.69" CC="080" />
            <SP ID="P11_SP00238" WIDTH="0" HPOS="0" VPOS="0" />
            <String ID="P11_S00266" HPOS="1119" VPOS="2018" WIDTH="218" HEIGHT="50" STYLEREFS="StyleId-1" CONTENT="ignorant," WC="0.8388889" CC="406030000" />
            <SP ID="P11_SP00239" WIDTH="0" HPOS="0" VPOS="0" />
            <String ID="P11_S00267" HPOS="1364" VPOS="2028" WIDTH="98" HEIGHT="40" STYLEREFS="StyleId-1" CONTENT="men" WC="0.8933333" CC="003" />
            <SP ID="P11_SP00240" WIDTH="0" HPOS="0" VPOS="0" />
            <String ID="P11_S00268" HPOS="1486" VPOS="2016" WIDTH="128" HEIGHT="52" STYLEREFS="StyleId-1" CONTENT="knew-" WC="0.53" CC="90049" />
            <SP ID="P11_SP00241" WIDTH="0" HPOS="0" VPOS="0" />
            <String ID="P11_S00269" HPOS="1635" VPOS="2015" WIDTH="79" HEIGHT="53" STYLEREFS="StyleId-1" CONTENT="but" WC="0.566666663" CC="085" />
          </TextLine>
          <TextLine ID="P11_TL00029" HPOS="190" VPOS="2086" WIDTH="1524" HEIGHT="47">
            <String ID="P11_S00270" HPOS="190" VPOS="2095" WIDTH="129" HEIGHT="44" STYLEREFS="StyleId-1" CONTENT="little," WC="0.7942857" CC="0500090" />
            <SP ID="P11_SP00242" WIDTH="0" HPOS="0" VPOS="0" />
            <String ID="P11_S00271" HPOS="347" VPOS="2093" WIDTH="86" HEIGHT="46" STYLEREFS="StyleId-1" CONTENT="and" WC="0.386666656" CC="0810" />
            <SP ID="P11_SP00243" WIDTH="0" HPOS="0" VPOS="0" />
            <String ID="P11_S00272" HPOS="456" VPOS="2102" WIDTH="48" HEIGHT="37" STYLEREFS="StyleId-1" CONTENT="so" WC="0.615" CC="07" />
            <SP ID="P11_SP00244" WIDTH="0" HPOS="0" VPOS="0" />
            <String ID="P11_S00273" HPOS="525" VPOS="2101" WIDTH="106" HEIGHT="38" STYLEREFS="StyleId-1" CONTENT="very" WC="0.555" CC="70100" />
            <SP ID="P11_SP00245" WIDTH="0" HPOS="0" VPOS="0" />
            <String ID="P11_S00274" HPOS="654" VPOS="2088" WIDTH="112" HEIGHT="51" STYLEREFS="StyleId-1" CONTENT="little" WC="0.7583333" CC="600800" />
            <SP ID="P11_SP00246" WIDTH="0" HPOS="0" VPOS="0" />
            <String ID="P11_S00275" HPOS="787" VPOS="2087" WIDTH="130" HEIGHT="52" STYLEREFS="StyleId-1" CONTENT="could" WC="0.396" CC="17669" />
            <SP ID="P11_SP00247" WIDTH="0" HPOS="0" VPOS="0" />
            <String ID="P11_S00276" HPOS="952" VPOS="2085" WIDTH="52" HEIGHT="54" STYLEREFS="StyleId-1" CONTENT="be" WC="1" CC="00" />
            <SP ID="P11_SP00248" WIDTH="0" HPOS="0" VPOS="0" />
            <String ID="P11_S00277" HPOS="1045" VPOS="2082" WIDTH="228" HEIGHT="57" STYLEREFS="StyleId-1" CONTENT="imparted," WC="0.905555546" CC="200001004" />
            <SP ID="P11_SP00249" WIDTH="0" HPOS="0" VPOS="0" />
            <String ID="P11_S00278" HPOS="1318" VPOS="2094" WIDTH="56" HEIGHT="45" STYLEREFS="StyleId-1" CONTENT="no" WC="0.62" CC="70" />
            <SP ID="P11_SP00250" WIDTH="0" HPOS="0" VPOS="0" />
            <String ID="P11_S00279" HPOS="1414" VPOS="2087" WIDTH="156" HEIGHT="52" STYLEREFS="StyleId-1" CONTENT="matter" WC="0.345" CC="1042867" />
            <SP ID="P11_SP00251" WIDTH="0" HPOS="0" VPOS="0" />
            <String ID="P11_S00280" HPOS="1614" VPOS="2081" WIDTH="100" HEIGHT="58" STYLEREFS="StyleId-1" CONTENT="how" WC="0.91" CC="020" />
          </TextLine>
          <TextLine ID="P11_TL00030" HPOS="192" VPOS="2151" WIDTH="1523" HEIGHT="43">
            <String ID="P11_S00281" HPOS="192" VPOS="2161" WIDTH="133" HEIGHT="38" STYLEREFS="StyleId-1" CONTENT="much" WC="0.4575" CC="8606" />
            <SP ID="P11_SP00252" WIDTH="0" HPOS="0" VPOS="0" />
            <String ID="P11_S00282" HPOS="347" VPOS="2157" WIDTH="107" HEIGHT="42" STYLEREFS="StyleId-1" CONTENT="time" WC="0.8925" CC="0400" />
            <SP ID="P11_SP00253" WIDTH="0" HPOS="0" VPOS="0" />
            <String ID="P11_S00283" HPOS="475" VPOS="2169" WIDTH="89" HEIGHT="30" STYLEREFS="StyleId-1" CONTENT="was" WC="0.79" CC="600" />
            <SP ID="P11_SP00254" WIDTH="0" HPOS="0" VPOS="0" />
            <String ID="P11_S00284" HPOS="586" VPOS="2156" WIDTH="148" HEIGHT="43" STYLEREFS="StyleId-1" CONTENT="taken," WC="0.421666652" CC="0061099" />
            <SP ID="P11_SP00255" WIDTH="0" HPOS="0" VPOS="0" />
            <String ID="P11_S00285" HPOS="796" VPOS="2151" WIDTH="110" HEIGHT="48" STYLEREFS="StyleId-1" CONTENT="This" WC="0.5" CC="0766" />
            <SP ID="P11_SP00256" WIDTH="0" HPOS="0" VPOS="0" />
            <String ID="P11_S00286" HPOS="926" VPOS="2152" WIDTH="36" HEIGHT="47" STYLEREFS="StyleId-1" CONTENT="is" WC="1" CC="00" />
            <SP ID="P11_SP00257" WIDTH="0" HPOS="0" VPOS="0" />
            <String ID="P11_S00287" HPOS="985" VPOS="2163" WIDTH="23" HEIGHT="36" STYLEREFS="StyleId-1" CONTENT="a" WC="1" CC="0" />
            <SP ID="P11_SP00258" WIDTH="0" HPOS="0" VPOS="0" />
            <String ID="P11_S00288" HPOS="1029" VPOS="2160" WIDTH="198" HEIGHT="39" STYLEREFS="StyleId-1" CONTENT="common" WC="0.936666667" CC="000030" />
            <SP ID="P11_SP00259" WIDTH="0" HPOS="0" VPOS="0" />
            <String ID="P11_S00289" HPOS="1250" VPOS="2147" WIDTH="272" HEIGHT="52" STYLEREFS="StyleId-1" CONTENT="impression," WC="0.918181837" CC="00000132001" />
            <SP ID="P11_SP00260" WIDTH="0" HPOS="0" VPOS="0" />
            <String ID="P11_S00290" HPOS="1547" VPOS="2146" WIDTH="78" HEIGHT="53" STYLEREFS="StyleId-1" CONTENT="but" WC="0.5566667" CC="570" />
            <SP ID="P11_SP00261" WIDTH="0" HPOS="0" VPOS="0" />
            <String ID="P11_S00291" HPOS="1662" VPOS="2158" WIDTH="53" HEIGHT="41" STYLEREFS="StyleId-1" CONTENT="an" WC="0.47" CC="46" />
          </TextLine>
          <TextLine ID="P11_TL00031" HPOS="191" VPOS="2224" WIDTH="455" HEIGHT="47">
            <String ID="P11_S00292" HPOS="192" VPOS="2226" WIDTH="166" HEIGHT="47" STYLEREFS="StyleId-1" CONTENT="utterly" WC="0.861428559" CC="4000050" />
            <SP ID="P11_SP00262" WIDTH="0" HPOS="0" VPOS="0" />
            <String ID="P11_S00293" HPOS="380" VPOS="2224" WIDTH="109" HEIGHT="49" STYLEREFS="StyleId-1" CONTENT="false" WC="0.748" CC="29000" />
            <SP ID="P11_SP00263" WIDTH="0" HPOS="0" VPOS="0" />
            <String ID="P11_S00294" HPOS="511" VPOS="2222" WIDTH="135" HEIGHT="51" STYLEREFS="StyleId-1" CONTENT="one&quot;." WC="0.462" CC="68074" />
          </TextLine>
          <TextLine ID="P11_TL00032" HPOS="280" VPOS="2282" WIDTH="1437" HEIGHT="50">
            <String ID="P11_S00295" HPOS="280" VPOS="2285" WIDTH="7" HEIGHT="15" STYLEREFS="StyleId-1" CONTENT="'" WC="0.79" CC="2" />
            <SP ID="P11_SP00264" WIDTH="0" HPOS="0" VPOS="0" />
            <String ID="P11_S00296" HPOS="301" VPOS="2285" WIDTH="110" HEIGHT="45" STYLEREFS="StyleId-1" CONTENT="'The" WC="0.9275" CC="1010" />
            <SP ID="P11_SP00265" WIDTH="0" HPOS="0" VPOS="0" />
            <String ID="P11_S00297" HPOS="442" VPOS="2287" WIDTH="298" HEIGHT="50" STYLEREFS="StyleId-1" CONTENT="preliminary" WC="0.61" CC="00206627744" />
            <SP ID="P11_SP00266" WIDTH="0" HPOS="0" VPOS="0" />
            <String ID="P11_S00298" HPOS="753" VPOS="2282" WIDTH="213" HEIGHT="55" STYLEREFS="StyleId-1" CONTENT="training*" WC="0.345555544" CC="83106606107" />
            <SP ID="P11_SP00267" WIDTH="0" HPOS="0" VPOS="0" />
            <String ID="P11_S00299" HPOS="1011" VPOS="2282" WIDTH="100" HEIGHT="55" STYLEREFS="StyleId-1" CONTENT="that" WC="0.9275" CC="0002" />
            <SP ID="P11_SP00268" WIDTH="0" HPOS="0" VPOS="0" />
            <String ID="P11_S00300" HPOS="1155" VPOS="2279" WIDTH="50" HEIGHT="58" STYLEREFS="StyleId-1" CONTENT="is," WC="0.6666667" CC="702" />
            <SP ID="P11_SP00269" WIDTH="0" HPOS="0" VPOS="0" />
            <String ID="P11_S00301" HPOS="1248" VPOS="2279" WIDTH="78" HEIGHT="58" STYLEREFS="StyleId-1" CONTENT="the" WC="0.17" CC="7107" />
            <SP ID="P11_SP00270" WIDTH="0" HPOS="0" VPOS="0" />
            <String ID="P11_S00302" HPOS="1368" VPOS="2277" WIDTH="349" HEIGHT="60" STYLEREFS="StyleId-1" CONTENT="undergraduate" WC="0.7692308" CC="05000100004900" />
          </TextLine>
          <TextLine ID="P11_TL00033" HPOS="191" VPOS="2348" WIDTH="1528" HEIGHT="44">
            <String ID="P11_S00303" HPOS="191" VPOS="2358" WIDTH="125" HEIGHT="40" STYLEREFS="StyleId-1" CONTENT="Work" WC="1" CC="0000" />
            <SP ID="P11_SP00271" WIDTH="0" HPOS="0" VPOS="0" />
            <String ID="P11_S00304" HPOS="340" VPOS="2363" WIDTH="42" HEIGHT="35" STYLEREFS="StyleId-1" CONTENT="at" WC="0.915" CC="10" />
            <SP ID="P11_SP00272" WIDTH="0" HPOS="0" VPOS="0" />
            <String ID="P11_S00305" HPOS="400" VPOS="2357" WIDTH="80" HEIGHT="41" STYLEREFS="StyleId-1" CONTENT="the" WC="0.76" CC="700" />
            <SP ID="P11_SP00273" WIDTH="0" HPOS="0" VPOS="0" />
            <String ID="P11_S00306" HPOS="503" VPOS="2351" WIDTH="278" HEIGHT="47" STYLEREFS="StyleId-1" CONTENT="universities" WC="0.598333359" CC="670006663209" />
            <SP ID="P11_SP00274" WIDTH="0" HPOS="0" VPOS="0" />
            <String ID="P11_S00307" HPOS="803" VPOS="2351" WIDTH="122" HEIGHT="47" STYLEREFS="StyleId-1" CONTENT="then," WC="0.566" CC="06770" />
            <SP ID="P11_SP00275" WIDTH="0" HPOS="0" VPOS="0" />
            <String ID="P11_S00308" HPOS="952" VPOS="2345" WIDTH="218" HEIGHT="53" STYLEREFS="StyleId-1" CONTENT="consisted" WC="0.724444449" CC="077620000" />
            <SP ID="P11_SP00276" WIDTH="0" HPOS="0" VPOS="0" />
            <String ID="P11_S00309" HPOS="1203" VPOS="2344" WIDTH="44" HEIGHT="54" STYLEREFS="StyleId-1" CONTENT="of" WC="0.405" CC="74" />
            <SP ID="P11_SP00277" WIDTH="0" HPOS="0" VPOS="0" />
            <String ID="P11_S00310" HPOS="1288" VPOS="2345" WIDTH="74" HEIGHT="53" STYLEREFS="StyleId-1" CONTENT="the" WC="0.86" CC="004" />
            <SP ID="P11_SP00278" WIDTH="0" HPOS="0" VPOS="0" />
            <String ID="P11_S00311" HPOS="1402" VPOS="2355" WIDTH="129" HEIGHT="43" STYLEREFS="StyleId-1" CONTENT="seven" WC="0.892" CC="20003" />
            <SP ID="P11_SP00279" WIDTH="0" HPOS="0" VPOS="0" />
            <String ID="P11_S00312" HPOS="1566" VPOS="2342" WIDTH="153" HEIGHT="56" STYLEREFS="StyleId-1" CONTENT="liberal" WC="0.8542857" CC="0400203" />
          </TextLine>
          <TextLine ID="P11_TL00034" HPOS="192" VPOS="2413" WIDTH="1524" HEIGHT="51">
            <String ID="P11_S00313" HPOS="192" VPOS="2430" WIDTH="104" HEIGHT="40" STYLEREFS="StyleId-1" CONTENT="arts," WC="0.924" CC="00003" />
            <SP ID="P11_SP00280" WIDTH="0" HPOS="0" VPOS="0" />
            <String ID="P11_S00314" HPOS="342" VPOS="2423" WIDTH="75" HEIGHT="47" STYLEREFS="StyleId-1" CONTENT="the" WC="0.7966667" CC="600" />
            <SP ID="P11_SP00281" WIDTH="0" HPOS="0" VPOS="0" />
            <String ID="P11_S00315" HPOS="466" VPOS="2420" WIDTH="181" HEIGHT="50" STYLEREFS="StyleId-1" CONTENT="trivium" WC="0.7942857" CC="0005043" />
            <SP ID="P11_SP00282" WIDTH="0" HPOS="0" VPOS="0" />
            <String ID="P11_S00316" HPOS="698" VPOS="2417" WIDTH="85" HEIGHT="53" STYLEREFS="StyleId-1" CONTENT="and" WC="1" CC="000" />
            <SP ID="P11_SP00283" WIDTH="0" HPOS="0" VPOS="0" />
            <String ID="P11_S00317" HPOS="826" VPOS="2416" WIDTH="73" HEIGHT="54" STYLEREFS="StyleId-1" CONTENT="the" WC="0.7733333" CC="060" />
            <SP ID="P11_SP00284" WIDTH="0" HPOS="0" VPOS="0" />
            <String ID="P11_S00318" HPOS="940" VPOS="2410" WIDTH="294" HEIGHT="60" STYLEREFS="StyleId-1" CONTENT="quadrivium," WC="0.8190909" CC="06002001503" />
            <SP ID="P11_SP00285" WIDTH="0" HPOS="0" VPOS="0" />
            <String ID="P11_S00319" HPOS="1279" VPOS="2409" WIDTH="145" HEIGHT="61" STYLEREFS="StyleId-1" CONTENT="which" WC="0.874" CC="06000" />
            <SP ID="P11_SP00286" WIDTH="0" HPOS="0" VPOS="0" />
            <String ID="P11_S00320" HPOS="1491" VPOS="2407" WIDTH="225" HEIGHT="63" STYLEREFS="StyleId-1" CONTENT="embraced" WC="0.9025" CC="00600000" />
          </TextLine>
          <TextLine ID="P11_TL00035" HPOS="190" VPOS="2479" WIDTH="1528" HEIGHT="54">
            <String ID="P11_S00321" HPOS="190" VPOS="2493" WIDTH="236" HEIGHT="46" STYLEREFS="StyleId-1" CONTENT="grammar," WC="0.5725" CC="60087801" />
            <SP ID="P11_SP00287" WIDTH="0" HPOS="0" VPOS="0" />
            <String ID="P11_S00322" HPOS="450" VPOS="2485" WIDTH="205" HEIGHT="54" STYLEREFS="StyleId-1" CONTENT="rhetoric*" WC="0.613333344" CC="700500587" />
            <SP ID="P11_SP00288" WIDTH="0" HPOS="0" VPOS="0" />
            <String ID="P11_S00323" HPOS="677" VPOS="2482" WIDTH="131" HEIGHT="57" STYLEREFS="StyleId-1" CONTENT="logic," WC="0.465" CC="057773" />
            <SP ID="P11_SP00289" WIDTH="0" HPOS="0" VPOS="0" />
            <String ID="P11_S00324" HPOS="834" VPOS="2478" WIDTH="247" HEIGHT="61" STYLEREFS="StyleId-1" CONTENT="arithmetic" WC="0.503" CC="5960067707" />
            <SP ID="P11_SP00290" WIDTH="0" HPOS="0" VPOS="0" />
            <String ID="P11_S00325" HPOS="1089" VPOS="2485" WIDTH="45" HEIGHT="54" STYLEREFS="StyleId-1" CONTENT=",•••:" WC="0.514" CC="50468" />
            <SP ID="P11_SP00291" WIDTH="0" HPOS="0" VPOS="0" />
            <String ID="P11_S00326" HPOS="1149" VPOS="2475" WIDTH="154" HEIGHT="64" STYLEREFS="StyleId-1" CONTENT="music," WC="0.73" CC="572000" />
            <SP ID="P11_SP00292" WIDTH="0" HPOS="0" VPOS="0" />
            <String ID="P11_S00327" HPOS="1350" VPOS="2479" WIDTH="223" HEIGHT="60" STYLEREFS="StyleId-1" CONTENT="geometry" WC="0.50625" CC="101005578" />
            <SP ID="P11_SP00293" WIDTH="0" HPOS="0" VPOS="0" />
            <String ID="P11_S00328" HPOS="1575" VPOS="2490" WIDTH="21" HEIGHT="49" STYLEREFS="StyleId-1" CONTENT="9" WC="0" CC="10" />
            <SP ID="P11_SP00294" WIDTH="0" HPOS="0" VPOS="0" />
            <String ID="P11_S00329" HPOS="1634" VPOS="2473" WIDTH="84" HEIGHT="66" STYLEREFS="StyleId-1" CONTENT="and" WC="0.74666667" CC="007" />
          </TextLine>
        </TextBlock>
      </PrintSpace>
    </Page>
  </Layout>
</alto>