<?xml version="1.0" encoding="utf-8"?>
<alto xmlns:xlink="http://www.w3.org/1999/xlink" xmlns:xsi="http://www.w3.org/2001/XMLSchema-instance" xsi:schemaLocation="http://www.loc.gov/standards/alto/ns-v2# http://www.loc.gov/standards/alto/alto-v2.0.xsd" xmlns="http://www.loc.gov/standards/alto/ns-v2#">
  <Description>
    <MeasurementUnit>pixel</MeasurementUnit>
    <sourceImageInformation>
      <fileName>0000026.tif</fileName>
    </sourceImageInformation>
    <OCRProcessing ID="Processing">
      <ocrProcessingStep>
        <processingStepSettings>Image Resolution:400</processingStepSettings>
        <processingSoftware>
          <softwareCreator>I2S Kirtas</softwareCreator>
          <softwareName>Limb</softwareName>
          <softwareVersion>1.0</softwareVersion>
          <applicationDescription>Abbyy10 OCR Engine</applicationDescription>
        </processingSoftware>
      </ocrProcessingStep>
    </OCRProcessing>
  </Description>
  <Styles>
    <TextStyle ID="StyleId-0" FONTSIZE="7" FONTFAMILY="Times New Roman" />
    <TextStyle ID="StyleId-1" FONTSIZE="8" FONTFAMILY="Times New Roman" />
    <TextStyle ID="StyleId-2" FONTSIZE="9" FONTFAMILY="Times New Roman" />
  </Styles>
  <Layout>
    <Page ID="P26" PHYSICAL_IMG_NR="26" HEIGHT="2800" WIDTH="1900" ACCURACY="0.781519532" QUALITY_DETAIL="303 words, 1550 chars, 1215 with recognition greater than 50% (78.39%)">
      <TopMargin ID="P26_TM00001" HPOS="0" VPOS="0" WIDTH="1900" HEIGHT="272" />
      <LeftMargin ID="P26_LM00001" HPOS="0" VPOS="272" WIDTH="180" HEIGHT="2257" />
      <RightMargin ID="P26_RM00001" HPOS="1724" VPOS="272" WIDTH="176" HEIGHT="2257" />
      <BottomMargin ID="P26_BM00001" HPOS="0" VPOS="2529" WIDTH="1900" HEIGHT="271" />
      <PrintSpace ID="P26_PS00001" HPOS="180" VPOS="272" WIDTH="1544" HEIGHT="2257">
        <TextBlock ID="P26_TB00001" HPOS="181" VPOS="285" WIDTH="57" HEIGHT="46">
          <TextLine ID="P26_TL00001" HPOS="189" VPOS="292" WIDTH="41" HEIGHT="31">
            <String ID="P26_S00001" HPOS="189" VPOS="292" WIDTH="41" HEIGHT="31" STYLEREFS="StyleId-0" CONTENT="22" WC="0.965" CC="00" />
          </TextLine>
        </TextBlock>
        <TextBlock ID="P26_TB00002" HPOS="676" VPOS="268" WIDTH="567" HEIGHT="54">
          <TextLine ID="P26_TL00002" HPOS="684" VPOS="276" WIDTH="551" HEIGHT="38">
            <String ID="P26_S00002" HPOS="684" VPOS="281" WIDTH="196" HEIGHT="36" STYLEREFS="StyleId-1" CONTENT="WOMAN" WC="0.872" CC="02003" />
            <SP ID="P26_SP00001" WIDTH="0" HPOS="0" VPOS="0" />
            <String ID="P26_S00003" HPOS="902" VPOS="279" WIDTH="55" HEIGHT="38" STYLEREFS="StyleId-1" CONTENT="IN" WC="1" CC="00" />
            <SP ID="P26_SP00002" WIDTH="0" HPOS="0" VPOS="0" />
            <String ID="P26_S00004" HPOS="977" VPOS="272" WIDTH="258" HEIGHT="45" STYLEREFS="StyleId-1" CONTENT="MEDICINE" WC="0.96125" CC="00000300" />
          </TextLine>
        </TextBlock>
        <TextBlock ID="P26_TB00003" HPOS="181" VPOS="384" WIDTH="1543" HEIGHT="2145">
          <TextLine ID="P26_TL00003" HPOS="190" VPOS="391" WIDTH="1510" HEIGHT="51">
            <String ID="P26_S00005" HPOS="190" VPOS="407" WIDTH="73" HEIGHT="37" STYLEREFS="StyleId-2" CONTENT="the" WC="0.58" CC="560" />
            <SP ID="P26_SP00003" WIDTH="0" HPOS="0" VPOS="0" />
            <String ID="P26_S00006" HPOS="278" VPOS="410" WIDTH="162" HEIGHT="41" STYLEREFS="StyleId-2" CONTENT="twenty" WC="0.691666663" CC="505520" />
            <SP ID="P26_SP00004" WIDTH="0" HPOS="0" VPOS="0" />
            <String ID="P26_S00007" HPOS="463" VPOS="416" WIDTH="119" HEIGHT="35" STYLEREFS="StyleId-2" CONTENT="army" WC="0.6375" CC="0490" />
            <SP ID="P26_SP00005" WIDTH="0" HPOS="0" VPOS="0" />
            <String ID="P26_S00008" HPOS="604" VPOS="412" WIDTH="124" HEIGHT="39" STYLEREFS="StyleId-2" CONTENT="corps" WC="0.79" CC="00540" />
            <SP ID="P26_SP00006" WIDTH="0" HPOS="0" VPOS="0" />
            <String ID="P26_S00009" HPOS="750" VPOS="399" WIDTH="45" HEIGHT="52" STYLEREFS="StyleId-2" CONTENT="of" WC="0.825" CC="12" />
            <SP ID="P26_SP00007" WIDTH="0" HPOS="0" VPOS="0" />
            <String ID="P26_S00010" HPOS="830" VPOS="393" WIDTH="178" HEIGHT="58" STYLEREFS="StyleId-2" CONTENT="France," WC="0.87" CC="3302000" />
            <SP ID="P26_SP00008" WIDTH="0" HPOS="0" VPOS="0" />
            <String ID="P26_S00011" HPOS="1033" VPOS="394" WIDTH="103" HEIGHT="57" STYLEREFS="StyleId-2" CONTENT="thus" WC="0.65" CC="0760" />
            <SP ID="P26_SP00009" WIDTH="0" HPOS="0" VPOS="0" />
            <String ID="P26_S00012" HPOS="1179" VPOS="389" WIDTH="202" HEIGHT="62" STYLEREFS="StyleId-2" CONTENT="insuring" WC="0.55125" CC="64035086" />
            <SP ID="P26_SP00010" WIDTH="0" HPOS="0" VPOS="0" />
            <String ID="P26_S00013" HPOS="1419" VPOS="381" WIDTH="281" HEIGHT="70" STYLEREFS="StyleId-2" CONTENT="harmonious" WC="0.497" CC="6866086007" />
          </TextLine>
          <TextLine ID="P26_TL00004" HPOS="191" VPOS="458" WIDTH="1509" HEIGHT="46">
            <String ID="P26_S00014" HPOS="191" VPOS="471" WIDTH="141" HEIGHT="38" STYLEREFS="StyleId-2" CONTENT="action" WC="0.805" CC="001640" />
            <SP ID="P26_SP00011" WIDTH="0" HPOS="0" VPOS="0" />
            <String ID="P26_S00015" HPOS="353" VPOS="471" WIDTH="192" HEIGHT="38" STYLEREFS="StyleId-2" CONTENT="between" WC="0.76" CC="0044008" />
            <SP ID="P26_SP00012" WIDTH="0" HPOS="0" VPOS="0" />
            <String ID="P26_S00016" HPOS="568" VPOS="468" WIDTH="75" HEIGHT="41" STYLEREFS="StyleId-2" CONTENT="the" WC="1" CC="000" />
            <SP ID="P26_SP00013" WIDTH="0" HPOS="0" VPOS="0" />
            <String ID="P26_S00017" HPOS="662" VPOS="465" WIDTH="192" HEIGHT="45" STYLEREFS="StyleId-2" CONTENT="military" WC="0.73625" CC="35000038" />
            <SP ID="P26_SP00014" WIDTH="0" HPOS="0" VPOS="0" />
            <String ID="P26_S00018" HPOS="870" VPOS="462" WIDTH="84" HEIGHT="48" STYLEREFS="StyleId-2" CONTENT="and" WC="0.99333334" CC="000" />
            <SP ID="P26_SP00015" WIDTH="0" HPOS="0" VPOS="0" />
            <String ID="P26_S00019" HPOS="967" VPOS="459" WIDTH="101" HEIGHT="51" STYLEREFS="StyleId-2" CONTENT="civil" WC="0.84" CC="03022" />
            <SP ID="P26_SP00016" WIDTH="0" HPOS="0" VPOS="0" />
            <String ID="P26_S00020" HPOS="1080" VPOS="455" WIDTH="273" HEIGHT="55" STYLEREFS="StyleId-2" CONTENT="authorities." WC="0.920833349" CC="030201002000" />
            <SP ID="P26_SP00017" WIDTH="0" HPOS="0" VPOS="0" />
            <String ID="P26_S00021" HPOS="1418" VPOS="450" WIDTH="96" HEIGHT="60" STYLEREFS="StyleId-2" CONTENT="The" WC="0.75" CC="700" />
            <SP ID="P26_SP00018" WIDTH="0" HPOS="0" VPOS="0" />
            <String ID="P26_S00022" HPOS="1535" VPOS="449" WIDTH="164" HEIGHT="61" STYLEREFS="StyleId-2" CONTENT="society" WC="0.985714257" CC="0000000" />
          </TextLine>
          <TextLine ID="P26_TL00005" HPOS="191" VPOS="523" WIDTH="1511" HEIGHT="47">
            <String ID="P26_S00023" HPOS="191" VPOS="538" WIDTH="76" HEIGHT="36" STYLEREFS="StyleId-2" CONTENT="has" WC="1" CC="000" />
            <SP ID="P26_SP00019" WIDTH="0" HPOS="0" VPOS="0" />
            <String ID="P26_S00024" HPOS="284" VPOS="549" WIDTH="23" HEIGHT="25" STYLEREFS="StyleId-2" CONTENT="a" WC="1" CC="0" />
            <SP ID="P26_SP00020" WIDTH="0" HPOS="0" VPOS="0" />
            <String ID="P26_S00025" HPOS="320" VPOS="533" WIDTH="285" HEIGHT="44" STYLEREFS="StyleId-2" CONTENT="membership" WC="0.895" CC="0000060004" />
            <SP ID="P26_SP00021" WIDTH="0" HPOS="0" VPOS="0" />
            <String ID="P26_S00026" HPOS="628" VPOS="531" WIDTH="44" HEIGHT="46" STYLEREFS="StyleId-2" CONTENT="of" WC="0.87" CC="02" />
            <SP ID="P26_SP00022" WIDTH="0" HPOS="0" VPOS="0" />
            <String ID="P26_S00027" HPOS="693" VPOS="542" WIDTH="100" HEIGHT="35" STYLEREFS="StyleId-2" CONTENT="over" WC="0.89" CC="0004" />
            <SP ID="P26_SP00023" WIDTH="0" HPOS="0" VPOS="0" />
            <String ID="P26_S00028" HPOS="818" VPOS="529" WIDTH="189" HEIGHT="48" STYLEREFS="StyleId-2" CONTENT="110,000," WC="0.79625" CC="04202150" />
            <SP ID="P26_SP00024" WIDTH="0" HPOS="0" VPOS="0" />
            <String ID="P26_S00029" HPOS="1026" VPOS="525" WIDTH="81" HEIGHT="52" STYLEREFS="StyleId-2" CONTENT="and" WC="0.376666665" CC="584" />
            <SP ID="P26_SP00025" WIDTH="0" HPOS="0" VPOS="0" />
            <String ID="P26_S00030" HPOS="1133" VPOS="525" WIDTH="81" HEIGHT="52" STYLEREFS="StyleId-2" CONTENT="400" WC="0.81" CC="203" />
            <SP ID="P26_SP00026" WIDTH="0" HPOS="0" VPOS="0" />
            <String ID="P26_S00031" HPOS="1231" VPOS="519" WIDTH="284" HEIGHT="58" STYLEREFS="StyleId-2" CONTENT="committees," WC="0.884545445" CC="001002000000" />
            <SP ID="P26_SP00027" WIDTH="0" HPOS="0" VPOS="0" />
            <String ID="P26_S00032" HPOS="1544" VPOS="515" WIDTH="83" HEIGHT="62" STYLEREFS="StyleId-2" CONTENT="and" WC="0.75666666" CC="070" />
            <SP ID="P26_SP00028" WIDTH="0" HPOS="0" VPOS="0" />
            <String ID="P26_S00033" HPOS="1647" VPOS="513" WIDTH="55" HEIGHT="64" STYLEREFS="StyleId-2" CONTENT="its" WC="0.836666644" CC="004" />
          </TextLine>
          <TextLine ID="P26_TL00006" HPOS="192" VPOS="590" WIDTH="1502" HEIGHT="45">
            <String ID="P26_S00034" HPOS="192" VPOS="600" WIDTH="321" HEIGHT="39" STYLEREFS="StyleId-2" CONTENT="humanitarian" WC="0.6141667" CC="030080086395" />
            <SP ID="P26_SP00029" WIDTH="0" HPOS="0" VPOS="0" />
            <String ID="P26_S00035" HPOS="537" VPOS="598" WIDTH="119" HEIGHT="41" STYLEREFS="StyleId-2" CONTENT="work" WC="0.755" CC="9000" />
            <SP ID="P26_SP00030" WIDTH="0" HPOS="0" VPOS="0" />
            <String ID="P26_S00036" HPOS="674" VPOS="607" WIDTH="101" HEIGHT="35" STYLEREFS="StyleId-2" CONTENT="goes" WC="0.7625" CC="7020" />
            <SP ID="P26_SP00031" WIDTH="0" HPOS="0" VPOS="0" />
            <String ID="P26_S00037" HPOS="798" VPOS="607" WIDTH="54" HEIGHT="35" STYLEREFS="StyleId-2" CONTENT="on" WC="0.93" CC="01" />
            <SP ID="P26_SP00032" WIDTH="0" HPOS="0" VPOS="0" />
            <String ID="P26_S00038" HPOS="871" VPOS="594" WIDTH="44" HEIGHT="48" STYLEREFS="StyleId-2" CONTENT="in" WC="0.755" CC="04" />
            <SP ID="P26_SP00033" WIDTH="0" HPOS="0" VPOS="0" />
            <String ID="P26_S00039" HPOS="939" VPOS="592" WIDTH="125" HEIGHT="50" STYLEREFS="StyleId-2" CONTENT="times" WC="0.858" CC="04003" />
            <SP ID="P26_SP00034" WIDTH="0" HPOS="0" VPOS="0" />
            <String ID="P26_S00040" HPOS="1087" VPOS="590" WIDTH="44" HEIGHT="52" STYLEREFS="StyleId-2" CONTENT="of" WC="0.78" CC="04" />
            <SP ID="P26_SP00035" WIDTH="0" HPOS="0" VPOS="0" />
            <String ID="P26_S00041" HPOS="1154" VPOS="599" WIDTH="129" HEIGHT="43" STYLEREFS="StyleId-2" CONTENT="peace" WC="0.834" CC="80000" />
            <SP ID="P26_SP00036" WIDTH="0" HPOS="0" VPOS="0" />
            <String ID="P26_S00042" HPOS="1306" VPOS="598" WIDTH="46" HEIGHT="44" STYLEREFS="StyleId-2" CONTENT="as" WC="0.645" CC="70" />
            <SP ID="P26_SP00037" WIDTH="0" HPOS="0" VPOS="0" />
            <String ID="P26_S00043" HPOS="1374" VPOS="583" WIDTH="95" HEIGHT="59" STYLEREFS="StyleId-2" CONTENT="well" WC="0.4875" CC="9073" />
            <SP ID="P26_SP00038" WIDTH="0" HPOS="0" VPOS="0" />
            <String ID="P26_S00044" HPOS="1495" VPOS="594" WIDTH="45" HEIGHT="48" STYLEREFS="StyleId-2" CONTENT="as" WC="0.72" CC="05" />
            <SP ID="P26_SP00039" WIDTH="0" HPOS="0" VPOS="0" />
            <String ID="P26_S00045" HPOS="1554" VPOS="580" WIDTH="140" HEIGHT="62" STYLEREFS="StyleId-2" CONTENT="war.&quot;" WC="0.594" CC="07507" />
          </TextLine>
          <TextLine ID="P26_TL00007" HPOS="274" VPOS="656" WIDTH="1424" HEIGHT="45">
            <String ID="P26_S00046" HPOS="274" VPOS="666" WIDTH="193" HEIGHT="37" STYLEREFS="StyleId-2" CONTENT="Another" WC="0.851428568" CC="4000006" />
            <SP ID="P26_SP00040" WIDTH="0" HPOS="0" VPOS="0" />
            <String ID="P26_S00047" HPOS="489" VPOS="661" WIDTH="294" HEIGHT="48" STYLEREFS="StyleId-2" CONTENT="organization" WC="0.658333361" CC="207090404534" />
            <SP ID="P26_SP00041" WIDTH="0" HPOS="0" VPOS="0" />
            <String ID="P26_S00048" HPOS="806" VPOS="657" WIDTH="299" HEIGHT="52" STYLEREFS="StyleId-2" CONTENT="contributing" WC="0.709166646" CC="403021082280" />
            <SP ID="P26_SP00042" WIDTH="0" HPOS="0" VPOS="0" />
            <String ID="P26_S00049" HPOS="1126" VPOS="660" WIDTH="43" HEIGHT="49" STYLEREFS="StyleId-2" CONTENT="to" WC="0.885" CC="20" />
            <SP ID="P26_SP00043" WIDTH="0" HPOS="0" VPOS="0" />
            <String ID="P26_S00050" HPOS="1187" VPOS="654" WIDTH="72" HEIGHT="55" STYLEREFS="StyleId-2" CONTENT="the" WC="1" CC="000" />
            <SP ID="P26_SP00044" WIDTH="0" HPOS="0" VPOS="0" />
            <String ID="P26_S00051" HPOS="1282" VPOS="651" WIDTH="119" HEIGHT="58" STYLEREFS="StyleId-2" CONTENT="work" WC="0.765" CC="7110" />
            <SP ID="P26_SP00045" WIDTH="0" HPOS="0" VPOS="0" />
            <String ID="P26_S00052" HPOS="1424" VPOS="649" WIDTH="44" HEIGHT="60" STYLEREFS="StyleId-2" CONTENT="of" WC="0.585" CC="43" />
            <SP ID="P26_SP00046" WIDTH="0" HPOS="0" VPOS="0" />
            <String ID="P26_S00053" HPOS="1510" VPOS="648" WIDTH="74" HEIGHT="61" STYLEREFS="StyleId-2" CONTENT="the" WC="1" CC="000" />
            <SP ID="P26_SP00047" WIDTH="0" HPOS="0" VPOS="0" />
            <String ID="P26_S00054" HPOS="1606" VPOS="646" WIDTH="92" HEIGHT="63" STYLEREFS="StyleId-2" CONTENT="Red" WC="0.8066667" CC="500" />
          </TextLine>
          <TextLine ID="P26_TL00008" HPOS="194" VPOS="721" WIDTH="1501" HEIGHT="45">
            <String ID="P26_S00055" HPOS="194" VPOS="733" WIDTH="125" HEIGHT="37" STYLEREFS="StyleId-2" CONTENT="Cross" WC="0.714" CC="54400" />
            <SP ID="P26_SP00048" WIDTH="0" HPOS="0" VPOS="0" />
            <String ID="P26_S00056" HPOS="336" VPOS="731" WIDTH="33" HEIGHT="39" STYLEREFS="StyleId-2" CONTENT="is" WC="0.555" CC="17" />
            <SP ID="P26_SP00049" WIDTH="0" HPOS="0" VPOS="0" />
            <String ID="P26_S00057" HPOS="393" VPOS="731" WIDTH="72" HEIGHT="39" STYLEREFS="StyleId-2" CONTENT="the" WC="0.8433333" CC="040" />
            <SP ID="P26_SP00050" WIDTH="0" HPOS="0" VPOS="0" />
            <String ID="P26_S00058" HPOS="487" VPOS="729" WIDTH="166" HEIGHT="41" STYLEREFS="StyleId-2" CONTENT="Societe" WC="0.8842857" CC="4101100" />
            <SP ID="P26_SP00051" WIDTH="0" HPOS="0" VPOS="0" />
            <String ID="P26_S00059" HPOS="666" VPOS="725" WIDTH="229" HEIGHT="47" STYLEREFS="StyleId-2" CONTENT="Franfaise" WC="0.85" CC="000073200" />
            <SP ID="P26_SP00052" WIDTH="0" HPOS="0" VPOS="0" />
            <String ID="P26_S00060" HPOS="916" VPOS="724" WIDTH="52" HEIGHT="48" STYLEREFS="StyleId-2" CONTENT="de" WC="1" CC="00" />
            <SP ID="P26_SP00053" WIDTH="0" HPOS="0" VPOS="0" />
            <String ID="P26_S00061" HPOS="990" VPOS="722" WIDTH="184" HEIGHT="50" STYLEREFS="StyleId-2" CONTENT="Secours" WC="0.8842857" CC="0000800" />
            <SP ID="P26_SP00054" WIDTH="0" HPOS="0" VPOS="0" />
            <String ID="P26_S00062" HPOS="1190" VPOS="730" WIDTH="87" HEIGHT="42" STYLEREFS="StyleId-2" CONTENT="aux" WC="0.636666656" CC="073" />
            <SP ID="P26_SP00055" WIDTH="0" HPOS="0" VPOS="0" />
            <String ID="P26_S00063" HPOS="1292" VPOS="717" WIDTH="166" HEIGHT="55" STYLEREFS="StyleId-2" CONTENT="Blesses" WC="0.681428552" CC="6000709" />
            <SP ID="P26_SP00056" WIDTH="0" HPOS="0" VPOS="0" />
            <String ID="P26_S00064" HPOS="1474" VPOS="712" WIDTH="221" HEIGHT="60" STYLEREFS="StyleId-2" CONTENT="Militaire," WC="0.764" CC="0430080402" />
          </TextLine>
          <TextLine ID="P26_TL00009" HPOS="193" VPOS="787" WIDTH="1506" HEIGHT="44">
            <String ID="P26_S00065" HPOS="193" VPOS="796" WIDTH="140" HEIGHT="39" STYLEREFS="StyleId-2" CONTENT="which" WC="0.882" CC="00500" />
            <SP ID="P26_SP00057" WIDTH="0" HPOS="0" VPOS="0" />
            <String ID="P26_S00066" HPOS="357" VPOS="796" WIDTH="33" HEIGHT="39" STYLEREFS="StyleId-2" CONTENT="is" WC="0.755" CC="40" />
            <SP ID="P26_SP00058" WIDTH="0" HPOS="0" VPOS="0" />
            <String ID="P26_S00067" HPOS="414" VPOS="794" WIDTH="211" HEIGHT="46" STYLEREFS="StyleId-2" CONTENT="equipped" WC="0.92125" CC="00600000" />
            <SP ID="P26_SP00059" WIDTH="0" HPOS="0" VPOS="0" />
            <String ID="P26_S00068" HPOS="648" VPOS="790" WIDTH="208" HEIGHT="50" STYLEREFS="StyleId-2" CONTENT="similarly" WC="0.882222235" CC="000050500" />
            <SP ID="P26_SP00060" WIDTH="0" HPOS="0" VPOS="0" />
            <String ID="P26_S00069" HPOS="878" VPOS="796" WIDTH="43" HEIGHT="44" STYLEREFS="StyleId-2" CONTENT="to" WC="0.885" CC="02" />
            <SP ID="P26_SP00061" WIDTH="0" HPOS="0" VPOS="0" />
            <String ID="P26_S00070" HPOS="954" VPOS="789" WIDTH="73" HEIGHT="51" STYLEREFS="StyleId-2" CONTENT="the" WC="0.776666641" CC="006" />
            <SP ID="P26_SP00062" WIDTH="0" HPOS="0" VPOS="0" />
            <String ID="P26_S00071" HPOS="1068" VPOS="787" WIDTH="121" HEIGHT="53" STYLEREFS="StyleId-2" CONTENT="three" WC="0.822" CC="00350" />
            <SP ID="P26_SP00063" WIDTH="0" HPOS="0" VPOS="0" />
            <String ID="P26_S00072" HPOS="1231" VPOS="783" WIDTH="174" HEIGHT="57" STYLEREFS="StyleId-2" CONTENT="already" WC="0.987142861" CC="0000000" />
            <SP ID="P26_SP00064" WIDTH="0" HPOS="0" VPOS="0" />
            <String ID="P26_S00073" HPOS="1447" VPOS="777" WIDTH="252" HEIGHT="63" STYLEREFS="StyleId-2" CONTENT="mentioned" WC="0.6933333" CC="1003051700" />
          </TextLine>
          <TextLine ID="P26_TL00010" HPOS="196" VPOS="859" WIDTH="780" HEIGHT="42">
            <String ID="P26_S00074" HPOS="196" VPOS="862" WIDTH="82" HEIGHT="36" STYLEREFS="StyleId-2" CONTENT="and" WC="0.826666653" CC="050" />
            <SP ID="P26_SP00065" WIDTH="0" HPOS="0" VPOS="0" />
            <String ID="P26_S00075" HPOS="301" VPOS="861" WIDTH="35" HEIGHT="37" STYLEREFS="StyleId-2" CONTENT="is" WC="0.67" CC="24" />
            <SP ID="P26_SP00066" WIDTH="0" HPOS="0" VPOS="0" />
            <String ID="P26_S00076" HPOS="358" VPOS="859" WIDTH="198" HEIGHT="45" STYLEREFS="StyleId-2" CONTENT="working" WC="0.4557143" CC="9465380" />
            <SP ID="P26_SP00067" WIDTH="0" HPOS="0" VPOS="0" />
            <String ID="P26_S00077" HPOS="577" VPOS="871" WIDTH="52" HEIGHT="33" STYLEREFS="StyleId-2" CONTENT="on" WC="0.62" CC="07" />
            <SP ID="P26_SP00068" WIDTH="0" HPOS="0" VPOS="0" />
            <String ID="P26_S00078" HPOS="656" VPOS="856" WIDTH="173" HEIGHT="48" STYLEREFS="StyleId-2" CONTENT="parallel" WC="0.835" CC="40000106" />
            <SP ID="P26_SP00069" WIDTH="0" HPOS="0" VPOS="0" />
            <String ID="P26_S00079" HPOS="853" VPOS="855" WIDTH="123" HEIGHT="49" STYLEREFS="StyleId-2" CONTENT="lines." WC="0.841666639" CC="035000" />
          </TextLine>
          <TextLine ID="P26_TL00011" HPOS="277" VPOS="919" WIDTH="1423" HEIGHT="42">
            <String ID="P26_S00080" HPOS="277" VPOS="924" WIDTH="92" HEIGHT="39" STYLEREFS="StyleId-2" CONTENT="The" WC="0.72" CC="701" />
            <SP ID="P26_SP00070" WIDTH="0" HPOS="0" VPOS="0" />
            <String ID="P26_S00081" HPOS="410" VPOS="924" WIDTH="172" HEIGHT="46" STYLEREFS="StyleId-2" CONTENT="general" WC="0.5371429" CC="9080455" />
            <SP ID="P26_SP00071" WIDTH="0" HPOS="0" VPOS="0" />
            <String ID="P26_S00082" HPOS="617" VPOS="923" WIDTH="162" HEIGHT="47" STYLEREFS="StyleId-2" CONTENT="bureau" WC="0.6716667" CC="070407" />
            <SP ID="P26_SP00072" WIDTH="0" HPOS="0" VPOS="0" />
            <String ID="P26_S00083" HPOS="816" VPOS="920" WIDTH="45" HEIGHT="50" STYLEREFS="StyleId-2" CONTENT="of" WC="0.67" CC="06" />
            <SP ID="P26_SP00073" WIDTH="0" HPOS="0" VPOS="0" />
            <String ID="P26_S00084" HPOS="902" VPOS="916" WIDTH="281" HEIGHT="54" STYLEREFS="StyleId-2" CONTENT="distribution" WC="0.839166641" CC="030040060300" />
            <SP ID="P26_SP00074" WIDTH="0" HPOS="0" VPOS="0" />
            <String ID="P26_S00085" HPOS="1227" VPOS="915" WIDTH="65" HEIGHT="55" STYLEREFS="StyleId-2" CONTENT="for" WC="0.636666656" CC="324" />
            <SP ID="P26_SP00075" WIDTH="0" HPOS="0" VPOS="0" />
            <String ID="P26_S00086" HPOS="1314" VPOS="914" WIDTH="73" HEIGHT="56" STYLEREFS="StyleId-2" CONTENT="the" WC="0.7366667" CC="007" />
            <SP ID="P26_SP00076" WIDTH="0" HPOS="0" VPOS="0" />
            <String ID="P26_S00087" HPOS="1411" VPOS="910" WIDTH="226" HEIGHT="60" STYLEREFS="StyleId-2" CONTENT="hospitals," WC="0.679" CC="5051037430" />
            <SP ID="P26_SP00077" WIDTH="0" HPOS="0" VPOS="0" />
            <String ID="P26_S00088" HPOS="1664" VPOS="909" WIDTH="36" HEIGHT="61" STYLEREFS="StyleId-2" CONTENT="is" WC="0.355" CC="75" />
          </TextLine>
          <TextLine ID="P26_TL00012" HPOS="196" VPOS="985" WIDTH="1502" HEIGHT="42">
            <String ID="P26_S00089" HPOS="196" VPOS="991" WIDTH="196" HEIGHT="46" STYLEREFS="StyleId-2" CONTENT="presided" WC="0.895" CC="01000060" />
            <SP ID="P26_SP00078" WIDTH="0" HPOS="0" VPOS="0" />
            <String ID="P26_S00090" HPOS="415" VPOS="1002" WIDTH="99" HEIGHT="35" STYLEREFS="StyleId-2" CONTENT="over" WC="0.6525" CC="0805" />
            <SP ID="P26_SP00079" WIDTH="0" HPOS="0" VPOS="0" />
            <String ID="P26_S00091" HPOS="537" VPOS="989" WIDTH="55" HEIGHT="48" STYLEREFS="StyleId-2" CONTENT="by" WC="1" CC="00" />
            <SP ID="P26_SP00080" WIDTH="0" HPOS="0" VPOS="0" />
            <String ID="P26_S00092" HPOS="617" VPOS="988" WIDTH="197" HEIGHT="49" STYLEREFS="StyleId-2" CONTENT="Madame" WC="0.891666651" CC="020400" />
            <SP ID="P26_SP00081" WIDTH="0" HPOS="0" VPOS="0" />
            <String ID="P26_S00093" HPOS="832" VPOS="985" WIDTH="162" HEIGHT="52" STYLEREFS="StyleId-2" CONTENT="L,ejars." WC="0.59875" CC="85438100" />
            <SP ID="P26_SP00082" WIDTH="0" HPOS="0" VPOS="0" />
            <String ID="P26_S00094" HPOS="1055" VPOS="984" WIDTH="39" HEIGHT="53" STYLEREFS="StyleId-2" CONTENT="It" WC="0.825" CC="30" />
            <SP ID="P26_SP00083" WIDTH="0" HPOS="0" VPOS="0" />
            <String ID="P26_S00095" HPOS="1117" VPOS="982" WIDTH="35" HEIGHT="55" STYLEREFS="StyleId-2" CONTENT="is" WC="0.905" CC="10" />
            <SP ID="P26_SP00084" WIDTH="0" HPOS="0" VPOS="0" />
            <String ID="P26_S00096" HPOS="1171" VPOS="979" WIDTH="195" HEIGHT="58" STYLEREFS="StyleId-2" CONTENT="liberally" WC="0.8333333" CC="010012360" />
            <SP ID="P26_SP00085" WIDTH="0" HPOS="0" VPOS="0" />
            <String ID="P26_S00097" HPOS="1391" VPOS="976" WIDTH="177" HEIGHT="61" STYLEREFS="StyleId-2" CONTENT="stocked" WC="0.7728571" CC="9014000" />
            <SP ID="P26_SP00086" WIDTH="0" HPOS="0" VPOS="0" />
            <String ID="P26_S00098" HPOS="1594" VPOS="975" WIDTH="104" HEIGHT="62" STYLEREFS="StyleId-2" CONTENT="with" WC="0.7125" CC="0406" />
          </TextLine>
          <TextLine ID="P26_TL00013" HPOS="195" VPOS="1050" WIDTH="1506" HEIGHT="40">
            <String ID="P26_S00099" HPOS="196" VPOS="1055" WIDTH="178" HEIGHT="38" STYLEREFS="StyleId-2" CONTENT="medical" WC="0.932857156" CC="0001003" />
            <SP ID="P26_SP00087" WIDTH="0" HPOS="0" VPOS="0" />
            <String ID="P26_S00100" HPOS="399" VPOS="1056" WIDTH="81" HEIGHT="37" STYLEREFS="StyleId-2" CONTENT="and" WC="0.73" CC="080" />
            <SP ID="P26_SP00088" WIDTH="0" HPOS="0" VPOS="0" />
            <String ID="P26_S00101" HPOS="504" VPOS="1053" WIDTH="185" HEIGHT="44" STYLEREFS="StyleId-2" CONTENT="surgical" WC="0.76375" CC="07205003" />
            <SP ID="P26_SP00089" WIDTH="0" HPOS="0" VPOS="0" />
            <String ID="P26_S00102" HPOS="707" VPOS="1050" WIDTH="205" HEIGHT="47" STYLEREFS="StyleId-2" CONTENT="supplies," WC="0.75222224" CC="080076000" />
            <SP ID="P26_SP00090" WIDTH="0" HPOS="0" VPOS="0" />
            <String ID="P26_S00103" HPOS="933" VPOS="1062" WIDTH="43" HEIGHT="35" STYLEREFS="StyleId-2" CONTENT="as" WC="0.52" CC="90" />
            <SP ID="P26_SP00091" WIDTH="0" HPOS="0" VPOS="0" />
            <String ID="P26_S00104" HPOS="1002" VPOS="1047" WIDTH="92" HEIGHT="50" STYLEREFS="StyleId-2" CONTENT="well" WC="0.5875" CC="9033" />
            <SP ID="P26_SP00092" WIDTH="0" HPOS="0" VPOS="0" />
            <String ID="P26_S00105" HPOS="1138" VPOS="1059" WIDTH="44" HEIGHT="38" STYLEREFS="StyleId-2" CONTENT="as" WC="1" CC="00" />
            <SP ID="P26_SP00093" WIDTH="0" HPOS="0" VPOS="0" />
            <String ID="P26_S00106" HPOS="1224" VPOS="1044" WIDTH="188" HEIGHT="53" STYLEREFS="StyleId-2" CONTENT="hospital" WC="0.73375" CC="01607006" />
            <SP ID="P26_SP00094" WIDTH="0" HPOS="0" VPOS="0" />
            <String ID="P26_S00107" HPOS="1449" VPOS="1041" WIDTH="252" HEIGHT="56" STYLEREFS="StyleId-2" CONTENT="equipment" WC="0.572222233" CC="0085210084" />
          </TextLine>
          <TextLine ID="P26_TL00014" HPOS="195" VPOS="1110" WIDTH="1504" HEIGHT="45">
            <String ID="P26_S00108" HPOS="195" VPOS="1121" WIDTH="116" HEIGHT="44" STYLEREFS="StyleId-2" CONTENT="beds," WC="0.982" CC="00000" />
            <SP ID="P26_SP00095" WIDTH="0" HPOS="0" VPOS="0" />
            <String ID="P26_S00109" HPOS="349" VPOS="1120" WIDTH="198" HEIGHT="45" STYLEREFS="StyleId-2" CONTENT="blankets" WC="0.72875" CC="03080090" />
            <SP ID="P26_SP00096" WIDTH="0" HPOS="0" VPOS="0" />
            <String ID="P26_S00110" HPOS="584" VPOS="1118" WIDTH="81" HEIGHT="47" STYLEREFS="StyleId-2" CONTENT="and" WC="0.716666639" CC="080" />
            <SP ID="P26_SP00097" WIDTH="0" HPOS="0" VPOS="0" />
            <String ID="P26_S00111" HPOS="709" VPOS="1116" WIDTH="299" HEIGHT="49" STYLEREFS="StyleId-2" CONTENT="clothing—so" WC="0.6818182" CC="06046080900" />
            <SP ID="P26_SP00098" WIDTH="0" HPOS="0" VPOS="0" />
            <String ID="P26_S00112" HPOS="1031" VPOS="1113" WIDTH="93" HEIGHT="52" STYLEREFS="StyleId-2" CONTENT="that" WC="0.795" CC="0080" />
            <SP ID="P26_SP00099" WIDTH="0" HPOS="0" VPOS="0" />
            <String ID="P26_S00113" HPOS="1168" VPOS="1123" WIDTH="53" HEIGHT="42" STYLEREFS="StyleId-2" CONTENT="an" WC="0.865" CC="02" />
            <SP ID="P26_SP00100" WIDTH="0" HPOS="0" VPOS="0" />
            <String ID="P26_S00114" HPOS="1268" VPOS="1103" WIDTH="325" HEIGHT="62" STYLEREFS="StyleId-2" CONTENT="&quot;ambulance&quot;" WC="0.5581818" CC="79007607207" />
            <SP ID="P26_SP00101" WIDTH="0" HPOS="0" VPOS="0" />
            <String ID="P26_S00115" HPOS="1620" VPOS="1118" WIDTH="79" HEIGHT="47" STYLEREFS="StyleId-2" CONTENT="can" WC="0.663333356" CC="108" />
          </TextLine>
          <TextLine ID="P26_TL00015" HPOS="197" VPOS="1182" WIDTH="1500" HEIGHT="39">
            <String ID="P26_S00116" HPOS="197" VPOS="1186" WIDTH="50" HEIGHT="37" STYLEREFS="StyleId-2" CONTENT="be" WC="1" CC="00" />
            <SP ID="P26_SP00102" WIDTH="0" HPOS="0" VPOS="0" />
            <String ID="P26_S00117" HPOS="260" VPOS="1184" WIDTH="198" HEIGHT="46" STYLEREFS="StyleId-2" CONTENT="supplied" WC="0.8325" CC="03004500" />
            <SP ID="P26_SP00103" WIDTH="0" HPOS="0" VPOS="0" />
            <String ID="P26_S00118" HPOS="473" VPOS="1184" WIDTH="65" HEIGHT="46" STYLEREFS="StyleId-2" CONTENT="for" WC="0.6933333" CC="503" />
            <SP ID="P26_SP00104" WIDTH="0" HPOS="0" VPOS="0" />
            <String ID="P26_S00119" HPOS="550" VPOS="1181" WIDTH="266" HEIGHT="49" STYLEREFS="StyleId-2" CONTENT="installation" WC="0.59" CC="564301604737" />
            <SP ID="P26_SP00105" WIDTH="0" HPOS="0" VPOS="0" />
            <String ID="P26_S00120" HPOS="833" VPOS="1185" WIDTH="42" HEIGHT="45" STYLEREFS="StyleId-2" CONTENT="at" WC="0.5" CC="100" />
            <SP ID="P26_SP00106" WIDTH="0" HPOS="0" VPOS="0" />
            <String ID="P26_S00121" HPOS="890" VPOS="1180" WIDTH="74" HEIGHT="50" STYLEREFS="StyleId-2" CONTENT="the" WC="0.66" CC="360" />
            <SP ID="P26_SP00107" WIDTH="0" HPOS="0" VPOS="0" />
            <String ID="P26_S00122" HPOS="978" VPOS="1179" WIDTH="118" HEIGHT="51" STYLEREFS="StyleId-2" CONTENT="front" WC="0.674" CC="50370" />
            <SP ID="P26_SP00108" WIDTH="0" HPOS="0" VPOS="0" />
            <String ID="P26_S00123" HPOS="1109" VPOS="1189" WIDTH="49" HEIGHT="41" STYLEREFS="StyleId-2" CONTENT="or" WC="0.96" CC="00" />
            <SP ID="P26_SP00109" WIDTH="0" HPOS="0" VPOS="0" />
            <String ID="P26_S00124" HPOS="1173" VPOS="1175" WIDTH="234" HEIGHT="55" STYLEREFS="StyleId-2" CONTENT="elsewhere" WC="0.9433333" CC="040000000" />
            <SP ID="P26_SP00110" WIDTH="0" HPOS="0" VPOS="0" />
            <String ID="P26_S00125" HPOS="1420" VPOS="1185" WIDTH="55" HEIGHT="45" STYLEREFS="StyleId-2" CONTENT="on" WC="0.58" CC="08" />
            <SP ID="P26_SP00111" WIDTH="0" HPOS="0" VPOS="0" />
            <String ID="P26_S00126" HPOS="1493" VPOS="1172" WIDTH="204" HEIGHT="58" STYLEREFS="StyleId-2" CONTENT="demand." WC="0.687142849" CC="5250800" />
          </TextLine>
          <TextLine ID="P26_TL00016" HPOS="198" VPOS="1249" WIDTH="845" HEIGHT="32">
            <String ID="P26_S00127" HPOS="198" VPOS="1250" WIDTH="118" HEIGHT="37" STYLEREFS="StyleId-2" CONTENT="Paris" WC="0.546" CC="64506" />
            <SP ID="P26_SP00112" WIDTH="0" HPOS="0" VPOS="0" />
            <String ID="P26_S00128" HPOS="338" VPOS="1250" WIDTH="34" HEIGHT="37" STYLEREFS="StyleId-2" CONTENT="is" WC="0.865" CC="02" />
            <SP ID="P26_SP00113" WIDTH="0" HPOS="0" VPOS="0" />
            <String ID="P26_S00129" HPOS="394" VPOS="1247" WIDTH="281" HEIGHT="40" STYLEREFS="StyleId-2" CONTENT="enthusiastic" WC="0.795833349" CC="083060000213" />
            <SP ID="P26_SP00114" WIDTH="0" HPOS="0" VPOS="0" />
            <String ID="P26_S00130" HPOS="698" VPOS="1258" WIDTH="100" HEIGHT="29" STYLEREFS="StyleId-2" CONTENT="over" WC="0.9025" CC="0003" />
            <SP ID="P26_SP00115" WIDTH="0" HPOS="0" VPOS="0" />
            <String ID="P26_S00131" HPOS="815" VPOS="1246" WIDTH="73" HEIGHT="41" STYLEREFS="StyleId-2" CONTENT="the" WC="0.8933333" CC="003" />
            <SP ID="P26_SP00116" WIDTH="0" HPOS="0" VPOS="0" />
            <String ID="P26_S00132" HPOS="910" VPOS="1244" WIDTH="133" HEIGHT="43" STYLEREFS="StyleId-2" CONTENT="work." WC="0.806" CC="04500" />
          </TextLine>
          <TextLine ID="P26_TL00017" HPOS="278" VPOS="1312" WIDTH="1424" HEIGHT="37">
            <String ID="P26_S00133" HPOS="278" VPOS="1313" WIDTH="242" HEIGHT="44" STYLEREFS="StyleId-2" CONTENT="Following" WC="0.61" CC="0252005810" />
            <SP ID="P26_SP00117" WIDTH="0" HPOS="0" VPOS="0" />
            <String ID="P26_S00134" HPOS="557" VPOS="1325" WIDTH="55" HEIGHT="32" STYLEREFS="StyleId-2" CONTENT="on" WC="0.5" CC="36" />
            <SP ID="P26_SP00118" WIDTH="0" HPOS="0" VPOS="0" />
            <String ID="P26_S00135" HPOS="630" VPOS="1317" WIDTH="44" HEIGHT="40" STYLEREFS="StyleId-2" CONTENT="to" WC="0.735" CC="05" />
            <SP ID="P26_SP00119" WIDTH="0" HPOS="0" VPOS="0" />
            <String ID="P26_S00136" HPOS="715" VPOS="1311" WIDTH="86" HEIGHT="46" STYLEREFS="StyleId-2" CONTENT="this" WC="0.6975" CC="0550" />
            <SP ID="P26_SP00120" WIDTH="0" HPOS="0" VPOS="0" />
            <String ID="P26_S00137" HPOS="841" VPOS="1321" WIDTH="143" HEIGHT="36" STYLEREFS="StyleId-2" CONTENT="comes" WC="0.884" CC="50000" />
            <SP ID="P26_SP00121" WIDTH="0" HPOS="0" VPOS="0" />
            <String ID="P26_S00138" HPOS="1025" VPOS="1308" WIDTH="74" HEIGHT="49" STYLEREFS="StyleId-2" CONTENT="the" WC="1" CC="000" />
            <SP ID="P26_SP00122" WIDTH="0" HPOS="0" VPOS="0" />
            <String ID="P26_S00139" HPOS="1139" VPOS="1309" WIDTH="352" HEIGHT="48" STYLEREFS="StyleId-2" CONTENT="announcement" WC="0.62" CC="486277000080" />
            <SP ID="P26_SP00123" WIDTH="0" HPOS="0" VPOS="0" />
            <String ID="P26_S00140" HPOS="1532" VPOS="1303" WIDTH="46" HEIGHT="54" STYLEREFS="StyleId-2" CONTENT="of" WC="0.515" CC="27" />
            <SP ID="P26_SP00124" WIDTH="0" HPOS="0" VPOS="0" />
            <String ID="P26_S00141" HPOS="1627" VPOS="1303" WIDTH="75" HEIGHT="54" STYLEREFS="StyleId-2" CONTENT="the" WC="0.78" CC="060" />
          </TextLine>
          <TextLine ID="P26_TL00018" HPOS="198" VPOS="1377" WIDTH="1504" HEIGHT="38">
            <String ID="P26_S00142" HPOS="198" VPOS="1379" WIDTH="299" HEIGHT="46" STYLEREFS="StyleId-2" CONTENT="appointment" WC="0.7936364" CC="30042610040" />
            <SP ID="P26_SP00125" WIDTH="0" HPOS="0" VPOS="0" />
            <String ID="P26_S00143" HPOS="519" VPOS="1377" WIDTH="44" HEIGHT="48" STYLEREFS="StyleId-2" CONTENT="of" WC="0.835" CC="03" />
            <SP ID="P26_SP00126" WIDTH="0" HPOS="0" VPOS="0" />
            <String ID="P26_S00144" HPOS="586" VPOS="1379" WIDTH="72" HEIGHT="46" STYLEREFS="StyleId-2" CONTENT="Dr." WC="0.7266667" CC="350" />
            <SP ID="P26_SP00127" WIDTH="0" HPOS="0" VPOS="0" />
            <String ID="P26_S00145" HPOS="679" VPOS="1378" WIDTH="122" HEIGHT="47" STYLEREFS="StyleId-2" CONTENT="Mary" WC="0.805" CC="0700" />
            <SP ID="P26_SP00128" WIDTH="0" HPOS="0" VPOS="0" />
            <String ID="P26_S00146" HPOS="826" VPOS="1373" WIDTH="222" HEIGHT="52" STYLEREFS="StyleId-2" CONTENT="Crawford" WC="0.77875" CC="30073300" />
            <SP ID="P26_SP00129" WIDTH="0" HPOS="0" VPOS="0" />
            <String ID="P26_S00147" HPOS="1073" VPOS="1372" WIDTH="45" HEIGHT="53" STYLEREFS="StyleId-2" CONTENT="of" WC="0.8" CC="04" />
            <SP ID="P26_SP00130" WIDTH="0" HPOS="0" VPOS="0" />
            <String ID="P26_S00148" HPOS="1135" VPOS="1370" WIDTH="234" HEIGHT="55" STYLEREFS="StyleId-2" CONTENT="Brooklyn," WC="0.85" CC="600002031" />
            <SP ID="P26_SP00131" WIDTH="0" HPOS="0" VPOS="0" />
            <String ID="P26_S00149" HPOS="1388" VPOS="1370" WIDTH="108" HEIGHT="55" STYLEREFS="StyleId-2" CONTENT="New" WC="0.466666669" CC="609" />
            <SP ID="P26_SP00132" WIDTH="0" HPOS="0" VPOS="0" />
            <String ID="P26_S00150" HPOS="1514" VPOS="1368" WIDTH="121" HEIGHT="57" STYLEREFS="StyleId-2" CONTENT="York" WC="0.7525" CC="4050" />
            <SP ID="P26_SP00133" WIDTH="0" HPOS="0" VPOS="0" />
            <String ID="P26_S00151" HPOS="1657" VPOS="1372" WIDTH="45" HEIGHT="53" STYLEREFS="StyleId-2" CONTENT="to" WC="0.85" CC="30" />
          </TextLine>
          <TextLine ID="P26_TL00019" HPOS="199" VPOS="1442" WIDTH="1505" HEIGHT="38">
            <String ID="P26_S00152" HPOS="199" VPOS="1446" WIDTH="74" HEIGHT="35" STYLEREFS="StyleId-2" CONTENT="the" WC="0.8333333" CC="050" />
            <SP ID="P26_SP00134" WIDTH="0" HPOS="0" VPOS="0" />
            <String ID="P26_S00153" HPOS="313" VPOS="1443" WIDTH="188" HEIGHT="45" STYLEREFS="StyleId-2" CONTENT="position" WC="0.5625" CC="105060408" />
            <SP ID="P26_SP00135" WIDTH="0" HPOS="0" VPOS="0" />
            <String ID="P26_S00154" HPOS="544" VPOS="1442" WIDTH="46" HEIGHT="46" STYLEREFS="StyleId-2" CONTENT="of" WC="0.775" CC="40" />
            <SP ID="P26_SP00136" WIDTH="0" HPOS="0" VPOS="0" />
            <String ID="P26_S00155" HPOS="628" VPOS="1441" WIDTH="190" HEIGHT="47" STYLEREFS="StyleId-2" CONTENT="resident" WC="0.82625" CC="40100061" />
            <SP ID="P26_SP00137" WIDTH="0" HPOS="0" VPOS="0" />
            <String ID="P26_S00156" HPOS="840" VPOS="1438" WIDTH="228" HEIGHT="50" STYLEREFS="StyleId-2" CONTENT="physician" WC="0.74222225" CC="600140046" />
            <SP ID="P26_SP00138" WIDTH="0" HPOS="0" VPOS="0" />
            <String ID="P26_S00157" HPOS="1090" VPOS="1437" WIDTH="46" HEIGHT="51" STYLEREFS="StyleId-2" CONTENT="of" WC="0.785" CC="22" />
            <SP ID="P26_SP00139" WIDTH="0" HPOS="0" VPOS="0" />
            <String ID="P26_S00158" HPOS="1155" VPOS="1437" WIDTH="74" HEIGHT="51" STYLEREFS="StyleId-2" CONTENT="the" WC="0.663333356" CC="370" />
            <SP ID="P26_SP00140" WIDTH="0" HPOS="0" VPOS="0" />
            <String ID="P26_S00159" HPOS="1251" VPOS="1435" WIDTH="231" HEIGHT="53" STYLEREFS="StyleId-2" CONTENT="American" WC="0.63" CC="09056008" />
            <SP ID="P26_SP00141" WIDTH="0" HPOS="0" VPOS="0" />
            <String ID="P26_S00160" HPOS="1507" VPOS="1433" WIDTH="197" HEIGHT="55" STYLEREFS="StyleId-2" CONTENT="Military" WC="0.565" CC="03330778" />
          </TextLine>
          <TextLine ID="P26_TL00020" HPOS="200" VPOS="1508" WIDTH="420" HEIGHT="42">
            <String ID="P26_S00161" HPOS="200" VPOS="1508" WIDTH="199" HEIGHT="45" STYLEREFS="StyleId-2" CONTENT="Hospital" WC="0.89125" CC="40000004" />
            <SP ID="P26_SP00142" WIDTH="0" HPOS="0" VPOS="0" />
            <String ID="P26_S00162" HPOS="421" VPOS="1507" WIDTH="43" HEIGHT="46" STYLEREFS="StyleId-2" CONTENT="in" WC="0.83" CC="03" />
            <SP ID="P26_SP00143" WIDTH="0" HPOS="0" VPOS="0" />
            <String ID="P26_S00163" HPOS="489" VPOS="1507" WIDTH="131" HEIGHT="46" STYLEREFS="StyleId-2" CONTENT="Paris." WC="0.771666646" CC="405030" />
          </TextLine>
          <TextLine ID="P26_TL00021" HPOS="282" VPOS="1571" WIDTH="1422" HEIGHT="39">
            <String ID="P26_S00164" HPOS="282" VPOS="1574" WIDTH="155" HEIGHT="35" STYLEREFS="StyleId-2" CONTENT="Doctor" WC="0.788333356" CC="610005" />
            <SP ID="P26_SP00144" WIDTH="0" HPOS="0" VPOS="0" />
            <String ID="P26_S00165" HPOS="459" VPOS="1571" WIDTH="219" HEIGHT="39" STYLEREFS="StyleId-2" CONTENT="Crawford" WC="0.83125" CC="30801010" />
            <SP ID="P26_SP00145" WIDTH="0" HPOS="0" VPOS="0" />
            <String ID="P26_S00166" HPOS="702" VPOS="1570" WIDTH="35" HEIGHT="40" STYLEREFS="StyleId-2" CONTENT="is" WC="0.67" CC="32" />
            <SP ID="P26_SP00146" WIDTH="0" HPOS="0" VPOS="0" />
            <String ID="P26_S00167" HPOS="759" VPOS="1582" WIDTH="23" HEIGHT="28" STYLEREFS="StyleId-2" CONTENT="a" WC="0.21" CC="7" />
            <SP ID="P26_SP00147" WIDTH="0" HPOS="0" VPOS="0" />
            <String ID="P26_S00168" HPOS="813" VPOS="1568" WIDTH="188" HEIGHT="42" STYLEREFS="StyleId-2" CONTENT="member" WC="0.896666646" CC="002003" />
            <SP ID="P26_SP00148" WIDTH="0" HPOS="0" VPOS="0" />
            <String ID="P26_S00169" HPOS="1021" VPOS="1568" WIDTH="45" HEIGHT="42" STYLEREFS="StyleId-2" CONTENT="of" WC="0.81" CC="03" />
            <SP ID="P26_SP00149" WIDTH="0" HPOS="0" VPOS="0" />
            <String ID="P26_S00170" HPOS="1087" VPOS="1568" WIDTH="74" HEIGHT="42" STYLEREFS="StyleId-2" CONTENT="the" WC="0.7866667" CC="600" />
            <SP ID="P26_SP00150" WIDTH="0" HPOS="0" VPOS="0" />
            <String ID="P26_S00171" HPOS="1203" VPOS="1566" WIDTH="196" HEIGHT="44" STYLEREFS="StyleId-2" CONTENT="Duchess" WC="0.714285731" CC="2800036" />
            <SP ID="P26_SP00151" WIDTH="0" HPOS="0" VPOS="0" />
            <String ID="P26_S00172" HPOS="1439" VPOS="1565" WIDTH="44" HEIGHT="45" STYLEREFS="StyleId-2" CONTENT="of" WC="0.59" CC="25" />
            <SP ID="P26_SP00152" WIDTH="0" HPOS="0" VPOS="0" />
            <String ID="P26_S00173" HPOS="1533" VPOS="1562" WIDTH="170" HEIGHT="48" STYLEREFS="StyleId-2" CONTENT="Talley¬" WC="0.917142868" CC="0500000" />
          </TextLine>
          <TextLine ID="P26_TL00022" HPOS="198" VPOS="1638" WIDTH="1506" HEIGHT="37">
            <String ID="P26_S00174" HPOS="198" VPOS="1638" WIDTH="148" HEIGHT="36" STYLEREFS="StyleId-2" CONTENT="rand's" WC="0.915" CC="005000" />
            <SP ID="P26_SP00153" WIDTH="0" HPOS="0" VPOS="0" />
            <String ID="P26_S00175" HPOS="377" VPOS="1637" WIDTH="91" HEIGHT="37" STYLEREFS="StyleId-2" CONTENT="Red" WC="0.9866667" CC="000" />
            <SP ID="P26_SP00154" WIDTH="0" HPOS="0" VPOS="0" />
            <String ID="P26_S00176" HPOS="490" VPOS="1636" WIDTH="127" HEIGHT="38" STYLEREFS="StyleId-2" CONTENT="Cross" WC="0.712" CC="24052" />
            <SP ID="P26_SP00155" WIDTH="0" HPOS="0" VPOS="0" />
            <String ID="P26_S00177" HPOS="653" VPOS="1635" WIDTH="177" HEIGHT="39" STYLEREFS="StyleId-2" CONTENT="section." WC="0.93875" CC="00001010" />
            <SP ID="P26_SP00156" WIDTH="0" HPOS="0" VPOS="0" />
            <String ID="P26_S00178" HPOS="916" VPOS="1635" WIDTH="50" HEIGHT="39" STYLEREFS="StyleId-2" CONTENT="In" WC="0.655" CC="06" />
            <SP ID="P26_SP00157" WIDTH="0" HPOS="0" VPOS="0" />
            <String ID="P26_S00179" HPOS="990" VPOS="1633" WIDTH="87" HEIGHT="41" STYLEREFS="StyleId-2" CONTENT="this" WC="0.6525" CC="0742" />
            <SP ID="P26_SP00158" WIDTH="0" HPOS="0" VPOS="0" />
            <String ID="P26_S00180" HPOS="1111" VPOS="1631" WIDTH="196" HEIGHT="45" STYLEREFS="StyleId-2" CONTENT="Military" WC="0.82875" CC="00050017" />
            <SP ID="P26_SP00159" WIDTH="0" HPOS="0" VPOS="0" />
            <String ID="P26_S00181" HPOS="1349" VPOS="1630" WIDTH="203" HEIGHT="46" STYLEREFS="StyleId-2" CONTENT="hospital," WC="0.8611111" CC="503000003" />
            <SP ID="P26_SP00160" WIDTH="0" HPOS="0" VPOS="0" />
            <String ID="P26_S00182" HPOS="1579" VPOS="1641" WIDTH="58" HEIGHT="35" STYLEREFS="StyleId-2" CONTENT="up" WC="0.66" CC="60" />
            <SP ID="P26_SP00161" WIDTH="0" HPOS="0" VPOS="0" />
            <String ID="P26_S00183" HPOS="1659" VPOS="1633" WIDTH="45" HEIGHT="43" STYLEREFS="StyleId-2" CONTENT="to" WC="1" CC="00" />
          </TextLine>
          <TextLine ID="P26_TL00023" HPOS="202" VPOS="1702" WIDTH="1497" HEIGHT="38">
            <String ID="P26_S00184" HPOS="202" VPOS="1703" WIDTH="74" HEIGHT="36" STYLEREFS="StyleId-2" CONTENT="the" WC="0.75333333" CC="007" />
            <SP ID="P26_SP00162" WIDTH="0" HPOS="0" VPOS="0" />
            <String ID="P26_S00185" HPOS="296" VPOS="1702" WIDTH="98" HEIGHT="37" STYLEREFS="StyleId-2" CONTENT="date" WC="1" CC="0000" />
            <SP ID="P26_SP00163" WIDTH="0" HPOS="0" VPOS="0" />
            <String ID="P26_S00186" HPOS="415" VPOS="1701" WIDTH="44" HEIGHT="38" STYLEREFS="StyleId-2" CONTENT="of" WC="0.795" CC="04" />
            <SP ID="P26_SP00164" WIDTH="0" HPOS="0" VPOS="0" />
            <String ID="P26_S00187" HPOS="480" VPOS="1702" WIDTH="73" HEIGHT="37" STYLEREFS="StyleId-2" CONTENT="the" WC="1" CC="000" />
            <SP ID="P26_SP00165" WIDTH="0" HPOS="0" VPOS="0" />
            <String ID="P26_S00188" HPOS="570" VPOS="1703" WIDTH="347" HEIGHT="36" STYLEREFS="StyleId-2" CONTENT="announcement" WC="0.785" CC="050060007060" />
            <SP ID="P26_SP00166" WIDTH="0" HPOS="0" VPOS="0" />
            <String ID="P26_S00189" HPOS="938" VPOS="1698" WIDTH="45" HEIGHT="41" STYLEREFS="StyleId-2" CONTENT="of" WC="0.55" CC="44" />
            <SP ID="P26_SP00167" WIDTH="0" HPOS="0" VPOS="0" />
            <String ID="P26_S00190" HPOS="1005" VPOS="1698" WIDTH="73" HEIGHT="41" STYLEREFS="StyleId-2" CONTENT="the" WC="0.936666667" CC="010" />
            <SP ID="P26_SP00168" WIDTH="0" HPOS="0" VPOS="0" />
            <String ID="P26_S00191" HPOS="1105" VPOS="1696" WIDTH="321" HEIGHT="47" STYLEREFS="StyleId-2" CONTENT="appointment," WC="0.645" CC="277308020605" />
            <SP ID="P26_SP00169" WIDTH="0" HPOS="0" VPOS="0" />
            <String ID="P26_S00192" HPOS="1467" VPOS="1695" WIDTH="113" HEIGHT="48" STYLEREFS="StyleId-2" CONTENT="Nov." WC="0.8725" CC="2002" />
            <SP ID="P26_SP00170" WIDTH="0" HPOS="0" VPOS="0" />
            <String ID="P26_S00193" HPOS="1607" VPOS="1694" WIDTH="92" HEIGHT="49" STYLEREFS="StyleId-2" CONTENT="3rd," WC="0.67" CC="6600" />
          </TextLine>
          <TextLine ID="P26_TL00024" HPOS="204" VPOS="1767" WIDTH="1499" HEIGHT="38">
            <String ID="P26_S00194" HPOS="204" VPOS="1769" WIDTH="76" HEIGHT="36" STYLEREFS="StyleId-2" CONTENT="500" WC="0.9166667" CC="020" />
            <SP ID="P26_SP00171" WIDTH="0" HPOS="0" VPOS="0" />
            <String ID="P26_S00195" HPOS="323" VPOS="1767" WIDTH="168" HEIGHT="38" STYLEREFS="StyleId-2" CONTENT="French" WC="0.69" CC="450800" />
            <SP ID="P26_SP00172" WIDTH="0" HPOS="0" VPOS="0" />
            <String ID="P26_S00196" HPOS="535" VPOS="1766" WIDTH="82" HEIGHT="39" STYLEREFS="StyleId-2" CONTENT="and" WC="1" CC="000" />
            <SP ID="P26_SP00173" WIDTH="0" HPOS="0" VPOS="0" />
            <String ID="P26_S00197" HPOS="661" VPOS="1764" WIDTH="161" HEIGHT="41" STYLEREFS="StyleId-2" CONTENT="British" WC="0.8357143" CC="5500000" />
            <SP ID="P26_SP00174" WIDTH="0" HPOS="0" VPOS="0" />
            <String ID="P26_S00198" HPOS="857" VPOS="1762" WIDTH="214" HEIGHT="43" STYLEREFS="StyleId-2" CONTENT="wounded" WC="0.69" CC="9036200" />
            <SP ID="P26_SP00175" WIDTH="0" HPOS="0" VPOS="0" />
            <String ID="P26_S00199" HPOS="1094" VPOS="1762" WIDTH="181" HEIGHT="43" STYLEREFS="StyleId-2" CONTENT="soldiers" WC="0.85375" CC="01102050" />
            <SP ID="P26_SP00176" WIDTH="0" HPOS="0" VPOS="0" />
            <String ID="P26_S00200" HPOS="1293" VPOS="1761" WIDTH="84" HEIGHT="44" STYLEREFS="StyleId-2" CONTENT="had" WC="0.72" CC="080" />
            <SP ID="P26_SP00177" WIDTH="0" HPOS="0" VPOS="0" />
            <String ID="P26_S00201" HPOS="1401" VPOS="1761" WIDTH="175" HEIGHT="44" STYLEREFS="StyleId-2" CONTENT="already" WC="0.802857161" CC="0140080" />
            <SP ID="P26_SP00178" WIDTH="0" HPOS="0" VPOS="0" />
            <String ID="P26_S00202" HPOS="1596" VPOS="1760" WIDTH="107" HEIGHT="45" STYLEREFS="StyleId-2" CONTENT="been" WC="0.885" CC="0004" />
          </TextLine>
          <TextLine ID="P26_TL00025" HPOS="201" VPOS="1832" WIDTH="566" HEIGHT="42">
            <String ID="P26_S00203" HPOS="201" VPOS="1831" WIDTH="163" HEIGHT="38" STYLEREFS="StyleId-2" CONTENT="treated" WC="0.985714257" CC="0000010" />
            <SP ID="P26_SP00179" WIDTH="0" HPOS="0" VPOS="0" />
            <String ID="P26_S00204" HPOS="392" VPOS="1831" WIDTH="82" HEIGHT="38" STYLEREFS="StyleId-2" CONTENT="and" WC="0.8333333" CC="050" />
            <SP ID="P26_SP00180" WIDTH="0" HPOS="0" VPOS="0" />
            <String ID="P26_S00205" HPOS="497" VPOS="1830" WIDTH="270" HEIGHT="45" STYLEREFS="StyleId-2" CONTENT="discharged." WC="0.7781818" CC="000050410040" />
          </TextLine>
          <TextLine ID="P26_TL00026" HPOS="286" VPOS="1896" WIDTH="1420" HEIGHT="37">
            <String ID="P26_S00206" HPOS="286" VPOS="1898" WIDTH="156" HEIGHT="34" STYLEREFS="StyleId-2" CONTENT="Doctor" WC="0.8016667" CC="740000" />
            <SP ID="P26_SP00181" WIDTH="0" HPOS="0" VPOS="0" />
            <String ID="P26_S00207" HPOS="460" VPOS="1895" WIDTH="218" HEIGHT="37" STYLEREFS="StyleId-2" CONTENT="Crawford" WC="0.76625" CC="53003050" />
            <SP ID="P26_SP00182" WIDTH="0" HPOS="0" VPOS="0" />
            <String ID="P26_S00208" HPOS="693" VPOS="1893" WIDTH="92" HEIGHT="39" STYLEREFS="StyleId-2" CONTENT="first" WC="0.69" CC="22505" />
            <SP ID="P26_SP00183" WIDTH="0" HPOS="0" VPOS="0" />
            <String ID="P26_S00209" HPOS="799" VPOS="1893" WIDTH="156" HEIGHT="46" STYLEREFS="StyleId-2" CONTENT="gained" WC="0.793333352" CC="000605" />
            <SP ID="P26_SP00184" WIDTH="0" HPOS="0" VPOS="0" />
            <String ID="P26_S00210" HPOS="972" VPOS="1893" WIDTH="76" HEIGHT="46" STYLEREFS="StyleId-2" CONTENT="her" WC="0.6766667" CC="630" />
            <SP ID="P26_SP00185" WIDTH="0" HPOS="0" VPOS="0" />
            <String ID="P26_S00211" HPOS="1070" VPOS="1892" WIDTH="113" HEIGHT="47" STYLEREFS="StyleId-2" CONTENT="fame" WC="0.915" CC="3000" />
            <SP ID="P26_SP00186" WIDTH="0" HPOS="0" VPOS="0" />
            <String ID="P26_S00212" HPOS="1197" VPOS="1904" WIDTH="45" HEIGHT="35" STYLEREFS="StyleId-2" CONTENT="as" WC="1" CC="00" />
            <SP ID="P26_SP00187" WIDTH="0" HPOS="0" VPOS="0" />
            <String ID="P26_S00213" HPOS="1256" VPOS="1892" WIDTH="73" HEIGHT="47" STYLEREFS="StyleId-2" CONTENT="the" WC="1" CC="000" />
            <SP ID="P26_SP00188" WIDTH="0" HPOS="0" VPOS="0" />
            <String ID="P26_S00214" HPOS="1345" VPOS="1890" WIDTH="93" HEIGHT="49" STYLEREFS="StyleId-2" CONTENT="first" WC="0.656" CC="00970" />
            <SP ID="P26_SP00189" WIDTH="0" HPOS="0" VPOS="0" />
            <String ID="P26_S00215" HPOS="1452" VPOS="1890" WIDTH="254" HEIGHT="49" STYLEREFS="StyleId-2" CONTENT="ambulance" WC="0.7088889" CC="070630800" />
          </TextLine>
          <TextLine ID="P26_TL00027" HPOS="204" VPOS="1961" WIDTH="1500" HEIGHT="38">
            <String ID="P26_S00216" HPOS="204" VPOS="1972" WIDTH="184" HEIGHT="34" STYLEREFS="StyleId-2" CONTENT="surgeon" WC="0.8685714" CC="0600002" />
            <SP ID="P26_SP00190" WIDTH="0" HPOS="0" VPOS="0" />
            <String ID="P26_S00217" HPOS="412" VPOS="1960" WIDTH="42" HEIGHT="46" STYLEREFS="StyleId-2" CONTENT="in" WC="0.605" CC="16" />
            <SP ID="P26_SP00191" WIDTH="0" HPOS="0" VPOS="0" />
            <String ID="P26_S00218" HPOS="473" VPOS="1959" WIDTH="233" HEIGHT="47" STYLEREFS="StyleId-2" CONTENT="Brooklyn." WC="0.7822222" CC="623002040" />
            <SP ID="P26_SP00192" WIDTH="0" HPOS="0" VPOS="0" />
            <String ID="P26_S00219" HPOS="770" VPOS="1958" WIDTH="86" HEIGHT="48" STYLEREFS="StyleId-2" CONTENT="She" WC="0.65" CC="360" />
            <SP ID="P26_SP00193" WIDTH="0" HPOS="0" VPOS="0" />
            <String ID="P26_S00220" HPOS="878" VPOS="1970" WIDTH="98" HEIGHT="36" STYLEREFS="StyleId-2" CONTENT="now" WC="0.74" CC="700" />
            <SP ID="P26_SP00194" WIDTH="0" HPOS="0" VPOS="0" />
            <String ID="P26_S00221" HPOS="998" VPOS="1970" WIDTH="180" HEIGHT="36" STYLEREFS="StyleId-2" CONTENT="appears" WC="0.7214286" CC="0890010" />
            <SP ID="P26_SP00195" WIDTH="0" HPOS="0" VPOS="0" />
            <String ID="P26_S00222" HPOS="1199" VPOS="1962" WIDTH="45" HEIGHT="44" STYLEREFS="StyleId-2" CONTENT="to" WC="1" CC="00" />
            <SP ID="P26_SP00196" WIDTH="0" HPOS="0" VPOS="0" />
            <String ID="P26_S00223" HPOS="1267" VPOS="1958" WIDTH="109" HEIGHT="48" STYLEREFS="StyleId-2" CONTENT="have" WC="1" CC="0000" />
            <SP ID="P26_SP00197" WIDTH="0" HPOS="0" VPOS="0" />
            <String ID="P26_S00224" HPOS="1399" VPOS="1956" WIDTH="237" HEIGHT="50" STYLEREFS="StyleId-2" CONTENT="succeeded" WC="0.945555568" CC="400000000" />
            <SP ID="P26_SP00198" WIDTH="0" HPOS="0" VPOS="0" />
            <String ID="P26_S00225" HPOS="1661" VPOS="1955" WIDTH="43" HEIGHT="51" STYLEREFS="StyleId-2" CONTENT="in" WC="0.465" CC="46" />
          </TextLine>
          <TextLine ID="P26_TL00028" HPOS="205" VPOS="2025" WIDTH="1502" HEIGHT="41">
            <String ID="P26_S00226" HPOS="205" VPOS="2026" WIDTH="74" HEIGHT="36" STYLEREFS="StyleId-2" CONTENT="her" WC="1" CC="000" />
            <SP ID="P26_SP00199" WIDTH="0" HPOS="0" VPOS="0" />
            <String ID="P26_S00227" HPOS="302" VPOS="2024" WIDTH="205" HEIGHT="38" STYLEREFS="StyleId-2" CONTENT="ambition" WC="0.775" CC="30009005" />
            <SP ID="P26_SP00200" WIDTH="0" HPOS="0" VPOS="0" />
            <String ID="P26_S00228" HPOS="524" VPOS="2029" WIDTH="44" HEIGHT="33" STYLEREFS="StyleId-2" CONTENT="to" WC="1" CC="00" />
            <SP ID="P26_SP00201" WIDTH="0" HPOS="0" VPOS="0" />
            <String ID="P26_S00229" HPOS="589" VPOS="2024" WIDTH="51" HEIGHT="38" STYLEREFS="StyleId-2" CONTENT="be" WC="1" CC="00" />
            <SP ID="P26_SP00202" WIDTH="0" HPOS="0" VPOS="0" />
            <String ID="P26_S00230" HPOS="661" VPOS="2024" WIDTH="73" HEIGHT="38" STYLEREFS="StyleId-2" CONTENT="the" WC="1" CC="000" />
            <SP ID="P26_SP00203" WIDTH="0" HPOS="0" VPOS="0" />
            <String ID="P26_S00231" HPOS="755" VPOS="2023" WIDTH="93" HEIGHT="39" STYLEREFS="StyleId-2" CONTENT="first" WC="0.864" CC="00330" />
            <SP ID="P26_SP00204" WIDTH="0" HPOS="0" VPOS="0" />
            <String ID="P26_S00232" HPOS="869" VPOS="2022" WIDTH="190" HEIGHT="46" STYLEREFS="StyleId-2" CONTENT="military" WC="0.865" CC="51002000" />
            <SP ID="P26_SP00205" WIDTH="0" HPOS="0" VPOS="0" />
            <String ID="P26_S00233" HPOS="1081" VPOS="2033" WIDTH="202" HEIGHT="35" STYLEREFS="StyleId-2" CONTENT="surgeon." WC="0.70625" CC="002100073" />
            <SP ID="P26_SP00206" WIDTH="0" HPOS="0" VPOS="0" />
            <String ID="P26_S00234" HPOS="1368" VPOS="2021" WIDTH="86" HEIGHT="47" STYLEREFS="StyleId-2" CONTENT="She" WC="0.873333335" CC="300" />
            <SP ID="P26_SP00207" WIDTH="0" HPOS="0" VPOS="0" />
            <String ID="P26_S00235" HPOS="1468" VPOS="2021" WIDTH="239" HEIGHT="47" STYLEREFS="StyleId-2" CONTENT="graduated" WC="0.771111131" CC="1030070000" />
          </TextLine>
          <TextLine ID="P26_TL00029" HPOS="207" VPOS="2090" WIDTH="1497" HEIGHT="39">
            <String ID="P26_S00236" HPOS="207" VPOS="2090" WIDTH="106" HEIGHT="37" STYLEREFS="StyleId-2" CONTENT="from" WC="0.86" CC="4000" />
            <SP ID="P26_SP00208" WIDTH="0" HPOS="0" VPOS="0" />
            <String ID="P26_S00237" HPOS="336" VPOS="2089" WIDTH="172" HEIGHT="38" STYLEREFS="StyleId-2" CONTENT="Cornell" WC="0.832857132" CC="1050220" />
            <SP ID="P26_SP00209" WIDTH="0" HPOS="0" VPOS="0" />
            <String ID="P26_S00238" HPOS="531" VPOS="2089" WIDTH="43" HEIGHT="38" STYLEREFS="StyleId-2" CONTENT="in" WC="0.555" CC="26" />
            <SP ID="P26_SP00210" WIDTH="0" HPOS="0" VPOS="0" />
            <String ID="P26_S00239" HPOS="597" VPOS="2091" WIDTH="117" HEIGHT="42" STYLEREFS="StyleId-2" CONTENT="1904," WC="0.882" CC="02300" />
            <SP ID="P26_SP00211" WIDTH="0" HPOS="0" VPOS="0" />
            <String ID="P26_S00240" HPOS="741" VPOS="2088" WIDTH="83" HEIGHT="45" STYLEREFS="StyleId-2" CONTENT="and" WC="0.75" CC="070" />
            <SP ID="P26_SP00212" WIDTH="0" HPOS="0" VPOS="0" />
            <String ID="P26_S00241" HPOS="862" VPOS="2087" WIDTH="132" HEIGHT="46" STYLEREFS="StyleId-2" CONTENT="sailed" WC="0.711666644" CC="200447" />
            <SP ID="P26_SP00213" WIDTH="0" HPOS="0" VPOS="0" />
            <String ID="P26_S00242" HPOS="1017" VPOS="2088" WIDTH="66" HEIGHT="45" STYLEREFS="StyleId-2" CONTENT="for" WC="0.75666666" CC="420" />
            <SP ID="P26_SP00214" WIDTH="0" HPOS="0" VPOS="0" />
            <String ID="P26_S00243" HPOS="1123" VPOS="2087" WIDTH="180" HEIGHT="46" STYLEREFS="StyleId-2" CONTENT="France," WC="0.8428571" CC="0305002" />
            <SP ID="P26_SP00215" WIDTH="0" HPOS="0" VPOS="0" />
            <String ID="P26_S00244" HPOS="1340" VPOS="2087" WIDTH="97" HEIGHT="46" STYLEREFS="StyleId-2" CONTENT="Oct." WC="0.98" CC="0000" />
            <SP ID="P26_SP00216" WIDTH="0" HPOS="0" VPOS="0" />
            <String ID="P26_S00245" HPOS="1475" VPOS="2087" WIDTH="64" HEIGHT="46" STYLEREFS="StyleId-2" CONTENT="17," WC="1" CC="000" />
            <SP ID="P26_SP00217" WIDTH="0" HPOS="0" VPOS="0" />
            <String ID="P26_S00246" HPOS="1584" VPOS="2088" WIDTH="120" HEIGHT="45" STYLEREFS="StyleId-2" CONTENT="1914." WC="0.85" CC="00060" />
          </TextLine>
          <TextLine ID="P26_TL00030" HPOS="285" VPOS="2152" WIDTH="1425" HEIGHT="45">
            <String ID="P26_S00247" HPOS="285" VPOS="2152" WIDTH="94" HEIGHT="39" STYLEREFS="StyleId-2" CONTENT="The" WC="1" CC="000" />
            <SP ID="P26_SP00218" WIDTH="0" HPOS="0" VPOS="0" />
            <String ID="P26_S00248" HPOS="400" VPOS="2154" WIDTH="125" HEIGHT="37" STYLEREFS="StyleId-2" CONTENT="latest" WC="0.863333344" CC="502000" />
            <SP ID="P26_SP00219" WIDTH="0" HPOS="0" VPOS="0" />
            <String ID="P26_S00249" HPOS="547" VPOS="2155" WIDTH="83" HEIGHT="36" STYLEREFS="StyleId-2" CONTENT="and" WC="0.50666666" CC="860" />
            <SP ID="P26_SP00220" WIDTH="0" HPOS="0" VPOS="0" />
            <String ID="P26_S00250" HPOS="670" VPOS="2158" WIDTH="112" HEIGHT="33" STYLEREFS="StyleId-2" CONTENT="most" WC="0.915" CC="0003" />
            <SP ID="P26_SP00221" WIDTH="0" HPOS="0" VPOS="0" />
            <String ID="P26_S00251" HPOS="804" VPOS="2152" WIDTH="209" HEIGHT="39" STYLEREFS="StyleId-2" CONTENT="scientific" WC="0.846" CC="0040406000" />
            <SP ID="P26_SP00222" WIDTH="0" HPOS="0" VPOS="0" />
            <String ID="P26_S00252" HPOS="1049" VPOS="2152" WIDTH="298" HEIGHT="39" STYLEREFS="StyleId-2" CONTENT="achievement" WC="0.7581818" CC="30603005070" />
            <SP ID="P26_SP00223" WIDTH="0" HPOS="0" VPOS="0" />
            <String ID="P26_S00253" HPOS="1369" VPOS="2151" WIDTH="45" HEIGHT="40" STYLEREFS="StyleId-2" CONTENT="in" WC="0.3" CC="67" />
            <SP ID="P26_SP00224" WIDTH="0" HPOS="0" VPOS="0" />
            <String ID="P26_S00254" HPOS="1438" VPOS="2163" WIDTH="182" HEIGHT="34" STYLEREFS="StyleId-2" CONTENT="surgery" WC="0.76" CC="6550000" />
            <SP ID="P26_SP00225" WIDTH="0" HPOS="0" VPOS="0" />
            <String ID="P26_S00255" HPOS="1652" VPOS="2151" WIDTH="58" HEIGHT="46" STYLEREFS="StyleId-2" CONTENT="by" WC="1" CC="00" />
          </TextLine>
          <TextLine ID="P26_TL00031" HPOS="206" VPOS="2219" WIDTH="1500" HEIGHT="40">
            <String ID="P26_S00256" HPOS="206" VPOS="2231" WIDTH="181" HEIGHT="33" STYLEREFS="StyleId-2" CONTENT="women," WC="0.706666648" CC="800061" />
            <SP ID="P26_SP00226" WIDTH="0" HPOS="0" VPOS="0" />
            <String ID="P26_S00257" HPOS="433" VPOS="2218" WIDTH="35" HEIGHT="46" STYLEREFS="StyleId-2" CONTENT="is" WC="0.82" CC="30" />
            <SP ID="P26_SP00227" WIDTH="0" HPOS="0" VPOS="0" />
            <String ID="P26_S00258" HPOS="495" VPOS="2219" WIDTH="196" HEIGHT="45" STYLEREFS="StyleId-2" CONTENT="reported" WC="0.8425" CC="30036000" />
            <SP ID="P26_SP00228" WIDTH="0" HPOS="0" VPOS="0" />
            <String ID="P26_S00259" HPOS="709" VPOS="2219" WIDTH="45" HEIGHT="45" STYLEREFS="StyleId-2" CONTENT="of" WC="0.555" CC="35" />
            <SP ID="P26_SP00229" WIDTH="0" HPOS="0" VPOS="0" />
            <String ID="P26_S00260" HPOS="777" VPOS="2218" WIDTH="198" HEIGHT="46" STYLEREFS="StyleId-2" CONTENT="Madame" WC="0.886666656" CC="000060" />
            <SP ID="P26_SP00230" WIDTH="0" HPOS="0" VPOS="0" />
            <String ID="P26_S00261" HPOS="998" VPOS="2217" WIDTH="143" HEIGHT="47" STYLEREFS="StyleId-2" CONTENT="Curie," WC="0.8433333" CC="260000" />
            <SP ID="P26_SP00231" WIDTH="0" HPOS="0" VPOS="0" />
            <String ID="P26_S00262" HPOS="1187" VPOS="2217" WIDTH="133" HEIGHT="47" STYLEREFS="StyleId-2" CONTENT="Paris," WC="0.701666653" CC="607101" />
            <SP ID="P26_SP00232" WIDTH="0" HPOS="0" VPOS="0" />
            <String ID="P26_S00263" HPOS="1348" VPOS="2219" WIDTH="114" HEIGHT="45" STYLEREFS="StyleId-2" CONTENT="Nov." WC="0.64" CC="6070" />
            <SP ID="P26_SP00233" WIDTH="0" HPOS="0" VPOS="0" />
            <String ID="P26_S00264" HPOS="1491" VPOS="2220" WIDTH="65" HEIGHT="44" STYLEREFS="StyleId-2" CONTENT="19," WC="0.91" CC="002" />
            <SP ID="P26_SP00234" WIDTH="0" HPOS="0" VPOS="0" />
            <String ID="P26_S00265" HPOS="1586" VPOS="2219" WIDTH="120" HEIGHT="45" STYLEREFS="StyleId-2" CONTENT="1914." WC="0.92" CC="00400" />
          </TextLine>
          <TextLine ID="P26_TL00032" HPOS="210" VPOS="2284" WIDTH="1503" HEIGHT="44">
            <String ID="P26_S00266" HPOS="210" VPOS="2284" WIDTH="196" HEIGHT="38" STYLEREFS="StyleId-2" CONTENT="Madame" WC="0.8516667" CC="500300" />
            <SP ID="P26_SP00235" WIDTH="0" HPOS="0" VPOS="0" />
            <String ID="P26_S00267" HPOS="420" VPOS="2284" WIDTH="129" HEIGHT="38" STYLEREFS="StyleId-2" CONTENT="Curie" WC="0.824" CC="44000" />
            <SP ID="P26_SP00236" WIDTH="0" HPOS="0" VPOS="0" />
            <String ID="P26_S00268" HPOS="560" VPOS="2283" WIDTH="76" HEIGHT="39" STYLEREFS="StyleId-2" CONTENT="has" WC="0.6666667" CC="1000" />
            <SP ID="P26_SP00237" WIDTH="0" HPOS="0" VPOS="0" />
            <String ID="P26_S00269" HPOS="664" VPOS="2283" WIDTH="202" HEIGHT="45" STYLEREFS="StyleId-2" CONTENT="sugested" WC="0.90125" CC="06001000" />
            <SP ID="P26_SP00238" WIDTH="0" HPOS="0" VPOS="0" />
            <String ID="P26_S00270" HPOS="882" VPOS="2284" WIDTH="74" HEIGHT="44" STYLEREFS="StyleId-2" CONTENT="the" WC="1" CC="000" />
            <SP ID="P26_SP00239" WIDTH="0" HPOS="0" VPOS="0" />
            <String ID="P26_S00271" HPOS="969" VPOS="2295" WIDTH="75" HEIGHT="33" STYLEREFS="StyleId-2" CONTENT="use" WC="0.95" CC="100" />
            <SP ID="P26_SP00240" WIDTH="0" HPOS="0" VPOS="0" />
            <String ID="P26_S00272" HPOS="1055" VPOS="2283" WIDTH="46" HEIGHT="45" STYLEREFS="StyleId-2" CONTENT="of" WC="0.925" CC="01" />
            <SP ID="P26_SP00241" WIDTH="0" HPOS="0" VPOS="0" />
            <String ID="P26_S00273" HPOS="1133" VPOS="2282" WIDTH="286" HEIGHT="46" STYLEREFS="StyleId-2" CONTENT="automobiles" WC="0.774545431" CC="66000601310" />
            <SP ID="P26_SP00242" WIDTH="0" HPOS="0" VPOS="0" />
            <String ID="P26_S00274" HPOS="1454" VPOS="2282" WIDTH="259" HEIGHT="46" STYLEREFS="StyleId-2" CONTENT="containing" WC="0.687" CC="00704025110" />
          </TextLine>
          <TextLine ID="P26_TL00033" HPOS="208" VPOS="2349" WIDTH="1506" HEIGHT="39">
            <String ID="P26_S00275" HPOS="208" VPOS="2349" WIDTH="298" HEIGHT="46" STYLEREFS="StyleId-2" CONTENT="radiographic" WC="0.7416667" CC="4603210200010" />
            <SP ID="P26_SP00243" WIDTH="0" HPOS="0" VPOS="0" />
            <String ID="P26_S00276" HPOS="542" VPOS="2355" WIDTH="229" HEIGHT="40" STYLEREFS="StyleId-2" CONTENT="apparatus" WC="0.7977778" CC="007030060" />
            <SP ID="P26_SP00244" WIDTH="0" HPOS="0" VPOS="0" />
            <String ID="P26_S00277" HPOS="806" VPOS="2360" WIDTH="55" HEIGHT="35" STYLEREFS="StyleId-2" CONTENT="on" WC="0.735" CC="40" />
            <SP ID="P26_SP00245" WIDTH="0" HPOS="0" VPOS="0" />
            <String ID="P26_S00278" HPOS="897" VPOS="2348" WIDTH="74" HEIGHT="47" STYLEREFS="StyleId-2" CONTENT="the" WC="0.77" CC="060" />
            <SP ID="P26_SP00246" WIDTH="0" HPOS="0" VPOS="0" />
            <String ID="P26_S00279" HPOS="1009" VPOS="2348" WIDTH="136" HEIGHT="47" STYLEREFS="StyleId-2" CONTENT="battle" WC="0.905" CC="300200" />
            <SP ID="P26_SP00247" WIDTH="0" HPOS="0" VPOS="0" />
            <String ID="P26_S00280" HPOS="1185" VPOS="2347" WIDTH="116" HEIGHT="48" STYLEREFS="StyleId-2" CONTENT="field," WC="0.9533333" CC="000200" />
            <SP ID="P26_SP00248" WIDTH="0" HPOS="0" VPOS="0" />
            <String ID="P26_S00281" HPOS="1347" VPOS="2348" WIDTH="84" HEIGHT="47" STYLEREFS="StyleId-2" CONTENT="and" WC="0.8233333" CC="050" />
            <SP ID="P26_SP00249" WIDTH="0" HPOS="0" VPOS="0" />
            <String ID="P26_S00282" HPOS="1454" VPOS="2347" WIDTH="160" HEIGHT="48" STYLEREFS="StyleId-2" CONTENT="herself" WC="0.807142854" CC="0043031" />
            <SP ID="P26_SP00250" WIDTH="0" HPOS="0" VPOS="0" />
            <String ID="P26_S00283" HPOS="1636" VPOS="2348" WIDTH="78" HEIGHT="47" STYLEREFS="StyleId-2" CONTENT="has" WC="0.9066667" CC="002" />
          </TextLine>
          <TextLine ID="P26_TL00034" HPOS="208" VPOS="2415" WIDTH="1507" HEIGHT="40">
            <String ID="P26_S00284" HPOS="208" VPOS="2414" WIDTH="229" HEIGHT="46" STYLEREFS="StyleId-2" CONTENT="organized" WC="0.6166667" CC="9010073005" />
            <SP ID="P26_SP00251" WIDTH="0" HPOS="0" VPOS="0" />
            <String ID="P26_S00285" HPOS="459" VPOS="2414" WIDTH="74" HEIGHT="46" STYLEREFS="StyleId-2" CONTENT="the" WC="1" CC="000" />
            <SP ID="P26_SP00252" WIDTH="0" HPOS="0" VPOS="0" />
            <String ID="P26_S00286" HPOS="547" VPOS="2413" WIDTH="242" HEIGHT="47" STYLEREFS="StyleId-2" CONTENT="beginning" WC="0.464444458" CC="00104855510" />
            <SP ID="P26_SP00253" WIDTH="0" HPOS="0" VPOS="0" />
            <String ID="P26_S00287" HPOS="808" VPOS="2413" WIDTH="46" HEIGHT="47" STYLEREFS="StyleId-2" CONTENT="of" WC="0.675" CC="41" />
            <SP ID="P26_SP00254" WIDTH="0" HPOS="0" VPOS="0" />
            <String ID="P26_S00288" HPOS="870" VPOS="2414" WIDTH="74" HEIGHT="46" STYLEREFS="StyleId-2" CONTENT="the" WC="0.623333335" CC="560" />
            <SP ID="P26_SP00255" WIDTH="0" HPOS="0" VPOS="0" />
            <String ID="P26_S00289" HPOS="964" VPOS="2413" WIDTH="178" HEIGHT="47" STYLEREFS="StyleId-2" CONTENT="service." WC="0.87375" CC="00306000" />
            <SP ID="P26_SP00256" WIDTH="0" HPOS="0" VPOS="0" />
            <String ID="P26_S00290" HPOS="1211" VPOS="2414" WIDTH="65" HEIGHT="46" STYLEREFS="StyleId-2" CONTENT="By" WC="0.355" CC="66" />
            <SP ID="P26_SP00257" WIDTH="0" HPOS="0" VPOS="0" />
            <String ID="P26_S00291" HPOS="1308" VPOS="2413" WIDTH="75" HEIGHT="47" STYLEREFS="StyleId-2" CONTENT="the" WC="1" CC="000" />
            <SP ID="P26_SP00258" WIDTH="0" HPOS="0" VPOS="0" />
            <String ID="P26_S00292" HPOS="1423" VPOS="2424" WIDTH="78" HEIGHT="36" STYLEREFS="StyleId-2" CONTENT="use" WC="0.6666667" CC="1000" />
            <SP ID="P26_SP00259" WIDTH="0" HPOS="0" VPOS="0" />
            <String ID="P26_S00293" HPOS="1539" VPOS="2414" WIDTH="47" HEIGHT="46" STYLEREFS="StyleId-2" CONTENT="of" WC="0.78" CC="03" />
            <SP ID="P26_SP00260" WIDTH="0" HPOS="0" VPOS="0" />
            <String ID="P26_S00294" HPOS="1625" VPOS="2412" WIDTH="90" HEIGHT="48" STYLEREFS="StyleId-2" CONTENT="this" WC="0.81" CC="7000" />
          </TextLine>
          <TextLine ID="P26_TL00035" HPOS="210" VPOS="2479" WIDTH="1504" HEIGHT="36">
            <String ID="P26_S00295" HPOS="210" VPOS="2479" WIDTH="98" HEIGHT="39" STYLEREFS="StyleId-2" CONTENT="field" WC="0.798" CC="00045" />
            <SP ID="P26_SP00261" WIDTH="0" HPOS="0" VPOS="0" />
            <String ID="P26_S00296" HPOS="350" VPOS="2484" WIDTH="245" HEIGHT="41" STYLEREFS="StyleId-2" CONTENT="apparatus," WC="0.697" CC="6780020600" />
            <SP ID="P26_SP00262" WIDTH="0" HPOS="0" VPOS="0" />
            <String ID="P26_S00297" HPOS="640" VPOS="2479" WIDTH="158" HEIGHT="46" STYLEREFS="StyleId-2" CONTENT="bullets" WC="0.762857139" CC="0720006" />
            <SP ID="P26_SP00263" WIDTH="0" HPOS="0" VPOS="0" />
            <String ID="P26_S00298" HPOS="829" VPOS="2479" WIDTH="109" HEIGHT="46" STYLEREFS="StyleId-2" CONTENT="have" WC="1" CC="0000" />
            <SP ID="P26_SP00264" WIDTH="0" HPOS="0" VPOS="0" />
            <String ID="P26_S00299" HPOS="958" VPOS="2478" WIDTH="107" HEIGHT="47" STYLEREFS="StyleId-2" CONTENT="been" WC="0.835" CC="0032" />
            <SP ID="P26_SP00265" WIDTH="0" HPOS="0" VPOS="0" />
            <String ID="P26_S00300" HPOS="1088" VPOS="2478" WIDTH="135" HEIGHT="47" STYLEREFS="StyleId-2" CONTENT="found" WC="0.732" CC="20830" />
            <SP ID="P26_SP00266" WIDTH="0" HPOS="0" VPOS="0" />
            <String ID="P26_S00301" HPOS="1249" VPOS="2479" WIDTH="84" HEIGHT="46" STYLEREFS="StyleId-2" CONTENT="and" WC="0.913333356" CC="020" />
            <SP ID="P26_SP00267" WIDTH="0" HPOS="0" VPOS="0" />
            <String ID="P26_S00302" HPOS="1356" VPOS="2479" WIDTH="224" HEIGHT="46" STYLEREFS="StyleId-2" CONTENT="extracted" WC="0.9088889" CC="000400003" />
            <SP ID="P26_SP00268" WIDTH="0" HPOS="0" VPOS="0" />
            <String ID="P26_S00303" HPOS="1603" VPOS="2478" WIDTH="111" HEIGHT="47" STYLEREFS="StyleId-2" CONTENT="from" WC="0.63" CC="3505" />
          </TextLine>
        </TextBlock>
      </PrintSpace>
    </Page>
  </Layout>
</alto>