<?xml version="1.0" encoding="utf-8"?>
<alto xmlns:xlink="http://www.w3.org/1999/xlink" xmlns:xsi="http://www.w3.org/2001/XMLSchema-instance" xsi:schemaLocation="http://www.loc.gov/standards/alto/ns-v2# http://www.loc.gov/standards/alto/alto-v2.0.xsd" xmlns="http://www.loc.gov/standards/alto/ns-v2#">
  <Description>
    <MeasurementUnit>pixel</MeasurementUnit>
    <sourceImageInformation>
      <fileName>0000007.tif</fileName>
    </sourceImageInformation>
    <OCRProcessing ID="Processing">
      <ocrProcessingStep>
        <processingStepSettings>Image Resolution:400</processingStepSettings>
        <processingSoftware>
          <softwareCreator>I2S Kirtas</softwareCreator>
          <softwareName>Limb</softwareName>
          <softwareVersion>1.0</softwareVersion>
          <applicationDescription>Abbyy10 OCR Engine</applicationDescription>
        </processingSoftware>
      </ocrProcessingStep>
    </OCRProcessing>
  </Description>
  <Styles>
    <TextStyle ID="StyleId-0" FONTSIZE="8" FONTFAMILY="Times New Roman" />
    <TextStyle ID="StyleId-1" FONTSIZE="9" FONTFAMILY="Times New Roman" />
  </Styles>
  <Layout>
    <Page ID="P7" PHYSICAL_IMG_NR="7" HEIGHT="2800" WIDTH="1900" ACCURACY="0.8244397" QUALITY_DETAIL="303 words, 1581 chars, 1324 with recognition greater than 50% (83.74%)">
      <TopMargin ID="P7_TM00001" HPOS="0" VPOS="0" WIDTH="1900" HEIGHT="260" />
      <LeftMargin ID="P7_LM00001" HPOS="0" VPOS="260" WIDTH="175" HEIGHT="2278" />
      <RightMargin ID="P7_RM00001" HPOS="1733" VPOS="260" WIDTH="167" HEIGHT="2278" />
      <BottomMargin ID="P7_BM00001" HPOS="0" VPOS="2538" WIDTH="1900" HEIGHT="262" />
      <PrintSpace ID="P7_PS00001" HPOS="175" VPOS="260" WIDTH="1558" HEIGHT="2278">
        <TextBlock ID="P7_TB00001" HPOS="668" VPOS="259" WIDTH="568" HEIGHT="52">
          <TextLine ID="P7_TL00001" HPOS="676" VPOS="267" WIDTH="552" HEIGHT="36">
            <String ID="P7_S00001" HPOS="676" VPOS="267" WIDTH="198" HEIGHT="36" STYLEREFS="StyleId-0" CONTENT="WOMAN" WC="0.848" CC="15000" />
            <SP ID="P7_SP00001" WIDTH="0" HPOS="0" VPOS="0" />
            <String ID="P7_S00002" HPOS="888" VPOS="268" WIDTH="57" HEIGHT="35" STYLEREFS="StyleId-0" CONTENT="IN" WC="0.835" CC="30" />
            <SP ID="P7_SP00002" WIDTH="0" HPOS="0" VPOS="0" />
            <String ID="P7_S00003" HPOS="970" VPOS="268" WIDTH="258" HEIGHT="35" STYLEREFS="StyleId-0" CONTENT="MEDICINE" WC="0.95875" CC="01000001" />
          </TextLine>
        </TextBlock>
        <TextBlock ID="P7_TB00002" HPOS="1682" VPOS="261" WIDTH="36" HEIGHT="48">
          <TextLine ID="P7_TL00002" HPOS="1690" VPOS="269" WIDTH="20" HEIGHT="32">
            <String ID="P7_S00004" HPOS="1690" VPOS="269" WIDTH="20" HEIGHT="32" STYLEREFS="StyleId-0" CONTENT="5" WC="0.72" CC="2" />
          </TextLine>
        </TextBlock>
        <TextBlock ID="P7_TB00003" HPOS="175" VPOS="373" WIDTH="1558" HEIGHT="2165">
          <TextLine ID="P7_TL00003" HPOS="187" VPOS="381" WIDTH="1530" HEIGHT="51">
            <String ID="P7_S00005" HPOS="187" VPOS="381" WIDTH="132" HEIGHT="48" STYLEREFS="StyleId-1" CONTENT="Long" WC="0.49" CC="7057" />
            <SP ID="P7_SP00003" WIDTH="0" HPOS="0" VPOS="0" />
            <String ID="P7_S00006" HPOS="341" VPOS="384" WIDTH="149" HEIGHT="45" STYLEREFS="StyleId-1" CONTENT="Island" WC="0.8566667" CC="350000" />
            <SP ID="P7_SP00004" WIDTH="0" HPOS="0" VPOS="0" />
            <String ID="P7_S00007" HPOS="514" VPOS="385" WIDTH="177" HEIGHT="46" STYLEREFS="StyleId-1" CONTENT="College" WC="0.69" CC="4063070" />
            <SP ID="P7_SP00005" WIDTH="0" HPOS="0" VPOS="0" />
            <String ID="P7_S00008" HPOS="732" VPOS="385" WIDTH="219" HEIGHT="48" STYLEREFS="StyleId-1" CONTENT="Hospital," WC="0.7511111" CC="600141052" />
            <SP ID="P7_SP00006" WIDTH="0" HPOS="0" VPOS="0" />
            <String ID="P7_S00009" HPOS="985" VPOS="386" WIDTH="75" HEIGHT="47" STYLEREFS="StyleId-1" CONTENT="the" WC="0.7133333" CC="250" />
            <SP ID="P7_SP00007" WIDTH="0" HPOS="0" VPOS="0" />
            <String ID="P7_S00010" HPOS="1100" VPOS="386" WIDTH="104" HEIGHT="47" STYLEREFS="StyleId-1" CONTENT="only" WC="0.7875" CC="0610" />
            <SP ID="P7_SP00008" WIDTH="0" HPOS="0" VPOS="0" />
            <String ID="P7_S00011" HPOS="1235" VPOS="398" WIDTH="168" HEIGHT="35" STYLEREFS="StyleId-1" CONTENT="woman" WC="0.92" CC="00400" />
            <SP ID="P7_SP00009" WIDTH="0" HPOS="0" VPOS="0" />
            <String ID="P7_S00012" HPOS="1426" VPOS="384" WIDTH="178" HEIGHT="49" STYLEREFS="StyleId-1" CONTENT="student" WC="0.691428542" CC="0650090" />
            <SP ID="P7_SP00010" WIDTH="0" HPOS="0" VPOS="0" />
            <String ID="P7_S00013" HPOS="1626" VPOS="384" WIDTH="43" HEIGHT="49" STYLEREFS="StyleId-1" CONTENT="in" WC="0.2" CC="78" />
            <SP ID="P7_SP00011" WIDTH="0" HPOS="0" VPOS="0" />
            <String ID="P7_S00014" HPOS="1693" VPOS="397" WIDTH="24" HEIGHT="36" STYLEREFS="StyleId-1" CONTENT="a" WC="1" CC="0" />
          </TextLine>
          <TextLine ID="P7_TL00004" HPOS="186" VPOS="446" WIDTH="1532" HEIGHT="51">
            <String ID="P7_S00015" HPOS="186" VPOS="446" WIDTH="123" HEIGHT="48" STYLEREFS="StyleId-1" CONTENT="large" WC="0.904" CC="02200" />
            <SP ID="P7_SP00012" WIDTH="0" HPOS="0" VPOS="0" />
            <String ID="P7_S00016" HPOS="331" VPOS="448" WIDTH="128" HEIGHT="46" STYLEREFS="StyleId-1" CONTENT="class." WC="0.8983333" CC="030002" />
            <SP ID="P7_SP00013" WIDTH="0" HPOS="0" VPOS="0" />
            <String ID="P7_S00017" HPOS="519" VPOS="448" WIDTH="96" HEIGHT="46" STYLEREFS="StyleId-1" CONTENT="The" WC="0.50666666" CC="770" />
            <SP ID="P7_SP00014" WIDTH="0" HPOS="0" VPOS="0" />
            <String ID="P7_S00018" HPOS="638" VPOS="451" WIDTH="188" HEIGHT="47" STYLEREFS="StyleId-1" CONTENT="practice" WC="0.8225" CC="33300300" />
            <SP ID="P7_SP00015" WIDTH="0" HPOS="0" VPOS="0" />
            <String ID="P7_S00019" HPOS="844" VPOS="451" WIDTH="66" HEIGHT="47" STYLEREFS="StyleId-1" CONTENT="for" WC="0.72" CC="151" />
            <SP ID="P7_SP00016" WIDTH="0" HPOS="0" VPOS="0" />
            <String ID="P7_S00020" HPOS="925" VPOS="451" WIDTH="145" HEIGHT="47" STYLEREFS="StyleId-1" CONTENT="which" WC="0.822" CC="00170" />
            <SP ID="P7_SP00017" WIDTH="0" HPOS="0" VPOS="0" />
            <String ID="P7_S00021" HPOS="1085" VPOS="452" WIDTH="78" HEIGHT="46" STYLEREFS="StyleId-1" CONTENT="she" WC="1" CC="000" />
            <SP ID="P7_SP00018" WIDTH="0" HPOS="0" VPOS="0" />
            <String ID="P7_S00022" HPOS="1197" VPOS="452" WIDTH="86" HEIGHT="46" STYLEREFS="StyleId-1" CONTENT="had" WC="1" CC="000" />
            <SP ID="P7_SP00019" WIDTH="0" HPOS="0" VPOS="0" />
            <String ID="P7_S00023" HPOS="1299" VPOS="452" WIDTH="125" HEIGHT="46" STYLEREFS="StyleId-1" CONTENT="made" WC="0.9125" CC="3000" />
            <SP ID="P7_SP00020" WIDTH="0" HPOS="0" VPOS="0" />
            <String ID="P7_S00024" HPOS="1437" VPOS="452" WIDTH="107" HEIGHT="46" STYLEREFS="StyleId-1" CONTENT="such" WC="0.77" CC="0404" />
            <SP ID="P7_SP00021" WIDTH="0" HPOS="0" VPOS="0" />
            <String ID="P7_S00025" HPOS="1577" VPOS="450" WIDTH="141" HEIGHT="48" STYLEREFS="StyleId-1" CONTENT="ample" WC="0.752" CC="06060" />
          </TextLine>
          <TextLine ID="P7_TL00005" HPOS="190" VPOS="515" WIDTH="1530" HEIGHT="49">
            <String ID="P7_S00026" HPOS="190" VPOS="515" WIDTH="298" HEIGHT="47" STYLEREFS="StyleId-1" CONTENT="preparation," WC="0.7225" CC="801070094001" />
            <SP ID="P7_SP00022" WIDTH="0" HPOS="0" VPOS="0" />
            <String ID="P7_S00027" HPOS="515" VPOS="516" WIDTH="154" HEIGHT="48" STYLEREFS="StyleId-1" CONTENT="slowly" WC="0.858333349" CC="000053" />
            <SP ID="P7_SP00023" WIDTH="0" HPOS="0" VPOS="0" />
            <String ID="P7_S00028" HPOS="703" VPOS="517" WIDTH="81" HEIGHT="47" STYLEREFS="StyleId-1" CONTENT="but" WC="1" CC="000" />
            <SP ID="P7_SP00024" WIDTH="0" HPOS="0" VPOS="0" />
            <String ID="P7_S00029" HPOS="819" VPOS="517" WIDTH="185" HEIGHT="48" STYLEREFS="StyleId-1" CONTENT="steadily" WC="0.81" CC="60000250" />
            <SP ID="P7_SP00025" WIDTH="0" HPOS="0" VPOS="0" />
            <String ID="P7_S00030" HPOS="1039" VPOS="530" WIDTH="116" HEIGHT="35" STYLEREFS="StyleId-1" CONTENT="grew" WC="0.6575" CC="10300" />
            <SP ID="P7_SP00026" WIDTH="0" HPOS="0" VPOS="0" />
            <String ID="P7_S00031" HPOS="1177" VPOS="517" WIDTH="113" HEIGHT="48" STYLEREFS="StyleId-1" CONTENT="until" WC="0.662" CC="46005" />
            <SP ID="P7_SP00027" WIDTH="0" HPOS="0" VPOS="0" />
            <String ID="P7_S00032" HPOS="1324" VPOS="518" WIDTH="44" HEIGHT="47" STYLEREFS="StyleId-1" CONTENT="in" WC="0.66" CC="60" />
            <SP ID="P7_SP00028" WIDTH="0" HPOS="0" VPOS="0" />
            <String ID="P7_S00033" HPOS="1390" VPOS="518" WIDTH="75" HEIGHT="47" STYLEREFS="StyleId-1" CONTENT="the" WC="0.7733333" CC="060" />
            <SP ID="P7_SP00029" WIDTH="0" HPOS="0" VPOS="0" />
            <String ID="P7_S00034" HPOS="1506" VPOS="516" WIDTH="144" HEIGHT="49" STYLEREFS="StyleId-1" CONTENT="zenith" WC="0.816666663" CC="006400" />
            <SP ID="P7_SP00030" WIDTH="0" HPOS="0" VPOS="0" />
            <String ID="P7_S00035" HPOS="1674" VPOS="516" WIDTH="46" HEIGHT="49" STYLEREFS="StyleId-1" CONTENT="of" WC="0.705" CC="41" />
          </TextLine>
          <TextLine ID="P7_TL00006" HPOS="190" VPOS="579" WIDTH="1528" HEIGHT="50">
            <String ID="P7_S00036" HPOS="190" VPOS="579" WIDTH="79" HEIGHT="39" STYLEREFS="StyleId-1" CONTENT="her" WC="0.8933333" CC="030" />
            <SP ID="P7_SP00031" WIDTH="0" HPOS="0" VPOS="0" />
            <String ID="P7_S00037" HPOS="302" VPOS="593" WIDTH="145" HEIGHT="27" STYLEREFS="StyleId-1" CONTENT="career" WC="1" CC="000000" />
            <SP ID="P7_SP00032" WIDTH="0" HPOS="0" VPOS="0" />
            <String ID="P7_S00038" HPOS="470" VPOS="582" WIDTH="78" HEIGHT="39" STYLEREFS="StyleId-1" CONTENT="she" WC="1" CC="000" />
            <SP ID="P7_SP00033" WIDTH="0" HPOS="0" VPOS="0" />
            <String ID="P7_S00039" HPOS="582" VPOS="582" WIDTH="271" HEIGHT="39" STYLEREFS="StyleId-1" CONTENT="maintained" WC="0.909" CC="0004001300" />
            <SP ID="P7_SP00034" WIDTH="0" HPOS="0" VPOS="0" />
            <String ID="P7_S00040" HPOS="893" VPOS="584" WIDTH="255" HEIGHT="46" STYLEREFS="StyleId-1" CONTENT="consulting" WC="0.817" CC="00500002010" />
            <SP ID="P7_SP00035" WIDTH="0" HPOS="0" VPOS="0" />
            <String ID="P7_S00041" HPOS="1168" VPOS="583" WIDTH="142" HEIGHT="47" STYLEREFS="StyleId-1" CONTENT="offices" WC="0.95714283" CC="0111000" />
            <SP ID="P7_SP00036" WIDTH="0" HPOS="0" VPOS="0" />
            <String ID="P7_S00042" HPOS="1330" VPOS="583" WIDTH="47" HEIGHT="47" STYLEREFS="StyleId-1" CONTENT="in" WC="1" CC="00" />
            <SP ID="P7_SP00037" WIDTH="0" HPOS="0" VPOS="0" />
            <String ID="P7_S00043" HPOS="1398" VPOS="589" WIDTH="87" HEIGHT="41" STYLEREFS="StyleId-1" CONTENT="two" WC="1" CC="000" />
            <SP ID="P7_SP00038" WIDTH="0" HPOS="0" VPOS="0" />
            <String ID="P7_S00044" HPOS="1516" VPOS="582" WIDTH="202" HEIGHT="48" STYLEREFS="StyleId-1" CONTENT="different" WC="0.62" CC="057701057" />
          </TextLine>
          <TextLine ID="P7_TL00007" HPOS="190" VPOS="645" WIDTH="483" HEIGHT="51">
            <String ID="P7_S00045" HPOS="190" VPOS="645" WIDTH="192" HEIGHT="40" STYLEREFS="StyleId-1" CONTENT="sections" WC="1" CC="00000000" />
            <SP ID="P7_SP00039" WIDTH="0" HPOS="0" VPOS="0" />
            <String ID="P7_S00046" HPOS="403" VPOS="647" WIDTH="47" HEIGHT="39" STYLEREFS="StyleId-1" CONTENT="of" WC="0.73" CC="05" />
            <SP ID="P7_SP00040" WIDTH="0" HPOS="0" VPOS="0" />
            <String ID="P7_S00047" HPOS="470" VPOS="649" WIDTH="75" HEIGHT="37" STYLEREFS="StyleId-1" CONTENT="the" WC="0.85" CC="400" />
            <SP ID="P7_SP00041" WIDTH="0" HPOS="0" VPOS="0" />
            <String ID="P7_S00048" HPOS="567" VPOS="648" WIDTH="106" HEIGHT="48" STYLEREFS="StyleId-1" CONTENT="city." WC="0.748" CC="03503" />
          </TextLine>
          <TextLine ID="P7_TL00008" HPOS="269" VPOS="713" WIDTH="1444" HEIGHT="48">
            <String ID="P7_S00049" HPOS="269" VPOS="713" WIDTH="178" HEIGHT="38" STYLEREFS="StyleId-1" CONTENT="B2sides" WC="0.398571432" CC="38780310" />
            <SP ID="P7_SP00042" WIDTH="0" HPOS="0" VPOS="0" />
            <String ID="P7_S00050" HPOS="484" VPOS="714" WIDTH="77" HEIGHT="38" STYLEREFS="StyleId-1" CONTENT="her" WC="0.75666666" CC="007" />
            <SP ID="P7_SP00043" WIDTH="0" HPOS="0" VPOS="0" />
            <String ID="P7_S00051" HPOS="593" VPOS="714" WIDTH="216" HEIGHT="39" STYLEREFS="StyleId-1" CONTENT="technical" WC="0.725555539" CC="000662017" />
            <SP ID="P7_SP00044" WIDTH="0" HPOS="0" VPOS="0" />
            <String ID="P7_S00052" HPOS="846" VPOS="715" WIDTH="255" HEIGHT="47" STYLEREFS="StyleId-1" CONTENT="equipment" WC="0.654444456" CC="0410009070" />
            <SP ID="P7_SP00045" WIDTH="0" HPOS="0" VPOS="0" />
            <String ID="P7_S00053" HPOS="1124" VPOS="715" WIDTH="84" HEIGHT="47" STYLEREFS="StyleId-1" CONTENT="and" WC="1" CC="000" />
            <SP ID="P7_SP00046" WIDTH="0" HPOS="0" VPOS="0" />
            <String ID="P7_S00054" HPOS="1247" VPOS="716" WIDTH="75" HEIGHT="46" STYLEREFS="StyleId-1" CONTENT="her" WC="0.7633333" CC="502" />
            <SP ID="P7_SP00047" WIDTH="0" HPOS="0" VPOS="0" />
            <String ID="P7_S00055" HPOS="1357" VPOS="727" WIDTH="98" HEIGHT="35" STYLEREFS="StyleId-1" CONTENT="ever" WC="0.9075" CC="0003" />
            <SP ID="P7_SP00048" WIDTH="0" HPOS="0" VPOS="0" />
            <String ID="P7_S00056" HPOS="1488" VPOS="714" WIDTH="225" HEIGHT="48" STYLEREFS="StyleId-1" CONTENT="widening" WC="0.7075" CC="030002710" />
          </TextLine>
          <TextLine ID="P7_TL00009" HPOS="190" VPOS="778" WIDTH="1527" HEIGHT="49">
            <String ID="P7_S00057" HPOS="190" VPOS="778" WIDTH="279" HEIGHT="47" STYLEREFS="StyleId-1" CONTENT="experience," WC="0.9663636" CC="20001000000" />
            <SP ID="P7_SP00049" WIDTH="0" HPOS="0" VPOS="0" />
            <String ID="P7_S00058" HPOS="491" VPOS="780" WIDTH="77" HEIGHT="45" STYLEREFS="StyleId-1" CONTENT="she" WC="0.816666663" CC="005" />
            <SP ID="P7_SP00050" WIDTH="0" HPOS="0" VPOS="0" />
            <String ID="P7_S00059" HPOS="588" VPOS="780" WIDTH="87" HEIGHT="45" STYLEREFS="StyleId-1" CONTENT="had" WC="0.88" CC="030" />
            <SP ID="P7_SP00051" WIDTH="0" HPOS="0" VPOS="0" />
            <String ID="P7_S00060" HPOS="698" VPOS="780" WIDTH="211" HEIGHT="45" STYLEREFS="StyleId-1" CONTENT="available" WC="0.9" CC="000160000" />
            <SP ID="P7_SP00052" WIDTH="0" HPOS="0" VPOS="0" />
            <String ID="P7_S00061" HPOS="931" VPOS="781" WIDTH="162" HEIGHT="44" STYLEREFS="StyleId-1" CONTENT="certain" WC="0.8057143" CC="0030037" />
            <SP ID="P7_SP00053" WIDTH="0" HPOS="0" VPOS="0" />
            <String ID="P7_S00062" HPOS="1108" VPOS="780" WIDTH="218" HEIGHT="48" STYLEREFS="StyleId-1" CONTENT="quailities" WC="0.915" CC="0300220000" />
            <SP ID="P7_SP00054" WIDTH="0" HPOS="0" VPOS="0" />
            <String ID="P7_S00063" HPOS="1347" VPOS="780" WIDTH="45" HEIGHT="48" STYLEREFS="StyleId-1" CONTENT="of" WC="0.855" CC="02" />
            <SP ID="P7_SP00055" WIDTH="0" HPOS="0" VPOS="0" />
            <String ID="P7_S00064" HPOS="1405" VPOS="784" WIDTH="312" HEIGHT="44" STYLEREFS="StyleId-1" CONTENT="temperament" WC="0.8790909" CC="00000600070" />
          </TextLine>
          <TextLine ID="P7_TL00010" HPOS="192" VPOS="844" WIDTH="1523" HEIGHT="48">
            <String ID="P7_S00065" HPOS="192" VPOS="844" WIDTH="86" HEIGHT="38" STYLEREFS="StyleId-1" CONTENT="and" WC="0.863333344" CC="040" />
            <SP ID="P7_SP00056" WIDTH="0" HPOS="0" VPOS="0" />
            <String ID="P7_S00066" HPOS="302" VPOS="844" WIDTH="46" HEIGHT="39" STYLEREFS="StyleId-1" CONTENT="of" WC="0.735" CC="05" />
            <SP ID="P7_SP00057" WIDTH="0" HPOS="0" VPOS="0" />
            <String ID="P7_S00067" HPOS="369" VPOS="846" WIDTH="241" HEIGHT="39" STYLEREFS="StyleId-1" CONTENT="character." WC="0.773" CC="0602001543" />
            <SP ID="P7_SP00058" WIDTH="0" HPOS="0" VPOS="0" />
            <String ID="P7_S00068" HPOS="672" VPOS="844" WIDTH="143" HEIGHT="41" STYLEREFS="StyleId-1" CONTENT="These" WC="0.726" CC="76000" />
            <SP ID="P7_SP00059" WIDTH="0" HPOS="0" VPOS="0" />
            <String ID="P7_S00069" HPOS="838" VPOS="846" WIDTH="125" HEIGHT="39" STYLEREFS="StyleId-1" CONTENT="aided" WC="1" CC="00000" />
            <SP ID="P7_SP00060" WIDTH="0" HPOS="0" VPOS="0" />
            <String ID="P7_S00070" HPOS="986" VPOS="846" WIDTH="45" HEIGHT="39" STYLEREFS="StyleId-1" CONTENT="in" WC="0.775" CC="40" />
            <SP ID="P7_SP00061" WIDTH="0" HPOS="0" VPOS="0" />
            <String ID="P7_S00071" HPOS="1053" VPOS="846" WIDTH="259" HEIGHT="47" STYLEREFS="StyleId-1" CONTENT="shortening" WC="0.74" CC="3400005570" />
            <SP ID="P7_SP00062" WIDTH="0" HPOS="0" VPOS="0" />
            <String ID="P7_S00072" HPOS="1332" VPOS="847" WIDTH="76" HEIGHT="46" STYLEREFS="StyleId-1" CONTENT="her" WC="0.6533333" CC="505" />
            <SP ID="P7_SP00063" WIDTH="0" HPOS="0" VPOS="0" />
            <String ID="P7_S00073" HPOS="1429" VPOS="844" WIDTH="286" HEIGHT="49" STYLEREFS="StyleId-1" CONTENT="professional" WC="0.855833352" CC="000400070500" />
          </TextLine>
          <TextLine ID="P7_TL00011" HPOS="192" VPOS="910" WIDTH="1527" HEIGHT="48">
            <String ID="P7_S00074" HPOS="192" VPOS="910" WIDTH="233" HEIGHT="47" STYLEREFS="StyleId-1" CONTENT="probation" WC="0.863333344" CC="810000002" />
            <SP ID="P7_SP00064" WIDTH="0" HPOS="0" VPOS="0" />
            <String ID="P7_S00075" HPOS="468" VPOS="912" WIDTH="86" HEIGHT="45" STYLEREFS="StyleId-1" CONTENT="and" WC="0.8666667" CC="040" />
            <SP ID="P7_SP00065" WIDTH="0" HPOS="0" VPOS="0" />
            <String ID="P7_S00076" HPOS="598" VPOS="911" WIDTH="203" HEIGHT="47" STYLEREFS="StyleId-1" CONTENT="insuring" WC="0.84375" CC="11040050" />
            <SP ID="P7_SP00066" WIDTH="0" HPOS="0" VPOS="0" />
            <String ID="P7_S00077" HPOS="842" VPOS="925" WIDTH="24" HEIGHT="33" STYLEREFS="StyleId-1" CONTENT="a" WC="0.55" CC="4" />
            <SP ID="P7_SP00067" WIDTH="0" HPOS="0" VPOS="0" />
            <String ID="P7_S00078" HPOS="907" VPOS="924" WIDTH="119" HEIGHT="34" STYLEREFS="StyleId-1" CONTENT="more" WC="1" CC="0000" />
            <SP ID="P7_SP00068" WIDTH="0" HPOS="0" VPOS="0" />
            <String ID="P7_S00079" HPOS="1074" VPOS="912" WIDTH="132" HEIGHT="47" STYLEREFS="StyleId-1" CONTENT="ready" WC="0.992" CC="00000" />
            <SP ID="P7_SP00069" WIDTH="0" HPOS="0" VPOS="0" />
            <String ID="P7_S00080" HPOS="1269" VPOS="923" WIDTH="186" HEIGHT="36" STYLEREFS="StyleId-1" CONTENT="success." WC="0.93" CC="00000004" />
            <SP ID="P7_SP00070" WIDTH="0" HPOS="0" VPOS="0" />
            <String ID="P7_S00081" HPOS="1535" VPOS="910" WIDTH="184" HEIGHT="49" STYLEREFS="StyleId-1" CONTENT="Friends" WC="0.8057143" CC="6010500" />
          </TextLine>
          <TextLine ID="P7_TL00012" HPOS="191" VPOS="976" WIDTH="1525" HEIGHT="47">
            <String ID="P7_S00082" HPOS="191" VPOS="976" WIDTH="179" HEIGHT="39" STYLEREFS="StyleId-1" CONTENT="became" WC="0.8333333" CC="0000100" />
            <SP ID="P7_SP00071" WIDTH="0" HPOS="0" VPOS="0" />
            <String ID="P7_S00083" HPOS="392" VPOS="977" WIDTH="193" HEIGHT="47" STYLEREFS="StyleId-1" CONTENT="patients" WC="0.73875" CC="01040409" />
            <SP ID="P7_SP00072" WIDTH="0" HPOS="0" VPOS="0" />
            <String ID="P7_S00084" HPOS="606" VPOS="977" WIDTH="185" HEIGHT="47" STYLEREFS="StyleId-1" CONTENT="because" WC="0.91" CC="0006000" />
            <SP ID="P7_SP00073" WIDTH="0" HPOS="0" VPOS="0" />
            <String ID="P7_S00085" HPOS="811" VPOS="978" WIDTH="106" HEIGHT="47" STYLEREFS="StyleId-1" CONTENT="they" WC="0.59" CC="60010" />
            <SP ID="P7_SP00074" WIDTH="0" HPOS="0" VPOS="0" />
            <String ID="P7_S00086" HPOS="935" VPOS="977" WIDTH="195" HEIGHT="48" STYLEREFS="StyleId-1" CONTENT="believed" WC="0.87625" CC="00050400" />
            <SP ID="P7_SP00075" WIDTH="0" HPOS="0" VPOS="0" />
            <String ID="P7_S00087" HPOS="1147" VPOS="978" WIDTH="77" HEIGHT="47" STYLEREFS="StyleId-1" CONTENT="her" WC="0.6666667" CC="1000" />
            <SP ID="P7_SP00076" WIDTH="0" HPOS="0" VPOS="0" />
            <String ID="P7_S00088" HPOS="1240" VPOS="977" WIDTH="284" HEIGHT="48" STYLEREFS="StyleId-1" CONTENT="trustworthy" WC="0.8363636" CC="00040006070" />
            <SP ID="P7_SP00077" WIDTH="0" HPOS="0" VPOS="0" />
            <String ID="P7_S00089" HPOS="1544" VPOS="990" WIDTH="9" HEIGHT="35" STYLEREFS="StyleId-1" CONTENT=";" WC="0.36" CC="6" />
            <SP ID="P7_SP00078" WIDTH="0" HPOS="0" VPOS="0" />
            <String ID="P7_S00090" HPOS="1578" VPOS="981" WIDTH="137" HEIGHT="44" STYLEREFS="StyleId-1" CONTENT="stran¬" WC="0.8383333" CC="002070" />
          </TextLine>
          <TextLine ID="P7_TL00013" HPOS="185" VPOS="1042" WIDTH="1525" HEIGHT="47">
            <String ID="P7_S00091" HPOS="185" VPOS="1054" WIDTH="100" HEIGHT="34" STYLEREFS="StyleId-1" CONTENT="gers" WC="0.53" CC="10034" />
            <SP ID="P7_SP00079" WIDTH="0" HPOS="0" VPOS="0" />
            <String ID="P7_S00092" HPOS="307" VPOS="1042" WIDTH="177" HEIGHT="46" STYLEREFS="StyleId-1" CONTENT="became" WC="0.56" CC="070557" />
            <SP ID="P7_SP00080" WIDTH="0" HPOS="0" VPOS="0" />
            <String ID="P7_S00093" HPOS="506" VPOS="1043" WIDTH="116" HEIGHT="46" STYLEREFS="StyleId-1" CONTENT="loyal" WC="0.842" CC="15100" />
            <SP ID="P7_SP00081" WIDTH="0" HPOS="0" VPOS="0" />
            <String ID="P7_S00094" HPOS="660" VPOS="1043" WIDTH="233" HEIGHT="46" STYLEREFS="StyleId-1" CONTENT="adherents" WC="0.8466667" CC="000030703" />
            <SP ID="P7_SP00082" WIDTH="0" HPOS="0" VPOS="0" />
            <String ID="P7_S00095" HPOS="917" VPOS="1043" WIDTH="126" HEIGHT="46" STYLEREFS="StyleId-1" CONTENT="when" WC="0.88" CC="0004" />
            <SP ID="P7_SP00083" WIDTH="0" HPOS="0" VPOS="0" />
            <String ID="P7_S00096" HPOS="1066" VPOS="1043" WIDTH="104" HEIGHT="47" STYLEREFS="StyleId-1" CONTENT="they" WC="1" CC="0000" />
            <SP ID="P7_SP00084" WIDTH="0" HPOS="0" VPOS="0" />
            <String ID="P7_S00097" HPOS="1212" VPOS="1042" WIDTH="175" HEIGHT="48" STYLEREFS="StyleId-1" CONTENT="learned" WC="0.855714262" CC="3006000" />
            <SP ID="P7_SP00085" WIDTH="0" HPOS="0" VPOS="0" />
            <String ID="P7_S00098" HPOS="1410" VPOS="1047" WIDTH="45" HEIGHT="43" STYLEREFS="StyleId-1" CONTENT="to" WC="1" CC="00" />
            <SP ID="P7_SP00086" WIDTH="0" HPOS="0" VPOS="0" />
            <String ID="P7_S00099" HPOS="1476" VPOS="1044" WIDTH="93" HEIGHT="46" STYLEREFS="StyleId-1" CONTENT="rely" WC="0.825" CC="5010" />
            <SP ID="P7_SP00087" WIDTH="0" HPOS="0" VPOS="0" />
            <String ID="P7_S00100" HPOS="1592" VPOS="1053" WIDTH="118" HEIGHT="37" STYLEREFS="StyleId-1" CONTENT="upon" WC="0.7775" CC="2024" />
          </TextLine>
          <TextLine ID="P7_TL00014" HPOS="188" VPOS="1108" WIDTH="1525" HEIGHT="45">
            <String ID="P7_S00101" HPOS="188" VPOS="1108" WIDTH="79" HEIGHT="38" STYLEREFS="StyleId-1" CONTENT="her" WC="0.766666651" CC="402" />
            <SP ID="P7_SP00088" WIDTH="0" HPOS="0" VPOS="0" />
            <String ID="P7_S00102" HPOS="288" VPOS="1108" WIDTH="240" HEIGHT="47" STYLEREFS="StyleId-1" CONTENT="capability" WC="0.899" CC="0000006300" />
            <SP ID="P7_SP00089" WIDTH="0" HPOS="0" VPOS="0" />
            <String ID="P7_S00103" HPOS="551" VPOS="1108" WIDTH="85" HEIGHT="47" STYLEREFS="StyleId-1" CONTENT="and" WC="0.5833333" CC="560" />
            <SP ID="P7_SP00090" WIDTH="0" HPOS="0" VPOS="0" />
            <String ID="P7_S00104" HPOS="659" VPOS="1114" WIDTH="44" HEIGHT="41" STYLEREFS="StyleId-1" CONTENT="to" WC="1" CC="00" />
            <SP ID="P7_SP00091" WIDTH="0" HPOS="0" VPOS="0" />
            <String ID="P7_S00105" HPOS="728" VPOS="1108" WIDTH="247" HEIGHT="47" STYLEREFS="StyleId-1" CONTENT="appreciate" WC="0.81" CC="0080002700" />
            <SP ID="P7_SP00092" WIDTH="0" HPOS="0" VPOS="0" />
            <String ID="P7_S00106" HPOS="996" VPOS="1109" WIDTH="76" HEIGHT="46" STYLEREFS="StyleId-1" CONTENT="her" WC="0.896666646" CC="003" />
            <SP ID="P7_SP00093" WIDTH="0" HPOS="0" VPOS="0" />
            <String ID="P7_S00107" HPOS="1094" VPOS="1108" WIDTH="102" HEIGHT="47" STYLEREFS="StyleId-1" CONTENT="skill" WC="0.816" CC="00142" />
            <SP ID="P7_SP00094" WIDTH="0" HPOS="0" VPOS="0" />
            <String ID="P7_S00108" HPOS="1219" VPOS="1108" WIDTH="84" HEIGHT="47" STYLEREFS="StyleId-1" CONTENT="and" WC="0.77" CC="060" />
            <SP ID="P7_SP00095" WIDTH="0" HPOS="0" VPOS="0" />
            <String ID="P7_S00109" HPOS="1338" VPOS="1107" WIDTH="219" HEIGHT="48" STYLEREFS="StyleId-1" CONTENT="devotion." WC="0.835555553" CC="000044060" />
            <SP ID="P7_SP00096" WIDTH="0" HPOS="0" VPOS="0" />
            <String ID="P7_S00110" HPOS="1621" VPOS="1107" WIDTH="92" HEIGHT="48" STYLEREFS="StyleId-1" CONTENT="Her" WC="0.706666648" CC="503" />
          </TextLine>
          <TextLine ID="P7_TL00015" HPOS="188" VPOS="1173" WIDTH="1521" HEIGHT="46">
            <String ID="P7_S00111" HPOS="188" VPOS="1173" WIDTH="191" HEIGHT="47" STYLEREFS="StyleId-1" CONTENT="practice" WC="0.9175" CC="30000300" />
            <SP ID="P7_SP00097" WIDTH="0" HPOS="0" VPOS="0" />
            <String ID="P7_S00112" HPOS="400" VPOS="1173" WIDTH="206" HEIGHT="47" STYLEREFS="StyleId-1" CONTENT="included" WC="0.93875" CC="22000000" />
            <SP ID="P7_SP00098" WIDTH="0" HPOS="0" VPOS="0" />
            <String ID="P7_S00113" HPOS="627" VPOS="1173" WIDTH="107" HEIGHT="47" STYLEREFS="StyleId-1" CONTENT="both" WC="0.9975" CC="0000" />
            <SP ID="P7_SP00099" WIDTH="0" HPOS="0" VPOS="0" />
            <String ID="P7_S00114" HPOS="756" VPOS="1186" WIDTH="139" HEIGHT="34" STYLEREFS="StyleId-1" CONTENT="sexes." WC="0.636666656" CC="9010020" />
            <SP ID="P7_SP00100" WIDTH="0" HPOS="0" VPOS="0" />
            <String ID="P7_S00115" HPOS="959" VPOS="1175" WIDTH="41" HEIGHT="45" STYLEREFS="StyleId-1" CONTENT="It" WC="1" CC="00" />
            <SP ID="P7_SP00101" WIDTH="0" HPOS="0" VPOS="0" />
            <String ID="P7_S00116" HPOS="1021" VPOS="1185" WIDTH="87" HEIGHT="35" STYLEREFS="StyleId-1" CONTENT="was" WC="0.766666651" CC="700" />
            <SP ID="P7_SP00102" WIDTH="0" HPOS="0" VPOS="0" />
            <String ID="P7_S00117" HPOS="1131" VPOS="1186" WIDTH="22" HEIGHT="34" STYLEREFS="StyleId-1" CONTENT="a" WC="1" CC="0" />
            <SP ID="P7_SP00103" WIDTH="0" HPOS="0" VPOS="0" />
            <String ID="P7_S00118" HPOS="1190" VPOS="1173" WIDTH="187" HEIGHT="47" STYLEREFS="StyleId-1" CONTENT="practice" WC="0.925" CC="00300200" />
            <SP ID="P7_SP00104" WIDTH="0" HPOS="0" VPOS="0" />
            <String ID="P7_S00119" HPOS="1398" VPOS="1172" WIDTH="231" HEIGHT="48" STYLEREFS="StyleId-1" CONTENT="unlimited" WC="0.885555565" CC="036000000" />
            <SP ID="P7_SP00105" WIDTH="0" HPOS="0" VPOS="0" />
            <String ID="P7_S00120" HPOS="1651" VPOS="1171" WIDTH="58" HEIGHT="49" STYLEREFS="StyleId-1" CONTENT="by" WC="1" CC="00" />
          </TextLine>
          <TextLine ID="P7_TL00016" HPOS="191" VPOS="1239" WIDTH="1519" HEIGHT="46">
            <String ID="P7_S00121" HPOS="191" VPOS="1239" WIDTH="120" HEIGHT="38" STYLEREFS="StyleId-1" CONTENT="color" WC="0.858" CC="00600" />
            <SP ID="P7_SP00106" WIDTH="0" HPOS="0" VPOS="0" />
            <String ID="P7_S00122" HPOS="328" VPOS="1249" WIDTH="48" HEIGHT="28" STYLEREFS="StyleId-1" CONTENT="or" WC="0.63" CC="70" />
            <SP ID="P7_SP00107" WIDTH="0" HPOS="0" VPOS="0" />
            <String ID="P7_S00123" HPOS="398" VPOS="1239" WIDTH="144" HEIGHT="39" STYLEREFS="StyleId-1" CONTENT="creed." WC="0.925" CC="000003" />
            <SP ID="P7_SP00108" WIDTH="0" HPOS="0" VPOS="0" />
            <String ID="P7_S00124" HPOS="604" VPOS="1239" WIDTH="64" HEIGHT="39" STYLEREFS="StyleId-1" CONTENT="As" WC="0.94" CC="10" />
            <SP ID="P7_SP00109" WIDTH="0" HPOS="0" VPOS="0" />
            <String ID="P7_S00125" HPOS="690" VPOS="1252" WIDTH="24" HEIGHT="26" STYLEREFS="StyleId-1" CONTENT="a" WC="1" CC="0" />
            <SP ID="P7_SP00110" WIDTH="0" HPOS="0" VPOS="0" />
            <String ID="P7_S00126" HPOS="736" VPOS="1239" WIDTH="154" HEIGHT="47" STYLEREFS="StyleId-1" CONTENT="family" WC="0.84" CC="500210" />
            <SP ID="P7_SP00111" WIDTH="0" HPOS="0" VPOS="0" />
            <String ID="P7_S00127" HPOS="912" VPOS="1239" WIDTH="229" HEIGHT="47" STYLEREFS="StyleId-1" CONTENT="physician" WC="0.7633333" CC="070440005" />
            <SP ID="P7_SP00112" WIDTH="0" HPOS="0" VPOS="0" />
            <String ID="P7_S00128" HPOS="1163" VPOS="1239" WIDTH="77" HEIGHT="47" STYLEREFS="StyleId-1" CONTENT="she" WC="0.8433333" CC="040" />
            <SP ID="P7_SP00113" WIDTH="0" HPOS="0" VPOS="0" />
            <String ID="P7_S00129" HPOS="1261" VPOS="1250" WIDTH="120" HEIGHT="36" STYLEREFS="StyleId-1" CONTENT="came" WC="0.9025" CC="0030" />
            <SP ID="P7_SP00114" WIDTH="0" HPOS="0" VPOS="0" />
            <String ID="P7_S00130" HPOS="1403" VPOS="1243" WIDTH="44" HEIGHT="43" STYLEREFS="StyleId-1" CONTENT="to" WC="1" CC="00" />
            <SP ID="P7_SP00115" WIDTH="0" HPOS="0" VPOS="0" />
            <String ID="P7_S00131" HPOS="1468" VPOS="1237" WIDTH="53" HEIGHT="49" STYLEREFS="StyleId-1" CONTENT="be" WC="1" CC="00" />
            <SP ID="P7_SP00116" WIDTH="0" HPOS="0" VPOS="0" />
            <String ID="P7_S00132" HPOS="1543" VPOS="1238" WIDTH="44" HEIGHT="48" STYLEREFS="StyleId-1" CONTENT="in" WC="1" CC="00" />
            <SP ID="P7_SP00117" WIDTH="0" HPOS="0" VPOS="0" />
            <String ID="P7_S00133" HPOS="1609" VPOS="1249" WIDTH="101" HEIGHT="37" STYLEREFS="StyleId-1" CONTENT="con¬" WC="0.78" CC="0080" />
          </TextLine>
          <TextLine ID="P7_TL00017" HPOS="193" VPOS="1305" WIDTH="1521" HEIGHT="45">
            <String ID="P7_S00134" HPOS="193" VPOS="1310" WIDTH="120" HEIGHT="33" STYLEREFS="StyleId-1" CONTENT="stant" WC="1" CC="00000" />
            <SP ID="P7_SP00118" WIDTH="0" HPOS="0" VPOS="0" />
            <String ID="P7_S00135" HPOS="334" VPOS="1305" WIDTH="204" HEIGHT="38" STYLEREFS="StyleId-1" CONTENT="demand." WC="0.872857153" CC="0000404" />
            <SP ID="P7_SP00119" WIDTH="0" HPOS="0" VPOS="0" />
            <String ID="P7_S00136" HPOS="601" VPOS="1304" WIDTH="311" HEIGHT="40" STYLEREFS="StyleId-1" CONTENT="Consulations" WC="0.795" CC="005025000450" />
            <SP ID="P7_SP00120" WIDTH="0" HPOS="0" VPOS="0" />
            <String ID="P7_S00137" HPOS="949" VPOS="1304" WIDTH="248" HEIGHT="47" STYLEREFS="StyleId-1" CONTENT="frequently" WC="0.783" CC="3000505250" />
            <SP ID="P7_SP00121" WIDTH="0" HPOS="0" VPOS="0" />
            <String ID="P7_S00138" HPOS="1237" VPOS="1303" WIDTH="190" HEIGHT="48" STYLEREFS="StyleId-1" CONTENT="brought" WC="0.8414286" CC="0005050" />
            <SP ID="P7_SP00122" WIDTH="0" HPOS="0" VPOS="0" />
            <String ID="P7_S00139" HPOS="1449" VPOS="1304" WIDTH="76" HEIGHT="47" STYLEREFS="StyleId-1" CONTENT="her" WC="1" CC="000" />
            <SP ID="P7_SP00123" WIDTH="0" HPOS="0" VPOS="0" />
            <String ID="P7_S00140" HPOS="1546" VPOS="1302" WIDTH="44" HEIGHT="49" STYLEREFS="StyleId-1" CONTENT="in" WC="0.955" CC="00" />
            <SP ID="P7_SP00124" WIDTH="0" HPOS="0" VPOS="0" />
            <String ID="P7_S00141" HPOS="1613" VPOS="1314" WIDTH="101" HEIGHT="37" STYLEREFS="StyleId-1" CONTENT="con¬" WC="0.915" CC="0030" />
          </TextLine>
          <TextLine ID="P7_TL00018" HPOS="191" VPOS="1370" WIDTH="1525" HEIGHT="45">
            <String ID="P7_S00142" HPOS="191" VPOS="1375" WIDTH="92" HEIGHT="34" STYLEREFS="StyleId-1" CONTENT="tact" WC="0.835" CC="0600" />
            <SP ID="P7_SP00125" WIDTH="0" HPOS="0" VPOS="0" />
            <String ID="P7_S00143" HPOS="304" VPOS="1370" WIDTH="108" HEIGHT="40" STYLEREFS="StyleId-1" CONTENT="with" WC="0.38" CC="7493" />
            <SP ID="P7_SP00126" WIDTH="0" HPOS="0" VPOS="0" />
            <String ID="P7_S00144" HPOS="434" VPOS="1370" WIDTH="180" HEIGHT="47" STYLEREFS="StyleId-1" CONTENT="leading" WC="0.5257143" CC="50801710" />
            <SP ID="P7_SP00127" WIDTH="0" HPOS="0" VPOS="0" />
            <String ID="P7_S00145" HPOS="626" VPOS="1370" WIDTH="111" HEIGHT="47" STYLEREFS="StyleId-1" CONTENT="local" WC="0.794" CC="00072" />
            <SP ID="P7_SP00128" WIDTH="0" HPOS="0" VPOS="0" />
            <String ID="P7_S00146" HPOS="758" VPOS="1369" WIDTH="320" HEIGHT="48" STYLEREFS="StyleId-1" CONTENT="practitioners." WC="0.77" CC="501000000380300" />
            <SP ID="P7_SP00129" WIDTH="0" HPOS="0" VPOS="0" />
            <String ID="P7_S00147" HPOS="1138" VPOS="1368" WIDTH="41" HEIGHT="49" STYLEREFS="StyleId-1" CONTENT="A" WC="1" CC="0" />
            <SP ID="P7_SP00130" WIDTH="0" HPOS="0" VPOS="0" />
            <String ID="P7_S00148" HPOS="1201" VPOS="1368" WIDTH="190" HEIGHT="49" STYLEREFS="StyleId-1" CONTENT="member" WC="0.8183333" CC="0010000" />
            <SP ID="P7_SP00131" WIDTH="0" HPOS="0" VPOS="0" />
            <String ID="P7_S00149" HPOS="1411" VPOS="1368" WIDTH="46" HEIGHT="49" STYLEREFS="StyleId-1" CONTENT="of" WC="0.725" CC="13" />
            <SP ID="P7_SP00132" WIDTH="0" HPOS="0" VPOS="0" />
            <String ID="P7_S00150" HPOS="1476" VPOS="1368" WIDTH="75" HEIGHT="49" STYLEREFS="StyleId-1" CONTENT="the" WC="1" CC="000" />
            <SP ID="P7_SP00133" WIDTH="0" HPOS="0" VPOS="0" />
            <String ID="P7_S00151" HPOS="1570" VPOS="1367" WIDTH="146" HEIGHT="50" STYLEREFS="StyleId-1" CONTENT="Kings" WC="0.584" CC="67600" />
          </TextLine>
          <TextLine ID="P7_TL00019" HPOS="193" VPOS="1435" WIDTH="1521" HEIGHT="45">
            <String ID="P7_S00152" HPOS="193" VPOS="1436" WIDTH="180" HEIGHT="47" STYLEREFS="StyleId-1" CONTENT="County" WC="0.771666646" CC="600500" />
            <SP ID="P7_SP00134" WIDTH="0" HPOS="0" VPOS="0" />
            <String ID="P7_S00153" HPOS="423" VPOS="1435" WIDTH="323" HEIGHT="48" STYLEREFS="StyleId-1" CONTENT="Homeopathic" WC="0.7572727" CC="50000090740" />
            <SP ID="P7_SP00135" WIDTH="0" HPOS="0" VPOS="0" />
            <String ID="P7_S00154" HPOS="780" VPOS="1434" WIDTH="174" HEIGHT="49" STYLEREFS="StyleId-1" CONTENT="Society" WC="0.79" CC="4002007" />
            <SP ID="P7_SP00136" WIDTH="0" HPOS="0" VPOS="0" />
            <String ID="P7_S00155" HPOS="986" VPOS="1435" WIDTH="84" HEIGHT="48" STYLEREFS="StyleId-1" CONTENT="and" WC="0.7633333" CC="070" />
            <SP ID="P7_SP00137" WIDTH="0" HPOS="0" VPOS="0" />
            <String ID="P7_S00156" HPOS="1104" VPOS="1434" WIDTH="46" HEIGHT="49" STYLEREFS="StyleId-1" CONTENT="of" WC="0.615" CC="34" />
            <SP ID="P7_SP00138" WIDTH="0" HPOS="0" VPOS="0" />
            <String ID="P7_S00157" HPOS="1184" VPOS="1435" WIDTH="74" HEIGHT="48" STYLEREFS="StyleId-1" CONTENT="the" WC="1" CC="000" />
            <SP ID="P7_SP00139" WIDTH="0" HPOS="0" VPOS="0" />
            <String ID="P7_S00158" HPOS="1294" VPOS="1435" WIDTH="109" HEIGHT="48" STYLEREFS="StyleId-1" CONTENT="New" WC="0.813333333" CC="500" />
            <SP ID="P7_SP00140" WIDTH="0" HPOS="0" VPOS="0" />
            <String ID="P7_S00159" HPOS="1437" VPOS="1433" WIDTH="122" HEIGHT="50" STYLEREFS="StyleId-1" CONTENT="York" WC="0.8775" CC="1030" />
            <SP ID="P7_SP00141" WIDTH="0" HPOS="0" VPOS="0" />
            <String ID="P7_S00160" HPOS="1594" VPOS="1433" WIDTH="120" HEIGHT="50" STYLEREFS="StyleId-1" CONTENT="State" WC="0.846" CC="50200" />
          </TextLine>
          <TextLine ID="P7_TL00020" HPOS="198" VPOS="1500" WIDTH="1516" HEIGHT="46">
            <String ID="P7_S00161" HPOS="198" VPOS="1501" WIDTH="190" HEIGHT="39" STYLEREFS="StyleId-1" CONTENT="Medical" WC="0.917142868" CC="0000005" />
            <SP ID="P7_SP00142" WIDTH="0" HPOS="0" VPOS="0" />
            <String ID="P7_S00162" HPOS="410" VPOS="1501" WIDTH="194" HEIGHT="47" STYLEREFS="StyleId-1" CONTENT="Soctety," WC="0.8775" CC="00000900" />
            <SP ID="P7_SP00143" WIDTH="0" HPOS="0" VPOS="0" />
            <String ID="P7_S00163" HPOS="626" VPOS="1501" WIDTH="77" HEIGHT="47" STYLEREFS="StyleId-1" CONTENT="she" WC="0.686666667" CC="072" />
            <SP ID="P7_SP00144" WIDTH="0" HPOS="0" VPOS="0" />
            <String ID="P7_S00164" HPOS="724" VPOS="1500" WIDTH="102" HEIGHT="48" STYLEREFS="StyleId-1" CONTENT="held" WC="0.6925" CC="6050" />
            <SP ID="P7_SP00145" WIDTH="0" HPOS="0" VPOS="0" />
            <String ID="P7_S00165" HPOS="848" VPOS="1500" WIDTH="67" HEIGHT="48" STYLEREFS="StyleId-1" CONTENT="for" WC="0.936666667" CC="001" />
            <SP ID="P7_SP00146" WIDTH="0" HPOS="0" VPOS="0" />
            <String ID="P7_S00166" HPOS="937" VPOS="1510" WIDTH="124" HEIGHT="38" STYLEREFS="StyleId-1" CONTENT="years" WC="0.904" CC="00040" />
            <SP ID="P7_SP00147" WIDTH="0" HPOS="0" VPOS="0" />
            <String ID="P7_S00167" HPOS="1084" VPOS="1512" WIDTH="23" HEIGHT="36" STYLEREFS="StyleId-1" CONTENT="a" WC="1" CC="0" />
            <SP ID="P7_SP00148" WIDTH="0" HPOS="0" VPOS="0" />
            <String ID="P7_S00168" HPOS="1127" VPOS="1498" WIDTH="176" HEIGHT="50" STYLEREFS="StyleId-1" CONTENT="leading" WC="0.791428566" CC="5000270" />
            <SP ID="P7_SP00149" WIDTH="0" HPOS="0" VPOS="0" />
            <String ID="P7_S00169" HPOS="1337" VPOS="1498" WIDTH="120" HEIGHT="50" STYLEREFS="StyleId-1" CONTENT="place" WC="0.908" CC="04000" />
            <SP ID="P7_SP00150" WIDTH="0" HPOS="0" VPOS="0" />
            <String ID="P7_S00170" HPOS="1478" VPOS="1511" WIDTH="46" HEIGHT="37" STYLEREFS="StyleId-1" CONTENT="as" WC="0.925" CC="01" />
            <SP ID="P7_SP00151" WIDTH="0" HPOS="0" VPOS="0" />
            <String ID="P7_S00171" HPOS="1547" VPOS="1510" WIDTH="24" HEIGHT="38" STYLEREFS="StyleId-1" CONTENT="a" WC="1" CC="0" />
            <SP ID="P7_SP00152" WIDTH="0" HPOS="0" VPOS="0" />
            <String ID="P7_S00172" HPOS="1590" VPOS="1510" WIDTH="124" HEIGHT="38" STYLEREFS="StyleId-1" CONTENT="capa¬" WC="0.928" CC="00003" />
          </TextLine>
          <TextLine ID="P7_TL00021" HPOS="191" VPOS="1565" WIDTH="1521" HEIGHT="46">
            <String ID="P7_S00173" HPOS="191" VPOS="1566" WIDTH="84" HEIGHT="47" STYLEREFS="StyleId-1" CONTENT="ble," WC="0.9425" CC="0002" />
            <SP ID="P7_SP00153" WIDTH="0" HPOS="0" VPOS="0" />
            <String ID="P7_S00174" HPOS="323" VPOS="1566" WIDTH="199" HEIGHT="48" STYLEREFS="StyleId-1" CONTENT="popular," WC="0.91" CC="00033000" />
            <SP ID="P7_SP00154" WIDTH="0" HPOS="0" VPOS="0" />
            <String ID="P7_S00175" HPOS="578" VPOS="1574" WIDTH="259" HEIGHT="40" STYLEREFS="StyleId-1" CONTENT="prosperous" WC="0.833" CC="0006003007" />
            <SP ID="P7_SP00155" WIDTH="0" HPOS="0" VPOS="0" />
            <String ID="P7_S00176" HPOS="887" VPOS="1564" WIDTH="244" HEIGHT="50" STYLEREFS="StyleId-1" CONTENT="physician." WC="0.751" CC="0705004042" />
            <SP ID="P7_SP00156" WIDTH="0" HPOS="0" VPOS="0" />
            <String ID="P7_S00177" HPOS="1214" VPOS="1565" WIDTH="91" HEIGHT="49" STYLEREFS="StyleId-1" CONTENT="Her" WC="0.663333356" CC="405" />
            <SP ID="P7_SP00157" WIDTH="0" HPOS="0" VPOS="0" />
            <String ID="P7_S00178" HPOS="1371" VPOS="1563" WIDTH="188" HEIGHT="51" STYLEREFS="StyleId-1" CONTENT="removal" WC="0.8357143" CC="0023014" />
            <SP ID="P7_SP00158" WIDTH="0" HPOS="0" VPOS="0" />
            <String ID="P7_S00179" HPOS="1602" VPOS="1562" WIDTH="110" HEIGHT="52" STYLEREFS="StyleId-1" CONTENT="from" WC="0.9725" CC="1000" />
          </TextLine>
          <TextLine ID="P7_TL00022" HPOS="193" VPOS="1630" WIDTH="1245" HEIGHT="47">
            <String ID="P7_S00180" HPOS="193" VPOS="1632" WIDTH="224" HEIGHT="48" STYLEREFS="StyleId-1" CONTENT="Brooklyn" WC="0.87625" CC="50100002" />
            <SP ID="P7_SP00159" WIDTH="0" HPOS="0" VPOS="0" />
            <String ID="P7_S00181" HPOS="440" VPOS="1644" WIDTH="89" HEIGHT="36" STYLEREFS="StyleId-1" CONTENT="was" WC="0.426666677" CC="880" />
            <SP ID="P7_SP00160" WIDTH="0" HPOS="0" VPOS="0" />
            <String ID="P7_S00182" HPOS="549" VPOS="1632" WIDTH="75" HEIGHT="48" STYLEREFS="StyleId-1" CONTENT="the" WC="0.6933333" CC="710" />
            <SP ID="P7_SP00161" WIDTH="0" HPOS="0" VPOS="0" />
            <String ID="P7_S00183" HPOS="645" VPOS="1637" WIDTH="200" HEIGHT="43" STYLEREFS="StyleId-1" CONTENT="outcome" WC="0.954285741" CC="0300000" />
            <SP ID="P7_SP00162" WIDTH="0" HPOS="0" VPOS="0" />
            <String ID="P7_S00184" HPOS="867" VPOS="1630" WIDTH="46" HEIGHT="50" STYLEREFS="StyleId-1" CONTENT="of" WC="1" CC="00" />
            <SP ID="P7_SP00163" WIDTH="0" HPOS="0" VPOS="0" />
            <String ID="P7_S00185" HPOS="933" VPOS="1631" WIDTH="76" HEIGHT="49" STYLEREFS="StyleId-1" CONTENT="her" WC="0.69" CC="602" />
            <SP ID="P7_SP00164" WIDTH="0" HPOS="0" VPOS="0" />
            <String ID="P7_S00186" HPOS="1031" VPOS="1629" WIDTH="160" HEIGHT="51" STYLEREFS="StyleId-1" CONTENT="second" WC="0.918333352" CC="000040" />
            <SP ID="P7_SP00165" WIDTH="0" HPOS="0" VPOS="0" />
            <String ID="P7_S00187" HPOS="1212" VPOS="1628" WIDTH="226" HEIGHT="52" STYLEREFS="StyleId-1" CONTENT="marriage." WC="0.836666644" CC="532020000" />
          </TextLine>
          <TextLine ID="P7_TL00023" HPOS="278" VPOS="1696" WIDTH="1435" HEIGHT="46">
            <String ID="P7_S00188" HPOS="278" VPOS="1697" WIDTH="294" HEIGHT="40" STYLEREFS="StyleId-1" CONTENT="Professional" WC="0.8666667" CC="600400030010" />
            <SP ID="P7_SP00166" WIDTH="0" HPOS="0" VPOS="0" />
            <String ID="P7_S00189" HPOS="593" VPOS="1696" WIDTH="212" HEIGHT="41" STYLEREFS="StyleId-1" CONTENT="demands" WC="0.9671429" CC="0002000" />
            <SP ID="P7_SP00167" WIDTH="0" HPOS="0" VPOS="0" />
            <String ID="P7_S00190" HPOS="825" VPOS="1695" WIDTH="46" HEIGHT="42" STYLEREFS="StyleId-1" CONTENT="of" WC="0.46" CC="73" />
            <SP ID="P7_SP00168" WIDTH="0" HPOS="0" VPOS="0" />
            <String ID="P7_S00191" HPOS="893" VPOS="1708" WIDTH="84" HEIGHT="35" STYLEREFS="StyleId-1" CONTENT="any" WC="0.966666639" CC="010" />
            <SP ID="P7_SP00169" WIDTH="0" HPOS="0" VPOS="0" />
            <String ID="P7_S00192" HPOS="999" VPOS="1700" WIDTH="90" HEIGHT="43" STYLEREFS="StyleId-1" CONTENT="sort" WC="0.87" CC="0130" />
            <SP ID="P7_SP00170" WIDTH="0" HPOS="0" VPOS="0" />
            <String ID="P7_S00193" HPOS="1111" VPOS="1707" WIDTH="70" HEIGHT="36" STYLEREFS="StyleId-1" CONTENT="are" WC="1" CC="000" />
            <SP ID="P7_SP00171" WIDTH="0" HPOS="0" VPOS="0" />
            <String ID="P7_S00194" HPOS="1203" VPOS="1705" WIDTH="236" HEIGHT="38" STYLEREFS="StyleId-1" CONTENT="numerous" WC="0.855" CC="50000060" />
            <SP ID="P7_SP00172" WIDTH="0" HPOS="0" VPOS="0" />
            <String ID="P7_S00195" HPOS="1461" VPOS="1693" WIDTH="84" HEIGHT="50" STYLEREFS="StyleId-1" CONTENT="and" WC="0.5466667" CC="760" />
            <SP ID="P7_SP00173" WIDTH="0" HPOS="0" VPOS="0" />
            <String ID="P7_S00196" HPOS="1568" VPOS="1697" WIDTH="145" HEIGHT="46" STYLEREFS="StyleId-1" CONTENT="exact¬" WC="0.686666667" CC="061073" />
          </TextLine>
          <TextLine ID="P7_TL00024" HPOS="190" VPOS="1761" WIDTH="1525" HEIGHT="47">
            <String ID="P7_S00197" HPOS="190" VPOS="1765" WIDTH="94" HEIGHT="46" STYLEREFS="StyleId-1" CONTENT="ing." WC="0.59" CC="5604" />
            <SP ID="P7_SP00174" WIDTH="0" HPOS="0" VPOS="0" />
            <String ID="P7_S00198" HPOS="348" VPOS="1765" WIDTH="163" HEIGHT="46" STYLEREFS="StyleId-1" CONTENT="Doctor" WC="0.8433333" CC="200070" />
            <SP ID="P7_SP00175" WIDTH="0" HPOS="0" VPOS="0" />
            <String ID="P7_S00199" HPOS="531" VPOS="1762" WIDTH="195" HEIGHT="49" STYLEREFS="StyleId-1" CONTENT="Steward" WC="0.7385714" CC="2004820" />
            <SP ID="P7_SP00176" WIDTH="0" HPOS="0" VPOS="0" />
            <String ID="P7_S00200" HPOS="740" VPOS="1761" WIDTH="259" HEIGHT="50" STYLEREFS="StyleId-1" CONTENT="discharged" WC="0.675" CC="04045081000" />
            <SP ID="P7_SP00177" WIDTH="0" HPOS="0" VPOS="0" />
            <String ID="P7_S00201" HPOS="1022" VPOS="1761" WIDTH="57" HEIGHT="50" STYLEREFS="StyleId-1" CONTENT="all" WC="0.62" CC="361" />
            <SP ID="P7_SP00178" WIDTH="0" HPOS="0" VPOS="0" />
            <String ID="P7_S00202" HPOS="1100" VPOS="1760" WIDTH="108" HEIGHT="51" STYLEREFS="StyleId-1" CONTENT="such" WC="0.73" CC="0406" />
            <SP ID="P7_SP00179" WIDTH="0" HPOS="0" VPOS="0" />
            <String ID="P7_S00203" HPOS="1225" VPOS="1759" WIDTH="239" HEIGHT="52" STYLEREFS="StyleId-1" CONTENT="faithfully," WC="0.814545453" CC="10510350003" />
            <SP ID="P7_SP00180" WIDTH="0" HPOS="0" VPOS="0" />
            <String ID="P7_S00204" HPOS="1489" VPOS="1763" WIDTH="73" HEIGHT="48" STYLEREFS="StyleId-1" CONTENT="yet" WC="1" CC="000" />
            <SP ID="P7_SP00181" WIDTH="0" HPOS="0" VPOS="0" />
            <String ID="P7_S00205" HPOS="1584" VPOS="1769" WIDTH="131" HEIGHT="42" STYLEREFS="StyleId-1" CONTENT="never" WC="0.628" CC="60704" />
          </TextLine>
          <TextLine ID="P7_TL00025" HPOS="193" VPOS="1825" WIDTH="1520" HEIGHT="49">
            <String ID="P7_S00206" HPOS="193" VPOS="1829" WIDTH="228" HEIGHT="48" STYLEREFS="StyleId-1" CONTENT="neglected" WC="0.825555563" CC="0010022000" />
            <SP ID="P7_SP00182" WIDTH="0" HPOS="0" VPOS="0" />
            <String ID="P7_S00207" HPOS="445" VPOS="1828" WIDTH="132" HEIGHT="49" STYLEREFS="StyleId-1" CONTENT="social" WC="0.9166667" CC="000500" />
            <SP ID="P7_SP00183" WIDTH="0" HPOS="0" VPOS="0" />
            <String ID="P7_S00208" HPOS="596" VPOS="1840" WIDTH="48" HEIGHT="37" STYLEREFS="StyleId-1" CONTENT="or" WC="1" CC="00" />
            <SP ID="P7_SP00184" WIDTH="0" HPOS="0" VPOS="0" />
            <String ID="P7_S00209" HPOS="659" VPOS="1827" WIDTH="201" HEIGHT="50" STYLEREFS="StyleId-1" CONTENT="personal" WC="0.88625" CC="00000224" />
            <SP ID="P7_SP00185" WIDTH="0" HPOS="0" VPOS="0" />
            <String ID="P7_S00210" HPOS="882" VPOS="1825" WIDTH="279" HEIGHT="52" STYLEREFS="StyleId-1" CONTENT="obligations." WC="0.8475" CC="006000050320" />
            <SP ID="P7_SP00186" WIDTH="0" HPOS="0" VPOS="0" />
            <String ID="P7_S00211" HPOS="1221" VPOS="1823" WIDTH="147" HEIGHT="54" STYLEREFS="StyleId-1" CONTENT="Twice" WC="1" CC="00000" />
            <SP ID="P7_SP00187" WIDTH="0" HPOS="0" VPOS="0" />
            <String ID="P7_S00212" HPOS="1389" VPOS="1823" WIDTH="200" HEIGHT="54" STYLEREFS="StyleId-1" CONTENT="married," WC="0.9825" CC="00010000" />
            <SP ID="P7_SP00188" WIDTH="0" HPOS="0" VPOS="0" />
            <String ID="P7_S00213" HPOS="1607" VPOS="1823" WIDTH="106" HEIGHT="54" STYLEREFS="StyleId-1" CONTENT="with" WC="0.78" CC="8000" />
          </TextLine>
          <TextLine ID="P7_TL00026" HPOS="194" VPOS="1891" WIDTH="1517" HEIGHT="48">
            <String ID="P7_S00214" HPOS="194" VPOS="1894" WIDTH="286" HEIGHT="47" STYLEREFS="StyleId-1" CONTENT="intervening" WC="0.7309091" CC="302010030810" />
            <SP ID="P7_SP00189" WIDTH="0" HPOS="0" VPOS="0" />
            <String ID="P7_S00215" HPOS="500" VPOS="1905" WIDTH="126" HEIGHT="37" STYLEREFS="StyleId-1" CONTENT="years" WC="1" CC="00000" />
            <SP ID="P7_SP00190" WIDTH="0" HPOS="0" VPOS="0" />
            <String ID="P7_S00216" HPOS="647" VPOS="1892" WIDTH="47" HEIGHT="50" STYLEREFS="StyleId-1" CONTENT="of" WC="0.725" CC="23" />
            <SP ID="P7_SP00191" WIDTH="0" HPOS="0" VPOS="0" />
            <String ID="P7_S00217" HPOS="734" VPOS="1891" WIDTH="289" HEIGHT="51" STYLEREFS="StyleId-1" CONTENT="widowhood," WC="0.724" CC="02104900000" />
            <SP ID="P7_SP00192" WIDTH="0" HPOS="0" VPOS="0" />
            <String ID="P7_S00218" HPOS="1060" VPOS="1891" WIDTH="77" HEIGHT="51" STYLEREFS="StyleId-1" CONTENT="she" WC="0.8566667" CC="040" />
            <SP ID="P7_SP00193" WIDTH="0" HPOS="0" VPOS="0" />
            <String ID="P7_S00219" HPOS="1159" VPOS="1894" WIDTH="193" HEIGHT="48" STYLEREFS="StyleId-1" CONTENT="presents" WC="0.94125" CC="00000400" />
            <SP ID="P7_SP00194" WIDTH="0" HPOS="0" VPOS="0" />
            <String ID="P7_S00220" HPOS="1374" VPOS="1902" WIDTH="24" HEIGHT="40" STYLEREFS="StyleId-1" CONTENT="a" WC="1" CC="0" />
            <SP ID="P7_SP00195" WIDTH="0" HPOS="0" VPOS="0" />
            <String ID="P7_S00221" HPOS="1419" VPOS="1888" WIDTH="86" HEIGHT="54" STYLEREFS="StyleId-1" CONTENT="fine" WC="0.9" CC="0040" />
            <SP ID="P7_SP00196" WIDTH="0" HPOS="0" VPOS="0" />
            <String ID="P7_S00222" HPOS="1526" VPOS="1888" WIDTH="185" HEIGHT="54" STYLEREFS="StyleId-1" CONTENT="illustra¬" WC="0.9" CC="002500000" />
          </TextLine>
          <TextLine ID="P7_TL00027" HPOS="194" VPOS="1956" WIDTH="1521" HEIGHT="48">
            <String ID="P7_S00223" HPOS="194" VPOS="1961" WIDTH="95" HEIGHT="39" STYLEREFS="StyleId-1" CONTENT="tion" WC="0.785" CC="0305" />
            <SP ID="P7_SP00197" WIDTH="0" HPOS="0" VPOS="0" />
            <String ID="P7_S00224" HPOS="313" VPOS="1960" WIDTH="46" HEIGHT="40" STYLEREFS="StyleId-1" CONTENT="of" WC="0.82" CC="03" />
            <SP ID="P7_SP00198" WIDTH="0" HPOS="0" VPOS="0" />
            <String ID="P7_S00225" HPOS="381" VPOS="1972" WIDTH="54" HEIGHT="31" STYLEREFS="StyleId-1" CONTENT="an" WC="1" CC="00" />
            <SP ID="P7_SP00199" WIDTH="0" HPOS="0" VPOS="0" />
            <String ID="P7_S00226" HPOS="458" VPOS="1958" WIDTH="258" HEIGHT="48" STYLEREFS="StyleId-1" CONTENT="exemplary" WC="0.63" CC="0900901210" />
            <SP ID="P7_SP00200" WIDTH="0" HPOS="0" VPOS="0" />
            <String ID="P7_S00227" HPOS="757" VPOS="1962" WIDTH="186" HEIGHT="44" STYLEREFS="StyleId-1" CONTENT="matron," WC="0.682857156" CC="6103351" />
            <SP ID="P7_SP00201" WIDTH="0" HPOS="0" VPOS="0" />
            <String ID="P7_S00228" HPOS="965" VPOS="1968" WIDTH="54" HEIGHT="38" STYLEREFS="StyleId-1" CONTENT="an" WC="0.895" CC="02" />
            <SP ID="P7_SP00202" WIDTH="0" HPOS="0" VPOS="0" />
            <String ID="P7_S00229" HPOS="1043" VPOS="1954" WIDTH="236" HEIGHT="52" STYLEREFS="StyleId-1" CONTENT="admirable" WC="1" CC="000000000" />
            <SP ID="P7_SP00203" WIDTH="0" HPOS="0" VPOS="0" />
            <String ID="P7_S00230" HPOS="1317" VPOS="1955" WIDTH="183" HEIGHT="51" STYLEREFS="StyleId-1" CONTENT="mother," WC="1" CC="0000000" />
            <SP ID="P7_SP00204" WIDTH="0" HPOS="0" VPOS="0" />
            <String ID="P7_S00231" HPOS="1527" VPOS="1966" WIDTH="24" HEIGHT="40" STYLEREFS="StyleId-1" CONTENT="a" WC="1" CC="0" />
            <SP ID="P7_SP00205" WIDTH="0" HPOS="0" VPOS="0" />
            <String ID="P7_S00232" HPOS="1571" VPOS="1953" WIDTH="144" HEIGHT="53" STYLEREFS="StyleId-1" CONTENT="model" WC="1" CC="00000" />
          </TextLine>
          <TextLine ID="P7_TL00028" HPOS="195" VPOS="2021" WIDTH="1519" HEIGHT="48">
            <String ID="P7_S00233" HPOS="195" VPOS="2028" WIDTH="130" HEIGHT="37" STYLEREFS="StyleId-1" CONTENT="home" WC="0.925" CC="0030" />
            <SP ID="P7_SP00206" WIDTH="0" HPOS="0" VPOS="0" />
            <String ID="P7_S00234" HPOS="347" VPOS="2026" WIDTH="173" HEIGHT="46" STYLEREFS="StyleId-1" CONTENT="keeper," WC="0.8385714" CC="6000040" />
            <SP ID="P7_SP00207" WIDTH="0" HPOS="0" VPOS="0" />
            <String ID="P7_S00235" HPOS="549" VPOS="2024" WIDTH="84" HEIGHT="48" STYLEREFS="StyleId-1" CONTENT="and" WC="0.6066667" CC="460" />
            <SP ID="P7_SP00208" WIDTH="0" HPOS="0" VPOS="0" />
            <String ID="P7_S00236" HPOS="657" VPOS="2037" WIDTH="23" HEIGHT="35" STYLEREFS="StyleId-1" CONTENT="a" WC="1" CC="0" />
            <SP ID="P7_SP00209" WIDTH="0" HPOS="0" VPOS="0" />
            <String ID="P7_S00237" HPOS="702" VPOS="2035" WIDTH="172" HEIGHT="37" STYLEREFS="StyleId-1" CONTENT="woman" WC="1" CC="00000" />
            <SP ID="P7_SP00210" WIDTH="0" HPOS="0" VPOS="0" />
            <String ID="P7_S00238" HPOS="896" VPOS="2021" WIDTH="139" HEIGHT="51" STYLEREFS="StyleId-1" CONTENT="active" WC="0.978333354" CC="100000" />
            <SP ID="P7_SP00211" WIDTH="0" HPOS="0" VPOS="0" />
            <String ID="P7_S00239" HPOS="1056" VPOS="2021" WIDTH="44" HEIGHT="51" STYLEREFS="StyleId-1" CONTENT="in" WC="0.615" CC="43" />
            <SP ID="P7_SP00212" WIDTH="0" HPOS="0" VPOS="0" />
            <String ID="P7_S00240" HPOS="1125" VPOS="2020" WIDTH="55" HEIGHT="52" STYLEREFS="StyleId-1" CONTENT="all" WC="0.8333333" CC="050" />
            <SP ID="P7_SP00213" WIDTH="0" HPOS="0" VPOS="0" />
            <String ID="P7_S00241" HPOS="1203" VPOS="2024" WIDTH="178" HEIGHT="48" STYLEREFS="StyleId-1" CONTENT="matters" WC="0.86" CC="9000000" />
            <SP ID="P7_SP00214" WIDTH="0" HPOS="0" VPOS="0" />
            <String ID="P7_S00242" HPOS="1403" VPOS="2018" WIDTH="247" HEIGHT="54" STYLEREFS="StyleId-1" CONTENT="pertaining" WC="0.889" CC="0000033300" />
            <SP ID="P7_SP00215" WIDTH="0" HPOS="0" VPOS="0" />
            <String ID="P7_S00243" HPOS="1670" VPOS="2024" WIDTH="44" HEIGHT="48" STYLEREFS="StyleId-1" CONTENT="to" WC="0.475" CC="63" />
          </TextLine>
          <TextLine ID="P7_TL00029" HPOS="192" VPOS="2087" WIDTH="1523" HEIGHT="50">
            <String ID="P7_S00244" HPOS="192" VPOS="2092" WIDTH="178" HEIGHT="48" STYLEREFS="StyleId-1" CONTENT="general" WC="0.7614286" CC="10060000" />
            <SP ID="P7_SP00216" WIDTH="0" HPOS="0" VPOS="0" />
            <String ID="P7_S00245" HPOS="413" VPOS="2090" WIDTH="134" HEIGHT="50" STYLEREFS="StyleId-1" CONTENT="uplift" WC="0.86833334" CC="200130" />
            <SP ID="P7_SP00217" WIDTH="0" HPOS="0" VPOS="0" />
            <String ID="P7_S00246" HPOS="582" VPOS="2089" WIDTH="86" HEIGHT="51" STYLEREFS="StyleId-1" CONTENT="and" WC="0.9433333" CC="010" />
            <SP ID="P7_SP00218" WIDTH="0" HPOS="0" VPOS="0" />
            <String ID="P7_S00247" HPOS="709" VPOS="2088" WIDTH="277" HEIGHT="52" STYLEREFS="StyleId-1" CONTENT="betterment." WC="0.874545455" CC="00000520004" />
            <SP ID="P7_SP00219" WIDTH="0" HPOS="0" VPOS="0" />
            <String ID="P7_S00248" HPOS="1048" VPOS="2087" WIDTH="91" HEIGHT="53" STYLEREFS="StyleId-1" CONTENT="Her" WC="0.78" CC="501" />
            <SP ID="P7_SP00220" WIDTH="0" HPOS="0" VPOS="0" />
            <String ID="P7_S00249" HPOS="1161" VPOS="2085" WIDTH="220" HEIGHT="55" STYLEREFS="StyleId-1" CONTENT="Brooklyn" WC="0.85375" CC="50000401" />
            <SP ID="P7_SP00221" WIDTH="0" HPOS="0" VPOS="0" />
            <String ID="P7_S00250" HPOS="1422" VPOS="2085" WIDTH="128" HEIGHT="55" STYLEREFS="StyleId-1" CONTENT="home" WC="0.9175" CC="3000" />
            <SP ID="P7_SP00222" WIDTH="0" HPOS="0" VPOS="0" />
            <String ID="P7_S00251" HPOS="1583" VPOS="2095" WIDTH="87" HEIGHT="45" STYLEREFS="StyleId-1" CONTENT="was" WC="1" CC="000" />
            <SP ID="P7_SP00223" WIDTH="0" HPOS="0" VPOS="0" />
            <String ID="P7_S00252" HPOS="1691" VPOS="2096" WIDTH="24" HEIGHT="44" STYLEREFS="StyleId-1" CONTENT="a" WC="1" CC="0" />
          </TextLine>
          <TextLine ID="P7_TL00030" HPOS="193" VPOS="2151" WIDTH="1524" HEIGHT="44">
            <String ID="P7_S00253" HPOS="193" VPOS="2164" WIDTH="151" HEIGHT="34" STYLEREFS="StyleId-1" CONTENT="center" WC="0.8333333" CC="206100" />
            <SP ID="P7_SP00224" WIDTH="0" HPOS="0" VPOS="0" />
            <String ID="P7_S00254" HPOS="378" VPOS="2157" WIDTH="69" HEIGHT="41" STYLEREFS="StyleId-1" CONTENT="for" WC="0.723333359" CC="430" />
            <SP ID="P7_SP00225" WIDTH="0" HPOS="0" VPOS="0" />
            <String ID="P7_S00255" HPOS="479" VPOS="2155" WIDTH="134" HEIGHT="43" STYLEREFS="StyleId-1" CONTENT="social" WC="0.723333359" CC="060054" />
            <SP ID="P7_SP00226" WIDTH="0" HPOS="0" VPOS="0" />
            <String ID="P7_S00256" HPOS="663" VPOS="2154" WIDTH="271" HEIGHT="44" STYLEREFS="StyleId-1" CONTENT="intercourse" WC="0.7690909" CC="77001034020" />
            <SP ID="P7_SP00227" WIDTH="0" HPOS="0" VPOS="0" />
            <String ID="P7_S00257" HPOS="980" VPOS="2152" WIDTH="86" HEIGHT="46" STYLEREFS="StyleId-1" CONTENT="and" WC="0.836666644" CC="220" />
            <SP ID="P7_SP00228" WIDTH="0" HPOS="0" VPOS="0" />
            <String ID="P7_S00258" HPOS="1099" VPOS="2150" WIDTH="204" HEIGHT="48" STYLEREFS="StyleId-1" CONTENT="informal" WC="0.5025" CC="58004983" />
            <SP ID="P7_SP00229" WIDTH="0" HPOS="0" VPOS="0" />
            <String ID="P7_S00259" HPOS="1351" VPOS="2149" WIDTH="284" HEIGHT="49" STYLEREFS="StyleId-1" CONTENT="interchange" WC="0.572727263" CC="4900033107100" />
            <SP ID="P7_SP00230" WIDTH="0" HPOS="0" VPOS="0" />
            <String ID="P7_S00260" HPOS="1670" VPOS="2148" WIDTH="47" HEIGHT="50" STYLEREFS="StyleId-1" CONTENT="of" WC="0.755" CC="13" />
          </TextLine>
          <TextLine ID="P7_TL00031" HPOS="189" VPOS="2218" WIDTH="1519" HEIGHT="49">
            <String ID="P7_S00261" HPOS="189" VPOS="2224" WIDTH="194" HEIGHT="46" STYLEREFS="StyleId-1" CONTENT="thought" WC="0.66" CC="07010060" />
            <SP ID="P7_SP00231" WIDTH="0" HPOS="0" VPOS="0" />
            <String ID="P7_S00262" HPOS="406" VPOS="2222" WIDTH="84" HEIGHT="48" STYLEREFS="StyleId-1" CONTENT="and" WC="0.75333333" CC="600" />
            <SP ID="P7_SP00232" WIDTH="0" HPOS="0" VPOS="0" />
            <String ID="P7_S00263" HPOS="517" VPOS="2220" WIDTH="198" HEIGHT="50" STYLEREFS="StyleId-1" CONTENT="opinion." WC="0.635" CC="09313344" />
            <SP ID="P7_SP00233" WIDTH="0" HPOS="0" VPOS="0" />
            <String ID="P7_S00264" HPOS="777" VPOS="2217" WIDTH="189" HEIGHT="53" STYLEREFS="StyleId-1" CONTENT="Though" WC="0.486666679" CC="0606107" />
            <SP ID="P7_SP00234" WIDTH="0" HPOS="0" VPOS="0" />
            <String ID="P7_S00265" HPOS="991" VPOS="2223" WIDTH="77" HEIGHT="47" STYLEREFS="StyleId-1" CONTENT="not" WC="0.776666641" CC="600" />
            <SP ID="P7_SP00235" WIDTH="0" HPOS="0" VPOS="0" />
            <String ID="P7_S00266" HPOS="1090" VPOS="2229" WIDTH="24" HEIGHT="41" STYLEREFS="StyleId-1" CONTENT="a" WC="1" CC="0" />
            <SP ID="P7_SP00236" WIDTH="0" HPOS="0" VPOS="0" />
            <String ID="P7_S00267" HPOS="1138" VPOS="2216" WIDTH="247" HEIGHT="54" STYLEREFS="StyleId-1" CONTENT="prominent" WC="0.9622222" CC="000000020" />
            <SP ID="P7_SP00237" WIDTH="0" HPOS="0" VPOS="0" />
            <String ID="P7_S00268" HPOS="1406" VPOS="2215" WIDTH="302" HEIGHT="55" STYLEREFS="StyleId-1" CONTENT="clubwoman," WC="0.957" CC="0000000040" />
          </TextLine>
          <TextLine ID="P7_TL00032" HPOS="190" VPOS="2282" WIDTH="1524" HEIGHT="45">
            <String ID="P7_S00269" HPOS="190" VPOS="2291" WIDTH="79" HEIGHT="38" STYLEREFS="StyleId-1" CONTENT="she" WC="0.7966667" CC="060" />
            <SP ID="P7_SP00238" WIDTH="0" HPOS="0" VPOS="0" />
            <String ID="P7_S00270" HPOS="291" VPOS="2302" WIDTH="88" HEIGHT="27" STYLEREFS="StyleId-1" CONTENT="was" WC="0.5466667" CC="804" />
            <SP ID="P7_SP00239" WIDTH="0" HPOS="0" VPOS="0" />
            <String ID="P7_S00271" HPOS="402" VPOS="2300" WIDTH="84" HEIGHT="29" STYLEREFS="StyleId-1" CONTENT="one" WC="0.9166667" CC="020" />
            <SP ID="P7_SP00240" WIDTH="0" HPOS="0" VPOS="0" />
            <String ID="P7_S00272" HPOS="508" VPOS="2287" WIDTH="46" HEIGHT="42" STYLEREFS="StyleId-1" CONTENT="of" WC="0.895" CC="02" />
            <SP ID="P7_SP00241" WIDTH="0" HPOS="0" VPOS="0" />
            <String ID="P7_S00273" HPOS="575" VPOS="2287" WIDTH="75" HEIGHT="42" STYLEREFS="StyleId-1" CONTENT="the" WC="1" CC="000" />
            <SP ID="P7_SP00242" WIDTH="0" HPOS="0" VPOS="0" />
            <String ID="P7_S00274" HPOS="672" VPOS="2285" WIDTH="210" HEIGHT="44" STYLEREFS="StyleId-1" CONTENT="founders" WC="0.85" CC="50060000" />
            <SP ID="P7_SP00243" WIDTH="0" HPOS="0" VPOS="0" />
            <String ID="P7_S00275" HPOS="903" VPOS="2283" WIDTH="47" HEIGHT="46" STYLEREFS="StyleId-1" CONTENT="of" WC="0.63" CC="07" />
            <SP ID="P7_SP00244" WIDTH="0" HPOS="0" VPOS="0" />
            <String ID="P7_S00276" HPOS="971" VPOS="2284" WIDTH="75" HEIGHT="45" STYLEREFS="StyleId-1" CONTENT="the" WC="0.75666666" CC="070" />
            <SP ID="P7_SP00245" WIDTH="0" HPOS="0" VPOS="0" />
            <String ID="P7_S00277" HPOS="1067" VPOS="2281" WIDTH="230" HEIGHT="48" STYLEREFS="StyleId-1" CONTENT="Woman's" WC="0.9014286" CC="0000042" />
            <SP ID="P7_SP00246" WIDTH="0" HPOS="0" VPOS="0" />
            <String ID="P7_S00278" HPOS="1337" VPOS="2280" WIDTH="139" HEIGHT="49" STYLEREFS="StyleId-1" CONTENT="Loyal" WC="0.682" CC="73005" />
            <SP ID="P7_SP00247" WIDTH="0" HPOS="0" VPOS="0" />
            <String ID="P7_S00279" HPOS="1497" VPOS="2280" WIDTH="148" HEIGHT="49" STYLEREFS="StyleId-1" CONTENT="Union" WC="0.832" CC="20006" />
            <SP ID="P7_SP00248" WIDTH="0" HPOS="0" VPOS="0" />
            <String ID="P7_S00280" HPOS="1668" VPOS="2279" WIDTH="46" HEIGHT="50" STYLEREFS="StyleId-1" CONTENT="of" WC="0.845" CC="03" />
          </TextLine>
          <TextLine ID="P7_TL00033" HPOS="194" VPOS="2348" WIDTH="1520" HEIGHT="44">
            <String ID="P7_S00281" HPOS="194" VPOS="2357" WIDTH="111" HEIGHT="38" STYLEREFS="StyleId-1" CONTENT="New" WC="0.663333356" CC="207" />
            <SP ID="P7_SP00249" WIDTH="0" HPOS="0" VPOS="0" />
            <String ID="P7_S00282" HPOS="320" VPOS="2354" WIDTH="126" HEIGHT="41" STYLEREFS="StyleId-1" CONTENT="York" WC="1" CC="0000" />
            <SP ID="P7_SP00250" WIDTH="0" HPOS="0" VPOS="0" />
            <String ID="P7_S00283" HPOS="468" VPOS="2353" WIDTH="86" HEIGHT="42" STYLEREFS="StyleId-1" CONTENT="and" WC="0.8233333" CC="050" />
            <SP ID="P7_SP00251" WIDTH="0" HPOS="0" VPOS="0" />
            <String ID="P7_S00284" HPOS="577" VPOS="2353" WIDTH="77" HEIGHT="42" STYLEREFS="StyleId-1" CONTENT="her" WC="0.8066667" CC="302" />
            <SP ID="P7_SP00252" WIDTH="0" HPOS="0" VPOS="0" />
            <String ID="P7_S00285" HPOS="678" VPOS="2351" WIDTH="179" HEIGHT="44" STYLEREFS="StyleId-1" CONTENT="interest" WC="0.9275" CC="05000000" />
            <SP ID="P7_SP00253" WIDTH="0" HPOS="0" VPOS="0" />
            <String ID="P7_S00286" HPOS="872" VPOS="2350" WIDTH="43" HEIGHT="45" STYLEREFS="StyleId-1" CONTENT="in" WC="0.37" CC="48" />
            <SP ID="P7_SP00254" WIDTH="0" HPOS="0" VPOS="0" />
            <String ID="P7_S00287" HPOS="933" VPOS="2350" WIDTH="96" HEIGHT="45" STYLEREFS="StyleId-1" CONTENT="that" WC="0.8725" CC="0500" />
            <SP ID="P7_SP00255" WIDTH="0" HPOS="0" VPOS="0" />
            <String ID="P7_S00288" HPOS="1045" VPOS="2347" WIDTH="261" HEIGHT="48" STYLEREFS="StyleId-1" CONTENT="association" WC="0.89" CC="00000201304" />
            <SP ID="P7_SP00256" WIDTH="0" HPOS="0" VPOS="0" />
            <String ID="P7_S00289" HPOS="1325" VPOS="2346" WIDTH="79" HEIGHT="49" STYLEREFS="StyleId-1" CONTENT="has" WC="1" CC="000" />
            <SP ID="P7_SP00257" WIDTH="0" HPOS="0" VPOS="0" />
            <String ID="P7_S00290" HPOS="1421" VPOS="2346" WIDTH="193" HEIGHT="49" STYLEREFS="StyleId-1" CONTENT="outlived" WC="0.905" CC="05000000" />
            <SP ID="P7_SP00258" WIDTH="0" HPOS="0" VPOS="0" />
            <String ID="P7_S00291" HPOS="1637" VPOS="2345" WIDTH="77" HEIGHT="50" STYLEREFS="StyleId-1" CONTENT="her" WC="1" CC="000" />
          </TextLine>
          <TextLine ID="P7_TL00034" HPOS="194" VPOS="2419" WIDTH="460" HEIGHT="40">
            <String ID="P7_S00292" HPOS="194" VPOS="2420" WIDTH="264" HEIGHT="40" STYLEREFS="StyleId-1" CONTENT="connection" WC="0.904" CC="0020000014" />
            <SP ID="P7_SP00259" WIDTH="0" HPOS="0" VPOS="0" />
            <String ID="P7_S00293" HPOS="475" VPOS="2419" WIDTH="108" HEIGHT="41" STYLEREFS="StyleId-1" CONTENT="with" WC="0.885" CC="0400" />
            <SP ID="P7_SP00260" WIDTH="0" HPOS="0" VPOS="0" />
            <String ID="P7_S00294" HPOS="606" VPOS="2418" WIDTH="48" HEIGHT="42" STYLEREFS="StyleId-1" CONTENT="it." WC="0.9433333" CC="100" />
          </TextLine>
          <TextLine ID="P7_TL00035" HPOS="278" VPOS="2479" WIDTH="1435" HEIGHT="52">
            <String ID="P7_S00295" HPOS="278" VPOS="2486" WIDTH="143" HEIGHT="48" STYLEREFS="StyleId-1" CONTENT="Apart" WC="0.91" CC="00400" />
            <SP ID="P7_SP00261" WIDTH="0" HPOS="0" VPOS="0" />
            <String ID="P7_S00296" HPOS="438" VPOS="2485" WIDTH="112" HEIGHT="49" STYLEREFS="StyleId-1" CONTENT="from" WC="0.8375" CC="6000" />
            <SP ID="P7_SP00262" WIDTH="0" HPOS="0" VPOS="0" />
            <String ID="P7_S00297" HPOS="573" VPOS="2484" WIDTH="77" HEIGHT="50" STYLEREFS="StyleId-1" CONTENT="her" WC="0.863333344" CC="400" />
            <SP ID="P7_SP00263" WIDTH="0" HPOS="0" VPOS="0" />
            <String ID="P7_S00298" HPOS="671" VPOS="2481" WIDTH="263" HEIGHT="53" STYLEREFS="StyleId-1" CONTENT="knowledge" WC="0.8655556" CC="050060000" />
            <SP ID="P7_SP00264" WIDTH="0" HPOS="0" VPOS="0" />
            <String ID="P7_S00299" HPOS="956" VPOS="2480" WIDTH="46" HEIGHT="54" STYLEREFS="StyleId-1" CONTENT="of" WC="0.885" CC="02" />
            <SP ID="P7_SP00265" WIDTH="0" HPOS="0" VPOS="0" />
            <String ID="P7_S00300" HPOS="1022" VPOS="2478" WIDTH="228" HEIGHT="56" STYLEREFS="StyleId-1" CONTENT="medicine," WC="0.876666665" CC="030500200" />
            <SP ID="P7_SP00266" WIDTH="0" HPOS="0" VPOS="0" />
            <String ID="P7_S00301" HPOS="1279" VPOS="2479" WIDTH="161" HEIGHT="55" STYLEREFS="StyleId-1" CONTENT="Doctor" WC="0.87" CC="520000" />
            <SP ID="P7_SP00267" WIDTH="0" HPOS="0" VPOS="0" />
            <String ID="P7_S00302" HPOS="1461" VPOS="2477" WIDTH="194" HEIGHT="57" STYLEREFS="StyleId-1" CONTENT="Steward" WC="0.867142856" CC="5300000" />
            <SP ID="P7_SP00268" WIDTH="0" HPOS="0" VPOS="0" />
            <String ID="P7_S00303" HPOS="1677" VPOS="2476" WIDTH="36" HEIGHT="58" STYLEREFS="StyleId-1" CONTENT="is" WC="0.77" CC="40" />
          </TextLine>
        </TextBlock>
      </PrintSpace>
    </Page>
  </Layout>
</alto>