<?xml version="1.0" encoding="utf-8"?>
<alto xmlns:xlink="http://www.w3.org/1999/xlink" xmlns:xsi="http://www.w3.org/2001/XMLSchema-instance" xsi:schemaLocation="http://www.loc.gov/standards/alto/ns-v2# http://www.loc.gov/standards/alto/alto-v2.0.xsd" xmlns="http://www.loc.gov/standards/alto/ns-v2#">
  <Description>
    <MeasurementUnit>pixel</MeasurementUnit>
    <sourceImageInformation>
      <fileName>0000024.tif</fileName>
    </sourceImageInformation>
    <OCRProcessing ID="Processing">
      <ocrProcessingStep>
        <processingStepSettings>Image Resolution:400</processingStepSettings>
        <processingSoftware>
          <softwareCreator>I2S Kirtas</softwareCreator>
          <softwareName>Limb</softwareName>
          <softwareVersion>1.0</softwareVersion>
          <applicationDescription>Abbyy10 OCR Engine</applicationDescription>
        </processingSoftware>
      </ocrProcessingStep>
    </OCRProcessing>
  </Description>
  <Styles>
    <TextStyle ID="StyleId-0" FONTSIZE="5" FONTFAMILY="Times New Roman" />
    <TextStyle ID="StyleId-1" FONTSIZE="9" FONTFAMILY="Times New Roman" />
    <TextStyle ID="StyleId-2" FONTSIZE="8" FONTFAMILY="Times New Roman" />
  </Styles>
  <Layout>
    <Page ID="P24" PHYSICAL_IMG_NR="24" HEIGHT="2800" WIDTH="1900" ACCURACY="0.796693861" QUALITY_DETAIL="117 words, 567 chars, 453 with recognition greater than 50% (79.89%)">
      <TopMargin ID="P24_TM00001" HPOS="0" VPOS="0" WIDTH="1900" HEIGHT="168" />
      <LeftMargin ID="P24_LM00001" HPOS="0" VPOS="168" WIDTH="182" HEIGHT="936" />
      <RightMargin ID="P24_RM00001" HPOS="1729" VPOS="168" WIDTH="171" HEIGHT="936" />
      <BottomMargin ID="P24_BM00001" HPOS="0" VPOS="1104" WIDTH="1900" HEIGHT="1696" />
      <PrintSpace ID="P24_PS00001" HPOS="182" VPOS="168" WIDTH="1547" HEIGHT="936">
        <TextBlock ID="P24_TB00001" HPOS="182" VPOS="168" WIDTH="71" HEIGHT="63">
          <TextLine ID="P24_TL00001" HPOS="191" VPOS="189" WIDTH="53" HEIGHT="34">
            <String ID="P24_S00001" HPOS="191" VPOS="189" WIDTH="53" HEIGHT="34" STYLEREFS="StyleId-0" CONTENT="'•20" WC="0.645" CC="6007" />
          </TextLine>
        </TextBlock>
        <TextBlock ID="P24_TB00002" HPOS="689" VPOS="172" WIDTH="580" HEIGHT="50">
          <TextLine ID="P24_TL00002" HPOS="697" VPOS="180" WIDTH="564" HEIGHT="34">
            <String ID="P24_S00002" HPOS="697" VPOS="181" WIDTH="200" HEIGHT="37" STYLEREFS="StyleId-1" CONTENT="WOMAN" WC="0.946" CC="20000" />
            <SP ID="P24_SP00001" WIDTH="0" HPOS="0" VPOS="0" />
            <String ID="P24_S00003" HPOS="922" VPOS="181" WIDTH="56" HEIGHT="37" STYLEREFS="StyleId-1" CONTENT="IN" WC="0.83" CC="30" />
            <SP ID="P24_SP00002" WIDTH="0" HPOS="0" VPOS="0" />
            <String ID="P24_S00004" HPOS="1002" VPOS="177" WIDTH="259" HEIGHT="41" STYLEREFS="StyleId-1" CONTENT="MEDICINE" WC="0.93125" CC="00101200" />
          </TextLine>
        </TextBlock>
        <TextBlock ID="P24_TB00003" HPOS="186" VPOS="302" WIDTH="1543" HEIGHT="802">
          <TextLine ID="P24_TL00003" HPOS="197" VPOS="311" WIDTH="1519" HEIGHT="39">
            <String ID="P24_S00005" HPOS="197" VPOS="316" WIDTH="54" HEIGHT="38" STYLEREFS="StyleId-1" CONTENT="be" WC="0.67" CC="60" />
            <SP ID="P24_SP00003" WIDTH="0" HPOS="0" VPOS="0" />
            <String ID="P24_S00006" HPOS="285" VPOS="321" WIDTH="44" HEIGHT="33" STYLEREFS="StyleId-1" CONTENT="to" WC="0.86" CC="20" />
            <SP ID="P24_SP00004" WIDTH="0" HPOS="0" VPOS="0" />
            <String ID="P24_S00007" HPOS="370" VPOS="316" WIDTH="74" HEIGHT="38" STYLEREFS="StyleId-1" CONTENT="her" WC="0.8566667" CC="400" />
            <SP ID="P24_SP00005" WIDTH="0" HPOS="0" VPOS="0" />
            <String ID="P24_S00008" HPOS="485" VPOS="326" WIDTH="45" HEIGHT="28" STYLEREFS="StyleId-1" CONTENT="as" WC="1" CC="00" />
            <SP ID="P24_SP00006" WIDTH="0" HPOS="0" VPOS="0" />
            <String ID="P24_S00009" HPOS="547" VPOS="326" WIDTH="24" HEIGHT="28" STYLEREFS="StyleId-1" CONTENT="a" WC="1" CC="0" />
            <SP ID="P24_SP00007" WIDTH="0" HPOS="0" VPOS="0" />
            <String ID="P24_S00010" HPOS="591" VPOS="312" WIDTH="240" HEIGHT="42" STYLEREFS="StyleId-1" CONTENT="mill-stone" WC="0.707" CC="3220016750" />
            <SP ID="P24_SP00008" WIDTH="0" HPOS="0" VPOS="0" />
            <String ID="P24_S00011" HPOS="871" VPOS="308" WIDTH="172" HEIGHT="47" STYLEREFS="StyleId-1" CONTENT="hanged" WC="0.655" CC="452700" />
            <SP ID="P24_SP00009" WIDTH="0" HPOS="0" VPOS="0" />
            <String ID="P24_S00012" HPOS="1077" VPOS="307" WIDTH="133" HEIGHT="48" STYLEREFS="StyleId-1" CONTENT="about" WC="0.614" CC="50760" />
            <SP ID="P24_SP00010" WIDTH="0" HPOS="0" VPOS="0" />
            <String ID="P24_S00013" HPOS="1232" VPOS="306" WIDTH="76" HEIGHT="49" STYLEREFS="StyleId-1" CONTENT="her" WC="0.5933333" CC="704" />
            <SP ID="P24_SP00011" WIDTH="0" HPOS="0" VPOS="0" />
            <String ID="P24_S00014" HPOS="1342" VPOS="303" WIDTH="126" HEIGHT="52" STYLEREFS="StyleId-1" CONTENT="neck." WC="0.818" CC="50003" />
            <SP ID="P24_SP00012" WIDTH="0" HPOS="0" VPOS="0" />
            <String ID="P24_S00015" HPOS="1534" VPOS="303" WIDTH="86" HEIGHT="52" STYLEREFS="StyleId-1" CONTENT="But" WC="0.54" CC="580" />
            <SP ID="P24_SP00013" WIDTH="0" HPOS="0" VPOS="0" />
            <String ID="P24_S00016" HPOS="1641" VPOS="301" WIDTH="75" HEIGHT="54" STYLEREFS="StyleId-1" CONTENT="the" WC="0.5366667" CC="760" />
          </TextLine>
          <TextLine ID="P24_TL00004" HPOS="194" VPOS="377" WIDTH="1521" HEIGHT="41">
            <String ID="P24_S00017" HPOS="195" VPOS="379" WIDTH="232" HEIGHT="48" STYLEREFS="StyleId-1" CONTENT="'medically" WC="0.863" CC="1000400015" />
            <SP ID="P24_SP00014" WIDTH="0" HPOS="0" VPOS="0" />
            <String ID="P24_S00018" HPOS="448" VPOS="378" WIDTH="207" HEIGHT="49" STYLEREFS="StyleId-1" CONTENT="educated" WC="0.93875" CC="00400000" />
            <SP ID="P24_SP00015" WIDTH="0" HPOS="0" VPOS="0" />
            <String ID="P24_S00019" HPOS="678" VPOS="389" WIDTH="169" HEIGHT="38" STYLEREFS="StyleId-1" CONTENT="women" WC="1" CC="00000" />
            <SP ID="P24_SP00016" WIDTH="0" HPOS="0" VPOS="0" />
            <String ID="P24_S00020" HPOS="880" VPOS="388" WIDTH="70" HEIGHT="39" STYLEREFS="StyleId-1" CONTENT="are" WC="1" CC="000" />
            <SP ID="P24_SP00017" WIDTH="0" HPOS="0" VPOS="0" />
            <String ID="P24_S00021" HPOS="990" VPOS="372" WIDTH="224" HEIGHT="55" STYLEREFS="StyleId-1" CONTENT="generally" WC="0.695555568" CC="705210640" />
            <SP ID="P24_SP00018" WIDTH="0" HPOS="0" VPOS="0" />
            <String ID="P24_S00022" HPOS="1235" VPOS="369" WIDTH="114" HEIGHT="58" STYLEREFS="StyleId-1" CONTENT="good" WC="0.7675" CC="9000" />
            <SP ID="P24_SP00019" WIDTH="0" HPOS="0" VPOS="0" />
            <String ID="P24_S00023" HPOS="1370" VPOS="367" WIDTH="345" HEIGHT="60" STYLEREFS="StyleId-1" CONTENT="diagnosticians" WC="0.7271429" CC="360105000505020" />
          </TextLine>
          <TextLine ID="P24_TL00005" HPOS="197" VPOS="443" WIDTH="1516" HEIGHT="39">
            <String ID="P24_S00024" HPOS="197" VPOS="447" WIDTH="45" HEIGHT="37" STYLEREFS="StyleId-1" CONTENT="in" WC="0.42" CC="64" />
            <SP ID="P24_SP00020" WIDTH="0" HPOS="0" VPOS="0" />
            <String ID="P24_S00025" HPOS="264" VPOS="447" WIDTH="86" HEIGHT="37" STYLEREFS="StyleId-1" CONTENT="this" WC="0.8125" CC="0340" />
            <SP ID="P24_SP00021" WIDTH="0" HPOS="0" VPOS="0" />
            <String ID="P24_S00026" HPOS="371" VPOS="444" WIDTH="211" HEIGHT="40" STYLEREFS="StyleId-1" CONTENT="direction" WC="0.795555532" CC="054000610" />
            <SP ID="P24_SP00022" WIDTH="0" HPOS="0" VPOS="0" />
            <String ID="P24_S00027" HPOS="605" VPOS="440" WIDTH="103" HEIGHT="44" STYLEREFS="StyleId-1" CONTENT="also." WC="0.88" CC="02030" />
            <SP ID="P24_SP00023" WIDTH="0" HPOS="0" VPOS="0" />
            <String ID="P24_S00028" HPOS="767" VPOS="440" WIDTH="126" HEIGHT="48" STYLEREFS="StyleId-1" CONTENT="They" WC="0.5675" CC="70010" />
            <SP ID="P24_SP00024" WIDTH="0" HPOS="0" VPOS="0" />
            <String ID="P24_S00029" HPOS="914" VPOS="453" WIDTH="70" HEIGHT="35" STYLEREFS="StyleId-1" CONTENT="are" WC="0.9633333" CC="100" />
            <SP ID="P24_SP00025" WIDTH="0" HPOS="0" VPOS="0" />
            <String ID="P24_S00030" HPOS="997" VPOS="438" WIDTH="170" HEIGHT="50" STYLEREFS="StyleId-1" CONTENT="trained" WC="0.827142835" CC="0202700" />
            <SP ID="P24_SP00026" WIDTH="0" HPOS="0" VPOS="0" />
            <String ID="P24_S00031" HPOS="1190" VPOS="437" WIDTH="44" HEIGHT="51" STYLEREFS="StyleId-1" CONTENT="in" WC="1" CC="00" />
            <SP ID="P24_SP00027" WIDTH="0" HPOS="0" VPOS="0" />
            <String ID="P24_S00032" HPOS="1257" VPOS="437" WIDTH="74" HEIGHT="51" STYLEREFS="StyleId-1" CONTENT="the" WC="0.57" CC="750" />
            <SP ID="P24_SP00028" WIDTH="0" HPOS="0" VPOS="0" />
            <String ID="P24_S00033" HPOS="1353" VPOS="440" WIDTH="65" HEIGHT="48" STYLEREFS="StyleId-1" CONTENT="art" WC="0.8466667" CC="040" />
            <SP ID="P24_SP00029" WIDTH="0" HPOS="0" VPOS="0" />
            <String ID="P24_S00034" HPOS="1432" VPOS="434" WIDTH="45" HEIGHT="54" STYLEREFS="StyleId-1" CONTENT="of" WC="0.98" CC="00" />
            <SP ID="P24_SP00030" WIDTH="0" HPOS="0" VPOS="0" />
            <String ID="P24_S00035" HPOS="1511" VPOS="433" WIDTH="202" HEIGHT="55" STYLEREFS="StyleId-1" CONTENT="differen¬" WC="0.867777765" CC="000704000" />
          </TextLine>
          <TextLine ID="P24_TL00006" HPOS="196" VPOS="509" WIDTH="1517" HEIGHT="37">
            <String ID="P24_S00036" HPOS="196" VPOS="512" WIDTH="169" HEIGHT="42" STYLEREFS="StyleId-1" CONTENT="tiation," WC="0.72875" CC="07303042" />
            <SP ID="P24_SP00031" WIDTH="0" HPOS="0" VPOS="0" />
            <String ID="P24_S00037" HPOS="392" VPOS="511" WIDTH="83" HEIGHT="43" STYLEREFS="StyleId-1" CONTENT="and" WC="0.5566667" CC="390" />
            <SP ID="P24_SP00032" WIDTH="0" HPOS="0" VPOS="0" />
            <String ID="P24_S00038" HPOS="497" VPOS="511" WIDTH="150" HEIGHT="43" STYLEREFS="StyleId-1" CONTENT="hence," WC="0.8833333" CC="303000" />
            <SP ID="P24_SP00033" WIDTH="0" HPOS="0" VPOS="0" />
            <String ID="P24_S00039" HPOS="672" VPOS="508" WIDTH="46" HEIGHT="46" STYLEREFS="StyleId-1" CONTENT="in" WC="0.325" CC="76" />
            <SP ID="P24_SP00034" WIDTH="0" HPOS="0" VPOS="0" />
            <String ID="P24_S00040" HPOS="738" VPOS="509" WIDTH="70" HEIGHT="45" STYLEREFS="StyleId-1" CONTENT="the" WC="0.966666639" CC="100" />
            <SP ID="P24_SP00035" WIDTH="0" HPOS="0" VPOS="0" />
            <String ID="P24_S00041" HPOS="827" VPOS="506" WIDTH="183" HEIGHT="48" STYLEREFS="StyleId-1" CONTENT="delicate" WC="0.93375" CC="00030200" />
            <SP ID="P24_SP00036" WIDTH="0" HPOS="0" VPOS="0" />
            <String ID="P24_S00042" HPOS="1030" VPOS="509" WIDTH="181" HEIGHT="45" STYLEREFS="StyleId-1" CONTENT="matters" WC="0.774285734" CC="9200040" />
            <SP ID="P24_SP00037" WIDTH="0" HPOS="0" VPOS="0" />
            <String ID="P24_S00043" HPOS="1224" VPOS="502" WIDTH="47" HEIGHT="52" STYLEREFS="StyleId-1" CONTENT="of" WC="0.675" CC="33" />
            <SP ID="P24_SP00038" WIDTH="0" HPOS="0" VPOS="0" />
            <String ID="P24_S00044" HPOS="1290" VPOS="502" WIDTH="75" HEIGHT="52" STYLEREFS="StyleId-1" CONTENT="the" WC="1" CC="000" />
            <SP ID="P24_SP00039" WIDTH="0" HPOS="0" VPOS="0" />
            <String ID="P24_S00045" HPOS="1385" VPOS="503" WIDTH="139" HEIGHT="51" STYLEREFS="StyleId-1" CONTENT="heart," WC="0.821666658" CC="008010" />
            <SP ID="P24_SP00040" WIDTH="0" HPOS="0" VPOS="0" />
            <String ID="P24_S00046" HPOS="1550" VPOS="512" WIDTH="72" HEIGHT="42" STYLEREFS="StyleId-1" CONTENT="are" WC="0.86" CC="400" />
            <SP ID="P24_SP00041" WIDTH="0" HPOS="0" VPOS="0" />
            <String ID="P24_S00047" HPOS="1639" VPOS="499" WIDTH="74" HEIGHT="55" STYLEREFS="StyleId-1" CONTENT="the" WC="1" CC="000" />
          </TextLine>
          <TextLine ID="P24_TL00007" HPOS="199" VPOS="575" WIDTH="1511" HEIGHT="37">
            <String ID="P24_S00048" HPOS="199" VPOS="577" WIDTH="136" HEIGHT="38" STYLEREFS="StyleId-1" CONTENT="better" WC="0.7633333" CC="500314" />
            <SP ID="P24_SP00042" WIDTH="0" HPOS="0" VPOS="0" />
            <String ID="P24_S00049" HPOS="377" VPOS="576" WIDTH="92" HEIGHT="39" STYLEREFS="StyleId-1" CONTENT="able" WC="1" CC="0000" />
            <SP ID="P24_SP00043" WIDTH="0" HPOS="0" VPOS="0" />
            <String ID="P24_S00050" HPOS="509" VPOS="580" WIDTH="44" HEIGHT="35" STYLEREFS="StyleId-1" CONTENT="to" WC="1" CC="00" />
            <SP ID="P24_SP00044" WIDTH="0" HPOS="0" VPOS="0" />
            <String ID="P24_S00051" HPOS="594" VPOS="574" WIDTH="126" HEIGHT="41" STYLEREFS="StyleId-1" CONTENT="make" WC="1" CC="0000" />
            <SP ID="P24_SP00045" WIDTH="0" HPOS="0" VPOS="0" />
            <String ID="P24_S00052" HPOS="741" VPOS="572" WIDTH="102" HEIGHT="43" STYLEREFS="StyleId-1" CONTENT="wise" WC="1" CC="0000" />
            <SP ID="P24_SP00046" WIDTH="0" HPOS="0" VPOS="0" />
            <String ID="P24_S00053" HPOS="864" VPOS="571" WIDTH="254" HEIGHT="45" STYLEREFS="StyleId-1" CONTENT="selections;" WC="0.846363664" CC="00230060400" />
            <SP ID="P24_SP00047" WIDTH="0" HPOS="0" VPOS="0" />
            <String ID="P24_S00054" HPOS="1146" VPOS="582" WIDTH="46" HEIGHT="34" STYLEREFS="StyleId-1" CONTENT="so" WC="1" CC="00" />
            <SP ID="P24_SP00048" WIDTH="0" HPOS="0" VPOS="0" />
            <String ID="P24_S00055" HPOS="1214" VPOS="570" WIDTH="95" HEIGHT="46" STYLEREFS="StyleId-1" CONTENT="that" WC="0.885" CC="4000" />
            <SP ID="P24_SP00049" WIDTH="0" HPOS="0" VPOS="0" />
            <String ID="P24_S00056" HPOS="1331" VPOS="568" WIDTH="75" HEIGHT="48" STYLEREFS="StyleId-1" CONTENT="the" WC="0.783333361" CC="060" />
            <SP ID="P24_SP00050" WIDTH="0" HPOS="0" VPOS="0" />
            <String ID="P24_S00057" HPOS="1433" VPOS="565" WIDTH="183" HEIGHT="51" STYLEREFS="StyleId-1" CONTENT="medical" WC="0.7814286" CC="9000014" />
            <SP ID="P24_SP00051" WIDTH="0" HPOS="0" VPOS="0" />
            <String ID="P24_S00058" HPOS="1639" VPOS="566" WIDTH="71" HEIGHT="50" STYLEREFS="StyleId-1" CONTENT="ed¬" WC="1" CC="000" />
          </TextLine>
          <TextLine ID="P24_TL00008" HPOS="199" VPOS="640" WIDTH="1512" HEIGHT="38">
            <String ID="P24_S00059" HPOS="199" VPOS="642" WIDTH="172" HEIGHT="38" STYLEREFS="StyleId-1" CONTENT="ucation" WC="0.7185714" CC="6000606" />
            <SP ID="P24_SP00052" WIDTH="0" HPOS="0" VPOS="0" />
            <String ID="P24_S00060" HPOS="393" VPOS="641" WIDTH="46" HEIGHT="39" STYLEREFS="StyleId-1" CONTENT="of" WC="0.97" CC="00" />
            <SP ID="P24_SP00053" WIDTH="0" HPOS="0" VPOS="0" />
            <String ID="P24_S00061" HPOS="460" VPOS="652" WIDTH="165" HEIGHT="28" STYLEREFS="StyleId-1" CONTENT="women" WC="0.77" CC="50006" />
            <SP ID="P24_SP00054" WIDTH="0" HPOS="0" VPOS="0" />
            <String ID="P24_S00062" HPOS="646" VPOS="639" WIDTH="85" HEIGHT="41" STYLEREFS="StyleId-1" CONTENT="and" WC="0.49" CC="860" />
            <SP ID="P24_SP00055" WIDTH="0" HPOS="0" VPOS="0" />
            <String ID="P24_S00063" HPOS="752" VPOS="637" WIDTH="213" HEIGHT="47" STYLEREFS="StyleId-1" CONTENT="marriage" WC="0.4975" CC="4405510100" />
            <SP ID="P24_SP00056" WIDTH="0" HPOS="0" VPOS="0" />
            <String ID="P24_S00064" HPOS="1003" VPOS="636" WIDTH="110" HEIGHT="48" STYLEREFS="StyleId-1" CONTENT="need" WC="0.585" CC="7009" />
            <SP ID="P24_SP00057" WIDTH="0" HPOS="0" VPOS="0" />
            <String ID="P24_S00065" HPOS="1150" VPOS="639" WIDTH="77" HEIGHT="45" STYLEREFS="StyleId-1" CONTENT="not" WC="0.78" CC="600" />
            <SP ID="P24_SP00058" WIDTH="0" HPOS="0" VPOS="0" />
            <String ID="P24_S00066" HPOS="1258" VPOS="633" WIDTH="176" HEIGHT="51" STYLEREFS="StyleId-1" CONTENT="become" WC="0.8333333" CC="0000100" />
            <SP ID="P24_SP00059" WIDTH="0" HPOS="0" VPOS="0" />
            <String ID="P24_S00067" HPOS="1455" VPOS="645" WIDTH="25" HEIGHT="39" STYLEREFS="StyleId-1" CONTENT="a" WC="0.4" CC="6" />
            <SP ID="P24_SP00060" WIDTH="0" HPOS="0" VPOS="0" />
            <String ID="P24_S00068" HPOS="1510" VPOS="630" WIDTH="201" HEIGHT="54" STYLEREFS="StyleId-1" CONTENT="question" WC="0.83375" CC="03000017" />
          </TextLine>
          <TextLine ID="P24_TL00009" HPOS="199" VPOS="706" WIDTH="1510" HEIGHT="36">
            <String ID="P24_S00069" HPOS="199" VPOS="708" WIDTH="44" HEIGHT="37" STYLEREFS="StyleId-1" CONTENT="of" WC="0.8" CC="03" />
            <SP ID="P24_SP00061" WIDTH="0" HPOS="0" VPOS="0" />
            <String ID="P24_S00070" HPOS="263" VPOS="706" WIDTH="241" HEIGHT="39" STYLEREFS="StyleId-1" CONTENT="discussion" WC="0.899" CC="0000600300" />
            <SP ID="P24_SP00062" WIDTH="0" HPOS="0" VPOS="0" />
            <String ID="P24_S00071" HPOS="527" VPOS="706" WIDTH="105" HEIGHT="39" STYLEREFS="StyleId-1" CONTENT="with" WC="0.48" CC="9505" />
            <SP ID="P24_SP00063" WIDTH="0" HPOS="0" VPOS="0" />
            <String ID="P24_S00072" HPOS="654" VPOS="705" WIDTH="73" HEIGHT="40" STYLEREFS="StyleId-1" CONTENT="the" WC="0.483333319" CC="960" />
            <SP ID="P24_SP00064" WIDTH="0" HPOS="0" VPOS="0" />
            <String ID="P24_S00073" HPOS="742" VPOS="716" WIDTH="168" HEIGHT="29" STYLEREFS="StyleId-1" CONTENT="women" WC="0.764" CC="01306" />
            <SP ID="P24_SP00065" WIDTH="0" HPOS="0" VPOS="0" />
            <String ID="P24_S00074" HPOS="934" VPOS="703" WIDTH="98" HEIGHT="42" STYLEREFS="StyleId-1" CONTENT="who" WC="0.7133333" CC="080" />
            <SP ID="P24_SP00066" WIDTH="0" HPOS="0" VPOS="0" />
            <String ID="P24_S00075" HPOS="1054" VPOS="702" WIDTH="110" HEIGHT="43" STYLEREFS="StyleId-1" CONTENT="have" WC="0.83" CC="6000" />
            <SP ID="P24_SP00067" WIDTH="0" HPOS="0" VPOS="0" />
            <String ID="P24_S00076" HPOS="1185" VPOS="700" WIDTH="160" HEIGHT="45" STYLEREFS="StyleId-1" CONTENT="chosen" WC="0.825" CC="060004" />
            <SP ID="P24_SP00068" WIDTH="0" HPOS="0" VPOS="0" />
            <String ID="P24_S00077" HPOS="1367" VPOS="699" WIDTH="75" HEIGHT="46" STYLEREFS="StyleId-1" CONTENT="the" WC="0.61" CC="650" />
            <SP ID="P24_SP00069" WIDTH="0" HPOS="0" VPOS="0" />
            <String ID="P24_S00078" HPOS="1467" VPOS="696" WIDTH="242" HEIGHT="49" STYLEREFS="StyleId-1" CONTENT="profession" WC="0.764" CC="2304000507" />
          </TextLine>
          <TextLine ID="P24_TL00010" HPOS="200" VPOS="771" WIDTH="1510" HEIGHT="38">
            <String ID="P24_S00079" HPOS="200" VPOS="778" WIDTH="41" HEIGHT="32" STYLEREFS="StyleId-1" CONTENT="oi" WC="0.615" CC="07" />
            <SP ID="P24_SP00070" WIDTH="0" HPOS="0" VPOS="0" />
            <String ID="P24_S00080" HPOS="264" VPOS="771" WIDTH="210" HEIGHT="39" STYLEREFS="StyleId-1" CONTENT="medicine" WC="0.76125" CC="20040380" />
            <SP ID="P24_SP00071" WIDTH="0" HPOS="0" VPOS="0" />
            <String ID="P24_S00081" HPOS="497" VPOS="784" WIDTH="44" HEIGHT="26" STYLEREFS="StyleId-1" CONTENT="as" WC="0.98" CC="00" />
            <SP ID="P24_SP00072" WIDTH="0" HPOS="0" VPOS="0" />
            <String ID="P24_S00082" HPOS="563" VPOS="770" WIDTH="112" HEIGHT="40" STYLEREFS="StyleId-1" CONTENT="their" WC="0.834" CC="05003" />
            <SP ID="P24_SP00073" WIDTH="0" HPOS="0" VPOS="0" />
            <String ID="P24_S00083" HPOS="697" VPOS="769" WIDTH="232" HEIGHT="41" STYLEREFS="StyleId-1" CONTENT="life-work." WC="0.876" CC="0340000300" />
            <SP ID="P24_SP00074" WIDTH="0" HPOS="0" VPOS="0" />
            <String ID="P24_S00084" HPOS="974" VPOS="765" WIDTH="125" HEIGHT="48" STYLEREFS="StyleId-1" CONTENT="They" WC="0.63" CC="7700" />
            <SP ID="P24_SP00075" WIDTH="0" HPOS="0" VPOS="0" />
            <String ID="P24_S00085" HPOS="1120" VPOS="767" WIDTH="109" HEIGHT="46" STYLEREFS="StyleId-1" CONTENT="have" WC="0.845" CC="6000" />
            <SP ID="P24_SP00076" WIDTH="0" HPOS="0" VPOS="0" />
            <String ID="P24_S00086" HPOS="1251" VPOS="765" WIDTH="104" HEIGHT="48" STYLEREFS="StyleId-1" CONTENT="only" WC="0.975" CC="1000" />
            <SP ID="P24_SP00077" WIDTH="0" HPOS="0" VPOS="0" />
            <String ID="P24_S00087" HPOS="1376" VPOS="769" WIDTH="45" HEIGHT="44" STYLEREFS="StyleId-1" CONTENT="to" WC="0.91" CC="01" />
            <SP ID="P24_SP00078" WIDTH="0" HPOS="0" VPOS="0" />
            <String ID="P24_S00088" HPOS="1434" VPOS="763" WIDTH="160" HEIGHT="50" STYLEREFS="StyleId-1" CONTENT="rejoice" WC="0.8314286" CC="4040300" />
            <SP ID="P24_SP00079" WIDTH="0" HPOS="0" VPOS="0" />
            <String ID="P24_S00089" HPOS="1609" VPOS="774" WIDTH="101" HEIGHT="39" STYLEREFS="StyleId-1" CONTENT="over" WC="0.8875" CC="0021" />
          </TextLine>
          <TextLine ID="P24_TL00011" HPOS="201" VPOS="837" WIDTH="1509" HEIGHT="37">
            <String ID="P24_S00090" HPOS="201" VPOS="839" WIDTH="71" HEIGHT="36" STYLEREFS="StyleId-1" CONTENT="the" WC="1" CC="000" />
            <SP ID="P24_SP00080" WIDTH="0" HPOS="0" VPOS="0" />
            <String ID="P24_S00091" HPOS="286" VPOS="836" WIDTH="266" HEIGHT="40" STYLEREFS="StyleId-1" CONTENT="world-wide" WC="1" CC="0000000000" />
            <SP ID="P24_SP00081" WIDTH="0" HPOS="0" VPOS="0" />
            <String ID="P24_S00092" HPOS="565" VPOS="834" WIDTH="317" HEIGHT="48" STYLEREFS="StyleId-1" CONTENT="opportunities" WC="0.887692332" CC="0230000440000" />
            <SP ID="P24_SP00082" WIDTH="0" HPOS="0" VPOS="0" />
            <String ID="P24_S00093" HPOS="905" VPOS="833" WIDTH="166" HEIGHT="49" STYLEREFS="StyleId-1" CONTENT="opened" WC="0.84" CC="040400" />
            <SP ID="P24_SP00083" WIDTH="0" HPOS="0" VPOS="0" />
            <String ID="P24_S00094" HPOS="1094" VPOS="844" WIDTH="59" HEIGHT="38" STYLEREFS="StyleId-1" CONTENT="up" WC="1" CC="00" />
            <SP ID="P24_SP00084" WIDTH="0" HPOS="0" VPOS="0" />
            <String ID="P24_S00095" HPOS="1174" VPOS="836" WIDTH="44" HEIGHT="46" STYLEREFS="StyleId-1" CONTENT="to" WC="1" CC="00" />
            <SP ID="P24_SP00085" WIDTH="0" HPOS="0" VPOS="0" />
            <String ID="P24_S00096" HPOS="1258" VPOS="831" WIDTH="134" HEIGHT="51" STYLEREFS="StyleId-1" CONTENT="them," WC="0.82" CC="06002" />
            <SP ID="P24_SP00086" WIDTH="0" HPOS="0" VPOS="0" />
            <String ID="P24_S00097" HPOS="1419" VPOS="829" WIDTH="84" HEIGHT="53" STYLEREFS="StyleId-1" CONTENT="and" WC="0.75666666" CC="070" />
            <SP ID="P24_SP00087" WIDTH="0" HPOS="0" VPOS="0" />
            <String ID="P24_S00098" HPOS="1527" VPOS="829" WIDTH="73" HEIGHT="53" STYLEREFS="StyleId-1" CONTENT="the" WC="0.783333361" CC="060" />
            <SP ID="P24_SP00088" WIDTH="0" HPOS="0" VPOS="0" />
            <String ID="P24_S00099" HPOS="1623" VPOS="827" WIDTH="87" HEIGHT="55" STYLEREFS="StyleId-1" CONTENT="fact" WC="0.8975" CC="4000" />
          </TextLine>
          <TextLine ID="P24_TL00012" HPOS="200" VPOS="903" WIDTH="1509" HEIGHT="36">
            <String ID="P24_S00100" HPOS="200" VPOS="903" WIDTH="93" HEIGHT="37" STYLEREFS="StyleId-1" CONTENT="that" WC="0.815" CC="0070" />
            <SP ID="P24_SP00089" WIDTH="0" HPOS="0" VPOS="0" />
            <String ID="P24_S00101" HPOS="310" VPOS="914" WIDTH="46" HEIGHT="26" STYLEREFS="StyleId-1" CONTENT="so" WC="0.93" CC="10" />
            <SP ID="P24_SP00090" WIDTH="0" HPOS="0" VPOS="0" />
            <String ID="P24_S00102" HPOS="377" VPOS="914" WIDTH="130" HEIGHT="34" STYLEREFS="StyleId-1" CONTENT="many" WC="0.8025" CC="0070" />
            <SP ID="P24_SP00091" WIDTH="0" HPOS="0" VPOS="0" />
            <String ID="P24_S00103" HPOS="529" VPOS="909" WIDTH="166" HEIGHT="39" STYLEREFS="StyleId-1" CONTENT="women" WC="0.642" CC="100025" />
            <SP ID="P24_SP00092" WIDTH="0" HPOS="0" VPOS="0" />
            <String ID="P24_S00104" HPOS="719" VPOS="912" WIDTH="69" HEIGHT="36" STYLEREFS="StyleId-1" CONTENT="are" WC="0.99666667" CC="000" />
            <SP ID="P24_SP00093" WIDTH="0" HPOS="0" VPOS="0" />
            <String ID="P24_S00105" HPOS="829" VPOS="912" WIDTH="98" HEIGHT="36" STYLEREFS="StyleId-1" CONTENT="now" WC="0.876666665" CC="300" />
            <SP ID="P24_SP00094" WIDTH="0" HPOS="0" VPOS="0" />
            <String ID="P24_S00106" HPOS="976" VPOS="897" WIDTH="184" HEIGHT="51" STYLEREFS="StyleId-1" CONTENT="availing" WC="0.47375" CC="476105610" />
            <SP ID="P24_SP00095" WIDTH="0" HPOS="0" VPOS="0" />
            <String ID="P24_S00107" HPOS="1201" VPOS="895" WIDTH="261" HEIGHT="53" STYLEREFS="StyleId-1" CONTENT="themselves" WC="0.824" CC="0600000073" />
            <SP ID="P24_SP00096" WIDTH="0" HPOS="0" VPOS="0" />
            <String ID="P24_S00108" HPOS="1503" VPOS="895" WIDTH="45" HEIGHT="53" STYLEREFS="StyleId-1" CONTENT="of" WC="0.66" CC="33" />
            <SP ID="P24_SP00097" WIDTH="0" HPOS="0" VPOS="0" />
            <String ID="P24_S00109" HPOS="1588" VPOS="894" WIDTH="121" HEIGHT="54" STYLEREFS="StyleId-1" CONTENT="these" WC="1" CC="00000" />
          </TextLine>
          <TextLine ID="P24_TL00013" HPOS="202" VPOS="969" WIDTH="275" HEIGHT="44">
            <String ID="P24_S00110" HPOS="202" VPOS="968" WIDTH="275" HEIGHT="45" STYLEREFS="StyleId-1" CONTENT="advantages." WC="0.806363642" CC="00003807001" />
          </TextLine>
          <TextLine ID="P24_TL00014" HPOS="199" VPOS="1044" WIDTH="1514" HEIGHT="38">
            <String ID="P24_S00111" HPOS="199" VPOS="1043" WIDTH="123" HEIGHT="47" STYLEREFS="StyleId-1" CONTENT="July," WC="0.77" CC="62200" />
            <SP ID="P24_SP00098" WIDTH="0" HPOS="0" VPOS="0" />
            <String ID="P24_S00112" HPOS="346" VPOS="1045" WIDTH="104" HEIGHT="45" STYLEREFS="StyleId-1" CONTENT="1914" WC="0.8825" CC="0310" />
            <SP ID="P24_SP00099" WIDTH="0" HPOS="0" VPOS="0" />
            <String ID="P24_S00113" HPOS="793" VPOS="1041" WIDTH="154" HEIGHT="49" STYLEREFS="StyleId-2" CONTENT="Susan" WC="0.644" CC="70505" />
            <SP ID="P24_SP00100" WIDTH="0" HPOS="0" VPOS="0" />
            <String ID="P24_S00114" HPOS="963" VPOS="1041" WIDTH="62" HEIGHT="49" STYLEREFS="StyleId-1" CONTENT="M." WC="0.865" CC="02" />
            <SP ID="P24_SP00101" WIDTH="0" HPOS="0" VPOS="0" />
            <String ID="P24_S00115" HPOS="1046" VPOS="1038" WIDTH="142" HEIGHT="52" STYLEREFS="StyleId-1" CONTENT="Smith" WC="0.698" CC="50207" />
            <SP ID="P24_SP00102" WIDTH="0" HPOS="0" VPOS="0" />
            <String ID="P24_S00116" HPOS="1205" VPOS="1037" WIDTH="253" HEIGHT="53" STYLEREFS="StyleId-1" CONTENT="McKinney" WC="0.6725" CC="00635604" />
            <SP ID="P24_SP00103" WIDTH="0" HPOS="0" VPOS="0" />
            <String ID="P24_S00117" HPOS="1479" VPOS="1035" WIDTH="234" HEIGHT="55" STYLEREFS="StyleId-1" CONTENT="Steward" WC="0.367142856" CC="5774577" />
          </TextLine>
        </TextBlock>
      </PrintSpace>
    </Page>
  </Layout>
</alto>