<?xml version="1.0" encoding="utf-8"?>
<alto xmlns:xlink="http://www.w3.org/1999/xlink" xmlns:xsi="http://www.w3.org/2001/XMLSchema-instance" xsi:schemaLocation="http://www.loc.gov/standards/alto/ns-v2# http://www.loc.gov/standards/alto/alto-v2.0.xsd" xmlns="http://www.loc.gov/standards/alto/ns-v2#">
  <Description>
    <MeasurementUnit>pixel</MeasurementUnit>
    <sourceImageInformation>
      <fileName>0000023.tif</fileName>
    </sourceImageInformation>
    <OCRProcessing ID="Processing">
      <ocrProcessingStep>
        <processingStepSettings>Image Resolution:400</processingStepSettings>
        <processingSoftware>
          <softwareCreator>I2S Kirtas</softwareCreator>
          <softwareName>Limb</softwareName>
          <softwareVersion>1.0</softwareVersion>
          <applicationDescription>Abbyy10 OCR Engine</applicationDescription>
        </processingSoftware>
      </ocrProcessingStep>
    </OCRProcessing>
  </Description>
  <Styles>
    <TextStyle ID="StyleId-0" FONTSIZE="8" FONTFAMILY="Times New Roman" />
    <TextStyle ID="StyleId-1" FONTSIZE="9" FONTFAMILY="Times New Roman" />
    <TextStyle ID="StyleId-2" FONTSIZE="10" FONTFAMILY="Times New Roman" />
  </Styles>
  <Layout>
    <Page ID="P23" PHYSICAL_IMG_NR="23" HEIGHT="2800" WIDTH="1900" ACCURACY="0.797444" QUALITY_DETAIL="320 words, 1563 chars, 1278 with recognition greater than 50% (81.77%)">
      <TopMargin ID="P23_TM00001" HPOS="0" VPOS="0" WIDTH="1900" HEIGHT="265" />
      <LeftMargin ID="P23_LM00001" HPOS="0" VPOS="265" WIDTH="172" HEIGHT="2272" />
      <RightMargin ID="P23_RM00001" HPOS="1733" VPOS="265" WIDTH="167" HEIGHT="2272" />
      <BottomMargin ID="P23_BM00001" HPOS="0" VPOS="2537" WIDTH="1900" HEIGHT="263" />
      <PrintSpace ID="P23_PS00001" HPOS="172" VPOS="265" WIDTH="1561" HEIGHT="2272">
        <TextBlock ID="P23_TB00001" HPOS="658" VPOS="262" WIDTH="585" HEIGHT="52">
          <TextLine ID="P23_TL00001" HPOS="666" VPOS="270" WIDTH="569" HEIGHT="36">
            <String ID="P23_S00001" HPOS="666" VPOS="270" WIDTH="203" HEIGHT="36" STYLEREFS="StyleId-0" CONTENT="WOMAN" WC="0.78" CC="03043" />
            <SP ID="P23_SP00001" WIDTH="0" HPOS="0" VPOS="0" />
            <String ID="P23_S00002" HPOS="894" VPOS="271" WIDTH="57" HEIGHT="35" STYLEREFS="StyleId-0" CONTENT="IN" WC="0.785" CC="22" />
            <SP ID="P23_SP00002" WIDTH="0" HPOS="0" VPOS="0" />
            <String ID="P23_S00003" HPOS="975" VPOS="270" WIDTH="260" HEIGHT="36" STYLEREFS="StyleId-0" CONTENT="MEDICINE" WC="0.85875" CC="00620200" />
          </TextLine>
        </TextBlock>
        <TextBlock ID="P23_TB00002" HPOS="1656" VPOS="260" WIDTH="60" HEIGHT="51">
          <TextLine ID="P23_TL00002" HPOS="1664" VPOS="268" WIDTH="44" HEIGHT="35">
            <String ID="P23_S00004" HPOS="1664" VPOS="268" WIDTH="44" HEIGHT="35" STYLEREFS="StyleId-1" CONTENT="19" WC="0.485" CC="36" />
          </TextLine>
        </TextBlock>
        <TextBlock ID="P23_TB00003" HPOS="173" VPOS="373" WIDTH="1560" HEIGHT="2164">
          <TextLine ID="P23_TL00003" HPOS="181" VPOS="381" WIDTH="1527" HEIGHT="50">
            <String ID="P23_S00005" HPOS="181" VPOS="381" WIDTH="68" HEIGHT="40" STYLEREFS="StyleId-1" CONTENT="for" WC="0.93" CC="200" />
            <SP ID="P23_SP00003" WIDTH="0" HPOS="0" VPOS="0" />
            <String ID="P23_S00006" HPOS="270" VPOS="395" WIDTH="172" HEIGHT="27" STYLEREFS="StyleId-1" CONTENT="women" WC="0.902" CC="00400" />
            <SP ID="P23_SP00004" WIDTH="0" HPOS="0" VPOS="0" />
            <String ID="P23_S00007" HPOS="457" VPOS="397" WIDTH="101" HEIGHT="28" STYLEREFS="StyleId-1" CONTENT="now" WC="0.6566667" CC="540" />
            <SP ID="P23_SP00005" WIDTH="0" HPOS="0" VPOS="0" />
            <String ID="P23_S00008" HPOS="575" VPOS="386" WIDTH="45" HEIGHT="39" STYLEREFS="StyleId-1" CONTENT="in" WC="0.595" CC="17" />
            <SP ID="P23_SP00006" WIDTH="0" HPOS="0" VPOS="0" />
            <String ID="P23_S00009" HPOS="642" VPOS="387" WIDTH="75" HEIGHT="38" STYLEREFS="StyleId-1" CONTENT="the" WC="0.63" CC="550" />
            <SP ID="P23_SP00007" WIDTH="0" HPOS="0" VPOS="0" />
            <String ID="P23_S00010" HPOS="739" VPOS="388" WIDTH="133" HEIGHT="46" STYLEREFS="StyleId-1" CONTENT="study" WC="0.808" CC="00720" />
            <SP ID="P23_SP00008" WIDTH="0" HPOS="0" VPOS="0" />
            <String ID="P23_S00011" HPOS="893" VPOS="387" WIDTH="46" HEIGHT="47" STYLEREFS="StyleId-1" CONTENT="of" WC="0.795" CC="04" />
            <SP ID="P23_SP00009" WIDTH="0" HPOS="0" VPOS="0" />
            <String ID="P23_S00012" HPOS="959" VPOS="387" WIDTH="228" HEIGHT="47" STYLEREFS="StyleId-1" CONTENT="medicine," WC="0.88" CC="000000640" />
            <SP ID="P23_SP00010" WIDTH="0" HPOS="0" VPOS="0" />
            <String ID="P23_S00013" HPOS="1208" VPOS="387" WIDTH="36" HEIGHT="47" STYLEREFS="StyleId-1" CONTENT="is" WC="0.77" CC="40" />
            <SP ID="P23_SP00011" WIDTH="0" HPOS="0" VPOS="0" />
            <String ID="P23_S00014" HPOS="1257" VPOS="386" WIDTH="130" HEIGHT="48" STYLEREFS="StyleId-1" CONTENT="given" WC="0.82" CC="71000" />
            <SP ID="P23_SP00012" WIDTH="0" HPOS="0" VPOS="0" />
            <String ID="P23_S00015" HPOS="1401" VPOS="386" WIDTH="57" HEIGHT="48" STYLEREFS="StyleId-1" CONTENT="by" WC="0.565" CC="53" />
            <SP ID="P23_SP00013" WIDTH="0" HPOS="0" VPOS="0" />
            <String ID="P23_S00016" HPOS="1471" VPOS="387" WIDTH="75" HEIGHT="47" STYLEREFS="StyleId-1" CONTENT="Dr." WC="0.7733333" CC="600" />
            <SP ID="P23_SP00014" WIDTH="0" HPOS="0" VPOS="0" />
            <String ID="P23_S00017" HPOS="1563" VPOS="384" WIDTH="145" HEIGHT="50" STYLEREFS="StyleId-1" CONTENT="Field¬" WC="0.545" CC="1030562" />
          </TextLine>
          <TextLine ID="P23_TL00004" HPOS="185" VPOS="447" WIDTH="1523" HEIGHT="50">
            <String ID="P23_S00018" HPOS="185" VPOS="447" WIDTH="79" HEIGHT="48" STYLEREFS="StyleId-1" CONTENT="ing" WC="0.5933333" CC="047" />
            <SP ID="P23_SP00015" WIDTH="0" HPOS="0" VPOS="0" />
            <String ID="P23_S00019" HPOS="287" VPOS="449" WIDTH="61" HEIGHT="46" STYLEREFS="StyleId-1" CONTENT="H." WC="0.76" CC="04" />
            <SP ID="P23_SP00016" WIDTH="0" HPOS="0" VPOS="0" />
            <String ID="P23_S00020" HPOS="374" VPOS="449" WIDTH="228" HEIGHT="46" STYLEREFS="StyleId-1" CONTENT="Garrison," WC="0.8477778" CC="702020001" />
            <SP ID="P23_SP00017" WIDTH="0" HPOS="0" VPOS="0" />
            <String ID="P23_S00021" HPOS="649" VPOS="451" WIDTH="45" HEIGHT="44" STYLEREFS="StyleId-1" CONTENT="in" WC="0.97" CC="00" />
            <SP ID="P23_SP00018" WIDTH="0" HPOS="0" VPOS="0" />
            <String ID="P23_S00022" HPOS="740" VPOS="453" WIDTH="69" HEIGHT="42" STYLEREFS="StyleId-1" CONTENT="his" WC="0.853333354" CC="040" />
            <SP ID="P23_SP00019" WIDTH="0" HPOS="0" VPOS="0" />
            <String ID="P23_S00023" HPOS="846" VPOS="446" WIDTH="220" HEIGHT="53" STYLEREFS="StyleId-1" CONTENT="&quot;History" WC="0.79125" CC="75300000" />
            <SP ID="P23_SP00020" WIDTH="0" HPOS="0" VPOS="0" />
            <String ID="P23_S00024" HPOS="1087" VPOS="452" WIDTH="46" HEIGHT="47" STYLEREFS="StyleId-1" CONTENT="of" WC="0.93" CC="01" />
            <SP ID="P23_SP00021" WIDTH="0" HPOS="0" VPOS="0" />
            <String ID="P23_S00025" HPOS="1169" VPOS="449" WIDTH="270" HEIGHT="50" STYLEREFS="StyleId-1" CONTENT="Medicine&quot;," WC="0.773" CC="00040010070" />
            <SP ID="P23_SP00022" WIDTH="0" HPOS="0" VPOS="0" />
            <String ID="P23_S00026" HPOS="1476" VPOS="451" WIDTH="231" HEIGHT="48" STYLEREFS="StyleId-1" CONTENT="published" WC="0.8511111" CC="440000400" />
          </TextLine>
          <TextLine ID="P23_TL00005" HPOS="184" VPOS="514" WIDTH="1521" HEIGHT="45">
            <String ID="P23_S00027" HPOS="184" VPOS="514" WIDTH="92" HEIGHT="41" STYLEREFS="StyleId-1" CONTENT="this" WC="0.62" CC="31020" />
            <SP ID="P23_SP00023" WIDTH="0" HPOS="0" VPOS="0" />
            <String ID="P23_S00028" HPOS="316" VPOS="528" WIDTH="119" HEIGHT="35" STYLEREFS="StyleId-1" CONTENT="year," WC="0.932" CC="00003" />
            <SP ID="P23_SP00024" WIDTH="0" HPOS="0" VPOS="0" />
            <String ID="P23_S00029" HPOS="482" VPOS="516" WIDTH="45" HEIGHT="47" STYLEREFS="StyleId-1" CONTENT="in" WC="0.635" CC="16" />
            <SP ID="P23_SP00025" WIDTH="0" HPOS="0" VPOS="0" />
            <String ID="P23_S00030" HPOS="569" VPOS="517" WIDTH="147" HEIGHT="46" STYLEREFS="StyleId-1" CONTENT="which" WC="0.842" CC="12400" />
            <SP ID="P23_SP00026" WIDTH="0" HPOS="0" VPOS="0" />
            <String ID="P23_S00031" HPOS="750" VPOS="518" WIDTH="55" HEIGHT="45" STYLEREFS="StyleId-1" CONTENT="he" WC="0.83" CC="30" />
            <SP ID="P23_SP00027" WIDTH="0" HPOS="0" VPOS="0" />
            <String ID="P23_S00032" HPOS="821" VPOS="518" WIDTH="123" HEIGHT="45" STYLEREFS="StyleId-1" CONTENT="gives" WC="0.8" CC="100000" />
            <SP ID="P23_SP00028" WIDTH="0" HPOS="0" VPOS="0" />
            <String ID="P23_S00033" HPOS="964" VPOS="518" WIDTH="75" HEIGHT="45" STYLEREFS="StyleId-1" CONTENT="the" WC="1" CC="000" />
            <SP ID="P23_SP00029" WIDTH="0" HPOS="0" VPOS="0" />
            <String ID="P23_S00034" HPOS="1060" VPOS="530" WIDTH="148" HEIGHT="33" STYLEREFS="StyleId-1" CONTENT="names" WC="0.848" CC="00700" />
            <SP ID="P23_SP00030" WIDTH="0" HPOS="0" VPOS="0" />
            <String ID="P23_S00035" HPOS="1221" VPOS="517" WIDTH="46" HEIGHT="46" STYLEREFS="StyleId-1" CONTENT="of" WC="0.79" CC="04" />
            <SP ID="P23_SP00031" WIDTH="0" HPOS="0" VPOS="0" />
            <String ID="P23_S00036" HPOS="1287" VPOS="518" WIDTH="74" HEIGHT="45" STYLEREFS="StyleId-1" CONTENT="the" WC="1" CC="000" />
            <SP ID="P23_SP00032" WIDTH="0" HPOS="0" VPOS="0" />
            <String ID="P23_S00037" HPOS="1381" VPOS="516" WIDTH="219" HEIGHT="47" STYLEREFS="StyleId-1" CONTENT="countries" WC="0.8244445" CC="006600010" />
            <SP ID="P23_SP00033" WIDTH="0" HPOS="0" VPOS="0" />
            <String ID="P23_S00038" HPOS="1623" VPOS="516" WIDTH="82" HEIGHT="47" STYLEREFS="StyleId-1" CONTENT="and" WC="0.5233333" CC="067" />
          </TextLine>
          <TextLine ID="P23_TL00006" HPOS="185" VPOS="580" WIDTH="1034" HEIGHT="50">
            <String ID="P23_S00039" HPOS="185" VPOS="580" WIDTH="257" HEIGHT="40" STYLEREFS="StyleId-1" CONTENT="intitutions" WC="0.8309091" CC="08000700010" />
            <SP ID="P23_SP00034" WIDTH="0" HPOS="0" VPOS="0" />
            <String ID="P23_S00040" HPOS="463" VPOS="581" WIDTH="257" HEIGHT="49" STYLEREFS="StyleId-1" CONTENT="furnishing" WC="0.76" CC="24007000010" />
            <SP ID="P23_SP00035" WIDTH="0" HPOS="0" VPOS="0" />
            <String ID="P23_S00041" HPOS="740" VPOS="584" WIDTH="123" HEIGHT="46" STYLEREFS="StyleId-1" CONTENT="these" WC="0.908" CC="00004" />
            <SP ID="P23_SP00036" WIDTH="0" HPOS="0" VPOS="0" />
            <String ID="P23_S00042" HPOS="884" VPOS="583" WIDTH="335" HEIGHT="48" STYLEREFS="StyleId-1" CONTENT="opportunities." WC="0.875" CC="00002005005004" />
          </TextLine>
          <TextLine ID="P23_TL00007" HPOS="311" VPOS="647" WIDTH="1400" HEIGHT="47">
            <String ID="P23_S00043" HPOS="311" VPOS="648" WIDTH="53" HEIGHT="37" STYLEREFS="StyleId-1" CONTENT="In" WC="0.665" CC="06" />
            <SP ID="P23_SP00037" WIDTH="0" HPOS="0" VPOS="0" />
            <String ID="P23_S00044" HPOS="387" VPOS="647" WIDTH="76" HEIGHT="39" STYLEREFS="StyleId-1" CONTENT="the" WC="1" CC="000" />
            <SP ID="P23_SP00038" WIDTH="0" HPOS="0" VPOS="0" />
            <String ID="P23_S00045" HPOS="483" VPOS="648" WIDTH="165" HEIGHT="39" STYLEREFS="StyleId-1" CONTENT="United" WC="0.8466667" CC="070100" />
            <SP ID="P23_SP00039" WIDTH="0" HPOS="0" VPOS="0" />
            <String ID="P23_S00046" HPOS="671" VPOS="648" WIDTH="143" HEIGHT="40" STYLEREFS="StyleId-1" CONTENT="States" WC="0.771666646" CC="3001000" />
            <SP ID="P23_SP00040" WIDTH="0" HPOS="0" VPOS="0" />
            <String ID="P23_S00047" HPOS="830" VPOS="649" WIDTH="85" HEIGHT="39" STYLEREFS="StyleId-1" CONTENT="and" WC="0.7633333" CC="070" />
            <SP ID="P23_SP00041" WIDTH="0" HPOS="0" VPOS="0" />
            <String ID="P23_S00048" HPOS="939" VPOS="649" WIDTH="189" HEIGHT="46" STYLEREFS="StyleId-1" CONTENT="Canada," WC="0.8371429" CC="0025021" />
            <SP ID="P23_SP00042" WIDTH="0" HPOS="0" VPOS="0" />
            <String ID="P23_S00049" HPOS="1153" VPOS="660" WIDTH="168" HEIGHT="35" STYLEREFS="StyleId-1" CONTENT="women" WC="0.588" CC="100603" />
            <SP ID="P23_SP00043" WIDTH="0" HPOS="0" VPOS="0" />
            <String ID="P23_S00050" HPOS="1363" VPOS="660" WIDTH="79" HEIGHT="35" STYLEREFS="StyleId-1" CONTENT="can" WC="0.6666667" CC="036" />
            <SP ID="P23_SP00044" WIDTH="0" HPOS="0" VPOS="0" />
            <String ID="P23_S00051" HPOS="1464" VPOS="659" WIDTH="99" HEIGHT="36" STYLEREFS="StyleId-1" CONTENT="now" WC="0.783333361" CC="600" />
            <SP ID="P23_SP00045" WIDTH="0" HPOS="0" VPOS="0" />
            <String ID="P23_S00052" HPOS="1578" VPOS="646" WIDTH="133" HEIGHT="49" STYLEREFS="StyleId-1" CONTENT="study" WC="0.712" CC="00508" />
          </TextLine>
          <TextLine ID="P23_TL00008" HPOS="187" VPOS="714" WIDTH="1523" HEIGHT="41">
            <String ID="P23_S00053" HPOS="187" VPOS="713" WIDTH="217" HEIGHT="39" STYLEREFS="StyleId-1" CONTENT="medicine" WC="0.8475" CC="00000650" />
            <SP ID="P23_SP00046" WIDTH="0" HPOS="0" VPOS="0" />
            <String ID="P23_S00054" HPOS="437" VPOS="715" WIDTH="235" HEIGHT="46" STYLEREFS="StyleId-1" CONTENT="anywhere" WC="0.70625" CC="35066010" />
            <SP ID="P23_SP00047" WIDTH="0" HPOS="0" VPOS="0" />
            <String ID="P23_S00055" HPOS="706" VPOS="727" WIDTH="57" HEIGHT="34" STYLEREFS="StyleId-1" CONTENT="on" WC="1" CC="00" />
            <SP ID="P23_SP00048" WIDTH="0" HPOS="0" VPOS="0" />
            <String ID="P23_S00056" HPOS="804" VPOS="715" WIDTH="76" HEIGHT="46" STYLEREFS="StyleId-1" CONTENT="the" WC="1" CC="000" />
            <SP ID="P23_SP00049" WIDTH="0" HPOS="0" VPOS="0" />
            <String ID="P23_S00057" HPOS="914" VPOS="726" WIDTH="118" HEIGHT="35" STYLEREFS="StyleId-1" CONTENT="same" WC="0.81" CC="7000" />
            <SP ID="P23_SP00050" WIDTH="0" HPOS="0" VPOS="0" />
            <String ID="P23_S00058" HPOS="1070" VPOS="720" WIDTH="133" HEIGHT="41" STYLEREFS="StyleId-1" CONTENT="terms" WC="0.98" CC="00100" />
            <SP ID="P23_SP00051" WIDTH="0" HPOS="0" VPOS="0" />
            <String ID="P23_S00059" HPOS="1239" VPOS="713" WIDTH="107" HEIGHT="48" STYLEREFS="StyleId-1" CONTENT="with" WC="1" CC="0000" />
            <SP ID="P23_SP00052" WIDTH="0" HPOS="0" VPOS="0" />
            <String ID="P23_S00060" HPOS="1366" VPOS="725" WIDTH="114" HEIGHT="36" STYLEREFS="StyleId-1" CONTENT="men." WC="0.935" CC="0020" />
            <SP ID="P23_SP00053" WIDTH="0" HPOS="0" VPOS="0" />
            <String ID="P23_S00061" HPOS="1562" VPOS="714" WIDTH="52" HEIGHT="47" STYLEREFS="StyleId-1" CONTENT="In" WC="0.54" CC="27" />
            <SP ID="P23_SP00054" WIDTH="0" HPOS="0" VPOS="0" />
            <String ID="P23_S00062" HPOS="1635" VPOS="712" WIDTH="75" HEIGHT="49" STYLEREFS="StyleId-1" CONTENT="the" WC="0.75666666" CC="070" />
          </TextLine>
          <TextLine ID="P23_TL00009" HPOS="190" VPOS="780" WIDTH="1520" HEIGHT="44">
            <String ID="P23_S00063" HPOS="190" VPOS="779" WIDTH="186" HEIGHT="44" STYLEREFS="StyleId-1" CONTENT="London" WC="0.825" CC="063000" />
            <SP ID="P23_SP00055" WIDTH="0" HPOS="0" VPOS="0" />
            <String ID="P23_S00064" HPOS="408" VPOS="779" WIDTH="159" HEIGHT="44" STYLEREFS="StyleId-1" CONTENT="School" WC="0.74" CC="635000" />
            <SP ID="P23_SP00056" WIDTH="0" HPOS="0" VPOS="0" />
            <String ID="P23_S00065" HPOS="590" VPOS="779" WIDTH="46" HEIGHT="44" STYLEREFS="StyleId-1" CONTENT="of" WC="0.815" CC="03" />
            <SP ID="P23_SP00057" WIDTH="0" HPOS="0" VPOS="0" />
            <String ID="P23_S00066" HPOS="658" VPOS="779" WIDTH="220" HEIGHT="44" STYLEREFS="StyleId-1" CONTENT="Medicine" WC="0.96125" CC="00000300" />
            <SP ID="P23_SP00058" WIDTH="0" HPOS="0" VPOS="0" />
            <String ID="P23_S00067" HPOS="919" VPOS="780" WIDTH="66" HEIGHT="43" STYLEREFS="StyleId-1" CONTENT="for" WC="0.7633333" CC="700" />
            <SP ID="P23_SP00059" WIDTH="0" HPOS="0" VPOS="0" />
            <String ID="P23_S00068" HPOS="1026" VPOS="780" WIDTH="198" HEIGHT="43" STYLEREFS="StyleId-1" CONTENT="Women," WC="0.9483333" CC="000020" />
            <SP ID="P23_SP00060" WIDTH="0" HPOS="0" VPOS="0" />
            <String ID="P23_S00069" HPOS="1267" VPOS="779" WIDTH="105" HEIGHT="47" STYLEREFS="StyleId-1" CONTENT="they" WC="0.9" CC="0400" />
            <SP ID="P23_SP00061" WIDTH="0" HPOS="0" VPOS="0" />
            <String ID="P23_S00070" HPOS="1412" VPOS="778" WIDTH="202" HEIGHT="48" STYLEREFS="StyleId-1" CONTENT="acquired" WC="0.6975" CC="71562100" />
            <SP ID="P23_SP00062" WIDTH="0" HPOS="0" VPOS="0" />
            <String ID="P23_S00071" HPOS="1635" VPOS="777" WIDTH="75" HEIGHT="49" STYLEREFS="StyleId-1" CONTENT="the" WC="1" CC="000" />
          </TextLine>
          <TextLine ID="P23_TL00010" HPOS="190" VPOS="844" WIDTH="1521" HEIGHT="47">
            <String ID="P23_S00072" HPOS="190" VPOS="844" WIDTH="211" HEIGHT="49" STYLEREFS="StyleId-1" CONTENT="privilege" WC="0.816666663" CC="060010090" />
            <SP ID="P23_SP00063" WIDTH="0" HPOS="0" VPOS="0" />
            <String ID="P23_S00073" HPOS="422" VPOS="845" WIDTH="46" HEIGHT="48" STYLEREFS="StyleId-1" CONTENT="of" WC="0.785" CC="31" />
            <SP ID="P23_SP00064" WIDTH="0" HPOS="0" VPOS="0" />
            <String ID="P23_S00074" HPOS="483" VPOS="845" WIDTH="193" HEIGHT="48" STYLEREFS="StyleId-1" CONTENT="resident" WC="0.86375" CC="50050000" />
            <SP ID="P23_SP00065" WIDTH="0" HPOS="0" VPOS="0" />
            <String ID="P23_S00075" HPOS="692" VPOS="850" WIDTH="120" HEIGHT="43" STYLEREFS="StyleId-1" CONTENT="posts" WC="0.886" CC="00050" />
            <SP ID="P23_SP00066" WIDTH="0" HPOS="0" VPOS="0" />
            <String ID="P23_S00076" HPOS="833" VPOS="845" WIDTH="46" HEIGHT="48" STYLEREFS="StyleId-1" CONTENT="in" WC="0.76" CC="22" />
            <SP ID="P23_SP00067" WIDTH="0" HPOS="0" VPOS="0" />
            <String ID="P23_S00077" HPOS="907" VPOS="846" WIDTH="75" HEIGHT="47" STYLEREFS="StyleId-1" CONTENT="the" WC="0.973333359" CC="000" />
            <SP ID="P23_SP00068" WIDTH="0" HPOS="0" VPOS="0" />
            <String ID="P23_S00078" HPOS="1023" VPOS="845" WIDTH="140" HEIGHT="48" STYLEREFS="StyleId-1" CONTENT="Royal" WC="0.798" CC="10062" />
            <SP ID="P23_SP00069" WIDTH="0" HPOS="0" VPOS="0" />
            <String ID="P23_S00079" HPOS="1197" VPOS="844" WIDTH="108" HEIGHT="49" STYLEREFS="StyleId-1" CONTENT="Free" WC="0.8275" CC="6000" />
            <SP ID="P23_SP00070" WIDTH="0" HPOS="0" VPOS="0" />
            <String ID="P23_S00080" HPOS="1341" VPOS="843" WIDTH="218" HEIGHT="50" STYLEREFS="StyleId-1" CONTENT="Hospital." WC="0.79" CC="300800014" />
            <SP ID="P23_SP00071" WIDTH="0" HPOS="0" VPOS="0" />
            <String ID="P23_S00081" HPOS="1615" VPOS="840" WIDTH="96" HEIGHT="53" STYLEREFS="StyleId-1" CONTENT="The" WC="0.75" CC="700" />
          </TextLine>
          <TextLine ID="P23_TL00011" HPOS="191" VPOS="912" WIDTH="1514" HEIGHT="42">
            <String ID="P23_S00082" HPOS="191" VPOS="911" WIDTH="141" HEIGHT="48" STYLEREFS="StyleId-1" CONTENT="Royal" WC="0.71" CC="06070" />
            <SP ID="P23_SP00072" WIDTH="0" HPOS="0" VPOS="0" />
            <String ID="P23_S00083" HPOS="365" VPOS="911" WIDTH="180" HEIGHT="48" STYLEREFS="StyleId-1" CONTENT="College" WC="0.832857132" CC="00010100" />
            <SP ID="P23_SP00073" WIDTH="0" HPOS="0" VPOS="0" />
            <String ID="P23_S00084" HPOS="566" VPOS="911" WIDTH="46" HEIGHT="48" STYLEREFS="StyleId-1" CONTENT="of" WC="0.76" CC="04" />
            <SP ID="P23_SP00074" WIDTH="0" HPOS="0" VPOS="0" />
            <String ID="P23_S00085" HPOS="627" VPOS="910" WIDTH="253" HEIGHT="49" STYLEREFS="StyleId-1" CONTENT="physicians" WC="0.849" CC="0500000450" />
            <SP ID="P23_SP00075" WIDTH="0" HPOS="0" VPOS="0" />
            <String ID="P23_S00086" HPOS="921" VPOS="910" WIDTH="45" HEIGHT="49" STYLEREFS="StyleId-1" CONTENT="in" WC="0.795" CC="04" />
            <SP ID="P23_SP00076" WIDTH="0" HPOS="0" VPOS="0" />
            <String ID="P23_S00087" HPOS="1014" VPOS="910" WIDTH="189" HEIGHT="49" STYLEREFS="StyleId-1" CONTENT="Ireland," WC="0.88" CC="00020700" />
            <SP ID="P23_SP00077" WIDTH="0" HPOS="0" VPOS="0" />
            <String ID="P23_S00088" HPOS="1251" VPOS="910" WIDTH="85" HEIGHT="49" STYLEREFS="StyleId-1" CONTENT="and" WC="1" CC="000" />
            <SP ID="P23_SP00078" WIDTH="0" HPOS="0" VPOS="0" />
            <String ID="P23_S00089" HPOS="1377" VPOS="907" WIDTH="95" HEIGHT="52" STYLEREFS="StyleId-1" CONTENT="The" WC="0.526666641" CC="760" />
            <SP ID="P23_SP00079" WIDTH="0" HPOS="0" VPOS="0" />
            <String ID="P23_S00090" HPOS="1505" VPOS="908" WIDTH="200" HEIGHT="51" STYLEREFS="StyleId-1" CONTENT="London," WC="0.6628571" CC="7600144" />
          </TextLine>
          <TextLine ID="P23_TL00012" HPOS="189" VPOS="977" WIDTH="1523" HEIGHT="42">
            <String ID="P23_S00091" HPOS="189" VPOS="976" WIDTH="271" HEIGHT="48" STYLEREFS="StyleId-1" CONTENT="University," WC="0.8790909" CC="03500300000" />
            <SP ID="P23_SP00080" WIDTH="0" HPOS="0" VPOS="0" />
            <String ID="P23_S00092" HPOS="488" VPOS="976" WIDTH="138" HEIGHT="48" STYLEREFS="StyleId-1" CONTENT="admit" WC="0.712" CC="90031" />
            <SP ID="P23_SP00081" WIDTH="0" HPOS="0" VPOS="0" />
            <String ID="P23_S00093" HPOS="646" VPOS="977" WIDTH="121" HEIGHT="47" STYLEREFS="StyleId-1" CONTENT="them" WC="0.93" CC="2000" />
            <SP ID="P23_SP00082" WIDTH="0" HPOS="0" VPOS="0" />
            <String ID="P23_S00094" HPOS="787" VPOS="981" WIDTH="46" HEIGHT="43" STYLEREFS="StyleId-1" CONTENT="to" WC="0.98" CC="00" />
            <SP ID="P23_SP00083" WIDTH="0" HPOS="0" VPOS="0" />
            <String ID="P23_S00095" HPOS="855" VPOS="976" WIDTH="75" HEIGHT="48" STYLEREFS="StyleId-1" CONTENT="the" WC="0.7966667" CC="060" />
            <SP ID="P23_SP00084" WIDTH="0" HPOS="0" VPOS="0" />
            <String ID="P23_S00096" HPOS="951" VPOS="975" WIDTH="210" HEIGHT="49" STYLEREFS="StyleId-1" CONTENT="privilege" WC="0.95" CC="040000000" />
            <SP ID="P23_SP00085" WIDTH="0" HPOS="0" VPOS="0" />
            <String ID="P23_S00097" HPOS="1177" VPOS="975" WIDTH="46" HEIGHT="49" STYLEREFS="StyleId-1" CONTENT="of" WC="0.815" CC="03" />
            <SP ID="P23_SP00086" WIDTH="0" HPOS="0" VPOS="0" />
            <String ID="P23_S00098" HPOS="1244" VPOS="974" WIDTH="311" HEIGHT="50" STYLEREFS="StyleId-1" CONTENT="examinatiou." WC="0.8641667" CC="000040020044" />
            <SP ID="P23_SP00087" WIDTH="0" HPOS="0" VPOS="0" />
            <String ID="P23_S00099" HPOS="1615" VPOS="971" WIDTH="97" HEIGHT="53" STYLEREFS="StyleId-1" CONTENT="The" WC="0.766666651" CC="070" />
          </TextLine>
          <TextLine ID="P23_TL00013" HPOS="193" VPOS="1043" WIDTH="1517" HEIGHT="42">
            <String ID="P23_S00100" HPOS="193" VPOS="1042" WIDTH="305" HEIGHT="47" STYLEREFS="StyleId-1" CONTENT="Universities," WC="0.8153846" CC="0710023102203" />
            <SP ID="P23_SP00088" WIDTH="0" HPOS="0" VPOS="0" />
            <String ID="P23_S00101" HPOS="520" VPOS="1042" WIDTH="46" HEIGHT="47" STYLEREFS="StyleId-1" CONTENT="of" WC="0.675" CC="24" />
            <SP ID="P23_SP00089" WIDTH="0" HPOS="0" VPOS="0" />
            <String ID="P23_S00102" HPOS="579" VPOS="1042" WIDTH="213" HEIGHT="47" STYLEREFS="StyleId-1" CONTENT="Durham," WC="0.85" CC="6210000" />
            <SP ID="P23_SP00090" WIDTH="0" HPOS="0" VPOS="0" />
            <String ID="P23_S00103" HPOS="814" VPOS="1042" WIDTH="292" HEIGHT="47" STYLEREFS="StyleId-1" CONTENT="Manchester," WC="0.8727273" CC="00404000040" />
            <SP ID="P23_SP00091" WIDTH="0" HPOS="0" VPOS="0" />
            <String ID="P23_S00104" HPOS="1128" VPOS="1040" WIDTH="245" HEIGHT="49" STYLEREFS="StyleId-1" CONTENT="Liverpool," WC="0.913" CC="7000000001" />
            <SP ID="P23_SP00092" WIDTH="0" HPOS="0" VPOS="0" />
            <String ID="P23_S00105" HPOS="1394" VPOS="1039" WIDTH="316" HEIGHT="50" STYLEREFS="StyleId-1" CONTENT="Birmingham," WC="0.65" CC="404001106803" />
          </TextLine>
          <TextLine ID="P23_TL00014" HPOS="192" VPOS="1109" WIDTH="1515" HEIGHT="41">
            <String ID="P23_S00106" HPOS="192" VPOS="1108" WIDTH="139" HEIGHT="44" STYLEREFS="StyleId-1" CONTENT="Leeds" WC="0.748" CC="47000" />
            <SP ID="P23_SP00093" WIDTH="0" HPOS="0" VPOS="0" />
            <String ID="P23_S00107" HPOS="352" VPOS="1108" WIDTH="87" HEIGHT="44" STYLEREFS="StyleId-1" CONTENT="and" WC="1" CC="000" />
            <SP ID="P23_SP00094" WIDTH="0" HPOS="0" VPOS="0" />
            <String ID="P23_S00108" HPOS="460" VPOS="1107" WIDTH="162" HEIGHT="45" STYLEREFS="StyleId-1" CONTENT="Bristol" WC="0.86" CC="4500000" />
            <SP ID="P23_SP00095" WIDTH="0" HPOS="0" VPOS="0" />
            <String ID="P23_S00109" HPOS="634" VPOS="1120" WIDTH="72" HEIGHT="32" STYLEREFS="StyleId-1" CONTENT="are" WC="0.6666667" CC="820" />
            <SP ID="P23_SP00096" WIDTH="0" HPOS="0" VPOS="0" />
            <String ID="P23_S00110" HPOS="727" VPOS="1106" WIDTH="364" HEIGHT="46" STYLEREFS="StyleId-1" CONTENT="co-educational." WC="0.918666661" CC="000003000220004" />
            <SP ID="P23_SP00097" WIDTH="0" HPOS="0" VPOS="0" />
            <String ID="P23_S00111" HPOS="1135" VPOS="1106" WIDTH="60" HEIGHT="46" STYLEREFS="StyleId-1" CONTENT="At" WC="1" CC="00" />
            <SP ID="P23_SP00098" WIDTH="0" HPOS="0" VPOS="0" />
            <String ID="P23_S00112" HPOS="1210" VPOS="1106" WIDTH="219" HEIGHT="46" STYLEREFS="StyleId-1" CONTENT="Glasgow," WC="0.865" CC="70000002" />
            <SP ID="P23_SP00099" WIDTH="0" HPOS="0" VPOS="0" />
            <String ID="P23_S00113" HPOS="1464" VPOS="1105" WIDTH="243" HEIGHT="47" STYLEREFS="StyleId-1" CONTENT="Aberdeen," WC="0.855555534" CC="040100051" />
          </TextLine>
          <TextLine ID="P23_TL00015" HPOS="195" VPOS="1175" WIDTH="1517" HEIGHT="41">
            <String ID="P23_S00114" HPOS="195" VPOS="1174" WIDTH="183" HEIGHT="39" STYLEREFS="StyleId-1" CONTENT="Dundee" WC="0.76" CC="049000" />
            <SP ID="P23_SP00100" WIDTH="0" HPOS="0" VPOS="0" />
            <String ID="P23_S00115" HPOS="400" VPOS="1174" WIDTH="86" HEIGHT="39" STYLEREFS="StyleId-1" CONTENT="and" WC="0.836666644" CC="040" />
            <SP ID="P23_SP00101" WIDTH="0" HPOS="0" VPOS="0" />
            <String ID="P23_S00116" HPOS="508" VPOS="1173" WIDTH="65" HEIGHT="40" STYLEREFS="StyleId-1" CONTENT="St." WC="0.733333349" CC="304" />
            <SP ID="P23_SP00102" WIDTH="0" HPOS="0" VPOS="0" />
            <String ID="P23_S00117" HPOS="618" VPOS="1173" WIDTH="231" HEIGHT="45" STYLEREFS="StyleId-1" CONTENT="Andrews," WC="0.90875" CC="03030000" />
            <SP ID="P23_SP00103" WIDTH="0" HPOS="0" VPOS="0" />
            <String ID="P23_S00118" HPOS="875" VPOS="1173" WIDTH="104" HEIGHT="46" STYLEREFS="StyleId-1" CONTENT="they" WC="1" CC="0000" />
            <SP ID="P23_SP00104" WIDTH="0" HPOS="0" VPOS="0" />
            <String ID="P23_S00119" HPOS="1002" VPOS="1184" WIDTH="71" HEIGHT="35" STYLEREFS="StyleId-1" CONTENT="are" WC="1" CC="000" />
            <SP ID="P23_SP00105" WIDTH="0" HPOS="0" VPOS="0" />
            <String ID="P23_S00120" HPOS="1094" VPOS="1172" WIDTH="130" HEIGHT="47" STYLEREFS="StyleId-1" CONTENT="given" WC="0.8" CC="100000" />
            <SP ID="P23_SP00106" WIDTH="0" HPOS="0" VPOS="0" />
            <String ID="P23_S00121" HPOS="1265" VPOS="1183" WIDTH="129" HEIGHT="36" STYLEREFS="StyleId-1" CONTENT="every" WC="0.914" CC="00040" />
            <SP ID="P23_SP00107" WIDTH="0" HPOS="0" VPOS="0" />
            <String ID="P23_S00122" HPOS="1415" VPOS="1170" WIDTH="165" HEIGHT="49" STYLEREFS="StyleId-1" CONTENT="facility" WC="0.91875" CC="21001000" />
            <SP ID="P23_SP00108" WIDTH="0" HPOS="0" VPOS="0" />
            <String ID="P23_S00123" HPOS="1599" VPOS="1183" WIDTH="9" HEIGHT="36" STYLEREFS="StyleId-1" CONTENT=";" WC="0.34" CC="6" />
            <SP ID="P23_SP00109" WIDTH="0" HPOS="0" VPOS="0" />
            <String ID="P23_S00124" HPOS="1632" VPOS="1169" WIDTH="80" HEIGHT="50" STYLEREFS="StyleId-1" CONTENT="but" WC="0.716666639" CC="062" />
          </TextLine>
          <TextLine ID="P23_TL00016" HPOS="193" VPOS="1240" WIDTH="1518" HEIGHT="41">
            <String ID="P23_S00125" HPOS="193" VPOS="1240" WIDTH="123" HEIGHT="39" STYLEREFS="StyleId-1" CONTENT="there" WC="0.812" CC="53000" />
            <SP ID="P23_SP00110" WIDTH="0" HPOS="0" VPOS="0" />
            <String ID="P23_S00126" HPOS="336" VPOS="1239" WIDTH="81" HEIGHT="40" STYLEREFS="StyleId-1" CONTENT="has" WC="0.526666641" CC="1004" />
            <SP ID="P23_SP00111" WIDTH="0" HPOS="0" VPOS="0" />
            <String ID="P23_S00127" HPOS="437" VPOS="1239" WIDTH="109" HEIGHT="40" STYLEREFS="StyleId-1" CONTENT="been" WC="1" CC="0000" />
            <SP ID="P23_SP00112" WIDTH="0" HPOS="0" VPOS="0" />
            <String ID="P23_S00128" HPOS="583" VPOS="1239" WIDTH="133" HEIGHT="40" STYLEREFS="StyleId-1" CONTENT="much" WC="0.8225" CC="0303" />
            <SP ID="P23_SP00113" WIDTH="0" HPOS="0" VPOS="0" />
            <String ID="P23_S00129" HPOS="748" VPOS="1237" WIDTH="250" HEIGHT="48" STYLEREFS="StyleId-1" CONTENT="opposition" WC="0.945" CC="0000000104" />
            <SP ID="P23_SP00114" WIDTH="0" HPOS="0" VPOS="0" />
            <String ID="P23_S00130" HPOS="1021" VPOS="1238" WIDTH="45" HEIGHT="47" STYLEREFS="StyleId-1" CONTENT="in" WC="0.71" CC="14" />
            <SP ID="P23_SP00115" WIDTH="0" HPOS="0" VPOS="0" />
            <String ID="P23_S00131" HPOS="1098" VPOS="1236" WIDTH="241" HEIGHT="49" STYLEREFS="StyleId-1" CONTENT="Edinburg." WC="0.776666641" CC="602203203" />
            <SP ID="P23_SP00116" WIDTH="0" HPOS="0" VPOS="0" />
            <String ID="P23_S00132" HPOS="1400" VPOS="1236" WIDTH="68" HEIGHT="49" STYLEREFS="StyleId-1" CONTENT="On" WC="0.685" CC="06" />
            <SP ID="P23_SP00117" WIDTH="0" HPOS="0" VPOS="0" />
            <String ID="P23_S00133" HPOS="1489" VPOS="1236" WIDTH="75" HEIGHT="49" STYLEREFS="StyleId-1" CONTENT="the" WC="1" CC="000" />
            <SP ID="P23_SP00118" WIDTH="0" HPOS="0" VPOS="0" />
            <String ID="P23_S00134" HPOS="1598" VPOS="1235" WIDTH="113" HEIGHT="50" STYLEREFS="StyleId-1" CONTENT="Con¬" WC="0.8425" CC="0023" />
          </TextLine>
          <TextLine ID="P23_TL00017" HPOS="193" VPOS="1304" WIDTH="1519" HEIGHT="42">
            <String ID="P23_S00135" HPOS="193" VPOS="1304" WIDTH="159" HEIGHT="48" STYLEREFS="StyleId-1" CONTENT="tinent," WC="0.708571434" CC="4460202" />
            <SP ID="P23_SP00119" WIDTH="0" HPOS="0" VPOS="0" />
            <String ID="P23_S00136" HPOS="378" VPOS="1306" WIDTH="76" HEIGHT="46" STYLEREFS="StyleId-1" CONTENT="the" WC="1" CC="000" />
            <SP ID="P23_SP00120" WIDTH="0" HPOS="0" VPOS="0" />
            <String ID="P23_S00137" HPOS="488" VPOS="1304" WIDTH="134" HEIGHT="48" STYLEREFS="StyleId-1" CONTENT="Swiss" WC="0.834" CC="00350" />
            <SP ID="P23_SP00121" WIDTH="0" HPOS="0" VPOS="0" />
            <String ID="P23_S00138" HPOS="656" VPOS="1303" WIDTH="279" HEIGHT="49" STYLEREFS="StyleId-1" CONTENT="universities" WC="0.9025" CC="360000000000" />
            <SP ID="P23_SP00122" WIDTH="0" HPOS="0" VPOS="0" />
            <String ID="P23_S00139" HPOS="975" VPOS="1303" WIDTH="107" HEIGHT="49" STYLEREFS="StyleId-1" CONTENT="took" WC="1" CC="0000" />
            <SP ID="P23_SP00123" WIDTH="0" HPOS="0" VPOS="0" />
            <String ID="P23_S00140" HPOS="1102" VPOS="1303" WIDTH="75" HEIGHT="49" STYLEREFS="StyleId-1" CONTENT="the" WC="1" CC="000" />
            <SP ID="P23_SP00124" WIDTH="0" HPOS="0" VPOS="0" />
            <String ID="P23_S00141" HPOS="1215" VPOS="1302" WIDTH="96" HEIGHT="50" STYLEREFS="StyleId-1" CONTENT="lead" WC="0.885" CC="1030" />
            <SP ID="P23_SP00125" WIDTH="0" HPOS="0" VPOS="0" />
            <String ID="P23_S00142" HPOS="1348" VPOS="1301" WIDTH="44" HEIGHT="51" STYLEREFS="StyleId-1" CONTENT="in" WC="0.92" CC="10" />
            <SP ID="P23_SP00126" WIDTH="0" HPOS="0" VPOS="0" />
            <String ID="P23_S00143" HPOS="1437" VPOS="1302" WIDTH="118" HEIGHT="50" STYLEREFS="StyleId-1" CONTENT="1876," WC="0.928" CC="00002" />
            <SP ID="P23_SP00127" WIDTH="0" HPOS="0" VPOS="0" />
            <String ID="P23_S00144" HPOS="1616" VPOS="1297" WIDTH="96" HEIGHT="55" STYLEREFS="StyleId-1" CONTENT="The" WC="1" CC="000" />
          </TextLine>
          <TextLine ID="P23_TL00018" HPOS="194" VPOS="1371" WIDTH="1521" HEIGHT="41">
            <String ID="P23_S00145" HPOS="194" VPOS="1371" WIDTH="194" HEIGHT="40" STYLEREFS="StyleId-1" CONTENT="German" WC="0.5183333" CC="835091" />
            <SP ID="P23_SP00128" WIDTH="0" HPOS="0" VPOS="0" />
            <String ID="P23_S00146" HPOS="409" VPOS="1376" WIDTH="135" HEIGHT="35" STYLEREFS="StyleId-1" CONTENT="states" WC="1" CC="000000" />
            <SP ID="P23_SP00129" WIDTH="0" HPOS="0" VPOS="0" />
            <String ID="P23_S00147" HPOS="565" VPOS="1370" WIDTH="218" HEIGHT="45" STYLEREFS="StyleId-1" CONTENT="followed," WC="0.954444468" CC="300000000" />
            <SP ID="P23_SP00130" WIDTH="0" HPOS="0" VPOS="0" />
            <String ID="P23_S00148" HPOS="818" VPOS="1381" WIDTH="85" HEIGHT="34" STYLEREFS="StyleId-1" CONTENT="one" WC="0.85" CC="030" />
            <SP ID="P23_SP00131" WIDTH="0" HPOS="0" VPOS="0" />
            <String ID="P23_S00149" HPOS="922" VPOS="1368" WIDTH="59" HEIGHT="48" STYLEREFS="StyleId-1" CONTENT="by" WC="1" CC="00" />
            <SP ID="P23_SP00132" WIDTH="0" HPOS="0" VPOS="0" />
            <String ID="P23_S00150" HPOS="1002" VPOS="1380" WIDTH="97" HEIGHT="36" STYLEREFS="StyleId-1" CONTENT="one," WC="0.9275" CC="0200" />
            <SP ID="P23_SP00133" WIDTH="0" HPOS="0" VPOS="0" />
            <String ID="P23_S00151" HPOS="1127" VPOS="1367" WIDTH="176" HEIGHT="49" STYLEREFS="StyleId-1" CONTENT="Prussia" WC="0.7985714" CC="5060010" />
            <SP ID="P23_SP00134" WIDTH="0" HPOS="0" VPOS="0" />
            <String ID="P23_S00152" HPOS="1321" VPOS="1366" WIDTH="132" HEIGHT="50" STYLEREFS="StyleId-1" CONTENT="being" WC="0.894" CC="00050" />
            <SP ID="P23_SP00135" WIDTH="0" HPOS="0" VPOS="0" />
            <String ID="P23_S00153" HPOS="1472" VPOS="1366" WIDTH="74" HEIGHT="50" STYLEREFS="StyleId-1" CONTENT="the" WC="1" CC="000" />
            <SP ID="P23_SP00136" WIDTH="0" HPOS="0" VPOS="0" />
            <String ID="P23_S00154" HPOS="1567" VPOS="1366" WIDTH="82" HEIGHT="50" STYLEREFS="StyleId-1" CONTENT="last" WC="0.93" CC="2000" />
            <SP ID="P23_SP00137" WIDTH="0" HPOS="0" VPOS="0" />
            <String ID="P23_S00155" HPOS="1669" VPOS="1369" WIDTH="46" HEIGHT="47" STYLEREFS="StyleId-1" CONTENT="to" WC="0.705" CC="05" />
          </TextLine>
          <TextLine ID="P23_TL00019" HPOS="197" VPOS="1437" WIDTH="1518" HEIGHT="40">
            <String ID="P23_S00156" HPOS="197" VPOS="1437" WIDTH="142" HEIGHT="40" STYLEREFS="StyleId-1" CONTENT="throw" WC="0.816" CC="80100" />
            <SP ID="P23_SP00138" WIDTH="0" HPOS="0" VPOS="0" />
            <String ID="P23_S00157" HPOS="360" VPOS="1449" WIDTH="115" HEIGHT="35" STYLEREFS="StyleId-1" CONTENT="open" WC="1" CC="0000" />
            <SP ID="P23_SP00139" WIDTH="0" HPOS="0" VPOS="0" />
            <String ID="P23_S00158" HPOS="497" VPOS="1436" WIDTH="76" HEIGHT="48" STYLEREFS="StyleId-1" CONTENT="the" WC="1" CC="000" />
            <SP ID="P23_SP00140" WIDTH="0" HPOS="0" VPOS="0" />
            <String ID="P23_S00159" HPOS="592" VPOS="1435" WIDTH="123" HEIGHT="49" STYLEREFS="StyleId-1" CONTENT="right" WC="0.844" CC="33000" />
            <SP ID="P23_SP00141" WIDTH="0" HPOS="0" VPOS="0" />
            <String ID="P23_S00160" HPOS="737" VPOS="1435" WIDTH="46" HEIGHT="49" STYLEREFS="StyleId-1" CONTENT="of" WC="0.775" CC="04" />
            <SP ID="P23_SP00142" WIDTH="0" HPOS="0" VPOS="0" />
            <String ID="P23_S00161" HPOS="802" VPOS="1433" WIDTH="247" HEIGHT="51" STYLEREFS="StyleId-1" CONTENT="university" WC="0.892" CC="7300000000" />
            <SP ID="P23_SP00143" WIDTH="0" HPOS="0" VPOS="0" />
            <String ID="P23_S00162" HPOS="1071" VPOS="1431" WIDTH="261" HEIGHT="53" STYLEREFS="StyleId-1" CONTENT="instruction" WC="0.796363652" CC="07002600301" />
            <SP ID="P23_SP00144" WIDTH="0" HPOS="0" VPOS="0" />
            <String ID="P23_S00163" HPOS="1350" VPOS="1431" WIDTH="84" HEIGHT="53" STYLEREFS="StyleId-1" CONTENT="and" WC="0.64" CC="370" />
            <SP ID="P23_SP00145" WIDTH="0" HPOS="0" VPOS="0" />
            <String ID="P23_S00164" HPOS="1456" VPOS="1430" WIDTH="259" HEIGHT="54" STYLEREFS="StyleId-1" CONTENT="graduation" WC="0.726" CC="10000500308" />
          </TextLine>
          <TextLine ID="P23_TL00020" HPOS="192" VPOS="1502" WIDTH="1520" HEIGHT="40">
            <String ID="P23_S00165" HPOS="193" VPOS="1507" WIDTH="46" HEIGHT="34" STYLEREFS="StyleId-1" CONTENT="to" WC="0.93" CC="01" />
            <SP ID="P23_SP00146" WIDTH="0" HPOS="0" VPOS="0" />
            <String ID="P23_S00166" HPOS="252" VPOS="1514" WIDTH="169" HEIGHT="28" STYLEREFS="StyleId-1" CONTENT="women" WC="0.862" CC="05100" />
            <SP ID="P23_SP00147" WIDTH="0" HPOS="0" VPOS="0" />
            <String ID="P23_S00167" HPOS="437" VPOS="1501" WIDTH="46" HEIGHT="41" STYLEREFS="StyleId-1" CONTENT="in" WC="0.74" CC="05" />
            <SP ID="P23_SP00148" WIDTH="0" HPOS="0" VPOS="0" />
            <String ID="P23_S00168" HPOS="504" VPOS="1504" WIDTH="120" HEIGHT="42" STYLEREFS="StyleId-1" CONTENT="1908," WC="1" CC="00000" />
            <SP ID="P23_SP00149" WIDTH="0" HPOS="0" VPOS="0" />
            <String ID="P23_S00169" HPOS="647" VPOS="1500" WIDTH="137" HEIGHT="46" STYLEREFS="StyleId-1" CONTENT="Paris," WC="0.69" CC="540403" />
            <SP ID="P23_SP00150" WIDTH="0" HPOS="0" VPOS="0" />
            <String ID="P23_S00170" HPOS="804" VPOS="1500" WIDTH="190" HEIGHT="46" STYLEREFS="StyleId-1" CONTENT="Vienna," WC="0.8471429" CC="2204001" />
            <SP ID="P23_SP00151" WIDTH="0" HPOS="0" VPOS="0" />
            <String ID="P23_S00171" HPOS="1021" VPOS="1500" WIDTH="152" HEIGHT="46" STYLEREFS="StyleId-1" CONTENT="Rome," WC="0.942" CC="00002" />
            <SP ID="P23_SP00152" WIDTH="0" HPOS="0" VPOS="0" />
            <String ID="P23_S00172" HPOS="1194" VPOS="1496" WIDTH="211" HEIGHT="50" STYLEREFS="StyleId-1" CONTENT="Brnssels," WC="0.715555549" CC="246030603" />
            <SP ID="P23_SP00153" WIDTH="0" HPOS="0" VPOS="0" />
            <String ID="P23_S00173" HPOS="1429" VPOS="1495" WIDTH="176" HEIGHT="51" STYLEREFS="StyleId-1" CONTENT="Upsala," WC="0.7785714" CC="8000600" />
            <SP ID="P23_SP00154" WIDTH="0" HPOS="0" VPOS="0" />
            <String ID="P23_S00174" HPOS="1627" VPOS="1494" WIDTH="85" HEIGHT="52" STYLEREFS="StyleId-1" CONTENT="and" WC="0.7966667" CC="060" />
          </TextLine>
          <TextLine ID="P23_TL00021" HPOS="200" VPOS="1565" WIDTH="1513" HEIGHT="43">
            <String ID="P23_S00175" HPOS="200" VPOS="1567" WIDTH="313" HEIGHT="48" STYLEREFS="StyleId-1" CONTENT="Copenhagen," WC="0.806363642" CC="020041000003" />
            <SP ID="P23_SP00155" WIDTH="0" HPOS="0" VPOS="0" />
            <String ID="P23_S00176" HPOS="551" VPOS="1579" WIDTH="72" HEIGHT="36" STYLEREFS="StyleId-1" CONTENT="are" WC="1" CC="000" />
            <SP ID="P23_SP00156" WIDTH="0" HPOS="0" VPOS="0" />
            <String ID="P23_S00177" HPOS="644" VPOS="1566" WIDTH="58" HEIGHT="49" STYLEREFS="StyleId-1" CONTENT="all" WC="0.9633333" CC="001" />
            <SP ID="P23_SP00157" WIDTH="0" HPOS="0" VPOS="0" />
            <String ID="P23_S00178" HPOS="743" VPOS="1563" WIDTH="364" HEIGHT="52" STYLEREFS="StyleId-1" CONTENT="co-educational." WC="0.8793333" CC="001006000302004" />
            <SP ID="P23_SP00158" WIDTH="0" HPOS="0" VPOS="0" />
            <String ID="P23_S00179" HPOS="1168" VPOS="1560" WIDTH="96" HEIGHT="55" STYLEREFS="StyleId-1" CONTENT="The" WC="0.75333333" CC="007" />
            <SP ID="P23_SP00159" WIDTH="0" HPOS="0" VPOS="0" />
            <String ID="P23_S00180" HPOS="1304" VPOS="1561" WIDTH="201" HEIGHT="54" STYLEREFS="StyleId-1" CONTENT="faculties" WC="0.804444432" CC="300630400" />
            <SP ID="P23_SP00160" WIDTH="0" HPOS="0" VPOS="0" />
            <String ID="P23_S00181" HPOS="1525" VPOS="1560" WIDTH="46" HEIGHT="55" STYLEREFS="StyleId-1" CONTENT="of" WC="0.76" CC="04" />
            <SP ID="P23_SP00161" WIDTH="0" HPOS="0" VPOS="0" />
            <String ID="P23_S00182" HPOS="1592" VPOS="1559" WIDTH="121" HEIGHT="56" STYLEREFS="StyleId-1" CONTENT="Paris" WC="0.724" CC="09030" />
          </TextLine>
          <TextLine ID="P23_TL00022" HPOS="200" VPOS="1632" WIDTH="1516" HEIGHT="41">
            <String ID="P23_S00183" HPOS="200" VPOS="1633" WIDTH="84" HEIGHT="39" STYLEREFS="StyleId-1" CONTENT="and" WC="0.816666663" CC="050" />
            <SP ID="P23_SP00162" WIDTH="0" HPOS="0" VPOS="0" />
            <String ID="P23_S00184" HPOS="306" VPOS="1635" WIDTH="140" HEIGHT="38" STYLEREFS="StyleId-1" CONTENT="Berne" WC="0.816" CC="30320" />
            <SP ID="P23_SP00163" WIDTH="0" HPOS="0" VPOS="0" />
            <String ID="P23_S00185" HPOS="468" VPOS="1645" WIDTH="73" HEIGHT="28" STYLEREFS="StyleId-1" CONTENT="are" WC="0.913333356" CC="020" />
            <SP ID="P23_SP00164" WIDTH="0" HPOS="0" VPOS="0" />
            <String ID="P23_S00186" HPOS="561" VPOS="1633" WIDTH="76" HEIGHT="40" STYLEREFS="StyleId-1" CONTENT="the" WC="0.766666651" CC="070" />
            <SP ID="P23_SP00165" WIDTH="0" HPOS="0" VPOS="0" />
            <String ID="P23_S00187" HPOS="657" VPOS="1636" WIDTH="114" HEIGHT="37" STYLEREFS="StyleId-1" CONTENT="most" WC="0.995" CC="0000" />
            <SP ID="P23_SP00166" WIDTH="0" HPOS="0" VPOS="0" />
            <String ID="P23_S00188" HPOS="787" VPOS="1629" WIDTH="273" HEIGHT="48" STYLEREFS="StyleId-1" CONTENT="frequented." WC="0.876363635" CC="10003030004" />
            <SP ID="P23_SP00167" WIDTH="0" HPOS="0" VPOS="0" />
            <String ID="P23_S00189" HPOS="1094" VPOS="1628" WIDTH="178" HEIGHT="49" STYLEREFS="StyleId-1" CONTENT="Crowds" WC="0.941666663" CC="002001" />
            <SP ID="P23_SP00168" WIDTH="0" HPOS="0" VPOS="0" />
            <String ID="P23_S00190" HPOS="1292" VPOS="1627" WIDTH="45" HEIGHT="50" STYLEREFS="StyleId-1" CONTENT="of" WC="0.61" CC="15" />
            <SP ID="P23_SP00169" WIDTH="0" HPOS="0" VPOS="0" />
            <String ID="P23_S00191" HPOS="1357" VPOS="1638" WIDTH="151" HEIGHT="39" STYLEREFS="StyleId-1" CONTENT="young" WC="0.84" CC="00340" />
            <SP ID="P23_SP00170" WIDTH="0" HPOS="0" VPOS="0" />
            <String ID="P23_S00192" HPOS="1527" VPOS="1625" WIDTH="189" HEIGHT="52" STYLEREFS="StyleId-1" CONTENT="Russian" WC="0.5285714" CC="0650497" />
          </TextLine>
          <TextLine ID="P23_TL00023" HPOS="194" VPOS="1699" WIDTH="664" HEIGHT="43">
            <String ID="P23_S00193" HPOS="194" VPOS="1700" WIDTH="209" HEIGHT="46" STYLEREFS="StyleId-1" CONTENT="Jewesses" WC="0.8425" CC="60600000" />
            <SP ID="P23_SP00171" WIDTH="0" HPOS="0" VPOS="0" />
            <String ID="P23_S00194" HPOS="417" VPOS="1698" WIDTH="119" HEIGHT="48" STYLEREFS="StyleId-1" CONTENT="flock" WC="0.994" CC="00000" />
            <SP ID="P23_SP00172" WIDTH="0" HPOS="0" VPOS="0" />
            <String ID="P23_S00195" HPOS="555" VPOS="1702" WIDTH="46" HEIGHT="44" STYLEREFS="StyleId-1" CONTENT="to" WC="0.96" CC="00" />
            <SP ID="P23_SP00173" WIDTH="0" HPOS="0" VPOS="0" />
            <String ID="P23_S00196" HPOS="623" VPOS="1698" WIDTH="75" HEIGHT="48" STYLEREFS="StyleId-1" CONTENT="the" WC="1" CC="000" />
            <SP ID="P23_SP00174" WIDTH="0" HPOS="0" VPOS="0" />
            <String ID="P23_S00197" HPOS="717" VPOS="1697" WIDTH="141" HEIGHT="49" STYLEREFS="StyleId-1" CONTENT="latter." WC="0.83" CC="0008003" />
          </TextLine>
          <TextLine ID="P23_TL00024" HPOS="282" VPOS="1757" WIDTH="1435" HEIGHT="47">
            <String ID="P23_S00198" HPOS="282" VPOS="1762" WIDTH="111" HEIGHT="42" STYLEREFS="StyleId-1" CONTENT="This" WC="0.935" CC="0020" />
            <SP ID="P23_SP00175" WIDTH="0" HPOS="0" VPOS="0" />
            <String ID="P23_S00199" HPOS="428" VPOS="1763" WIDTH="215" HEIGHT="41" STYLEREFS="StyleId-1" CONTENT="historian" WC="0.6988889" CC="750702300" />
            <SP ID="P23_SP00176" WIDTH="0" HPOS="0" VPOS="0" />
            <String ID="P23_S00200" HPOS="666" VPOS="1773" WIDTH="116" HEIGHT="36" STYLEREFS="StyleId-1" CONTENT="says." WC="0.778" CC="00074" />
            <SP ID="P23_SP00177" WIDTH="0" HPOS="0" VPOS="0" />
            <String ID="P23_S00201" HPOS="855" VPOS="1754" WIDTH="132" HEIGHT="55" STYLEREFS="StyleId-1" CONTENT="&quot;The" WC="0.8125" CC="7000" />
            <SP ID="P23_SP00178" WIDTH="0" HPOS="0" VPOS="0" />
            <String ID="P23_S00202" HPOS="1008" VPOS="1758" WIDTH="184" HEIGHT="51" STYLEREFS="StyleId-1" CONTENT="number" WC="0.711666644" CC="070063" />
            <SP ID="P23_SP00179" WIDTH="0" HPOS="0" VPOS="0" />
            <String ID="P23_S00203" HPOS="1213" VPOS="1758" WIDTH="46" HEIGHT="51" STYLEREFS="StyleId-1" CONTENT="of" WC="0.765" CC="04" />
            <SP ID="P23_SP00180" WIDTH="0" HPOS="0" VPOS="0" />
            <String ID="P23_S00204" HPOS="1277" VPOS="1768" WIDTH="169" HEIGHT="41" STYLEREFS="StyleId-1" CONTENT="women" WC="0.878" CC="00600" />
            <SP ID="P23_SP00181" WIDTH="0" HPOS="0" VPOS="0" />
            <String ID="P23_S00205" HPOS="1485" VPOS="1755" WIDTH="232" HEIGHT="54" STYLEREFS="StyleId-1" CONTENT="graduates" WC="0.5833333" CC="1070075205" />
          </TextLine>
          <TextLine ID="P23_TL00025" HPOS="196" VPOS="1826" WIDTH="1516" HEIGHT="44">
            <String ID="P23_S00206" HPOS="196" VPOS="1830" WIDTH="99" HEIGHT="41" STYLEREFS="StyleId-1" CONTENT="who" WC="0.72" CC="080" />
            <SP ID="P23_SP00182" WIDTH="0" HPOS="0" VPOS="0" />
            <String ID="P23_S00207" HPOS="315" VPOS="1835" WIDTH="75" HEIGHT="42" STYLEREFS="StyleId-1" CONTENT="get" WC="0.8466667" CC="400" />
            <SP ID="P23_SP00183" WIDTH="0" HPOS="0" VPOS="0" />
            <String ID="P23_S00208" HPOS="409" VPOS="1830" WIDTH="96" HEIGHT="47" STYLEREFS="StyleId-1" CONTENT="into" WC="0.8675" CC="5000" />
            <SP ID="P23_SP00184" WIDTH="0" HPOS="0" VPOS="0" />
            <String ID="P23_S00209" HPOS="545" VPOS="1828" WIDTH="190" HEIGHT="49" STYLEREFS="StyleId-1" CONTENT="practice" WC="0.84125" CC="00000506" />
            <SP ID="P23_SP00185" WIDTH="0" HPOS="0" VPOS="0" />
            <String ID="P23_S00210" HPOS="757" VPOS="1827" WIDTH="38" HEIGHT="50" STYLEREFS="StyleId-1" CONTENT="is" WC="0.7" CC="06" />
            <SP ID="P23_SP00186" WIDTH="0" HPOS="0" VPOS="0" />
            <String ID="P23_S00211" HPOS="815" VPOS="1825" WIDTH="94" HEIGHT="52" STYLEREFS="StyleId-1" CONTENT="said" WC="0.7075" CC="0830" />
            <SP ID="P23_SP00187" WIDTH="0" HPOS="0" VPOS="0" />
            <String ID="P23_S00212" HPOS="930" VPOS="1831" WIDTH="45" HEIGHT="46" STYLEREFS="StyleId-1" CONTENT="to" WC="0.95" CC="01" />
            <SP ID="P23_SP00188" WIDTH="0" HPOS="0" VPOS="0" />
            <String ID="P23_S00213" HPOS="996" VPOS="1825" WIDTH="53" HEIGHT="52" STYLEREFS="StyleId-1" CONTENT="be" WC="1" CC="00" />
            <SP ID="P23_SP00189" WIDTH="0" HPOS="0" VPOS="0" />
            <String ID="P23_S00214" HPOS="1069" VPOS="1823" WIDTH="228" HEIGHT="54" STYLEREFS="StyleId-1" CONTENT="relatively" WC="0.87" CC="2036000000" />
            <SP ID="P23_SP00190" WIDTH="0" HPOS="0" VPOS="0" />
            <String ID="P23_S00215" HPOS="1336" VPOS="1821" WIDTH="140" HEIGHT="56" STYLEREFS="StyleId-1" CONTENT="small," WC="0.6933333" CC="038601" />
            <SP ID="P23_SP00191" WIDTH="0" HPOS="0" VPOS="0" />
            <String ID="P23_S00216" HPOS="1502" VPOS="1819" WIDTH="210" HEIGHT="58" STYLEREFS="StyleId-1" CONTENT="probably" WC="0.7975" CC="02000264" />
          </TextLine>
          <TextLine ID="P23_TL00026" HPOS="198" VPOS="1892" WIDTH="1515" HEIGHT="44">
            <String ID="P23_S00217" HPOS="198" VPOS="1895" WIDTH="59" HEIGHT="48" STYLEREFS="StyleId-1" CONTENT="by" WC="0.6" CC="08" />
            <SP ID="P23_SP00192" WIDTH="0" HPOS="0" VPOS="0" />
            <String ID="P23_S00218" HPOS="276" VPOS="1908" WIDTH="154" HEIGHT="35" STYLEREFS="StyleId-1" CONTENT="reason" WC="0.8466667" CC="530000" />
            <SP ID="P23_SP00193" WIDTH="0" HPOS="0" VPOS="0" />
            <String ID="P23_S00219" HPOS="452" VPOS="1895" WIDTH="48" HEIGHT="48" STYLEREFS="StyleId-1" CONTENT="of" WC="0.62" CC="34" />
            <SP ID="P23_SP00194" WIDTH="0" HPOS="0" VPOS="0" />
            <String ID="P23_S00220" HPOS="520" VPOS="1892" WIDTH="272" HEIGHT="51" STYLEREFS="StyleId-1" CONTENT="marriage.&quot;" WC="0.698" CC="8001700047" />
            <SP ID="P23_SP00195" WIDTH="0" HPOS="0" VPOS="0" />
            <String ID="P23_S00221" HPOS="853" VPOS="1892" WIDTH="141" HEIGHT="51" STYLEREFS="StyleId-1" CONTENT="Grant" WC="0.868" CC="06000" />
            <SP ID="P23_SP00196" WIDTH="0" HPOS="0" VPOS="0" />
            <String ID="P23_S00222" HPOS="1014" VPOS="1889" WIDTH="90" HEIGHT="54" STYLEREFS="StyleId-1" CONTENT="this" WC="0.7625" CC="1350" />
            <SP ID="P23_SP00197" WIDTH="0" HPOS="0" VPOS="0" />
            <String ID="P23_S00223" HPOS="1124" VPOS="1894" WIDTH="46" HEIGHT="49" STYLEREFS="StyleId-1" CONTENT="to" WC="0.81" CC="30" />
            <SP ID="P23_SP00198" WIDTH="0" HPOS="0" VPOS="0" />
            <String ID="P23_S00224" HPOS="1210" VPOS="1888" WIDTH="51" HEIGHT="55" STYLEREFS="StyleId-1" CONTENT="be" WC="0.835" CC="03" />
            <SP ID="P23_SP00199" WIDTH="0" HPOS="0" VPOS="0" />
            <String ID="P23_S00225" HPOS="1282" VPOS="1899" WIDTH="62" HEIGHT="44" STYLEREFS="StyleId-1" CONTENT="so," WC="0.896666646" CC="030" />
            <SP ID="P23_SP00200" WIDTH="0" HPOS="0" VPOS="0" />
            <String ID="P23_S00226" HPOS="1370" VPOS="1886" WIDTH="85" HEIGHT="57" STYLEREFS="StyleId-1" CONTENT="and" WC="0.8066667" CC="500" />
            <SP ID="P23_SP00201" WIDTH="0" HPOS="0" VPOS="0" />
            <String ID="P23_S00227" HPOS="1495" VPOS="1897" WIDTH="105" HEIGHT="46" STYLEREFS="StyleId-1" CONTENT="very" WC="0.9475" CC="0020" />
            <SP ID="P23_SP00202" WIDTH="0" HPOS="0" VPOS="0" />
            <String ID="P23_S00228" HPOS="1619" VPOS="1889" WIDTH="94" HEIGHT="54" STYLEREFS="StyleId-1" CONTENT="nat-" WC="0.53" CC="7631" />
          </TextLine>
          <TextLine ID="P23_TL00027" HPOS="200" VPOS="1957" WIDTH="1517" HEIGHT="46">
            <String ID="P23_S00229" HPOS="200" VPOS="1961" WIDTH="142" HEIGHT="49" STYLEREFS="StyleId-1" CONTENT="rually" WC="0.8283333" CC="123030" />
            <SP ID="P23_SP00203" WIDTH="0" HPOS="0" VPOS="0" />
            <String ID="P23_S00230" HPOS="364" VPOS="1974" WIDTH="64" HEIGHT="36" STYLEREFS="StyleId-1" CONTENT="so." WC="0.873333335" CC="003" />
            <SP ID="P23_SP00204" WIDTH="0" HPOS="0" VPOS="0" />
            <String ID="P23_S00231" HPOS="453" VPOS="1961" WIDTH="124" HEIGHT="49" STYLEREFS="StyleId-1" CONTENT="these" WC="0.782" CC="36000" />
            <SP ID="P23_SP00205" WIDTH="0" HPOS="0" VPOS="0" />
            <String ID="P23_S00232" HPOS="591" VPOS="1971" WIDTH="186" HEIGHT="39" STYLEREFS="StyleId-1" CONTENT="women," WC="0.6983333" CC="006604" />
            <SP ID="P23_SP00206" WIDTH="0" HPOS="0" VPOS="0" />
            <String ID="P23_S00233" HPOS="831" VPOS="1958" WIDTH="104" HEIGHT="52" STYLEREFS="StyleId-1" CONTENT="thus" WC="0.8175" CC="0150" />
            <SP ID="P23_SP00207" WIDTH="0" HPOS="0" VPOS="0" />
            <String ID="P23_S00234" HPOS="948" VPOS="1954" WIDTH="210" HEIGHT="56" STYLEREFS="StyleId-1" CONTENT="educated" WC="0.97375" CC="00200000" />
            <SP ID="P23_SP00208" WIDTH="0" HPOS="0" VPOS="0" />
            <String ID="P23_S00235" HPOS="1173" VPOS="1954" WIDTH="127" HEIGHT="56" STYLEREFS="StyleId-1" CONTENT="make" WC="1" CC="0000" />
            <SP ID="P23_SP00209" WIDTH="0" HPOS="0" VPOS="0" />
            <String ID="P23_S00236" HPOS="1311" VPOS="1952" WIDTH="138" HEIGHT="58" STYLEREFS="StyleId-1" CONTENT="better" WC="0.99" CC="000000" />
            <SP ID="P23_SP00210" WIDTH="0" HPOS="0" VPOS="0" />
            <String ID="P23_S00237" HPOS="1461" VPOS="1950" WIDTH="132" HEIGHT="60" STYLEREFS="StyleId-1" CONTENT="wives" WC="1" CC="00000" />
            <SP ID="P23_SP00211" WIDTH="0" HPOS="0" VPOS="0" />
            <String ID="P23_S00238" HPOS="1627" VPOS="1949" WIDTH="90" HEIGHT="61" STYLEREFS="StyleId-1" CONTENT="and" WC="0.626666665" CC="506" />
          </TextLine>
          <TextLine ID="P23_TL00028" HPOS="200" VPOS="2022" WIDTH="1509" HEIGHT="45">
            <String ID="P23_S00239" HPOS="200" VPOS="2027" WIDTH="192" HEIGHT="40" STYLEREFS="StyleId-1" CONTENT="mothers" WC="0.8242857" CC="6006000" />
            <SP ID="P23_SP00212" WIDTH="0" HPOS="0" VPOS="0" />
            <String ID="P23_S00240" HPOS="412" VPOS="2040" WIDTH="8" HEIGHT="34" STYLEREFS="StyleId-1" CONTENT=";" WC="0.66" CC="3" />
            <SP ID="P23_SP00213" WIDTH="0" HPOS="0" VPOS="0" />
            <String ID="P23_S00241" HPOS="447" VPOS="2026" WIDTH="86" HEIGHT="48" STYLEREFS="StyleId-1" CONTENT="and" WC="0.853333354" CC="040" />
            <SP ID="P23_SP00214" WIDTH="0" HPOS="0" VPOS="0" />
            <String ID="P23_S00242" HPOS="556" VPOS="2025" WIDTH="222" HEIGHT="49" STYLEREFS="StyleId-1" CONTENT="fortunate" WC="0.8422222" CC="405040000" />
            <SP ID="P23_SP00215" WIDTH="0" HPOS="0" VPOS="0" />
            <String ID="P23_S00243" HPOS="799" VPOS="2035" WIDTH="72" HEIGHT="39" STYLEREFS="StyleId-1" CONTENT="are" WC="0.66" CC="045" />
            <SP ID="P23_SP00216" WIDTH="0" HPOS="0" VPOS="0" />
            <String ID="P23_S00244" HPOS="892" VPOS="2022" WIDTH="72" HEIGHT="52" STYLEREFS="StyleId-1" CONTENT="the" WC="0.74666667" CC="240" />
            <SP ID="P23_SP00217" WIDTH="0" HPOS="0" VPOS="0" />
            <String ID="P23_S00245" HPOS="985" VPOS="2032" WIDTH="100" HEIGHT="42" STYLEREFS="StyleId-1" CONTENT="men" WC="1" CC="000" />
            <SP ID="P23_SP00218" WIDTH="0" HPOS="0" VPOS="0" />
            <String ID="P23_S00246" HPOS="1106" VPOS="2019" WIDTH="99" HEIGHT="55" STYLEREFS="StyleId-1" CONTENT="who" WC="0.6566667" CC="063" />
            <SP ID="P23_SP00219" WIDTH="0" HPOS="0" VPOS="0" />
            <String ID="P23_S00247" HPOS="1224" VPOS="2029" WIDTH="144" HEIGHT="45" STYLEREFS="StyleId-1" CONTENT="marry" WC="0.798" CC="00540" />
            <SP ID="P23_SP00220" WIDTH="0" HPOS="0" VPOS="0" />
            <String ID="P23_S00248" HPOS="1387" VPOS="2016" WIDTH="121" HEIGHT="58" STYLEREFS="StyleId-1" CONTENT="these" WC="0.73" CC="010120" />
            <SP ID="P23_SP00221" WIDTH="0" HPOS="0" VPOS="0" />
            <String ID="P23_S00249" HPOS="1527" VPOS="2026" WIDTH="182" HEIGHT="48" STYLEREFS="StyleId-1" CONTENT="women," WC="0.8183333" CC="000064" />
          </TextLine>
          <TextLine ID="P23_TL00029" HPOS="195" VPOS="2086" WIDTH="1517" HEIGHT="45">
            <String ID="P23_S00250" HPOS="195" VPOS="2092" WIDTH="112" HEIGHT="41" STYLEREFS="StyleId-1" CONTENT="from" WC="0.595" CC="6306" />
            <SP ID="P23_SP00222" WIDTH="0" HPOS="0" VPOS="0" />
            <String ID="P23_S00251" HPOS="322" VPOS="2105" WIDTH="57" HEIGHT="28" STYLEREFS="StyleId-1" CONTENT="an" WC="0.685" CC="06" />
            <SP ID="P23_SP00223" WIDTH="0" HPOS="0" VPOS="0" />
            <String ID="P23_S00252" HPOS="400" VPOS="2090" WIDTH="226" HEIGHT="43" STYLEREFS="StyleId-1" CONTENT="economic" WC="0.67" CC="50580070" />
            <SP ID="P23_SP00224" WIDTH="0" HPOS="0" VPOS="0" />
            <String ID="P23_S00253" HPOS="646" VPOS="2087" WIDTH="258" HEIGHT="49" STYLEREFS="StyleId-1" CONTENT="standpoint" WC="0.799" CC="0007033510" />
            <SP ID="P23_SP00225" WIDTH="0" HPOS="0" VPOS="0" />
            <String ID="P23_S00254" HPOS="924" VPOS="2092" WIDTH="42" HEIGHT="44" STYLEREFS="StyleId-1" CONTENT="at" WC="1" CC="00" />
            <SP ID="P23_SP00226" WIDTH="0" HPOS="0" VPOS="0" />
            <String ID="P23_S00255" HPOS="979" VPOS="2086" WIDTH="123" HEIGHT="50" STYLEREFS="StyleId-1" CONTENT="least." WC="0.7033333" CC="600074" />
            <SP ID="P23_SP00227" WIDTH="0" HPOS="0" VPOS="0" />
            <String ID="P23_S00256" HPOS="1166" VPOS="2081" WIDTH="126" HEIGHT="55" STYLEREFS="StyleId-1" CONTENT="They" WC="0.83" CC="0600" />
            <SP ID="P23_SP00228" WIDTH="0" HPOS="0" VPOS="0" />
            <String ID="P23_S00257" HPOS="1312" VPOS="2094" WIDTH="73" HEIGHT="42" STYLEREFS="StyleId-1" CONTENT="are" WC="0.706666648" CC="800" />
            <SP ID="P23_SP00229" WIDTH="0" HPOS="0" VPOS="0" />
            <String ID="P23_S00258" HPOS="1419" VPOS="2081" WIDTH="167" HEIGHT="55" STYLEREFS="StyleId-1" CONTENT="blessed" WC="0.8242857" CC="2600003" />
            <SP ID="P23_SP00230" WIDTH="0" HPOS="0" VPOS="0" />
            <String ID="P23_S00259" HPOS="1617" VPOS="2079" WIDTH="46" HEIGHT="57" STYLEREFS="StyleId-1" CONTENT="in" WC="0.315" CC="76" />
            <SP ID="P23_SP00231" WIDTH="0" HPOS="0" VPOS="0" />
            <String ID="P23_S00260" HPOS="1683" VPOS="2091" WIDTH="29" HEIGHT="45" STYLEREFS="StyleId-1" CONTENT="a" WC="0" CC="10" />
          </TextLine>
          <TextLine ID="P23_TL00030" HPOS="201" VPOS="2152" WIDTH="1510" HEIGHT="45">
            <String ID="P23_S00261" HPOS="201" VPOS="2158" WIDTH="215" HEIGHT="41" STYLEREFS="StyleId-1" CONTENT="threefold" WC="0.783333361" CC="570025000" />
            <SP ID="P23_SP00232" WIDTH="0" HPOS="0" VPOS="0" />
            <String ID="P23_S00262" HPOS="458" VPOS="2168" WIDTH="212" HEIGHT="34" STYLEREFS="StyleId-1" CONTENT="measure," WC="0.9" CC="00003103" />
            <SP ID="P23_SP00233" WIDTH="0" HPOS="0" VPOS="0" />
            <String ID="P23_S00263" HPOS="697" VPOS="2154" WIDTH="45" HEIGHT="48" STYLEREFS="StyleId-1" CONTENT="in" WC="0.745" CC="50" />
            <SP ID="P23_SP00234" WIDTH="0" HPOS="0" VPOS="0" />
            <String ID="P23_S00264" HPOS="765" VPOS="2154" WIDTH="96" HEIGHT="48" STYLEREFS="StyleId-1" CONTENT="that" WC="0.815" CC="0700" />
            <SP ID="P23_SP00235" WIDTH="0" HPOS="0" VPOS="0" />
            <String ID="P23_S00265" HPOS="882" VPOS="2152" WIDTH="106" HEIGHT="50" STYLEREFS="StyleId-1" CONTENT="they" WC="0.6475" CC="0760" />
            <SP ID="P23_SP00236" WIDTH="0" HPOS="0" VPOS="0" />
            <String ID="P23_S00266" HPOS="1018" VPOS="2150" WIDTH="102" HEIGHT="52" STYLEREFS="StyleId-1" CONTENT="take" WC="1" CC="0000" />
            <SP ID="P23_SP00237" WIDTH="0" HPOS="0" VPOS="0" />
            <String ID="P23_S00267" HPOS="1141" VPOS="2153" WIDTH="108" HEIGHT="49" STYLEREFS="StyleId-1" CONTENT="unto" WC="0.835" CC="6000" />
            <SP ID="P23_SP00238" WIDTH="0" HPOS="0" VPOS="0" />
            <String ID="P23_S00268" HPOS="1270" VPOS="2146" WIDTH="258" HEIGHT="56" STYLEREFS="StyleId-1" CONTENT="themselves" WC="0.782" CC="0603064000" />
            <SP ID="P23_SP00239" WIDTH="0" HPOS="0" VPOS="0" />
            <String ID="P23_S00269" HPOS="1550" VPOS="2158" WIDTH="24" HEIGHT="44" STYLEREFS="StyleId-1" CONTENT="a" WC="1" CC="0" />
            <SP ID="P23_SP00240" WIDTH="0" HPOS="0" VPOS="0" />
            <String ID="P23_S00270" HPOS="1593" VPOS="2144" WIDTH="118" HEIGHT="58" STYLEREFS="StyleId-1" CONTENT="wife," WC="0.69" CC="02507" />
          </TextLine>
          <TextLine ID="P23_TL00031" HPOS="203" VPOS="2216" WIDTH="1513" HEIGHT="47">
            <String ID="P23_S00271" HPOS="203" VPOS="2237" WIDTH="26" HEIGHT="27" STYLEREFS="StyleId-1" CONTENT="a" WC="0.35" CC="6" />
            <SP ID="P23_SP00241" WIDTH="0" HPOS="0" VPOS="0" />
            <String ID="P23_S00272" HPOS="254" VPOS="2224" WIDTH="170" HEIGHT="41" STYLEREFS="StyleId-1" CONTENT="trained" WC="0.648571432" CC="3905005" />
            <SP ID="P23_SP00242" WIDTH="0" HPOS="0" VPOS="0" />
            <String ID="P23_S00273" HPOS="446" VPOS="2234" WIDTH="147" HEIGHT="35" STYLEREFS="StyleId-1" CONTENT="nurse," WC="0.8433333" CC="024002" />
            <SP ID="P23_SP00243" WIDTH="0" HPOS="0" VPOS="0" />
            <String ID="P23_S00274" HPOS="620" VPOS="2221" WIDTH="86" HEIGHT="48" STYLEREFS="StyleId-1" CONTENT="and" WC="0.816666663" CC="040" />
            <SP ID="P23_SP00244" WIDTH="0" HPOS="0" VPOS="0" />
            <String ID="P23_S00275" HPOS="749" VPOS="2232" WIDTH="24" HEIGHT="37" STYLEREFS="StyleId-1" CONTENT="a" WC="1" CC="0" />
            <SP ID="P23_SP00245" WIDTH="0" HPOS="0" VPOS="0" />
            <String ID="P23_S00276" HPOS="794" VPOS="2219" WIDTH="166" HEIGHT="50" STYLEREFS="StyleId-1" CONTENT="doctor." WC="0.892857134" CC="0000034" />
            <SP ID="P23_SP00246" WIDTH="0" HPOS="0" VPOS="0" />
            <String ID="P23_S00277" HPOS="1026" VPOS="2218" WIDTH="52" HEIGHT="51" STYLEREFS="StyleId-1" CONTENT="In" WC="0.615" CC="25" />
            <SP ID="P23_SP00247" WIDTH="0" HPOS="0" VPOS="0" />
            <String ID="P23_S00278" HPOS="1114" VPOS="2215" WIDTH="75" HEIGHT="54" STYLEREFS="StyleId-1" CONTENT="the" WC="1" CC="000" />
            <SP ID="P23_SP00248" WIDTH="0" HPOS="0" VPOS="0" />
            <String ID="P23_S00279" HPOS="1210" VPOS="2213" WIDTH="142" HEIGHT="56" STYLEREFS="StyleId-1" CONTENT="words" WC="0.934" CC="00030" />
            <SP ID="P23_SP00249" WIDTH="0" HPOS="0" VPOS="0" />
            <String ID="P23_S00280" HPOS="1372" VPOS="2211" WIDTH="46" HEIGHT="58" STYLEREFS="StyleId-1" CONTENT="of" WC="1" CC="00" />
            <SP ID="P23_SP00250" WIDTH="0" HPOS="0" VPOS="0" />
            <String ID="P23_S00281" HPOS="1438" VPOS="2212" WIDTH="75" HEIGHT="57" STYLEREFS="StyleId-1" CONTENT="the" WC="1" CC="000" />
            <SP ID="P23_SP00251" WIDTH="0" HPOS="0" VPOS="0" />
            <String ID="P23_S00282" HPOS="1533" VPOS="2210" WIDTH="114" HEIGHT="59" STYLEREFS="StyleId-1" CONTENT="book" WC="0.9425" CC="0020" />
            <SP ID="P23_SP00252" WIDTH="0" HPOS="0" VPOS="0" />
            <String ID="P23_S00283" HPOS="1668" VPOS="2208" WIDTH="48" HEIGHT="61" STYLEREFS="StyleId-1" CONTENT="of" WC="0.585" CC="17" />
          </TextLine>
          <TextLine ID="P23_TL00032" HPOS="202" VPOS="2281" WIDTH="1518" HEIGHT="50">
            <String ID="P23_S00284" HPOS="202" VPOS="2290" WIDTH="228" HEIGHT="48" STYLEREFS="StyleId-1" CONTENT="Proverbs," WC="0.8433333" CC="420050001" />
            <SP ID="P23_SP00253" WIDTH="0" HPOS="0" VPOS="0" />
            <String ID="P23_S00285" HPOS="450" VPOS="2291" WIDTH="23" HEIGHT="47" STYLEREFS="StyleId-1" CONTENT="I" WC="1" CC="0" />
            <SP ID="P23_SP00254" WIDTH="0" HPOS="0" VPOS="0" />
            <String ID="P23_S00286" HPOS="489" VPOS="2301" WIDTH="102" HEIGHT="37" STYLEREFS="StyleId-1" CONTENT="may" WC="0.71" CC="008" />
            <SP ID="P23_SP00255" WIDTH="0" HPOS="0" VPOS="0" />
            <String ID="P23_S00287" HPOS="611" VPOS="2299" WIDTH="94" HEIGHT="39" STYLEREFS="StyleId-1" CONTENT="say," WC="1" CC="0000" />
            <SP ID="P23_SP00256" WIDTH="0" HPOS="0" VPOS="0" />
            <String ID="P23_S00288" HPOS="735" VPOS="2278" WIDTH="121" HEIGHT="60" STYLEREFS="StyleId-1" CONTENT="&quot;She" WC="0.6825" CC="7500" />
            <SP ID="P23_SP00257" WIDTH="0" HPOS="0" VPOS="0" />
            <String ID="P23_S00289" HPOS="870" VPOS="2282" WIDTH="89" HEIGHT="56" STYLEREFS="StyleId-1" CONTENT="will" WC="0.5525" CC="0746" />
            <SP ID="P23_SP00258" WIDTH="0" HPOS="0" VPOS="0" />
            <String ID="P23_S00290" HPOS="974" VPOS="2282" WIDTH="58" HEIGHT="56" STYLEREFS="StyleId-1" CONTENT="do" WC="1" CC="00" />
            <SP ID="P23_SP00259" WIDTH="0" HPOS="0" VPOS="0" />
            <String ID="P23_S00291" HPOS="1052" VPOS="2280" WIDTH="91" HEIGHT="58" STYLEREFS="StyleId-1" CONTENT="him" WC="0.5366667" CC="553" />
            <SP ID="P23_SP00260" WIDTH="0" HPOS="0" VPOS="0" />
            <String ID="P23_S00292" HPOS="1162" VPOS="2281" WIDTH="132" HEIGHT="57" STYLEREFS="StyleId-1" CONTENT="good," WC="0.512" CC="106043" />
            <SP ID="P23_SP00261" WIDTH="0" HPOS="0" VPOS="0" />
            <String ID="P23_S00293" HPOS="1318" VPOS="2277" WIDTH="87" HEIGHT="61" STYLEREFS="StyleId-1" CONTENT="and" WC="0.50333333" CC="077" />
            <SP ID="P23_SP00262" WIDTH="0" HPOS="0" VPOS="0" />
            <String ID="P23_S00294" HPOS="1425" VPOS="2281" WIDTH="77" HEIGHT="57" STYLEREFS="StyleId-1" CONTENT="not" WC="0.5933333" CC="705" />
            <SP ID="P23_SP00263" WIDTH="0" HPOS="0" VPOS="0" />
            <String ID="P23_S00295" HPOS="1521" VPOS="2275" WIDTH="102" HEIGHT="63" STYLEREFS="StyleId-1" CONTENT="evil," WC="0.456" CC="78731" />
            <SP ID="P23_SP00264" WIDTH="0" HPOS="0" VPOS="0" />
            <String ID="P23_S00296" HPOS="1657" VPOS="2274" WIDTH="63" HEIGHT="64" STYLEREFS="StyleId-1" CONTENT="all" WC="0.25333333" CC="678" />
          </TextLine>
          <TextLine ID="P23_TL00033" HPOS="202" VPOS="2354" WIDTH="513" HEIGHT="49">
            <String ID="P23_S00297" HPOS="202" VPOS="2357" WIDTH="74" HEIGHT="40" STYLEREFS="StyleId-1" CONTENT="the" WC="0.6" CC="056" />
            <SP ID="P23_SP00265" WIDTH="0" HPOS="0" VPOS="0" />
            <String ID="P23_S00298" HPOS="290" VPOS="2357" WIDTH="109" HEIGHT="48" STYLEREFS="StyleId-1" CONTENT="days" WC="0.8025" CC="0601" />
            <SP ID="P23_SP00266" WIDTH="0" HPOS="0" VPOS="0" />
            <String ID="P23_S00299" HPOS="420" VPOS="2356" WIDTH="47" HEIGHT="49" STYLEREFS="StyleId-1" CONTENT="of" WC="0.865" CC="02" />
            <SP ID="P23_SP00267" WIDTH="0" HPOS="0" VPOS="0" />
            <String ID="P23_S00300" HPOS="487" VPOS="2354" WIDTH="78" HEIGHT="51" STYLEREFS="StyleId-1" CONTENT="her" WC="1" CC="000" />
            <SP ID="P23_SP00268" WIDTH="0" HPOS="0" VPOS="0" />
            <String ID="P23_S00301" HPOS="585" VPOS="2351" WIDTH="130" HEIGHT="54" STYLEREFS="StyleId-1" CONTENT="life.''" WC="0.6685714" CC="4035422" />
          </TextLine>
          <TextLine ID="P23_TL00034" HPOS="284" VPOS="2411" WIDTH="1435" HEIGHT="49">
            <String ID="P23_S00302" HPOS="284" VPOS="2422" WIDTH="314" HEIGHT="44" STYLEREFS="StyleId-2" CONTENT="Unfortunate," WC="0.7675" CC="005020400760" />
            <SP ID="P23_SP00269" WIDTH="0" HPOS="0" VPOS="0" />
            <String ID="P23_S00303" HPOS="623" VPOS="2418" WIDTH="217" HEIGHT="48" STYLEREFS="StyleId-2" CONTENT="however," WC="0.69125" CC="05807111" />
            <SP ID="P23_SP00270" WIDTH="0" HPOS="0" VPOS="0" />
            <String ID="P23_S00304" HPOS="864" VPOS="2414" WIDTH="38" HEIGHT="52" STYLEREFS="StyleId-2" CONTENT="is" WC="0.83" CC="11" />
            <SP ID="P23_SP00271" WIDTH="0" HPOS="0" VPOS="0" />
            <String ID="P23_S00305" HPOS="920" VPOS="2414" WIDTH="75" HEIGHT="52" STYLEREFS="StyleId-2" CONTENT="the" WC="0.853333354" CC="040" />
            <SP ID="P23_SP00272" WIDTH="0" HPOS="0" VPOS="0" />
            <String ID="P23_S00306" HPOS="1013" VPOS="2422" WIDTH="170" HEIGHT="44" STYLEREFS="StyleId-2" CONTENT="woman" WC="0.978" CC="00100" />
            <SP ID="P23_SP00273" WIDTH="0" HPOS="0" VPOS="0" />
            <String ID="P23_S00307" HPOS="1204" VPOS="2407" WIDTH="228" HEIGHT="59" STYLEREFS="StyleId-2" CONTENT="physician" WC="0.894444466" CC="005000300" />
            <SP ID="P23_SP00274" WIDTH="0" HPOS="0" VPOS="0" />
            <String ID="P23_S00308" HPOS="1465" VPOS="2407" WIDTH="100" HEIGHT="59" STYLEREFS="StyleId-2" CONTENT="who" WC="0.913333356" CC="002" />
            <SP ID="P23_SP00275" WIDTH="0" HPOS="0" VPOS="0" />
            <String ID="P23_S00309" HPOS="1603" VPOS="2405" WIDTH="116" HEIGHT="61" STYLEREFS="StyleId-2" CONTENT="finds" WC="0.62" CC="00657" />
          </TextLine>
          <TextLine ID="P23_TL00035" HPOS="202" VPOS="2478" WIDTH="1515" HEIGHT="51">
            <String ID="P23_S00310" HPOS="202" VPOS="2487" WIDTH="166" HEIGHT="42" STYLEREFS="StyleId-2" CONTENT="herself" WC="0.6342857" CC="6420056" />
            <SP ID="P23_SP00276" WIDTH="0" HPOS="0" VPOS="0" />
            <String ID="P23_S00311" HPOS="386" VPOS="2485" WIDTH="224" HEIGHT="50" STYLEREFS="StyleId-2" CONTENT="unevenly" WC="0.37375" CC="677805510" />
            <SP ID="P23_SP00277" WIDTH="0" HPOS="0" VPOS="0" />
            <String ID="P23_S00312" HPOS="630" VPOS="2481" WIDTH="145" HEIGHT="54" STYLEREFS="StyleId-2" CONTENT="yoked" WC="0.604" CC="42614" />
            <SP ID="P23_SP00278" WIDTH="0" HPOS="0" VPOS="0" />
            <String ID="P23_S00313" HPOS="791" VPOS="2494" WIDTH="12" HEIGHT="41" STYLEREFS="StyleId-2" CONTENT=";" WC="0.31" CC="6" />
            <SP ID="P23_SP00279" WIDTH="0" HPOS="0" VPOS="0" />
            <String ID="P23_S00314" HPOS="828" VPOS="2480" WIDTH="69" HEIGHT="55" STYLEREFS="StyleId-2" CONTENT="for" WC="0.413333327" CC="574" />
            <SP ID="P23_SP00280" WIDTH="0" HPOS="0" VPOS="0" />
            <String ID="P23_S00315" HPOS="934" VPOS="2478" WIDTH="110" HEIGHT="57" STYLEREFS="StyleId-2" CONTENT="such" WC="0.5325" CC="7506" />
            <SP ID="P23_SP00281" WIDTH="0" HPOS="0" VPOS="0" />
            <String ID="P23_S00316" HPOS="1064" VPOS="2490" WIDTH="28" HEIGHT="45" STYLEREFS="StyleId-2" CONTENT="a" WC="1" CC="0" />
            <SP ID="P23_SP00282" WIDTH="0" HPOS="0" VPOS="0" />
            <String ID="P23_S00317" HPOS="1109" VPOS="2473" WIDTH="261" HEIGHT="62" STYLEREFS="StyleId-2" CONTENT="companion" WC="0.613333344" CC="061806334" />
            <SP ID="P23_SP00283" WIDTH="0" HPOS="0" VPOS="0" />
            <String ID="P23_S00318" HPOS="1399" VPOS="2471" WIDTH="89" HEIGHT="64" STYLEREFS="StyleId-2" CONTENT="will" WC="0.54" CC="7532" />
            <SP ID="P23_SP00284" WIDTH="0" HPOS="0" VPOS="0" />
            <String ID="P23_S00319" HPOS="1518" VPOS="2483" WIDTH="133" HEIGHT="52" STYLEREFS="StyleId-2" CONTENT="prove" WC="0.664" CC="60360" />
            <SP ID="P23_SP00285" WIDTH="0" HPOS="0" VPOS="0" />
            <String ID="P23_S00320" HPOS="1671" VPOS="2475" WIDTH="46" HEIGHT="60" STYLEREFS="StyleId-2" CONTENT="to" WC="0.365" CC="57" />
          </TextLine>
        </TextBlock>
      </PrintSpace>
    </Page>
  </Layout>
</alto>