<?xml version="1.0" encoding="utf-8"?>
<alto xmlns:xlink="http://www.w3.org/1999/xlink" xmlns:xsi="http://www.w3.org/2001/XMLSchema-instance" xsi:schemaLocation="http://www.loc.gov/standards/alto/ns-v2# http://www.loc.gov/standards/alto/alto-v2.0.xsd" xmlns="http://www.loc.gov/standards/alto/ns-v2#">
  <Description>
    <MeasurementUnit>pixel</MeasurementUnit>
    <sourceImageInformation>
      <fileName>0000025.tif</fileName>
    </sourceImageInformation>
    <OCRProcessing ID="Processing">
      <ocrProcessingStep>
        <processingStepSettings>Image Resolution:400</processingStepSettings>
        <processingSoftware>
          <softwareCreator>I2S Kirtas</softwareCreator>
          <softwareName>Limb</softwareName>
          <softwareVersion>1.0</softwareVersion>
          <applicationDescription>Abbyy10 OCR Engine</applicationDescription>
        </processingSoftware>
      </ocrProcessingStep>
    </OCRProcessing>
  </Description>
  <Styles>
    <TextStyle ID="StyleId-0" FONTSIZE="11" FONTFAMILY="Times New Roman" />
    <TextStyle ID="StyleId-1" FONTSIZE="9" FONTFAMILY="Times New Roman" />
    <TextStyle ID="StyleId-2" FONTSIZE="8" FONTFAMILY="Times New Roman" />
  </Styles>
  <Layout>
    <Page ID="P25" PHYSICAL_IMG_NR="25" HEIGHT="2800" WIDTH="1900" ACCURACY="0.796084166" QUALITY_DETAIL="265 words, 1325 chars, 1053 with recognition greater than 50% (79.47%)">
      <TopMargin ID="P25_TM00001" HPOS="0" VPOS="0" WIDTH="1900" HEIGHT="393" />
      <LeftMargin ID="P25_LM00001" HPOS="0" VPOS="393" WIDTH="175" HEIGHT="2014" />
      <RightMargin ID="P25_RM00001" HPOS="1734" VPOS="393" WIDTH="166" HEIGHT="2014" />
      <BottomMargin ID="P25_BM00001" HPOS="0" VPOS="2407" WIDTH="1900" HEIGHT="393" />
      <PrintSpace ID="P25_PS00001" HPOS="175" VPOS="393" WIDTH="1559" HEIGHT="2014">
        <TextBlock ID="P25_TB00001" HPOS="766" VPOS="389" WIDTH="398" HEIGHT="60">
          <TextLine ID="P25_TL00001" HPOS="774" VPOS="397" WIDTH="382" HEIGHT="44">
            <String ID="P25_S00001" HPOS="774" VPOS="396" WIDTH="382" HEIGHT="45" STYLEREFS="StyleId-0" CONTENT="APPENDIX" WC="0.9125" CC="30000300" />
          </TextLine>
        </TextBlock>
        <TextBlock ID="P25_TB00002" HPOS="175" VPOS="516" WIDTH="1559" HEIGHT="1891">
          <TextLine ID="P25_TL00002" HPOS="274" VPOS="526" WIDTH="1441" HEIGHT="47">
            <String ID="P25_S00002" HPOS="274" VPOS="526" WIDTH="129" HEIGHT="40" STYLEREFS="StyleId-1" CONTENT="Since" WC="0.608" CC="45603" />
            <SP ID="P25_SP00001" WIDTH="0" HPOS="0" VPOS="0" />
            <String ID="P25_S00003" HPOS="427" VPOS="528" WIDTH="177" HEIGHT="47" STYLEREFS="StyleId-1" CONTENT="writing" WC="0.5042857" CC="00527910" />
            <SP ID="P25_SP00002" WIDTH="0" HPOS="0" VPOS="0" />
            <String ID="P25_S00004" HPOS="626" VPOS="530" WIDTH="89" HEIGHT="45" STYLEREFS="StyleId-1" CONTENT="this" WC="0.5075" CC="5517" />
            <SP ID="P25_SP00003" WIDTH="0" HPOS="0" VPOS="0" />
            <String ID="P25_S00005" HPOS="736" VPOS="542" WIDTH="138" HEIGHT="34" STYLEREFS="StyleId-1" CONTENT="essay," WC="0.7266667" CC="066003" />
            <SP ID="P25_SP00004" WIDTH="0" HPOS="0" VPOS="0" />
            <String ID="P25_S00006" HPOS="895" VPOS="531" WIDTH="74" HEIGHT="45" STYLEREFS="StyleId-1" CONTENT="the" WC="0.7633333" CC="070" />
            <SP ID="P25_SP00005" WIDTH="0" HPOS="0" VPOS="0" />
            <String ID="P25_S00007" HPOS="990" VPOS="542" WIDTH="87" HEIGHT="34" STYLEREFS="StyleId-1" CONTENT="war" WC="0.95" CC="010" />
            <SP ID="P25_SP00006" WIDTH="0" HPOS="0" VPOS="0" />
            <String ID="P25_S00008" HPOS="1099" VPOS="530" WIDTH="95" HEIGHT="46" STYLEREFS="StyleId-1" CONTENT="that" WC="0.5875" CC="06010" />
            <SP ID="P25_SP00007" WIDTH="0" HPOS="0" VPOS="0" />
            <String ID="P25_S00009" HPOS="1216" VPOS="529" WIDTH="140" HEIGHT="47" STYLEREFS="StyleId-1" CONTENT="might" WC="0.61" CC="56700" />
            <SP ID="P25_SP00008" WIDTH="0" HPOS="0" VPOS="0" />
            <String ID="P25_S00010" HPOS="1376" VPOS="529" WIDTH="138" HEIGHT="47" STYLEREFS="StyleId-1" CONTENT="justly" WC="0.566666663" CC="694041" />
            <SP ID="P25_SP00009" WIDTH="0" HPOS="0" VPOS="0" />
            <String ID="P25_S00011" HPOS="1530" VPOS="529" WIDTH="52" HEIGHT="47" STYLEREFS="StyleId-1" CONTENT="be" WC="0.72" CC="05" />
            <SP ID="P25_SP00010" WIDTH="0" HPOS="0" VPOS="0" />
            <String ID="P25_S00012" HPOS="1617" VPOS="530" WIDTH="98" HEIGHT="46" STYLEREFS="StyleId-1" CONTENT="call¬" WC="0.654" CC="36204" />
          </TextLine>
          <TextLine ID="P25_TL00003" HPOS="193" VPOS="593" WIDTH="1518" HEIGHT="47">
            <String ID="P25_S00013" HPOS="193" VPOS="593" WIDTH="52" HEIGHT="38" STYLEREFS="StyleId-1" CONTENT="ed" WC="0.965" CC="00" />
            <SP ID="P25_SP00011" WIDTH="0" HPOS="0" VPOS="0" />
            <String ID="P25_S00014" HPOS="267" VPOS="594" WIDTH="75" HEIGHT="37" STYLEREFS="StyleId-1" CONTENT="the" WC="1" CC="000" />
            <SP ID="P25_SP00012" WIDTH="0" HPOS="0" VPOS="0" />
            <String ID="P25_S00015" HPOS="366" VPOS="606" WIDTH="86" HEIGHT="25" STYLEREFS="StyleId-1" CONTENT="war" WC="1" CC="000" />
            <SP ID="P25_SP00013" WIDTH="0" HPOS="0" VPOS="0" />
            <String ID="P25_S00016" HPOS="470" VPOS="593" WIDTH="45" HEIGHT="38" STYLEREFS="StyleId-1" CONTENT="of" WC="0.95" CC="10" />
            <SP ID="P25_SP00014" WIDTH="0" HPOS="0" VPOS="0" />
            <String ID="P25_S00017" HPOS="529" VPOS="596" WIDTH="74" HEIGHT="35" STYLEREFS="StyleId-1" CONTENT="the" WC="1" CC="000" />
            <SP ID="P25_SP00015" WIDTH="0" HPOS="0" VPOS="0" />
            <String ID="P25_S00018" HPOS="625" VPOS="595" WIDTH="188" HEIGHT="44" STYLEREFS="StyleId-1" CONTENT="nations," WC="0.75125" CC="40010770" />
            <SP ID="P25_SP00016" WIDTH="0" HPOS="0" VPOS="0" />
            <String ID="P25_S00019" HPOS="840" VPOS="596" WIDTH="94" HEIGHT="43" STYLEREFS="StyleId-1" CONTENT="that" WC="1" CC="0000" />
            <SP ID="P25_SP00017" WIDTH="0" HPOS="0" VPOS="0" />
            <String ID="P25_S00020" HPOS="959" VPOS="595" WIDTH="34" HEIGHT="44" STYLEREFS="StyleId-1" CONTENT="is" WC="0.825" CC="03" />
            <SP ID="P25_SP00018" WIDTH="0" HPOS="0" VPOS="0" />
            <String ID="P25_S00021" HPOS="1016" VPOS="607" WIDTH="97" HEIGHT="32" STYLEREFS="StyleId-1" CONTENT="now" WC="0.776666641" CC="510" />
            <SP ID="P25_SP00019" WIDTH="0" HPOS="0" VPOS="0" />
            <String ID="P25_S00022" HPOS="1133" VPOS="595" WIDTH="133" HEIGHT="45" STYLEREFS="StyleId-1" CONTENT="being" WC="0.546" CC="1101010" />
            <SP ID="P25_SP00020" WIDTH="0" HPOS="0" VPOS="0" />
            <String ID="P25_S00023" HPOS="1288" VPOS="595" WIDTH="147" HEIGHT="45" STYLEREFS="StyleId-1" CONTENT="waged" WC="0.608" CC="901000" />
            <SP ID="P25_SP00021" WIDTH="0" HPOS="0" VPOS="0" />
            <String ID="P25_S00024" HPOS="1455" VPOS="594" WIDTH="43" HEIGHT="46" STYLEREFS="StyleId-1" CONTENT="in" WC="0.81" CC="03" />
            <SP ID="P25_SP00022" WIDTH="0" HPOS="0" VPOS="0" />
            <String ID="P25_S00025" HPOS="1525" VPOS="594" WIDTH="186" HEIGHT="46" STYLEREFS="StyleId-1" CONTENT="Europe," WC="0.741428554" CC="7610002" />
          </TextLine>
          <TextLine ID="P25_TL00004" HPOS="194" VPOS="659" WIDTH="1522" HEIGHT="46">
            <String ID="P25_S00026" HPOS="194" VPOS="660" WIDTH="77" HEIGHT="36" STYLEREFS="StyleId-1" CONTENT="has" WC="0.686666667" CC="009" />
            <SP ID="P25_SP00023" WIDTH="0" HPOS="0" VPOS="0" />
            <String ID="P25_S00027" HPOS="294" VPOS="658" WIDTH="192" HEIGHT="38" STYLEREFS="StyleId-1" CONTENT="afforded" WC="0.87375" CC="41100200" />
            <SP ID="P25_SP00024" WIDTH="0" HPOS="0" VPOS="0" />
            <String ID="P25_S00028" HPOS="511" VPOS="665" WIDTH="45" HEIGHT="31" STYLEREFS="StyleId-1" CONTENT="to" WC="1" CC="00" />
            <SP ID="P25_SP00025" WIDTH="0" HPOS="0" VPOS="0" />
            <String ID="P25_S00029" HPOS="577" VPOS="672" WIDTH="169" HEIGHT="26" STYLEREFS="StyleId-1" CONTENT="women" WC="0.396" CC="82856" />
            <SP ID="P25_SP00026" WIDTH="0" HPOS="0" VPOS="0" />
            <String ID="P25_S00030" HPOS="770" VPOS="660" WIDTH="254" HEIGHT="46" STYLEREFS="StyleId-1" CONTENT="physicians" WC="0.729" CC="4080502401" />
            <SP ID="P25_SP00027" WIDTH="0" HPOS="0" VPOS="0" />
            <String ID="P25_S00031" HPOS="1045" VPOS="661" WIDTH="83" HEIGHT="45" STYLEREFS="StyleId-1" CONTENT="and" WC="0.826666653" CC="500" />
            <SP ID="P25_SP00028" WIDTH="0" HPOS="0" VPOS="0" />
            <String ID="P25_S00032" HPOS="1166" VPOS="671" WIDTH="224" HEIGHT="35" STYLEREFS="StyleId-1" CONTENT="surgeons," WC="0.594444454" CC="16010011051" />
            <SP ID="P25_SP00029" WIDTH="0" HPOS="0" VPOS="0" />
            <String ID="P25_S00033" HPOS="1435" VPOS="660" WIDTH="106" HEIGHT="46" STYLEREFS="StyleId-1" CONTENT="such" WC="0.7275" CC="0460" />
            <SP ID="P25_SP00030" WIDTH="0" HPOS="0" VPOS="0" />
            <String ID="P25_S00034" HPOS="1575" VPOS="660" WIDTH="140" HEIGHT="46" STYLEREFS="StyleId-1" CONTENT="splen¬" WC="0.691666663" CC="090080" />
          </TextLine>
          <TextLine ID="P25_TL00005" HPOS="194" VPOS="725" WIDTH="1521" HEIGHT="44">
            <String ID="P25_S00035" HPOS="194" VPOS="725" WIDTH="73" HEIGHT="37" STYLEREFS="StyleId-1" CONTENT="did" WC="0.863333344" CC="040" />
            <SP ID="P25_SP00031" WIDTH="0" HPOS="0" VPOS="0" />
            <String ID="P25_S00036" HPOS="285" VPOS="725" WIDTH="324" HEIGHT="46" STYLEREFS="StyleId-1" CONTENT="opportunities" WC="0.78384614" CC="3040004800007" />
            <SP ID="P25_SP00032" WIDTH="0" HPOS="0" VPOS="0" />
            <String ID="P25_S00037" HPOS="626" VPOS="730" WIDTH="44" HEIGHT="41" STYLEREFS="StyleId-1" CONTENT="to" WC="0.86" CC="02" />
            <SP ID="P25_SP00033" WIDTH="0" HPOS="0" VPOS="0" />
            <String ID="P25_S00038" HPOS="684" VPOS="725" WIDTH="173" HEIGHT="46" STYLEREFS="StyleId-1" CONTENT="display" WC="0.7385714" CC="0590030" />
            <SP ID="P25_SP00034" WIDTH="0" HPOS="0" VPOS="0" />
            <String ID="P25_S00039" HPOS="873" VPOS="725" WIDTH="114" HEIGHT="46" STYLEREFS="StyleId-1" CONTENT="their" WC="0.842" CC="00070" />
            <SP ID="P25_SP00035" WIDTH="0" HPOS="0" VPOS="0" />
            <String ID="P25_S00040" HPOS="1003" VPOS="725" WIDTH="101" HEIGHT="46" STYLEREFS="StyleId-1" CONTENT="skill" WC="0.862" CC="00042" />
            <SP ID="P25_SP00036" WIDTH="0" HPOS="0" VPOS="0" />
            <String ID="P25_S00041" HPOS="1120" VPOS="726" WIDTH="81" HEIGHT="45" STYLEREFS="StyleId-1" CONTENT="and" WC="0.406666666" CC="980" />
            <SP ID="P25_SP00037" WIDTH="0" HPOS="0" VPOS="0" />
            <String ID="P25_S00042" HPOS="1218" VPOS="725" WIDTH="152" HEIGHT="46" STYLEREFS="StyleId-1" CONTENT="ability" WC="0.952857137" CC="3000000" />
            <SP ID="P25_SP00038" WIDTH="0" HPOS="0" VPOS="0" />
            <String ID="P25_S00043" HPOS="1385" VPOS="726" WIDTH="137" HEIGHT="45" STYLEREFS="StyleId-1" CONTENT="under" WC="0.85" CC="40002" />
            <SP ID="P25_SP00039" WIDTH="0" HPOS="0" VPOS="0" />
            <String ID="P25_S00044" HPOS="1535" VPOS="725" WIDTH="180" HEIGHT="46" STYLEREFS="StyleId-1" CONTENT="circum¬" WC="0.7771429" CC="00005100" />
          </TextLine>
          <TextLine ID="P25_TL00006" HPOS="196" VPOS="793" WIDTH="1519" HEIGHT="42">
            <String ID="P25_S00045" HPOS="196" VPOS="798" WIDTH="171" HEIGHT="30" STYLEREFS="StyleId-1" CONTENT="stances" WC="0.5057143" CC="9088008" />
            <SP ID="P25_SP00040" WIDTH="0" HPOS="0" VPOS="0" />
            <String ID="P25_S00046" HPOS="389" VPOS="791" WIDTH="96" HEIGHT="37" STYLEREFS="StyleId-1" CONTENT="that" WC="0.445" CC="04710" />
            <SP ID="P25_SP00041" WIDTH="0" HPOS="0" VPOS="0" />
            <String ID="P25_S00047" HPOS="508" VPOS="803" WIDTH="71" HEIGHT="25" STYLEREFS="StyleId-1" CONTENT="are" WC="0.50666666" CC="940" />
            <SP ID="P25_SP00042" WIDTH="0" HPOS="0" VPOS="0" />
            <String ID="P25_S00048" HPOS="601" VPOS="796" WIDTH="114" HEIGHT="32" STYLEREFS="StyleId-1" CONTENT="most" WC="0.85" CC="6000" />
            <SP ID="P25_SP00043" WIDTH="0" HPOS="0" VPOS="0" />
            <String ID="P25_S00049" HPOS="737" VPOS="791" WIDTH="119" HEIGHT="37" STYLEREFS="StyleId-1" CONTENT="cruel" WC="0.842" CC="01600" />
            <SP ID="P25_SP00044" WIDTH="0" HPOS="0" VPOS="0" />
            <String ID="P25_S00050" HPOS="879" VPOS="791" WIDTH="84" HEIGHT="37" STYLEREFS="StyleId-1" CONTENT="and" WC="0.74666667" CC="070" />
            <SP ID="P25_SP00045" WIDTH="0" HPOS="0" VPOS="0" />
            <String ID="P25_S00051" HPOS="987" VPOS="791" WIDTH="163" HEIGHT="46" STYLEREFS="StyleId-1" CONTENT="trying," WC="0.70714283" CC="05004100" />
            <SP ID="P25_SP00046" WIDTH="0" HPOS="0" VPOS="0" />
            <String ID="P25_S00052" HPOS="1206" VPOS="791" WIDTH="94" HEIGHT="46" STYLEREFS="StyleId-1" CONTENT="that" WC="1" CC="0000" />
            <SP ID="P25_SP00047" WIDTH="0" HPOS="0" VPOS="0" />
            <String ID="P25_S00053" HPOS="1349" VPOS="803" WIDTH="85" HEIGHT="34" STYLEREFS="StyleId-1" CONTENT="any" WC="0.716666639" CC="080" />
            <SP ID="P25_SP00048" WIDTH="0" HPOS="0" VPOS="0" />
            <String ID="P25_S00054" HPOS="1483" VPOS="790" WIDTH="167" HEIGHT="47" STYLEREFS="StyleId-1" CONTENT="history" WC="0.8757143" CC="0300050" />
            <SP ID="P25_SP00049" WIDTH="0" HPOS="0" VPOS="0" />
            <String ID="P25_S00055" HPOS="1671" VPOS="790" WIDTH="44" HEIGHT="47" STYLEREFS="StyleId-1" CONTENT="of" WC="0.855" CC="02" />
          </TextLine>
          <TextLine ID="P25_TL00007" HPOS="197" VPOS="857" WIDTH="1518" HEIGHT="41">
            <String ID="P25_S00056" HPOS="197" VPOS="869" WIDTH="168" HEIGHT="26" STYLEREFS="StyleId-1" CONTENT="women" WC="0.928" CC="00003" />
            <SP ID="P25_SP00050" WIDTH="0" HPOS="0" VPOS="0" />
            <String ID="P25_S00057" HPOS="389" VPOS="856" WIDTH="42" HEIGHT="39" STYLEREFS="StyleId-1" CONTENT="in" WC="0.53" CC="08" />
            <SP ID="P25_SP00051" WIDTH="0" HPOS="0" VPOS="0" />
            <String ID="P25_S00058" HPOS="456" VPOS="855" WIDTH="215" HEIGHT="40" STYLEREFS="StyleId-1" CONTENT="medicine" WC="0.7925" CC="90020220" />
            <SP ID="P25_SP00052" WIDTH="0" HPOS="0" VPOS="0" />
            <String ID="P25_S00059" HPOS="712" VPOS="856" WIDTH="147" HEIGHT="39" STYLEREFS="StyleId-1" CONTENT="would" WC="0.808" CC="00720" />
            <SP ID="P25_SP00053" WIDTH="0" HPOS="0" VPOS="0" />
            <String ID="P25_S00060" HPOS="901" VPOS="856" WIDTH="51" HEIGHT="39" STYLEREFS="StyleId-1" CONTENT="be" WC="1" CC="00" />
            <SP ID="P25_SP00054" WIDTH="0" HPOS="0" VPOS="0" />
            <String ID="P25_S00061" HPOS="994" VPOS="856" WIDTH="261" HEIGHT="46" STYLEREFS="StyleId-1" CONTENT="incomplete" WC="0.677" CC="0702905070" />
            <SP ID="P25_SP00055" WIDTH="0" HPOS="0" VPOS="0" />
            <String ID="P25_S00062" HPOS="1296" VPOS="856" WIDTH="183" HEIGHT="46" STYLEREFS="StyleId-1" CONTENT="without" WC="0.82" CC="0007013" />
            <SP ID="P25_SP00056" WIDTH="0" HPOS="0" VPOS="0" />
            <String ID="P25_S00063" HPOS="1500" VPOS="856" WIDTH="122" HEIGHT="46" STYLEREFS="StyleId-1" CONTENT="these" WC="1" CC="00000" />
            <SP ID="P25_SP00057" WIDTH="0" HPOS="0" VPOS="0" />
            <String ID="P25_S00064" HPOS="1643" VPOS="857" WIDTH="72" HEIGHT="45" STYLEREFS="StyleId-1" CONTENT="the" WC="1" CC="000" />
          </TextLine>
          <TextLine ID="P25_TL00008" HPOS="197" VPOS="923" WIDTH="1518" HEIGHT="36">
            <String ID="P25_S00065" HPOS="197" VPOS="923" WIDTH="127" HEIGHT="37" STYLEREFS="StyleId-1" CONTENT="latest" WC="0.9433333" CC="300000" />
            <SP ID="P25_SP00058" WIDTH="0" HPOS="0" VPOS="0" />
            <String ID="P25_S00066" HPOS="366" VPOS="921" WIDTH="323" HEIGHT="39" STYLEREFS="StyleId-1" CONTENT="achievements" WC="0.814166665" CC="801400000601" />
            <SP ID="P25_SP00059" WIDTH="0" HPOS="0" VPOS="0" />
            <String ID="P25_S00067" HPOS="708" VPOS="935" WIDTH="7" HEIGHT="30" STYLEREFS="StyleId-1" CONTENT=";" WC="1" CC="0" />
            <SP ID="P25_SP00060" WIDTH="0" HPOS="0" VPOS="0" />
            <String ID="P25_S00068" HPOS="761" VPOS="922" WIDTH="319" HEIGHT="43" STYLEREFS="StyleId-1" CONTENT="achievements" WC="0.884166658" CC="005200000500" />
            <SP ID="P25_SP00061" WIDTH="0" HPOS="0" VPOS="0" />
            <String ID="P25_S00069" HPOS="1122" VPOS="923" WIDTH="95" HEIGHT="42" STYLEREFS="StyleId-1" CONTENT="that" WC="1" CC="0000" />
            <SP ID="P25_SP00062" WIDTH="0" HPOS="0" VPOS="0" />
            <String ID="P25_S00070" HPOS="1239" VPOS="921" WIDTH="86" HEIGHT="44" STYLEREFS="StyleId-1" CONTENT="will" WC="0.7925" CC="0404" />
            <SP ID="P25_SP00063" WIDTH="0" HPOS="0" VPOS="0" />
            <String ID="P25_S00071" HPOS="1349" VPOS="921" WIDTH="195" HEIGHT="44" STYLEREFS="StyleId-1" CONTENT="redound" WC="0.8685714" CC="0000080" />
            <SP ID="P25_SP00064" WIDTH="0" HPOS="0" VPOS="0" />
            <String ID="P25_S00072" HPOS="1576" VPOS="927" WIDTH="43" HEIGHT="38" STYLEREFS="StyleId-1" CONTENT="to" WC="0.75" CC="13" />
            <SP ID="P25_SP00065" WIDTH="0" HPOS="0" VPOS="0" />
            <String ID="P25_S00073" HPOS="1642" VPOS="921" WIDTH="73" HEIGHT="44" STYLEREFS="StyleId-1" CONTENT="the" WC="0.793333352" CC="060" />
          </TextLine>
          <TextLine ID="P25_TL00009" HPOS="197" VPOS="988" WIDTH="1517" HEIGHT="37">
            <String ID="P25_S00074" HPOS="197" VPOS="988" WIDTH="127" HEIGHT="46" STYLEREFS="StyleId-1" CONTENT="glory" WC="0.678" CC="101500" />
            <SP ID="P25_SP00066" WIDTH="0" HPOS="0" VPOS="0" />
            <String ID="P25_S00075" HPOS="344" VPOS="988" WIDTH="48" HEIGHT="46" STYLEREFS="StyleId-1" CONTENT="of" WC="0.735" CC="31" />
            <SP ID="P25_SP00067" WIDTH="0" HPOS="0" VPOS="0" />
            <String ID="P25_S00076" HPOS="413" VPOS="987" WIDTH="131" HEIGHT="47" STYLEREFS="StyleId-1" CONTENT="noble" WC="0.586" CC="70660" />
            <SP ID="P25_SP00068" WIDTH="0" HPOS="0" VPOS="0" />
            <String ID="P25_S00077" HPOS="568" VPOS="988" WIDTH="286" HEIGHT="46" STYLEREFS="StyleId-1" CONTENT="womanhood" WC="0.49333334" CC="852680509" />
            <SP ID="P25_SP00069" WIDTH="0" HPOS="0" VPOS="0" />
            <String ID="P25_S00078" HPOS="878" VPOS="987" WIDTH="74" HEIGHT="47" STYLEREFS="StyleId-1" CONTENT="the" WC="0.566666663" CC="750" />
            <SP ID="P25_SP00070" WIDTH="0" HPOS="0" VPOS="0" />
            <String ID="P25_S00079" HPOS="988" VPOS="987" WIDTH="134" HEIGHT="47" STYLEREFS="StyleId-1" CONTENT="world" WC="0.848" CC="01060" />
            <SP ID="P25_SP00071" WIDTH="0" HPOS="0" VPOS="0" />
            <String ID="P25_S00080" HPOS="1163" VPOS="999" WIDTH="116" HEIGHT="35" STYLEREFS="StyleId-1" CONTENT="over." WC="1" CC="00000" />
            <SP ID="P25_SP00072" WIDTH="0" HPOS="0" VPOS="0" />
            <String ID="P25_S00081" HPOS="1324" VPOS="987" WIDTH="153" HEIGHT="47" STYLEREFS="StyleId-1" CONTENT="Hence" WC="0.674" CC="601000" />
            <SP ID="P25_SP00073" WIDTH="0" HPOS="0" VPOS="0" />
            <String ID="P25_S00082" HPOS="1498" VPOS="988" WIDTH="20" HEIGHT="46" STYLEREFS="StyleId-1" CONTENT="I" WC="0.42" CC="5" />
            <SP ID="P25_SP00074" WIDTH="0" HPOS="0" VPOS="0" />
            <String ID="P25_S00083" HPOS="1543" VPOS="985" WIDTH="171" HEIGHT="49" STYLEREFS="StyleId-1" CONTENT="include" WC="0.757142842" CC="0805030" />
          </TextLine>
          <TextLine ID="P25_TL00010" HPOS="198" VPOS="1055" WIDTH="1513" HEIGHT="41">
            <String ID="P25_S00084" HPOS="198" VPOS="1055" WIDTH="115" HEIGHT="37" STYLEREFS="StyleId-1" CONTENT="them" WC="0.7225" CC="0307" />
            <SP ID="P25_SP00075" WIDTH="0" HPOS="0" VPOS="0" />
            <String ID="P25_S00085" HPOS="331" VPOS="1066" WIDTH="44" HEIGHT="26" STYLEREFS="StyleId-1" CONTENT="as" WC="0.765" CC="04" />
            <SP ID="P25_SP00076" WIDTH="0" HPOS="0" VPOS="0" />
            <String ID="P25_S00086" HPOS="398" VPOS="1054" WIDTH="105" HEIGHT="46" STYLEREFS="StyleId-1" CONTENT="they" WC="1" CC="0000" />
            <SP ID="P25_SP00077" WIDTH="0" HPOS="0" VPOS="0" />
            <String ID="P25_S00087" HPOS="526" VPOS="1065" WIDTH="121" HEIGHT="35" STYLEREFS="StyleId-1" CONTENT="come" WC="0.92" CC="0300" />
            <SP ID="P25_SP00078" WIDTH="0" HPOS="0" VPOS="0" />
            <String ID="P25_S00088" HPOS="665" VPOS="1053" WIDTH="44" HEIGHT="47" STYLEREFS="StyleId-1" CONTENT="in" WC="0.535" CC="08" />
            <SP ID="P25_SP00079" WIDTH="0" HPOS="0" VPOS="0" />
            <String ID="P25_S00089" HPOS="733" VPOS="1053" WIDTH="112" HEIGHT="47" STYLEREFS="StyleId-1" CONTENT="their" WC="0.902" CC="00004" />
            <SP ID="P25_SP00080" WIDTH="0" HPOS="0" VPOS="0" />
            <String ID="P25_S00090" HPOS="864" VPOS="1053" WIDTH="125" HEIGHT="47" STYLEREFS="StyleId-1" CONTENT="order" WC="0.966" CC="10000" />
            <SP ID="P25_SP00081" WIDTH="0" HPOS="0" VPOS="0" />
            <String ID="P25_S00091" HPOS="1011" VPOS="1052" WIDTH="45" HEIGHT="48" STYLEREFS="StyleId-1" CONTENT="of" WC="0.675" CC="42" />
            <SP ID="P25_SP00082" WIDTH="0" HPOS="0" VPOS="0" />
            <String ID="P25_S00092" HPOS="1073" VPOS="1058" WIDTH="163" HEIGHT="42" STYLEREFS="StyleId-1" CONTENT="events," WC="0.892857134" CC="0006000" />
            <SP ID="P25_SP00083" WIDTH="0" HPOS="0" VPOS="0" />
            <String ID="P25_S00093" HPOS="1257" VPOS="1057" WIDTH="44" HEIGHT="43" STYLEREFS="StyleId-1" CONTENT="to" WC="1" CC="00" />
            <SP ID="P25_SP00084" WIDTH="0" HPOS="0" VPOS="0" />
            <String ID="P25_S00094" HPOS="1319" VPOS="1064" WIDTH="131" HEIGHT="36" STYLEREFS="StyleId-1" CONTENT="prove" WC="0.898" CC="05000" />
            <SP ID="P25_SP00085" WIDTH="0" HPOS="0" VPOS="0" />
            <String ID="P25_S00095" HPOS="1472" VPOS="1063" WIDTH="117" HEIGHT="37" STYLEREFS="StyleId-1" CONTENT="more" WC="0.935" CC="0020" />
            <SP ID="P25_SP00086" WIDTH="0" HPOS="0" VPOS="0" />
            <String ID="P25_S00096" HPOS="1602" VPOS="1050" WIDTH="109" HEIGHT="50" STYLEREFS="StyleId-1" CONTENT="fully" WC="0.798" CC="45000" />
          </TextLine>
          <TextLine ID="P25_TL00011" HPOS="198" VPOS="1120" WIDTH="826" HEIGHT="42">
            <String ID="P25_S00097" HPOS="198" VPOS="1132" WIDTH="72" HEIGHT="34" STYLEREFS="StyleId-1" CONTENT="my" WC="1" CC="00" />
            <SP ID="P25_SP00087" WIDTH="0" HPOS="0" VPOS="0" />
            <String ID="P25_S00098" HPOS="291" VPOS="1119" WIDTH="127" HEIGHT="47" STYLEREFS="StyleId-1" CONTENT="claim" WC="1" CC="00000" />
            <SP ID="P25_SP00088" WIDTH="0" HPOS="0" VPOS="0" />
            <String ID="P25_S00099" HPOS="443" VPOS="1119" WIDTH="67" HEIGHT="47" STYLEREFS="StyleId-1" CONTENT="for" WC="0.49333334" CC="436" />
            <SP ID="P25_SP00089" WIDTH="0" HPOS="0" VPOS="0" />
            <String ID="P25_S00100" HPOS="533" VPOS="1131" WIDTH="169" HEIGHT="35" STYLEREFS="StyleId-1" CONTENT="woman" WC="0.878" CC="01004" />
            <SP ID="P25_SP00090" WIDTH="0" HPOS="0" VPOS="0" />
            <String ID="P25_S00101" HPOS="727" VPOS="1118" WIDTH="44" HEIGHT="48" STYLEREFS="StyleId-1" CONTENT="in" WC="0.7" CC="32" />
            <SP ID="P25_SP00091" WIDTH="0" HPOS="0" VPOS="0" />
            <String ID="P25_S00102" HPOS="795" VPOS="1118" WIDTH="229" HEIGHT="48" STYLEREFS="StyleId-1" CONTENT="medicine." WC="0.9088889" CC="000300500" />
          </TextLine>
          <TextLine ID="P25_TL00012" HPOS="281" VPOS="1181" WIDTH="1432" HEIGHT="43">
            <String ID="P25_S00103" HPOS="281" VPOS="1187" WIDTH="160" HEIGHT="36" STYLEREFS="StyleId-1" CONTENT="Doctor" WC="0.9816667" CC="010000" />
            <SP ID="P25_SP00092" WIDTH="0" HPOS="0" VPOS="0" />
            <String ID="P25_S00104" HPOS="465" VPOS="1184" WIDTH="133" HEIGHT="40" STYLEREFS="StyleId-1" CONTENT="Louis" WC="0.53" CC="40746" />
            <SP ID="P25_SP00093" WIDTH="0" HPOS="0" VPOS="0" />
            <String ID="P25_S00105" HPOS="622" VPOS="1184" WIDTH="260" HEIGHT="46" STYLEREFS="StyleId-1" CONTENT="Livingston" WC="0.614" CC="8303805027" />
            <SP ID="P25_SP00094" WIDTH="0" HPOS="0" VPOS="0" />
            <String ID="P25_S00106" HPOS="906" VPOS="1183" WIDTH="198" HEIGHT="47" STYLEREFS="StyleId-1" CONTENT="Seaman," WC="0.692857146" CC="60001040" />
            <SP ID="P25_SP00095" WIDTH="0" HPOS="0" VPOS="0" />
            <String ID="P25_S00107" HPOS="1133" VPOS="1182" WIDTH="42" HEIGHT="48" STYLEREFS="StyleId-1" CONTENT="in" WC="0.395" CC="47" />
            <SP ID="P25_SP00096" WIDTH="0" HPOS="0" VPOS="0" />
            <String ID="P25_S00108" HPOS="1219" VPOS="1194" WIDTH="52" HEIGHT="36" STYLEREFS="StyleId-1" CONTENT="an" WC="0.665" CC="33" />
            <SP ID="P25_SP00097" WIDTH="0" HPOS="0" VPOS="0" />
            <String ID="P25_S00109" HPOS="1314" VPOS="1181" WIDTH="147" HEIGHT="49" STYLEREFS="StyleId-1" CONTENT="article" WC="0.827142835" CC="7000030" />
            <SP ID="P25_SP00098" WIDTH="0" HPOS="0" VPOS="0" />
            <String ID="P25_S00110" HPOS="1501" VPOS="1187" WIDTH="46" HEIGHT="43" STYLEREFS="StyleId-1" CONTENT="to" WC="1" CC="00" />
            <SP ID="P25_SP00099" WIDTH="0" HPOS="0" VPOS="0" />
            <String ID="P25_S00111" HPOS="1587" VPOS="1173" WIDTH="126" HEIGHT="57" STYLEREFS="StyleId-1" CONTENT="&quot;The" WC="0.6325" CC="7700" />
          </TextLine>
          <TextLine ID="P25_TL00013" HPOS="200" VPOS="1247" WIDTH="1514" HEIGHT="43">
            <String ID="P25_S00112" HPOS="200" VPOS="1250" WIDTH="356" HEIGHT="47" STYLEREFS="StyleId-1" CONTENT="Independent&quot;," WC="0.688461542" CC="2800006708070" />
            <SP ID="P25_SP00100" WIDTH="0" HPOS="0" VPOS="0" />
            <String ID="P25_S00113" HPOS="603" VPOS="1251" WIDTH="114" HEIGHT="46" STYLEREFS="StyleId-1" CONTENT="Nov." WC="1" CC="0000" />
            <SP ID="P25_SP00101" WIDTH="0" HPOS="0" VPOS="0" />
            <String ID="P25_S00114" HPOS="765" VPOS="1253" WIDTH="37" HEIGHT="44" STYLEREFS="StyleId-1" CONTENT="2," WC="1" CC="00" />
            <SP ID="P25_SP00102" WIDTH="0" HPOS="0" VPOS="0" />
            <String ID="P25_S00115" HPOS="852" VPOS="1251" WIDTH="119" HEIGHT="46" STYLEREFS="StyleId-1" CONTENT="1914," WC="0.814" CC="00224" />
            <SP ID="P25_SP00103" WIDTH="0" HPOS="0" VPOS="0" />
            <String ID="P25_S00116" HPOS="1018" VPOS="1247" WIDTH="179" HEIGHT="50" STYLEREFS="StyleId-1" CONTENT="entitled" WC="0.86125" CC="51040000" />
            <SP ID="P25_SP00104" WIDTH="0" HPOS="0" VPOS="0" />
            <String ID="P25_S00117" HPOS="1245" VPOS="1240" WIDTH="95" HEIGHT="57" STYLEREFS="StyleId-1" CONTENT="&quot;La" WC="0.49666667" CC="770" />
            <SP ID="P25_SP00105" WIDTH="0" HPOS="0" VPOS="0" />
            <String ID="P25_S00118" HPOS="1381" VPOS="1245" WIDTH="132" HEIGHT="52" STYLEREFS="StyleId-1" CONTENT="Croix" WC="0.868" CC="20012" />
            <SP ID="P25_SP00106" WIDTH="0" HPOS="0" VPOS="0" />
            <String ID="P25_S00119" HPOS="1562" VPOS="1246" WIDTH="152" HEIGHT="51" STYLEREFS="StyleId-1" CONTENT="Rouge" WC="0.596" CC="406100" />
          </TextLine>
          <TextLine ID="P25_TL00014" HPOS="197" VPOS="1316" WIDTH="1515" HEIGHT="40">
            <String ID="P25_S00120" HPOS="197" VPOS="1317" WIDTH="53" HEIGHT="37" STYLEREFS="StyleId-1" CONTENT="de" WC="0.755" CC="04" />
            <SP ID="P25_SP00107" WIDTH="0" HPOS="0" VPOS="0" />
            <String ID="P25_S00121" HPOS="272" VPOS="1315" WIDTH="201" HEIGHT="39" STYLEREFS="StyleId-1" CONTENT="France&quot;" WC="0.502857149" CC="6096407" />
            <SP ID="P25_SP00108" WIDTH="0" HPOS="0" VPOS="0" />
            <String ID="P25_S00122" HPOS="508" VPOS="1315" WIDTH="158" HEIGHT="46" STYLEREFS="StyleId-1" CONTENT="telling" WC="0.767142832" CC="0035080" />
            <SP ID="P25_SP00109" WIDTH="0" HPOS="0" VPOS="0" />
            <String ID="P25_S00123" HPOS="683" VPOS="1315" WIDTH="115" HEIGHT="46" STYLEREFS="StyleId-1" CONTENT="what" WC="0.865" CC="0050" />
            <SP ID="P25_SP00110" WIDTH="0" HPOS="0" VPOS="0" />
            <String ID="P25_S00124" HPOS="818" VPOS="1315" WIDTH="75" HEIGHT="46" STYLEREFS="StyleId-1" CONTENT="the" WC="0.74" CC="520" />
            <SP ID="P25_SP00111" WIDTH="0" HPOS="0" VPOS="0" />
            <String ID="P25_S00125" HPOS="916" VPOS="1314" WIDTH="92" HEIGHT="47" STYLEREFS="StyleId-1" CONTENT="Red" WC="0.99666667" CC="000" />
            <SP ID="P25_SP00112" WIDTH="0" HPOS="0" VPOS="0" />
            <String ID="P25_S00126" HPOS="1031" VPOS="1314" WIDTH="128" HEIGHT="47" STYLEREFS="StyleId-1" CONTENT="Cross" WC="0.616" CC="25370" />
            <SP ID="P25_SP00113" WIDTH="0" HPOS="0" VPOS="0" />
            <String ID="P25_S00127" HPOS="1180" VPOS="1313" WIDTH="37" HEIGHT="48" STYLEREFS="StyleId-1" CONTENT="is" WC="0.665" CC="60" />
            <SP ID="P25_SP00114" WIDTH="0" HPOS="0" VPOS="0" />
            <String ID="P25_S00128" HPOS="1237" VPOS="1311" WIDTH="136" HEIGHT="50" STYLEREFS="StyleId-1" CONTENT="doing" WC="0.714" CC="00670" />
            <SP ID="P25_SP00115" WIDTH="0" HPOS="0" VPOS="0" />
            <String ID="P25_S00129" HPOS="1395" VPOS="1310" WIDTH="44" HEIGHT="51" STYLEREFS="StyleId-1" CONTENT="in" WC="0.425" CC="55" />
            <SP ID="P25_SP00116" WIDTH="0" HPOS="0" VPOS="0" />
            <String ID="P25_S00130" HPOS="1458" VPOS="1309" WIDTH="132" HEIGHT="52" STYLEREFS="StyleId-1" CONTENT="Paris," WC="0.766666651" CC="070600" />
            <SP ID="P25_SP00117" WIDTH="0" HPOS="0" VPOS="0" />
            <String ID="P25_S00131" HPOS="1615" VPOS="1322" WIDTH="97" HEIGHT="39" STYLEREFS="StyleId-1" CONTENT="says" WC="0.8975" CC="4000" />
          </TextLine>
          <TextLine ID="P25_TL00015" HPOS="198" VPOS="1383" WIDTH="849" HEIGHT="41">
            <String ID="P25_S00132" HPOS="198" VPOS="1383" WIDTH="120" HEIGHT="37" STYLEREFS="StyleId-1" CONTENT="there" WC="1" CC="00000" />
            <SP ID="P25_SP00118" WIDTH="0" HPOS="0" VPOS="0" />
            <String ID="P25_S00133" HPOS="361" VPOS="1395" WIDTH="70" HEIGHT="25" STYLEREFS="StyleId-1" CONTENT="are" WC="1" CC="000" />
            <SP ID="P25_SP00119" WIDTH="0" HPOS="0" VPOS="0" />
            <String ID="P25_S00134" HPOS="451" VPOS="1382" WIDTH="123" HEIGHT="38" STYLEREFS="StyleId-1" CONTENT="three" WC="0.802" CC="06300" />
            <SP ID="P25_SP00120" WIDTH="0" HPOS="0" VPOS="0" />
            <String ID="P25_S00135" HPOS="595" VPOS="1380" WIDTH="216" HEIGHT="47" STYLEREFS="StyleId-1" CONTENT="principal" WC="0.8055556" CC="811600000" />
            <SP ID="P25_SP00121" WIDTH="0" HPOS="0" VPOS="0" />
            <String ID="P25_S00136" HPOS="836" VPOS="1378" WIDTH="211" HEIGHT="49" STYLEREFS="StyleId-1" CONTENT="societies:" WC="0.97" CC="0003000000" />
          </TextLine>
          <TextLine ID="P25_TL00016" HPOS="284" VPOS="1441" WIDTH="1425" HEIGHT="43">
            <String ID="P25_S00137" HPOS="284" VPOS="1441" WIDTH="6" HEIGHT="15" STYLEREFS="StyleId-1" CONTENT="'" WC="0.75" CC="2" />
            <SP ID="P25_SP00122" WIDTH="0" HPOS="0" VPOS="0" />
            <String ID="P25_S00138" HPOS="303" VPOS="1441" WIDTH="132" HEIGHT="44" STYLEREFS="StyleId-1" CONTENT="'First" WC="0.69" CC="370250" />
            <SP ID="P25_SP00123" WIDTH="0" HPOS="0" VPOS="0" />
            <String ID="P25_S00139" HPOS="451" VPOS="1447" WIDTH="85" HEIGHT="38" STYLEREFS="StyleId-1" CONTENT="and" WC="0.9" CC="030" />
            <SP ID="P25_SP00124" WIDTH="0" HPOS="0" VPOS="0" />
            <String ID="P25_S00140" HPOS="552" VPOS="1448" WIDTH="209" HEIGHT="37" STYLEREFS="StyleId-1" CONTENT="foremost" WC="0.93375" CC="11000200" />
            <SP ID="P25_SP00125" WIDTH="0" HPOS="0" VPOS="0" />
            <String ID="P25_S00141" HPOS="773" VPOS="1446" WIDTH="37" HEIGHT="39" STYLEREFS="StyleId-1" CONTENT="is" WC="0.645" CC="61" />
            <SP ID="P25_SP00126" WIDTH="0" HPOS="0" VPOS="0" />
            <String ID="P25_S00142" HPOS="824" VPOS="1446" WIDTH="63" HEIGHT="40" STYLEREFS="StyleId-1" CONTENT="La" WC="0.68" CC="06" />
            <SP ID="P25_SP00127" WIDTH="0" HPOS="0" VPOS="0" />
            <String ID="P25_S00143" HPOS="899" VPOS="1444" WIDTH="134" HEIGHT="42" STYLEREFS="StyleId-1" CONTENT="Croix" WC="0.778" CC="00109" />
            <SP ID="P25_SP00128" WIDTH="0" HPOS="0" VPOS="0" />
            <String ID="P25_S00144" HPOS="1051" VPOS="1445" WIDTH="153" HEIGHT="42" STYLEREFS="StyleId-1" CONTENT="Rouge" WC="0.894" CC="00500" />
            <SP ID="P25_SP00129" WIDTH="0" HPOS="0" VPOS="0" />
            <String ID="P25_S00145" HPOS="1217" VPOS="1440" WIDTH="243" HEIGHT="47" STYLEREFS="StyleId-1" CONTENT="Francaise," WC="0.917" CC="0002000050" />
            <SP ID="P25_SP00130" WIDTH="0" HPOS="0" VPOS="0" />
            <String ID="P25_S00146" HPOS="1478" VPOS="1439" WIDTH="230" HEIGHT="48" STYLEREFS="StyleId-1" CONTENT="organized" WC="0.9211111" CC="000020300" />
          </TextLine>
          <TextLine ID="P25_TL00017" HPOS="196" VPOS="1512" WIDTH="1515" HEIGHT="39">
            <String ID="P25_S00147" HPOS="196" VPOS="1526" WIDTH="101" HEIGHT="26" STYLEREFS="StyleId-1" CONTENT="over" WC="0.8825" CC="0003" />
            <SP ID="P25_SP00131" WIDTH="0" HPOS="0" VPOS="0" />
            <String ID="P25_S00148" HPOS="320" VPOS="1514" WIDTH="92" HEIGHT="38" STYLEREFS="StyleId-1" CONTENT="half" WC="0.7075" CC="5105" />
            <SP ID="P25_SP00132" WIDTH="0" HPOS="0" VPOS="0" />
            <String ID="P25_S00149" HPOS="434" VPOS="1526" WIDTH="24" HEIGHT="26" STYLEREFS="StyleId-1" CONTENT="a" WC="1" CC="0" />
            <SP ID="P25_SP00133" WIDTH="0" HPOS="0" VPOS="0" />
            <String ID="P25_S00150" HPOS="479" VPOS="1518" WIDTH="185" HEIGHT="40" STYLEREFS="StyleId-1" CONTENT="century" WC="0.8314286" CC="0040700" />
            <SP ID="P25_SP00134" WIDTH="0" HPOS="0" VPOS="0" />
            <String ID="P25_S00151" HPOS="682" VPOS="1524" WIDTH="95" HEIGHT="34" STYLEREFS="StyleId-1" CONTENT="ago," WC="0.75" CC="01000" />
            <SP ID="P25_SP00135" WIDTH="0" HPOS="0" VPOS="0" />
            <String ID="P25_S00152" HPOS="804" VPOS="1509" WIDTH="144" HEIGHT="49" STYLEREFS="StyleId-1" CONTENT="which" WC="0.822" CC="00206" />
            <SP ID="P25_SP00136" WIDTH="0" HPOS="0" VPOS="0" />
            <String ID="P25_S00153" HPOS="982" VPOS="1509" WIDTH="132" HEIGHT="49" STYLEREFS="StyleId-1" CONTENT="today" WC="0.982" CC="00000" />
            <SP ID="P25_SP00137" WIDTH="0" HPOS="0" VPOS="0" />
            <String ID="P25_S00154" HPOS="1155" VPOS="1507" WIDTH="183" HEIGHT="51" STYLEREFS="StyleId-1" CONTENT="extends" WC="0.8957143" CC="0000700" />
            <SP ID="P25_SP00138" WIDTH="0" HPOS="0" VPOS="0" />
            <String ID="P25_S00155" HPOS="1378" VPOS="1505" WIDTH="55" HEIGHT="53" STYLEREFS="StyleId-1" CONTENT="its" WC="0.936666667" CC="001" />
            <SP ID="P25_SP00139" WIDTH="0" HPOS="0" VPOS="0" />
            <String ID="P25_S00156" HPOS="1473" VPOS="1503" WIDTH="238" HEIGHT="55" STYLEREFS="StyleId-1" CONTENT="beneficent" WC="0.945" CC="0000000040" />
          </TextLine>
          <TextLine ID="P25_TL00018" HPOS="196" VPOS="1577" WIDTH="1511" HEIGHT="39">
            <String ID="P25_S00157" HPOS="196" VPOS="1579" WIDTH="217" HEIGHT="38" STYLEREFS="StyleId-1" CONTENT="influence" WC="0.714444458" CC="080070702" />
            <SP ID="P25_SP00140" WIDTH="0" HPOS="0" VPOS="0" />
            <String ID="P25_S00158" HPOS="434" VPOS="1591" WIDTH="102" HEIGHT="26" STYLEREFS="StyleId-1" CONTENT="over" WC="0.9" CC="0004" />
            <SP ID="P25_SP00141" WIDTH="0" HPOS="0" VPOS="0" />
            <String ID="P25_S00159" HPOS="570" VPOS="1590" WIDTH="129" HEIGHT="33" STYLEREFS="StyleId-1" CONTENT="every" WC="1" CC="00000" />
            <SP ID="P25_SP00142" WIDTH="0" HPOS="0" VPOS="0" />
            <String ID="P25_S00160" HPOS="740" VPOS="1575" WIDTH="165" HEIGHT="48" STYLEREFS="StyleId-1" CONTENT="section" WC="0.7442857" CC="2000716" />
            <SP ID="P25_SP00143" WIDTH="0" HPOS="0" VPOS="0" />
            <String ID="P25_S00161" HPOS="947" VPOS="1574" WIDTH="46" HEIGHT="49" STYLEREFS="StyleId-1" CONTENT="of" WC="0.75" CC="05" />
            <SP ID="P25_SP00144" WIDTH="0" HPOS="0" VPOS="0" />
            <String ID="P25_S00162" HPOS="1032" VPOS="1573" WIDTH="88" HEIGHT="50" STYLEREFS="StyleId-1" CONTENT="this" WC="0.8325" CC="0006" />
            <SP ID="P25_SP00145" WIDTH="0" HPOS="0" VPOS="0" />
            <String ID="P25_S00163" HPOS="1160" VPOS="1570" WIDTH="211" HEIGHT="53" STYLEREFS="StyleId-1" CONTENT="beautiful" WC="0.794444442" CC="000600380" />
            <SP ID="P25_SP00146" WIDTH="0" HPOS="0" VPOS="0" />
            <String ID="P25_S00164" HPOS="1412" VPOS="1570" WIDTH="116" HEIGHT="53" STYLEREFS="StyleId-1" CONTENT="land." WC="0.748" CC="40800" />
            <SP ID="P25_SP00147" WIDTH="0" HPOS="0" VPOS="0" />
            <String ID="P25_S00165" HPOS="1610" VPOS="1570" WIDTH="39" HEIGHT="53" STYLEREFS="StyleId-1" CONTENT="It" WC="0.785" CC="40" />
            <SP ID="P25_SP00148" WIDTH="0" HPOS="0" VPOS="0" />
            <String ID="P25_S00166" HPOS="1672" VPOS="1569" WIDTH="35" HEIGHT="54" STYLEREFS="StyleId-1" CONTENT="is" WC="1" CC="00" />
          </TextLine>
          <TextLine ID="P25_TL00019" HPOS="194" VPOS="1642" WIDTH="1512" HEIGHT="40">
            <String ID="P25_S00167" HPOS="194" VPOS="1646" WIDTH="221" HEIGHT="45" STYLEREFS="StyleId-1" CONTENT="governed" WC="0.7725" CC="001004300" />
            <SP ID="P25_SP00149" WIDTH="0" HPOS="0" VPOS="0" />
            <String ID="P25_S00168" HPOS="450" VPOS="1644" WIDTH="58" HEIGHT="47" STYLEREFS="StyleId-1" CONTENT="by" WC="1" CC="00" />
            <SP ID="P25_SP00150" WIDTH="0" HPOS="0" VPOS="0" />
            <String ID="P25_S00169" HPOS="531" VPOS="1656" WIDTH="24" HEIGHT="35" STYLEREFS="StyleId-1" CONTENT="a" WC="1" CC="0" />
            <SP ID="P25_SP00151" WIDTH="0" HPOS="0" VPOS="0" />
            <String ID="P25_S00170" HPOS="589" VPOS="1642" WIDTH="164" HEIGHT="49" STYLEREFS="StyleId-1" CONTENT="central" WC="0.9" CC="0050001" />
            <SP ID="P25_SP00152" WIDTH="0" HPOS="0" VPOS="0" />
            <String ID="P25_S00171" HPOS="788" VPOS="1639" WIDTH="248" HEIGHT="52" STYLEREFS="StyleId-1" CONTENT="committee" WC="0.9033333" CC="000000008" />
            <SP ID="P25_SP00153" WIDTH="0" HPOS="0" VPOS="0" />
            <String ID="P25_S00172" HPOS="1058" VPOS="1638" WIDTH="45" HEIGHT="53" STYLEREFS="StyleId-1" CONTENT="of" WC="0.66" CC="15" />
            <SP ID="P25_SP00154" WIDTH="0" HPOS="0" VPOS="0" />
            <String ID="P25_S00173" HPOS="1123" VPOS="1636" WIDTH="98" HEIGHT="55" STYLEREFS="StyleId-1" CONTENT="fifty" WC="0.914" CC="00040" />
            <SP ID="P25_SP00155" WIDTH="0" HPOS="0" VPOS="0" />
            <String ID="P25_S00174" HPOS="1254" VPOS="1635" WIDTH="223" HEIGHT="56" STYLEREFS="StyleId-1" CONTENT="members," WC="0.85125" CC="00800030" />
            <SP ID="P25_SP00156" WIDTH="0" HPOS="0" VPOS="0" />
            <String ID="P25_S00175" HPOS="1513" VPOS="1633" WIDTH="193" HEIGHT="58" STYLEREFS="StyleId-1" CONTENT="presided" WC="0.87125" CC="00001008" />
          </TextLine>
          <TextLine ID="P25_TL00020" HPOS="195" VPOS="1707" WIDTH="1514" HEIGHT="41">
            <String ID="P25_S00176" HPOS="195" VPOS="1723" WIDTH="101" HEIGHT="25" STYLEREFS="StyleId-1" CONTENT="over" WC="1" CC="0000" />
            <SP ID="P25_SP00157" WIDTH="0" HPOS="0" VPOS="0" />
            <String ID="P25_S00177" HPOS="317" VPOS="1710" WIDTH="55" HEIGHT="47" STYLEREFS="StyleId-1" CONTENT="by" WC="1" CC="00" />
            <SP ID="P25_SP00158" WIDTH="0" HPOS="0" VPOS="0" />
            <String ID="P25_S00178" HPOS="397" VPOS="1711" WIDTH="75" HEIGHT="46" STYLEREFS="StyleId-1" CONTENT="the" WC="0.453333348" CC="970" />
            <SP ID="P25_SP00159" WIDTH="0" HPOS="0" VPOS="0" />
            <String ID="P25_S00179" HPOS="497" VPOS="1708" WIDTH="195" HEIGHT="49" STYLEREFS="StyleId-1" CONTENT="Marquis" WC="0.812857151" CC="3000530" />
            <SP ID="P25_SP00160" WIDTH="0" HPOS="0" VPOS="0" />
            <String ID="P25_S00180" HPOS="713" VPOS="1708" WIDTH="55" HEIGHT="49" STYLEREFS="StyleId-1" CONTENT="de" WC="1" CC="00" />
            <SP ID="P25_SP00161" WIDTH="0" HPOS="0" VPOS="0" />
            <String ID="P25_S00181" HPOS="788" VPOS="1708" WIDTH="168" HEIGHT="49" STYLEREFS="StyleId-1" CONTENT="Vogue." WC="0.6816667" CC="209600" />
            <SP ID="P25_SP00162" WIDTH="0" HPOS="0" VPOS="0" />
            <String ID="P25_S00182" HPOS="1024" VPOS="1705" WIDTH="39" HEIGHT="52" STYLEREFS="StyleId-1" CONTENT="It" WC="0.93" CC="10" />
            <SP ID="P25_SP00163" WIDTH="0" HPOS="0" VPOS="0" />
            <String ID="P25_S00183" HPOS="1104" VPOS="1701" WIDTH="196" HEIGHT="56" STYLEREFS="StyleId-1" CONTENT="includes" WC="0.76375" CC="06047000" />
            <SP ID="P25_SP00164" WIDTH="0" HPOS="0" VPOS="0" />
            <String ID="P25_S00184" HPOS="1339" VPOS="1700" WIDTH="120" HEIGHT="57" STYLEREFS="StyleId-1" CONTENT="three" WC="1" CC="00000" />
            <SP ID="P25_SP00165" WIDTH="0" HPOS="0" VPOS="0" />
            <String ID="P25_S00185" HPOS="1501" VPOS="1698" WIDTH="208" HEIGHT="59" STYLEREFS="StyleId-1" CONTENT="principal" WC="0.863333344" CC="1020000000" />
          </TextLine>
          <TextLine ID="P25_TL00021" HPOS="194" VPOS="1771" WIDTH="1515" HEIGHT="43">
            <String ID="P25_S00186" HPOS="194" VPOS="1776" WIDTH="222" HEIGHT="46" STYLEREFS="StyleId-1" CONTENT="Societies," WC="0.725" CC="7303057000" />
            <SP ID="P25_SP00166" WIDTH="0" HPOS="0" VPOS="0" />
            <String ID="P25_S00187" HPOS="452" VPOS="1777" WIDTH="63" HEIGHT="45" STYLEREFS="StyleId-1" CONTENT="La" WC="0.5" CC="010" />
            <SP ID="P25_SP00167" WIDTH="0" HPOS="0" VPOS="0" />
            <String ID="P25_S00188" HPOS="531" VPOS="1773" WIDTH="135" HEIGHT="49" STYLEREFS="StyleId-1" CONTENT="Croix" WC="0.818" CC="02140" />
            <SP ID="P25_SP00168" WIDTH="0" HPOS="0" VPOS="0" />
            <String ID="P25_S00189" HPOS="688" VPOS="1774" WIDTH="155" HEIGHT="48" STYLEREFS="StyleId-1" CONTENT="Rogue" WC="0.54" CC="061070" />
            <SP ID="P25_SP00169" WIDTH="0" HPOS="0" VPOS="0" />
            <String ID="P25_S00190" HPOS="865" VPOS="1769" WIDTH="221" HEIGHT="53" STYLEREFS="StyleId-1" CONTENT="Militaire," WC="0.657" CC="0474171170" />
            <SP ID="P25_SP00170" WIDTH="0" HPOS="0" VPOS="0" />
            <String ID="P25_S00191" HPOS="1111" VPOS="1766" WIDTH="144" HEIGHT="56" STYLEREFS="StyleId-1" CONTENT="which" WC="0.858" CC="30300" />
            <SP ID="P25_SP00171" WIDTH="0" HPOS="0" VPOS="0" />
            <String ID="P25_S00192" HPOS="1277" VPOS="1764" WIDTH="205" HEIGHT="58" STYLEREFS="StyleId-1" CONTENT="formerly" WC="0.86375" CC="34000030" />
            <SP ID="P25_SP00172" WIDTH="0" HPOS="0" VPOS="0" />
            <String ID="P25_S00193" HPOS="1502" VPOS="1762" WIDTH="207" HEIGHT="60" STYLEREFS="StyleId-1" CONTENT="admitted" WC="0.71875" CC="30750500" />
          </TextLine>
          <TextLine ID="P25_TL00022" HPOS="196" VPOS="1836" WIDTH="1511" HEIGHT="44">
            <String ID="P25_S00194" HPOS="196" VPOS="1843" WIDTH="103" HEIGHT="46" STYLEREFS="StyleId-1" CONTENT="only" WC="0.8525" CC="0050" />
            <SP ID="P25_SP00173" WIDTH="0" HPOS="0" VPOS="0" />
            <String ID="P25_S00195" HPOS="321" VPOS="1854" WIDTH="100" HEIGHT="35" STYLEREFS="StyleId-1" CONTENT="men" WC="0.863333344" CC="004" />
            <SP ID="P25_SP00174" WIDTH="0" HPOS="0" VPOS="0" />
            <String ID="P25_S00196" HPOS="439" VPOS="1855" WIDTH="7" HEIGHT="34" STYLEREFS="StyleId-1" CONTENT=";" WC="1" CC="0" />
            <SP ID="P25_SP00175" WIDTH="0" HPOS="0" VPOS="0" />
            <String ID="P25_S00197" HPOS="474" VPOS="1841" WIDTH="49" HEIGHT="48" STYLEREFS="StyleId-1" CONTENT="L'" WC="0.465" CC="100" />
            <SP ID="P25_SP00176" WIDTH="0" HPOS="0" VPOS="0" />
            <String ID="P25_S00198" HPOS="535" VPOS="1839" WIDTH="146" HEIGHT="50" STYLEREFS="StyleId-1" CONTENT="Union" WC="0.886" CC="00302" />
            <SP ID="P25_SP00177" WIDTH="0" HPOS="0" VPOS="0" />
            <String ID="P25_S00199" HPOS="703" VPOS="1839" WIDTH="77" HEIGHT="50" STYLEREFS="StyleId-1" CONTENT="des" WC="0.8" CC="203" />
            <SP ID="P25_SP00178" WIDTH="0" HPOS="0" VPOS="0" />
            <String ID="P25_S00200" HPOS="797" VPOS="1836" WIDTH="196" HEIGHT="53" STYLEREFS="StyleId-1" CONTENT="Femmes" WC="0.901666641" CC="000500" />
            <SP ID="P25_SP00179" WIDTH="0" HPOS="0" VPOS="0" />
            <String ID="P25_S00201" HPOS="1015" VPOS="1835" WIDTH="53" HEIGHT="54" STYLEREFS="StyleId-1" CONTENT="de" WC="1" CC="00" />
            <SP ID="P25_SP00180" WIDTH="0" HPOS="0" VPOS="0" />
            <String ID="P25_S00202" HPOS="1084" VPOS="1832" WIDTH="179" HEIGHT="57" STYLEREFS="StyleId-1" CONTENT="France," WC="0.7757143" CC="0164003" />
            <SP ID="P25_SP00181" WIDTH="0" HPOS="0" VPOS="0" />
            <String ID="P25_S00203" HPOS="1290" VPOS="1829" WIDTH="104" HEIGHT="60" STYLEREFS="StyleId-1" CONTENT="with" WC="0.635" CC="8006" />
            <SP ID="P25_SP00182" WIDTH="0" HPOS="0" VPOS="0" />
            <String ID="P25_S00204" HPOS="1418" VPOS="1829" WIDTH="103" HEIGHT="60" STYLEREFS="StyleId-1" CONTENT="only" WC="0.7975" CC="0800" />
            <SP ID="P25_SP00183" WIDTH="0" HPOS="0" VPOS="0" />
            <String ID="P25_S00205" HPOS="1542" VPOS="1839" WIDTH="165" HEIGHT="50" STYLEREFS="StyleId-1" CONTENT="women" WC="0.948" CC="02000" />
          </TextLine>
          <TextLine ID="P25_TL00023" HPOS="196" VPOS="1902" WIDTH="1508" HEIGHT="42">
            <String ID="P25_S00206" HPOS="196" VPOS="1919" WIDTH="211" HEIGHT="34" STYLEREFS="StyleId-1" CONTENT="surgeons" WC="0.79875" CC="47000130" />
            <SP ID="P25_SP00184" WIDTH="0" HPOS="0" VPOS="0" />
            <String ID="P25_S00207" HPOS="423" VPOS="1906" WIDTH="85" HEIGHT="47" STYLEREFS="StyleId-1" CONTENT="and" WC="0.72" CC="080" />
            <SP ID="P25_SP00185" WIDTH="0" HPOS="0" VPOS="0" />
            <String ID="P25_S00208" HPOS="524" VPOS="1904" WIDTH="267" HEIGHT="49" STYLEREFS="StyleId-1" CONTENT="attendants," WC="0.6872727" CC="70008056070" />
            <SP ID="P25_SP00186" WIDTH="0" HPOS="0" VPOS="0" />
            <String ID="P25_S00209" HPOS="810" VPOS="1900" WIDTH="197" HEIGHT="53" STYLEREFS="StyleId-1" CONTENT="presided" WC="0.8975" CC="02203000" />
            <SP ID="P25_SP00187" WIDTH="0" HPOS="0" VPOS="0" />
            <String ID="P25_S00210" HPOS="1030" VPOS="1909" WIDTH="100" HEIGHT="44" STYLEREFS="StyleId-1" CONTENT="over" WC="0.955" CC="1000" />
            <SP ID="P25_SP00188" WIDTH="0" HPOS="0" VPOS="0" />
            <String ID="P25_S00211" HPOS="1142" VPOS="1896" WIDTH="58" HEIGHT="57" STYLEREFS="StyleId-1" CONTENT="by" WC="0.705" CC="50" />
            <SP ID="P25_SP00189" WIDTH="0" HPOS="0" VPOS="0" />
            <String ID="P25_S00212" HPOS="1218" VPOS="1895" WIDTH="199" HEIGHT="58" STYLEREFS="StyleId-1" CONTENT="Madame" WC="1" CC="000000" />
            <SP ID="P25_SP00190" WIDTH="0" HPOS="0" VPOS="0" />
            <String ID="P25_S00213" HPOS="1435" VPOS="1894" WIDTH="52" HEIGHT="59" STYLEREFS="StyleId-1" CONTENT="D." WC="0.64" CC="70" />
            <SP ID="P25_SP00191" WIDTH="0" HPOS="0" VPOS="0" />
            <String ID="P25_S00214" HPOS="1507" VPOS="1894" WIDTH="197" HEIGHT="59" STYLEREFS="StyleId-1" CONTENT="Perouse," WC="0.81625" CC="50016100" />
          </TextLine>
          <TextLine ID="P25_TL00024" HPOS="197" VPOS="1966" WIDTH="1510" HEIGHT="40">
            <String ID="P25_S00215" HPOS="197" VPOS="1974" WIDTH="83" HEIGHT="37" STYLEREFS="StyleId-1" CONTENT="and" WC="0.57" CC="660" />
            <SP ID="P25_SP00192" WIDTH="0" HPOS="0" VPOS="0" />
            <String ID="P25_S00216" HPOS="304" VPOS="1975" WIDTH="82" HEIGHT="40" STYLEREFS="StyleId-1" CONTENT="Les" WC="0.8066667" CC="032" />
            <SP ID="P25_SP00193" WIDTH="0" HPOS="0" VPOS="0" />
            <String ID="P25_S00217" HPOS="409" VPOS="1974" WIDTH="157" HEIGHT="41" STYLEREFS="StyleId-1" CONTENT="Dames" WC="0.798" CC="04006" />
            <SP ID="P25_SP00194" WIDTH="0" HPOS="0" VPOS="0" />
            <String ID="P25_S00218" HPOS="587" VPOS="1970" WIDTH="55" HEIGHT="45" STYLEREFS="StyleId-1" CONTENT="de" WC="0.875" CC="02" />
            <SP ID="P25_SP00195" WIDTH="0" HPOS="0" VPOS="0" />
            <String ID="P25_S00219" HPOS="677" VPOS="1967" WIDTH="180" HEIGHT="48" STYLEREFS="StyleId-1" CONTENT="France," WC="0.7985714" CC="0507001" />
            <SP ID="P25_SP00196" WIDTH="0" HPOS="0" VPOS="0" />
            <String ID="P25_S00220" HPOS="894" VPOS="1965" WIDTH="145" HEIGHT="50" STYLEREFS="StyleId-1" CONTENT="whose" WC="0.702" CC="70303" />
            <SP ID="P25_SP00197" WIDTH="0" HPOS="0" VPOS="0" />
            <String ID="P25_S00221" HPOS="1080" VPOS="1959" WIDTH="288" HEIGHT="56" STYLEREFS="StyleId-1" CONTENT="membership" WC="0.891" CC="0000043030" />
            <SP ID="P25_SP00198" WIDTH="0" HPOS="0" VPOS="0" />
            <String ID="P25_S00222" HPOS="1403" VPOS="1958" WIDTH="35" HEIGHT="57" STYLEREFS="StyleId-1" CONTENT="is" WC="1" CC="00" />
            <SP ID="P25_SP00199" WIDTH="0" HPOS="0" VPOS="0" />
            <String ID="P25_S00223" HPOS="1480" VPOS="1956" WIDTH="227" HEIGHT="59" STYLEREFS="StyleId-1" CONTENT="composed" WC="0.955" CC="00000300" />
          </TextLine>
          <TextLine ID="P25_TL00025" HPOS="197" VPOS="2030" WIDTH="1512" HEIGHT="46">
            <String ID="P25_S00224" HPOS="197" VPOS="2039" WIDTH="164" HEIGHT="46" STYLEREFS="StyleId-1" CONTENT="mainly" WC="0.895" CC="030200" />
            <SP ID="P25_SP00200" WIDTH="0" HPOS="0" VPOS="0" />
            <String ID="P25_S00225" HPOS="384" VPOS="2037" WIDTH="45" HEIGHT="48" STYLEREFS="StyleId-1" CONTENT="of" WC="0.485" CC="54" />
            <SP ID="P25_SP00201" WIDTH="0" HPOS="0" VPOS="0" />
            <String ID="P25_S00226" HPOS="445" VPOS="2038" WIDTH="74" HEIGHT="47" STYLEREFS="StyleId-1" CONTENT="the" WC="0.766666651" CC="070" />
            <SP ID="P25_SP00202" WIDTH="0" HPOS="0" VPOS="0" />
            <String ID="P25_S00227" HPOS="541" VPOS="2036" WIDTH="133" HEIGHT="49" STYLEREFS="StyleId-1" CONTENT="wives" WC="0.866" CC="60000" />
            <SP ID="P25_SP00203" WIDTH="0" HPOS="0" VPOS="0" />
            <String ID="P25_S00228" HPOS="695" VPOS="2033" WIDTH="46" HEIGHT="52" STYLEREFS="StyleId-1" CONTENT="of" WC="0.73" CC="05" />
            <SP ID="P25_SP00204" WIDTH="0" HPOS="0" VPOS="0" />
            <String ID="P25_S00229" HPOS="760" VPOS="2032" WIDTH="298" HEIGHT="53" STYLEREFS="StyleId-1" CONTENT="Government" WC="0.819" CC="6000140060" />
            <SP ID="P25_SP00205" WIDTH="0" HPOS="0" VPOS="0" />
            <String ID="P25_S00230" HPOS="1072" VPOS="2025" WIDTH="203" HEIGHT="60" STYLEREFS="StyleId-1" CONTENT="Officials," WC="0.941" CC="0000030200" />
            <SP ID="P25_SP00206" WIDTH="0" HPOS="0" VPOS="0" />
            <String ID="P25_S00231" HPOS="1297" VPOS="2023" WIDTH="45" HEIGHT="62" STYLEREFS="StyleId-1" CONTENT="of" WC="0.735" CC="05" />
            <SP ID="P25_SP00207" WIDTH="0" HPOS="0" VPOS="0" />
            <String ID="P25_S00232" HPOS="1355" VPOS="2022" WIDTH="140" HEIGHT="63" STYLEREFS="StyleId-1" CONTENT="which" WC="0.654" CC="06307" />
            <SP ID="P25_SP00208" WIDTH="0" HPOS="0" VPOS="0" />
            <String ID="P25_S00233" HPOS="1512" VPOS="2021" WIDTH="197" HEIGHT="64" STYLEREFS="StyleId-1" CONTENT="Madame" WC="0.855" CC="000800" />
          </TextLine>
          <TextLine ID="P25_TL00026" HPOS="196" VPOS="2103" WIDTH="565" HEIGHT="43">
            <String ID="P25_S00234" HPOS="196" VPOS="2106" WIDTH="164" HEIGHT="38" STYLEREFS="StyleId-1" CONTENT="Carnot" WC="0.635" CC="080850" />
            <SP ID="P25_SP00209" WIDTH="0" HPOS="0" VPOS="0" />
            <String ID="P25_S00235" HPOS="382" VPOS="2104" WIDTH="37" HEIGHT="40" STYLEREFS="StyleId-1" CONTENT="is" WC="0.87" CC="20" />
            <SP ID="P25_SP00210" WIDTH="0" HPOS="0" VPOS="0" />
            <String ID="P25_S00236" HPOS="434" VPOS="2103" WIDTH="76" HEIGHT="41" STYLEREFS="StyleId-1" CONTENT="the" WC="0.8433333" CC="040" />
            <SP ID="P25_SP00211" WIDTH="0" HPOS="0" VPOS="0" />
            <String ID="P25_S00237" HPOS="528" VPOS="2100" WIDTH="233" HEIGHT="48" STYLEREFS="StyleId-1" CONTENT="president." WC="0.818" CC="0300700700" />
          </TextLine>
          <TextLine ID="P25_TL00027" HPOS="278" VPOS="2159" WIDTH="1428" HEIGHT="47">
            <String ID="P25_S00238" HPOS="278" VPOS="2169" WIDTH="97" HEIGHT="40" STYLEREFS="StyleId-1" CONTENT="The" WC="0.76" CC="700" />
            <SP ID="P25_SP00212" WIDTH="0" HPOS="0" VPOS="0" />
            <String ID="P25_S00239" HPOS="416" VPOS="2168" WIDTH="100" HEIGHT="46" STYLEREFS="StyleId-1" CONTENT="fifty" WC="0.902" CC="00400" />
            <SP ID="P25_SP00213" WIDTH="0" HPOS="0" VPOS="0" />
            <String ID="P25_S00240" HPOS="558" VPOS="2166" WIDTH="221" HEIGHT="48" STYLEREFS="StyleId-1" CONTENT="delegates" WC="0.95" CC="000004000" />
            <SP ID="P25_SP00214" WIDTH="0" HPOS="0" VPOS="0" />
            <String ID="P25_S00241" HPOS="814" VPOS="2159" WIDTH="257" HEIGHT="55" STYLEREFS="StyleId-1" CONTENT="composing" WC="0.8577778" CC="000010370" />
            <SP ID="P25_SP00215" WIDTH="0" HPOS="0" VPOS="0" />
            <String ID="P25_S00242" HPOS="1110" VPOS="2156" WIDTH="75" HEIGHT="58" STYLEREFS="StyleId-1" CONTENT="the" WC="1" CC="000" />
            <SP ID="P25_SP00216" WIDTH="0" HPOS="0" VPOS="0" />
            <String ID="P25_S00243" HPOS="1216" VPOS="2153" WIDTH="247" HEIGHT="61" STYLEREFS="StyleId-1" CONTENT="committee" WC="0.9677778" CC="000020000" />
            <SP ID="P25_SP00217" WIDTH="0" HPOS="0" VPOS="0" />
            <String ID="P25_S00244" HPOS="1486" VPOS="2151" WIDTH="83" HEIGHT="63" STYLEREFS="StyleId-1" CONTENT="and" WC="1" CC="000" />
            <SP ID="P25_SP00218" WIDTH="0" HPOS="0" VPOS="0" />
            <String ID="P25_S00245" HPOS="1610" VPOS="2150" WIDTH="96" HEIGHT="64" STYLEREFS="StyleId-1" CONTENT="sub¬" WC="0.925" CC="0300" />
          </TextLine>
          <TextLine ID="P25_TL00028" HPOS="195" VPOS="2224" WIDTH="1515" HEIGHT="42">
            <String ID="P25_S00246" HPOS="195" VPOS="2236" WIDTH="274" HEIGHT="39" STYLEREFS="StyleId-1" CONTENT="committees" WC="0.649" CC="10108050260" />
            <SP ID="P25_SP00219" WIDTH="0" HPOS="0" VPOS="0" />
            <String ID="P25_S00247" HPOS="490" VPOS="2245" WIDTH="72" HEIGHT="30" STYLEREFS="StyleId-1" CONTENT="are" WC="0.25" CC="975" />
            <SP ID="P25_SP00220" WIDTH="0" HPOS="0" VPOS="0" />
            <String ID="P25_S00248" HPOS="583" VPOS="2232" WIDTH="162" HEIGHT="43" STYLEREFS="StyleId-1" CONTENT="chosen" WC="0.835" CC="000036" />
            <SP ID="P25_SP00221" WIDTH="0" HPOS="0" VPOS="0" />
            <String ID="P25_S00249" HPOS="769" VPOS="2228" WIDTH="111" HEIGHT="47" STYLEREFS="StyleId-1" CONTENT="from" WC="0.7" CC="4700" />
            <SP ID="P25_SP00222" WIDTH="0" HPOS="0" VPOS="0" />
            <String ID="P25_S00250" HPOS="903" VPOS="2227" WIDTH="120" HEIGHT="48" STYLEREFS="StyleId-1" CONTENT="these" WC="0.612" CC="43605" />
            <SP ID="P25_SP00223" WIDTH="0" HPOS="0" VPOS="0" />
            <String ID="P25_S00251" HPOS="1045" VPOS="2224" WIDTH="120" HEIGHT="51" STYLEREFS="StyleId-1" CONTENT="three" WC="0.624" CC="00656" />
            <SP ID="P25_SP00224" WIDTH="0" HPOS="0" VPOS="0" />
            <String ID="P25_S00252" HPOS="1186" VPOS="2218" WIDTH="197" HEIGHT="57" STYLEREFS="StyleId-1" CONTENT="societies" WC="0.8066667" CC="300360300" />
            <SP ID="P25_SP00225" WIDTH="0" HPOS="0" VPOS="0" />
            <String ID="P25_S00253" HPOS="1406" VPOS="2216" WIDTH="82" HEIGHT="59" STYLEREFS="StyleId-1" CONTENT="and" WC="0.7866667" CC="060" />
            <SP ID="P25_SP00226" WIDTH="0" HPOS="0" VPOS="0" />
            <String ID="P25_S00254" HPOS="1513" VPOS="2216" WIDTH="109" HEIGHT="59" STYLEREFS="StyleId-1" CONTENT="from" WC="0.605" CC="0609" />
            <SP ID="P25_SP00227" WIDTH="0" HPOS="0" VPOS="0" />
            <String ID="P25_S00255" HPOS="1636" VPOS="2216" WIDTH="73" HEIGHT="59" STYLEREFS="StyleId-1" CONTENT="the" WC="0.863333344" CC="040" />
          </TextLine>
          <TextLine ID="P25_TL00029" HPOS="195" VPOS="2289" WIDTH="1513" HEIGHT="51">
            <String ID="P25_S00256" HPOS="195" VPOS="2303" WIDTH="220" HEIGHT="46" STYLEREFS="StyleId-1" CONTENT="delegates" WC="0.75777775" CC="005006009" />
            <SP ID="P25_SP00228" WIDTH="0" HPOS="0" VPOS="0" />
            <String ID="P25_S00257" HPOS="438" VPOS="2296" WIDTH="245" HEIGHT="53" STYLEREFS="StyleId-1" CONTENT="accredited" WC="0.892" CC="8001000000" />
            <SP ID="P25_SP00229" WIDTH="0" HPOS="0" VPOS="0" />
            <String ID="P25_S00258" HPOS="706" VPOS="2300" WIDTH="44" HEIGHT="49" STYLEREFS="StyleId-1" CONTENT="to" WC="1" CC="00" />
            <SP ID="P25_SP00230" WIDTH="0" HPOS="0" VPOS="0" />
            <String ID="P25_S00259" HPOS="773" VPOS="2294" WIDTH="74" HEIGHT="55" STYLEREFS="StyleId-1" CONTENT="the" WC="1" CC="000" />
            <SP ID="P25_SP00231" WIDTH="0" HPOS="0" VPOS="0" />
            <String ID="P25_S00260" HPOS="871" VPOS="2290" WIDTH="195" HEIGHT="59" STYLEREFS="StyleId-1" CONTENT="Military" WC="0.7375" CC="00748000" />
            <SP ID="P25_SP00232" WIDTH="0" HPOS="0" VPOS="0" />
            <String ID="P25_S00261" HPOS="1088" VPOS="2287" WIDTH="298" HEIGHT="62" STYLEREFS="StyleId-1" CONTENT="Government" WC="0.754" CC="6000550070" />
            <SP ID="P25_SP00233" WIDTH="0" HPOS="0" VPOS="0" />
            <String ID="P25_S00262" HPOS="1407" VPOS="2282" WIDTH="45" HEIGHT="67" STYLEREFS="StyleId-1" CONTENT="of" WC="0.885" CC="02" />
            <SP ID="P25_SP00234" WIDTH="0" HPOS="0" VPOS="0" />
            <String ID="P25_S00263" HPOS="1469" VPOS="2280" WIDTH="134" HEIGHT="69" STYLEREFS="StyleId-1" CONTENT="Paris," WC="0.79" CC="505100" />
            <SP ID="P25_SP00235" WIDTH="0" HPOS="0" VPOS="0" />
            <String ID="P25_S00264" HPOS="1626" VPOS="2280" WIDTH="82" HEIGHT="69" STYLEREFS="StyleId-1" CONTENT="and" WC="0.7133333" CC="080" />
          </TextLine>
          <TextLine ID="P25_TL00030" HPOS="938" VPOS="2371" WIDTH="40" HEIGHT="33">
            <String ID="P25_S00265" HPOS="938" VPOS="2371" WIDTH="40" HEIGHT="33" STYLEREFS="StyleId-2" CONTENT="21" WC="1" CC="00" />
          </TextLine>
        </TextBlock>
      </PrintSpace>
    </Page>
  </Layout>
</alto>