<?xml version="1.0" encoding="utf-8"?>
<alto xmlns:xlink="http://www.w3.org/1999/xlink" xmlns:xsi="http://www.w3.org/2001/XMLSchema-instance" xsi:schemaLocation="http://www.loc.gov/standards/alto/ns-v2# http://www.loc.gov/standards/alto/alto-v2.0.xsd" xmlns="http://www.loc.gov/standards/alto/ns-v2#">
  <Description>
    <MeasurementUnit>pixel</MeasurementUnit>
    <sourceImageInformation>
      <fileName>0000027.tif</fileName>
    </sourceImageInformation>
    <OCRProcessing ID="Processing">
      <ocrProcessingStep>
        <processingStepSettings>Image Resolution:400</processingStepSettings>
        <processingSoftware>
          <softwareCreator>I2S Kirtas</softwareCreator>
          <softwareName>Limb</softwareName>
          <softwareVersion>1.0</softwareVersion>
          <applicationDescription>Abbyy10 OCR Engine</applicationDescription>
        </processingSoftware>
      </ocrProcessingStep>
    </OCRProcessing>
  </Description>
  <Styles>
    <TextStyle ID="StyleId-0" FONTSIZE="9" FONTFAMILY="Times New Roman" />
    <TextStyle ID="StyleId-1" FONTSIZE="7" FONTFAMILY="Times New Roman" />
  </Styles>
  <Layout>
    <Page ID="P27" PHYSICAL_IMG_NR="27" HEIGHT="2800" WIDTH="1900" ACCURACY="0.8434279" QUALITY_DETAIL="64 words, 295 chars, 245 with recognition greater than 50% (83.05%)">
      <TopMargin ID="P27_TM00001" HPOS="0" VPOS="0" WIDTH="1900" HEIGHT="315" />
      <LeftMargin ID="P27_LM00001" HPOS="0" VPOS="315" WIDTH="185" HEIGHT="565" />
      <RightMargin ID="P27_RM00001" HPOS="1718" VPOS="315" WIDTH="182" HEIGHT="565" />
      <BottomMargin ID="P27_BM00001" HPOS="0" VPOS="880" WIDTH="1900" HEIGHT="1920" />
      <PrintSpace ID="P27_PS00001" HPOS="185" VPOS="315" WIDTH="1533" HEIGHT="565">
        <TextBlock ID="P27_TB00001" HPOS="665" VPOS="315" WIDTH="569" HEIGHT="53">
          <TextLine ID="P27_TL00001" HPOS="673" VPOS="323" WIDTH="553" HEIGHT="37">
            <String ID="P27_S00001" HPOS="673" VPOS="323" WIDTH="201" HEIGHT="35" STYLEREFS="StyleId-0" CONTENT="WOMAN" WC="0.918" CC="04000" />
            <SP ID="P27_SP00001" WIDTH="0" HPOS="0" VPOS="0" />
            <String ID="P27_S00002" HPOS="893" VPOS="325" WIDTH="56" HEIGHT="34" STYLEREFS="StyleId-0" CONTENT="IN" WC="0.98" CC="00" />
            <SP ID="P27_SP00002" WIDTH="0" HPOS="0" VPOS="0" />
            <String ID="P27_S00003" HPOS="969" VPOS="325" WIDTH="257" HEIGHT="35" STYLEREFS="StyleId-0" CONTENT="MEDICINE" WC="0.9325" CC="00000040" />
          </TextLine>
        </TextBlock>
        <TextBlock ID="P27_TB00002" HPOS="1656" VPOS="319" WIDTH="59" HEIGHT="49">
          <TextLine ID="P27_TL00002" HPOS="1664" VPOS="327" WIDTH="43" HEIGHT="33">
            <String ID="P27_S00004" HPOS="1664" VPOS="327" WIDTH="43" HEIGHT="33" STYLEREFS="StyleId-1" CONTENT="23" WC="0.895" CC="02" />
          </TextLine>
        </TextBlock>
        <TextBlock ID="P27_TB00003" HPOS="185" VPOS="429" WIDTH="1533" HEIGHT="451">
          <TextLine ID="P27_TL00003" HPOS="193" VPOS="437" WIDTH="1513" HEIGHT="51">
            <String ID="P27_S00005" HPOS="193" VPOS="438" WIDTH="75" HEIGHT="38" STYLEREFS="StyleId-0" CONTENT="the" WC="0.85" CC="400" />
            <SP ID="P27_SP00003" WIDTH="0" HPOS="0" VPOS="0" />
            <String ID="P27_S00006" HPOS="283" VPOS="437" WIDTH="136" HEIGHT="39" STYLEREFS="StyleId-0" CONTENT="heads" WC="0.824" CC="60002" />
            <SP ID="P27_SP00004" WIDTH="0" HPOS="0" VPOS="0" />
            <String ID="P27_S00007" HPOS="439" VPOS="438" WIDTH="47" HEIGHT="39" STYLEREFS="StyleId-0" CONTENT="of" WC="0.89" CC="02" />
            <SP ID="P27_SP00005" WIDTH="0" HPOS="0" VPOS="0" />
            <String ID="P27_S00008" HPOS="509" VPOS="440" WIDTH="214" HEIGHT="38" STYLEREFS="StyleId-0" CONTENT="wounded" WC="0.802857161" CC="0037300" />
            <SP ID="P27_SP00006" WIDTH="0" HPOS="0" VPOS="0" />
            <String ID="P27_S00009" HPOS="748" VPOS="441" WIDTH="84" HEIGHT="37" STYLEREFS="StyleId-0" CONTENT="and" WC="0.7733333" CC="060" />
            <SP ID="P27_SP00007" WIDTH="0" HPOS="0" VPOS="0" />
            <String ID="P27_S00010" HPOS="875" VPOS="453" WIDTH="108" HEIGHT="27" STYLEREFS="StyleId-0" CONTENT="even" WC="0.815" CC="0007" />
            <SP ID="P27_SP00008" WIDTH="0" HPOS="0" VPOS="0" />
            <String ID="P27_S00011" HPOS="1022" VPOS="441" WIDTH="187" HEIGHT="47" STYLEREFS="StyleId-0" CONTENT="patients" WC="0.83375" CC="00030530" />
            <SP ID="P27_SP00009" WIDTH="0" HPOS="0" VPOS="0" />
            <String ID="P27_S00012" HPOS="1250" VPOS="442" WIDTH="146" HEIGHT="46" STYLEREFS="StyleId-0" CONTENT="whose" WC="0.792" CC="04040" />
            <SP ID="P27_SP00010" WIDTH="0" HPOS="0" VPOS="0" />
            <String ID="P27_S00013" HPOS="1436" VPOS="442" WIDTH="146" HEIGHT="46" STYLEREFS="StyleId-0" CONTENT="brains" WC="0.783333361" CC="075000" />
            <SP ID="P27_SP00011" WIDTH="0" HPOS="0" VPOS="0" />
            <String ID="P27_S00014" HPOS="1623" VPOS="443" WIDTH="83" HEIGHT="45" STYLEREFS="StyleId-0" CONTENT="had" WC="0.81" CC="500" />
          </TextLine>
          <TextLine ID="P27_TL00004" HPOS="193" VPOS="503" WIDTH="841" HEIGHT="49">
            <String ID="P27_S00015" HPOS="193" VPOS="503" WIDTH="108" HEIGHT="39" STYLEREFS="StyleId-0" CONTENT="been" WC="0.84" CC="0006" />
            <SP ID="P27_SP00012" WIDTH="0" HPOS="0" VPOS="0" />
            <String ID="P27_S00016" HPOS="322" VPOS="505" WIDTH="176" HEIGHT="38" STYLEREFS="StyleId-0" CONTENT="entered" WC="1" CC="0000000" />
            <SP ID="P27_SP00013" WIDTH="0" HPOS="0" VPOS="0" />
            <String ID="P27_S00017" HPOS="523" VPOS="505" WIDTH="56" HEIGHT="47" STYLEREFS="StyleId-0" CONTENT="by" WC="1" CC="00" />
            <SP ID="P27_SP00014" WIDTH="0" HPOS="0" VPOS="0" />
            <String ID="P27_S00018" HPOS="596" VPOS="506" WIDTH="160" HEIGHT="46" STYLEREFS="StyleId-0" CONTENT="bullets" WC="0.8042857" CC="0501006" />
            <SP ID="P27_SP00015" WIDTH="0" HPOS="0" VPOS="0" />
            <String ID="P27_S00019" HPOS="773" VPOS="507" WIDTH="110" HEIGHT="45" STYLEREFS="StyleId-0" CONTENT="have" WC="1" CC="0000" />
            <SP ID="P27_SP00016" WIDTH="0" HPOS="0" VPOS="0" />
            <String ID="P27_S00020" HPOS="904" VPOS="506" WIDTH="130" HEIGHT="46" STYLEREFS="StyleId-0" CONTENT="lived." WC="0.9433333" CC="030000" />
          </TextLine>
          <TextLine ID="P27_TL00005" HPOS="278" VPOS="565" WIDTH="1430" HEIGHT="54">
            <String ID="P27_S00021" HPOS="278" VPOS="567" WIDTH="111" HEIGHT="41" STYLEREFS="StyleId-0" CONTENT="This" WC="0.785" CC="7100" />
            <SP ID="P27_SP00017" WIDTH="0" HPOS="0" VPOS="0" />
            <String ID="P27_S00022" HPOS="411" VPOS="571" WIDTH="106" HEIGHT="37" STYLEREFS="StyleId-0" CONTENT="ends" WC="0.7375" CC="0108" />
            <SP ID="P27_SP00018" WIDTH="0" HPOS="0" VPOS="0" />
            <String ID="P27_S00023" HPOS="539" VPOS="583" WIDTH="74" HEIGHT="35" STYLEREFS="StyleId-0" CONTENT="my" WC="0.73" CC="50" />
            <SP ID="P27_SP00019" WIDTH="0" HPOS="0" VPOS="0" />
            <String ID="P27_S00024" HPOS="636" VPOS="571" WIDTH="112" HEIGHT="47" STYLEREFS="StyleId-0" CONTENT="little" WC="1" CC="000000" />
            <SP ID="P27_SP00020" WIDTH="0" HPOS="0" VPOS="0" />
            <String ID="P27_S00025" HPOS="770" VPOS="584" WIDTH="125" HEIGHT="35" STYLEREFS="StyleId-0" CONTENT="essay" WC="0.86" CC="00007" />
            <SP ID="P27_SP00021" WIDTH="0" HPOS="0" VPOS="0" />
            <String ID="P27_S00026" HPOS="917" VPOS="585" WIDTH="56" HEIGHT="34" STYLEREFS="StyleId-0" CONTENT="on" WC="0.795" CC="04" />
            <SP ID="P27_SP00022" WIDTH="0" HPOS="0" VPOS="0" />
            <String ID="P27_S00027" HPOS="1000" VPOS="565" WIDTH="220" HEIGHT="54" STYLEREFS="StyleId-0" CONTENT="&quot;Woman" WC="0.776666641" CC="700500" />
            <SP ID="P27_SP00023" WIDTH="0" HPOS="0" VPOS="0" />
            <String ID="P27_S00028" HPOS="1245" VPOS="572" WIDTH="43" HEIGHT="47" STYLEREFS="StyleId-0" CONTENT="in" WC="1" CC="00" />
            <SP ID="P27_SP00024" WIDTH="0" HPOS="0" VPOS="0" />
            <String ID="P27_S00029" HPOS="1309" VPOS="572" WIDTH="267" HEIGHT="47" STYLEREFS="StyleId-0" CONTENT="Medicine.&quot;" WC="0.734" CC="0032067007" />
            <SP ID="P27_SP00025" WIDTH="0" HPOS="0" VPOS="0" />
            <String ID="P27_S00030" HPOS="1668" VPOS="575" WIDTH="40" HEIGHT="44" STYLEREFS="StyleId-0" CONTENT="It" WC="0.945" CC="00" />
          </TextLine>
          <TextLine ID="P27_TL00006" HPOS="196" VPOS="634" WIDTH="1510" HEIGHT="51">
            <String ID="P27_S00031" HPOS="196" VPOS="634" WIDTH="37" HEIGHT="40" STYLEREFS="StyleId-0" CONTENT="is" WC="1" CC="00" />
            <SP ID="P27_SP00026" WIDTH="0" HPOS="0" VPOS="0" />
            <String ID="P27_S00032" HPOS="255" VPOS="635" WIDTH="160" HEIGHT="48" STYLEREFS="StyleId-0" CONTENT="simply" WC="0.87166667" CC="040030" />
            <SP ID="P27_SP00027" WIDTH="0" HPOS="0" VPOS="0" />
            <String ID="P27_S00033" HPOS="439" VPOS="650" WIDTH="23" HEIGHT="33" STYLEREFS="StyleId-0" CONTENT="a" WC="1" CC="0" />
            <SP ID="P27_SP00028" WIDTH="0" HPOS="0" VPOS="0" />
            <String ID="P27_S00034" HPOS="482" VPOS="649" WIDTH="105" HEIGHT="34" STYLEREFS="StyleId-0" CONTENT="very" WC="0.79" CC="8000" />
            <SP ID="P27_SP00029" WIDTH="0" HPOS="0" VPOS="0" />
            <String ID="P27_S00035" HPOS="610" VPOS="637" WIDTH="110" HEIGHT="46" STYLEREFS="StyleId-0" CONTENT="brief" WC="0.858" CC="05100" />
            <SP ID="P27_SP00030" WIDTH="0" HPOS="0" VPOS="0" />
            <String ID="P27_S00036" HPOS="761" VPOS="643" WIDTH="185" HEIGHT="40" STYLEREFS="StyleId-0" CONTENT="account" WC="0.898571432" CC="0000070" />
            <SP ID="P27_SP00031" WIDTH="0" HPOS="0" VPOS="0" />
            <String ID="P27_S00037" HPOS="987" VPOS="638" WIDTH="45" HEIGHT="45" STYLEREFS="StyleId-0" CONTENT="of" WC="0.705" CC="05" />
            <SP ID="P27_SP00032" WIDTH="0" HPOS="0" VPOS="0" />
            <String ID="P27_S00038" HPOS="1062" VPOS="639" WIDTH="74" HEIGHT="44" STYLEREFS="StyleId-0" CONTENT="the" WC="1" CC="000" />
            <SP ID="P27_SP00033" WIDTH="0" HPOS="0" VPOS="0" />
            <String ID="P27_S00039" HPOS="1157" VPOS="638" WIDTH="167" HEIGHT="46" STYLEREFS="StyleId-0" CONTENT="history" WC="0.9442857" CC="0000300" />
            <SP ID="P27_SP00034" WIDTH="0" HPOS="0" VPOS="0" />
            <String ID="P27_S00040" HPOS="1345" VPOS="638" WIDTH="44" HEIGHT="46" STYLEREFS="StyleId-0" CONTENT="of" WC="0.875" CC="02" />
            <SP ID="P27_SP00035" WIDTH="0" HPOS="0" VPOS="0" />
            <String ID="P27_S00041" HPOS="1411" VPOS="651" WIDTH="166" HEIGHT="33" STYLEREFS="StyleId-0" CONTENT="women" WC="0.888" CC="50000" />
            <SP ID="P27_SP00036" WIDTH="0" HPOS="0" VPOS="0" />
            <String ID="P27_S00042" HPOS="1599" VPOS="639" WIDTH="107" HEIGHT="46" STYLEREFS="StyleId-0" CONTENT="phy¬" WC="0.565" CC="6640" />
          </TextLine>
          <TextLine ID="P27_TL00007" HPOS="196" VPOS="700" WIDTH="1509" HEIGHT="50">
            <String ID="P27_S00043" HPOS="196" VPOS="700" WIDTH="159" HEIGHT="40" STYLEREFS="StyleId-0" CONTENT="sicians" WC="0.7057143" CC="0401870" />
            <SP ID="P27_SP00037" WIDTH="0" HPOS="0" VPOS="0" />
            <String ID="P27_S00044" HPOS="369" VPOS="703" WIDTH="83" HEIGHT="37" STYLEREFS="StyleId-0" CONTENT="and" WC="0.453333348" CC="880" />
            <SP ID="P27_SP00038" WIDTH="0" HPOS="0" VPOS="0" />
            <String ID="P27_S00045" HPOS="471" VPOS="714" WIDTH="213" HEIGHT="35" STYLEREFS="StyleId-0" CONTENT="surgeons" WC="0.68" CC="33073015" />
            <SP ID="P27_SP00039" WIDTH="0" HPOS="0" VPOS="0" />
            <String ID="P27_S00046" HPOS="702" VPOS="717" WIDTH="7" HEIGHT="32" STYLEREFS="StyleId-0" CONTENT=";" WC="1" CC="0" />
            <SP ID="P27_SP00040" WIDTH="0" HPOS="0" VPOS="0" />
            <String ID="P27_S00047" HPOS="731" VPOS="703" WIDTH="77" HEIGHT="46" STYLEREFS="StyleId-0" CONTENT="but" WC="0.82" CC="050" />
            <SP ID="P27_SP00041" WIDTH="0" HPOS="0" VPOS="0" />
            <String ID="P27_S00048" HPOS="823" VPOS="703" WIDTH="171" HEIGHT="46" STYLEREFS="StyleId-0" CONTENT="written" WC="0.8842857" CC="0000008" />
            <SP ID="P27_SP00042" WIDTH="0" HPOS="0" VPOS="0" />
            <String ID="P27_S00049" HPOS="1013" VPOS="703" WIDTH="66" HEIGHT="46" STYLEREFS="StyleId-0" CONTENT="for" WC="0.74333334" CC="304" />
            <SP ID="P27_SP00043" WIDTH="0" HPOS="0" VPOS="0" />
            <String ID="P27_S00050" HPOS="1095" VPOS="704" WIDTH="74" HEIGHT="45" STYLEREFS="StyleId-0" CONTENT="the" WC="0.99333334" CC="000" />
            <SP ID="P27_SP00044" WIDTH="0" HPOS="0" VPOS="0" />
            <String ID="P27_S00051" HPOS="1185" VPOS="703" WIDTH="257" HEIGHT="47" STYLEREFS="StyleId-0" CONTENT="inspiration" WC="0.88" CC="37001000000" />
            <SP ID="P27_SP00045" WIDTH="0" HPOS="0" VPOS="0" />
            <String ID="P27_S00052" HPOS="1464" VPOS="703" WIDTH="45" HEIGHT="47" STYLEREFS="StyleId-0" CONTENT="of" WC="0.785" CC="13" />
            <SP ID="P27_SP00046" WIDTH="0" HPOS="0" VPOS="0" />
            <String ID="P27_S00053" HPOS="1524" VPOS="716" WIDTH="181" HEIGHT="34" STYLEREFS="StyleId-0" CONTENT="women," WC="0.783333361" CC="820020" />
          </TextLine>
          <TextLine ID="P27_TL00008" HPOS="198" VPOS="767" WIDTH="1512" HEIGHT="48">
            <String ID="P27_S00054" HPOS="198" VPOS="767" WIDTH="233" HEIGHT="48" STYLEREFS="StyleId-0" CONTENT="especially" WC="0.825" CC="0000740050" />
            <SP ID="P27_SP00047" WIDTH="0" HPOS="0" VPOS="0" />
            <String ID="P27_S00055" HPOS="475" VPOS="775" WIDTH="44" HEIGHT="40" STYLEREFS="StyleId-0" CONTENT="to" WC="0.735" CC="05" />
            <SP ID="P27_SP00048" WIDTH="0" HPOS="0" VPOS="0" />
            <String ID="P27_S00056" HPOS="561" VPOS="769" WIDTH="126" HEIGHT="46" STYLEREFS="StyleId-0" CONTENT="those" WC="0.766" CC="05060" />
            <SP ID="P27_SP00049" WIDTH="0" HPOS="0" VPOS="0" />
            <String ID="P27_S00057" HPOS="729" VPOS="768" WIDTH="193" HEIGHT="47" STYLEREFS="StyleId-0" CONTENT="inclined" WC="0.86" CC="07040000" />
            <SP ID="P27_SP00050" WIDTH="0" HPOS="0" VPOS="0" />
            <String ID="P27_S00058" HPOS="966" VPOS="775" WIDTH="43" HEIGHT="40" STYLEREFS="StyleId-0" CONTENT="to" WC="1" CC="00" />
            <SP ID="P27_SP00051" WIDTH="0" HPOS="0" VPOS="0" />
            <String ID="P27_S00059" HPOS="1052" VPOS="769" WIDTH="73" HEIGHT="46" STYLEREFS="StyleId-0" CONTENT="the" WC="1" CC="000" />
            <SP ID="P27_SP00052" WIDTH="0" HPOS="0" VPOS="0" />
            <String ID="P27_S00060" HPOS="1166" VPOS="771" WIDTH="130" HEIGHT="44" STYLEREFS="StyleId-0" CONTENT="study" WC="0.578" CC="80066" />
            <SP ID="P27_SP00053" WIDTH="0" HPOS="0" VPOS="0" />
            <String ID="P27_S00061" HPOS="1340" VPOS="770" WIDTH="82" HEIGHT="45" STYLEREFS="StyleId-0" CONTENT="and" WC="0.75666666" CC="007" />
            <SP ID="P27_SP00054" WIDTH="0" HPOS="0" VPOS="0" />
            <String ID="P27_S00062" HPOS="1447" VPOS="771" WIDTH="187" HEIGHT="44" STYLEREFS="StyleId-0" CONTENT="practice" WC="0.87875" CC="52000100" />
            <SP ID="P27_SP00055" WIDTH="0" HPOS="0" VPOS="0" />
            <String ID="P27_S00063" HPOS="1665" VPOS="769" WIDTH="45" HEIGHT="46" STYLEREFS="StyleId-0" CONTENT="of" WC="0.74" CC="05" />
          </TextLine>
          <TextLine ID="P27_TL00009" HPOS="200" VPOS="833" WIDTH="228" HEIGHT="39">
            <String ID="P27_S00064" HPOS="200" VPOS="833" WIDTH="228" HEIGHT="39" STYLEREFS="StyleId-0" CONTENT="medicine." WC="0.8655556" CC="300006100" />
          </TextLine>
        </TextBlock>
      </PrintSpace>
    </Page>
  </Layout>
</alto>