<?xml version="1.0" encoding="utf-8"?>
<alto xmlns:xlink="http://www.w3.org/1999/xlink" xmlns:xsi="http://www.w3.org/2001/XMLSchema-instance" xsi:schemaLocation="http://www.loc.gov/standards/alto/ns-v2# http://www.loc.gov/standards/alto/alto-v2.0.xsd" xmlns="http://www.loc.gov/standards/alto/ns-v2#">
  <Description>
    <MeasurementUnit>pixel</MeasurementUnit>
    <sourceImageInformation>
      <fileName>0000028.tif</fileName>
    </sourceImageInformation>
    <OCRProcessing ID="Processing">
      <ocrProcessingStep>
        <processingStepSettings>Image Resolution:400</processingStepSettings>
        <processingSoftware>
          <softwareCreator>I2S Kirtas</softwareCreator>
          <softwareName>Limb</softwareName>
          <softwareVersion>1.0</softwareVersion>
          <applicationDescription>Abbyy10 OCR Engine</applicationDescription>
        </processingSoftware>
      </ocrProcessingStep>
    </OCRProcessing>
  </Description>
  <Styles>
    <TextStyle ID="StyleId-0" FONTSIZE="9" FONTFAMILY="Times New Roman" />
    <TextStyle ID="StyleId-1" FONTSIZE="8" FONTFAMILY="Times New Roman" />
  </Styles>
  <Layout>
    <Page ID="P28" PHYSICAL_IMG_NR="28" HEIGHT="2810" WIDTH="1914" ACCURACY="0.799364865" QUALITY_DETAIL="218 words, 972 chars, 796 with recognition greater than 50% (81.89%)">
      <TopMargin ID="P28_TM00001" HPOS="0" VPOS="0" WIDTH="1914" HEIGHT="245" />
      <LeftMargin ID="P28_LM00001" HPOS="0" VPOS="245" WIDTH="184" HEIGHT="2292" />
      <RightMargin ID="P28_RM00001" HPOS="1701" VPOS="245" WIDTH="213" HEIGHT="2292" />
      <BottomMargin ID="P28_BM00001" HPOS="0" VPOS="2537" WIDTH="1914" HEIGHT="273" />
      <PrintSpace ID="P28_PS00001" HPOS="184" VPOS="245" WIDTH="1517" HEIGHT="2292">
        <TextBlock ID="P28_TB00001" HPOS="184" VPOS="253" WIDTH="56" HEIGHT="47">
          <TextLine ID="P28_TL00001" HPOS="192" VPOS="261" WIDTH="41" HEIGHT="31">
            <String ID="P28_S00001" HPOS="192" VPOS="261" WIDTH="41" HEIGHT="31" STYLEREFS="StyleId-0" CONTENT="24" WC="0.77" CC="40" />
          </TextLine>
        </TextBlock>
        <TextBlock ID="P28_TB00002" HPOS="673" VPOS="248" WIDTH="579" HEIGHT="58">
          <TextLine ID="P28_TL00002" HPOS="681" VPOS="256" WIDTH="564" HEIGHT="42">
            <String ID="P28_S00002" HPOS="681" VPOS="260" WIDTH="199" HEIGHT="36" STYLEREFS="StyleId-1" CONTENT="WOMAN" WC="0.904" CC="02002" />
            <SP ID="P28_SP00001" WIDTH="0" HPOS="0" VPOS="0" />
            <String ID="P28_S00003" HPOS="905" VPOS="261" WIDTH="57" HEIGHT="35" STYLEREFS="StyleId-1" CONTENT="IN" WC="0.93" CC="10" />
            <SP ID="P28_SP00002" WIDTH="0" HPOS="0" VPOS="0" />
            <String ID="P28_S00004" HPOS="986" VPOS="258" WIDTH="259" HEIGHT="38" STYLEREFS="StyleId-1" CONTENT="MEDICINE" WC="0.97375" CC="00000000" />
          </TextLine>
        </TextBlock>
        <TextBlock ID="P28_TB00003" HPOS="530" VPOS="364" WIDTH="823" HEIGHT="65">
          <TextLine ID="P28_TL00003" HPOS="538" VPOS="372" WIDTH="807" HEIGHT="49">
            <String ID="P28_S00005" HPOS="538" VPOS="378" WIDTH="309" HEIGHT="39" STYLEREFS="StyleId-0" CONTENT="EXCERPTS" WC="0.83125" CC="00044040" />
            <SP ID="P28_SP00003" WIDTH="0" HPOS="0" VPOS="0" />
            <String ID="P28_S00006" HPOS="874" VPOS="379" WIDTH="167" HEIGHT="38" STYLEREFS="StyleId-0" CONTENT="FROM" WC="0.91" CC="0030" />
            <SP ID="P28_SP00004" WIDTH="0" HPOS="0" VPOS="0" />
            <String ID="P28_S00007" HPOS="1062" VPOS="376" WIDTH="283" HEIGHT="41" STYLEREFS="StyleId-0" CONTENT="LETTERS" WC="0.7828571" CC="0066020" />
          </TextLine>
        </TextBlock>
        <TextBlock ID="P28_TB00004" HPOS="185" VPOS="484" WIDTH="1520" HEIGHT="736">
          <TextLine ID="P28_TL00004" HPOS="994" VPOS="496" WIDTH="704" HEIGHT="57">
            <String ID="P28_S00008" HPOS="993" VPOS="504" WIDTH="215" HEIGHT="46" STYLEREFS="StyleId-0" CONTENT="Palmyra," WC="0.765" CC="30060702" />
            <SP ID="P28_SP00005" WIDTH="0" HPOS="0" VPOS="0" />
            <String ID="P28_S00009" HPOS="1244" VPOS="503" WIDTH="89" HEIGHT="47" STYLEREFS="StyleId-0" CONTENT="Mo." WC="1" CC="000" />
            <SP ID="P28_SP00006" WIDTH="0" HPOS="0" VPOS="0" />
            <String ID="P28_S00010" HPOS="1360" VPOS="502" WIDTH="102" HEIGHT="48" STYLEREFS="StyleId-0" CONTENT="Oct." WC="0.8875" CC="0004" />
            <SP ID="P28_SP00007" WIDTH="0" HPOS="0" VPOS="0" />
            <String ID="P28_S00011" HPOS="1491" VPOS="503" WIDTH="62" HEIGHT="47" STYLEREFS="StyleId-0" CONTENT="13," WC="0.8066667" CC="140" />
            <SP ID="P28_SP00008" WIDTH="0" HPOS="0" VPOS="0" />
            <String ID="P28_S00012" HPOS="1577" VPOS="500" WIDTH="121" HEIGHT="50" STYLEREFS="StyleId-0" CONTENT="1913." WC="0.75" CC="01073" />
          </TextLine>
          <TextLine ID="P28_TL00005" HPOS="200" VPOS="565" WIDTH="513" HEIGHT="48">
            <String ID="P28_S00013" HPOS="200" VPOS="567" WIDTH="67" HEIGHT="36" STYLEREFS="StyleId-0" CONTENT="Dr." WC="1" CC="000" />
            <SP ID="P28_SP00009" WIDTH="0" HPOS="0" VPOS="0" />
            <String ID="P28_S00014" HPOS="286" VPOS="566" WIDTH="42" HEIGHT="39" STYLEREFS="StyleId-0" CONTENT="S-" WC="0.725" CC="22" />
            <SP ID="P28_SP00010" WIDTH="0" HPOS="0" VPOS="0" />
            <String ID="P28_S00015" HPOS="350" VPOS="567" WIDTH="135" HEIGHT="39" STYLEREFS="StyleId-0" CONTENT="Maria" WC="0.65" CC="40058" />
            <SP ID="P28_SP00011" WIDTH="0" HPOS="0" VPOS="0" />
            <String ID="P28_S00016" HPOS="507" VPOS="568" WIDTH="206" HEIGHT="45" STYLEREFS="StyleId-0" CONTENT="Steward," WC="0.83875" CC="31007000" />
          </TextLine>
          <TextLine ID="P28_TL00006" HPOS="424" VPOS="615" WIDTH="1121" HEIGHT="60">
            <String ID="P28_S00017" HPOS="424" VPOS="623" WIDTH="206" HEIGHT="38" STYLEREFS="StyleId-0" CONTENT="Resident" WC="0.925" CC="10400000" />
            <SP ID="P28_SP00012" WIDTH="0" HPOS="0" VPOS="0" />
            <String ID="P28_S00018" HPOS="652" VPOS="624" WIDTH="229" HEIGHT="47" STYLEREFS="StyleId-0" CONTENT="Physician" WC="0.6677778" CC="600252507" />
            <SP ID="P28_SP00013" WIDTH="0" HPOS="0" VPOS="0" />
            <String ID="P28_S00019" HPOS="905" VPOS="624" WIDTH="46" HEIGHT="47" STYLEREFS="StyleId-0" CONTENT="of" WC="0.83" CC="03" />
            <SP ID="P28_SP00014" WIDTH="0" HPOS="0" VPOS="0" />
            <String ID="P28_S00020" HPOS="971" VPOS="623" WIDTH="284" HEIGHT="48" STYLEREFS="StyleId-0" CONTENT="Wilberforce" WC="0.906363666" CC="10800000000" />
            <SP ID="P28_SP00015" WIDTH="0" HPOS="0" VPOS="0" />
            <String ID="P28_S00021" HPOS="1276" VPOS="621" WIDTH="269" HEIGHT="50" STYLEREFS="StyleId-0" CONTENT="University," WC="0.8" CC="06100075000" />
          </TextLine>
          <TextLine ID="P28_TL00007" HPOS="301" VPOS="677" WIDTH="895" HEIGHT="50">
            <String ID="P28_S00022" HPOS="301" VPOS="688" WIDTH="61" HEIGHT="32" STYLEREFS="StyleId-0" CONTENT="or," WC="0.826666653" CC="050" />
            <SP ID="P28_SP00016" WIDTH="0" HPOS="0" VPOS="0" />
            <String ID="P28_S00023" HPOS="389" VPOS="689" WIDTH="45" HEIGHT="31" STYLEREFS="StyleId-0" CONTENT="as" WC="0.695" CC="05" />
            <SP ID="P28_SP00017" WIDTH="0" HPOS="0" VPOS="0" />
            <String ID="P28_S00024" HPOS="449" VPOS="678" WIDTH="18" HEIGHT="42" STYLEREFS="StyleId-0" CONTENT="I" WC="0.44" CC="5" />
            <SP ID="P28_SP00018" WIDTH="0" HPOS="0" VPOS="0" />
            <String ID="P28_S00025" HPOS="485" VPOS="680" WIDTH="165" HEIGHT="44" STYLEREFS="StyleId-0" CONTENT="greatly" WC="0.524285734" CC="60010654" />
            <SP ID="P28_SP00019" WIDTH="0" HPOS="0" VPOS="0" />
            <String ID="P28_S00026" HPOS="672" VPOS="679" WIDTH="140" HEIGHT="46" STYLEREFS="StyleId-0" CONTENT="prefer" WC="0.5233333" CC="640575" />
            <SP ID="P28_SP00020" WIDTH="0" HPOS="0" VPOS="0" />
            <String ID="P28_S00027" HPOS="833" VPOS="685" WIDTH="45" HEIGHT="40" STYLEREFS="StyleId-0" CONTENT="to" WC="0.62" CC="70" />
            <SP ID="P28_SP00021" WIDTH="0" HPOS="0" VPOS="0" />
            <String ID="P28_S00028" HPOS="898" VPOS="680" WIDTH="174" HEIGHT="45" STYLEREFS="StyleId-0" CONTENT="address" WC="0.638571441" CC="0973130" />
            <SP ID="P28_SP00022" WIDTH="0" HPOS="0" VPOS="0" />
            <String ID="P28_S00029" HPOS="1094" VPOS="690" WIDTH="102" HEIGHT="36" STYLEREFS="StyleId-0" CONTENT="you," WC="0.6475" CC="6070" />
          </TextLine>
          <TextLine ID="P28_TL00008" HPOS="213" VPOS="740" WIDTH="425" HEIGHT="48">
            <String ID="P28_S00030" HPOS="213" VPOS="741" WIDTH="109" HEIGHT="36" STYLEREFS="StyleId-0" CONTENT="Dear" WC="0.8175" CC="4030" />
            <SP ID="P28_SP00023" WIDTH="0" HPOS="0" VPOS="0" />
            <String ID="P28_S00031" HPOS="343" VPOS="741" WIDTH="124" HEIGHT="39" STYLEREFS="StyleId-0" CONTENT="Susie" WC="0.804" CC="14400" />
            <SP ID="P28_SP00024" WIDTH="0" HPOS="0" VPOS="0" />
            <String ID="P28_S00032" HPOS="482" VPOS="743" WIDTH="156" HEIGHT="45" STYLEREFS="StyleId-0" CONTENT="Smith," WC="0.711666644" CC="540060" />
          </TextLine>
          <TextLine ID="P28_TL00009" HPOS="246" VPOS="799" WIDTH="1451" HEIGHT="62">
            <String ID="P28_S00033" HPOS="246" VPOS="803" WIDTH="85" HEIGHT="40" STYLEREFS="StyleId-0" CONTENT="For" WC="0.716666639" CC="710" />
            <SP ID="P28_SP00025" WIDTH="0" HPOS="0" VPOS="0" />
            <String ID="P28_S00034" HPOS="353" VPOS="807" WIDTH="93" HEIGHT="37" STYLEREFS="StyleId-0" CONTENT="well" WC="0.7775" CC="0044" />
            <SP ID="P28_SP00026" WIDTH="0" HPOS="0" VPOS="0" />
            <String ID="P28_S00035" HPOS="468" VPOS="808" WIDTH="54" HEIGHT="37" STYLEREFS="StyleId-0" CONTENT="do" WC="1" CC="00" />
            <SP ID="P28_SP00027" WIDTH="0" HPOS="0" VPOS="0" />
            <String ID="P28_S00036" HPOS="545" VPOS="810" WIDTH="19" HEIGHT="36" STYLEREFS="StyleId-0" CONTENT="I" WC="0.42" CC="5" />
            <SP ID="P28_SP00028" WIDTH="0" HPOS="0" VPOS="0" />
            <String ID="P28_S00037" HPOS="587" VPOS="809" WIDTH="233" HEIGHT="38" STYLEREFS="StyleId-0" CONTENT="remember" WC="1" CC="00000000" />
            <SP ID="P28_SP00029" WIDTH="0" HPOS="0" VPOS="0" />
            <String ID="P28_S00038" HPOS="837" VPOS="821" WIDTH="86" HEIGHT="36" STYLEREFS="StyleId-0" CONTENT="you" WC="0.9533333" CC="001" />
            <SP ID="P28_SP00030" WIDTH="0" HPOS="0" VPOS="0" />
            <String ID="P28_S00039" HPOS="946" VPOS="822" WIDTH="45" HEIGHT="35" STYLEREFS="StyleId-0" CONTENT="as" WC="1" CC="00" />
            <SP ID="P28_SP00031" WIDTH="0" HPOS="0" VPOS="0" />
            <String ID="P28_S00040" HPOS="1005" VPOS="823" WIDTH="24" HEIGHT="34" STYLEREFS="StyleId-0" CONTENT="a" WC="0.3" CC="7" />
            <SP ID="P28_SP00032" WIDTH="0" HPOS="0" VPOS="0" />
            <String ID="P28_S00041" HPOS="1049" VPOS="809" WIDTH="154" HEIGHT="48" STYLEREFS="StyleId-0" CONTENT="valued" WC="0.7183333" CC="025009" />
            <SP ID="P28_SP00033" WIDTH="0" HPOS="0" VPOS="0" />
            <String ID="P28_S00042" HPOS="1223" VPOS="809" WIDTH="82" HEIGHT="48" STYLEREFS="StyleId-0" CONTENT="and" WC="0.85" CC="040" />
            <SP ID="P28_SP00034" WIDTH="0" HPOS="0" VPOS="0" />
            <String ID="P28_S00043" HPOS="1324" VPOS="806" WIDTH="228" HEIGHT="51" STYLEREFS="StyleId-0" CONTENT="congenial" WC="0.6766667" CC="006526404" />
            <SP ID="P28_SP00035" WIDTH="0" HPOS="0" VPOS="0" />
            <String ID="P28_S00044" HPOS="1569" VPOS="806" WIDTH="128" HEIGHT="51" STYLEREFS="StyleId-0" CONTENT="class¬" WC="0.7316667" CC="020660" />
          </TextLine>
          <TextLine ID="P28_TL00010" HPOS="193" VPOS="865" WIDTH="1504" HEIGHT="61">
            <String ID="P28_S00045" HPOS="193" VPOS="875" WIDTH="109" HEIGHT="32" STYLEREFS="StyleId-0" CONTENT="mate" WC="0.875" CC="5000" />
            <SP ID="P28_SP00036" WIDTH="0" HPOS="0" VPOS="0" />
            <String ID="P28_S00046" HPOS="324" VPOS="870" WIDTH="44" HEIGHT="38" STYLEREFS="StyleId-0" CONTENT="in" WC="0.425" CC="46" />
            <SP ID="P28_SP00037" WIDTH="0" HPOS="0" VPOS="0" />
            <String ID="P28_S00047" HPOS="402" VPOS="873" WIDTH="121" HEIGHT="37" STYLEREFS="StyleId-0" CONTENT="those" WC="0.888" CC="05000" />
            <SP ID="P28_SP00038" WIDTH="0" HPOS="0" VPOS="0" />
            <String ID="P28_S00048" HPOS="545" VPOS="874" WIDTH="70" HEIGHT="37" STYLEREFS="StyleId-0" CONTENT="old" WC="0.9866667" CC="000" />
            <SP ID="P28_SP00039" WIDTH="0" HPOS="0" VPOS="0" />
            <String ID="P28_S00049" HPOS="647" VPOS="874" WIDTH="163" HEIGHT="47" STYLEREFS="StyleId-0" CONTENT="college" WC="0.731428564" CC="0017081" />
            <SP ID="P28_SP00040" WIDTH="0" HPOS="0" VPOS="0" />
            <String ID="P28_S00050" HPOS="839" VPOS="874" WIDTH="122" HEIGHT="48" STYLEREFS="StyleId-0" CONTENT="days." WC="0.796" CC="09000" />
            <SP ID="P28_SP00041" WIDTH="0" HPOS="0" VPOS="0" />
            <String ID="P28_S00051" HPOS="1009" VPOS="870" WIDTH="21" HEIGHT="52" STYLEREFS="StyleId-0" CONTENT="*" WC="0.69" CC="3" />
            <SP ID="P28_SP00042" WIDTH="0" HPOS="0" VPOS="0" />
            <String ID="P28_S00052" HPOS="1078" VPOS="871" WIDTH="21" HEIGHT="51" STYLEREFS="StyleId-0" CONTENT="*" WC="0.91" CC="0" />
            <SP ID="P28_SP00043" WIDTH="0" HPOS="0" VPOS="0" />
            <String ID="P28_S00053" HPOS="1145" VPOS="870" WIDTH="20" HEIGHT="52" STYLEREFS="StyleId-0" CONTENT="*" WC="0.74" CC="2" />
            <SP ID="P28_SP00044" WIDTH="0" HPOS="0" VPOS="0" />
            <String ID="P28_S00054" HPOS="1209" VPOS="876" WIDTH="40" HEIGHT="46" STYLEREFS="StyleId-0" CONTENT="It" WC="0.97" CC="00" />
            <SP ID="P28_SP00045" WIDTH="0" HPOS="0" VPOS="0" />
            <String ID="P28_S00055" HPOS="1271" VPOS="874" WIDTH="36" HEIGHT="48" STYLEREFS="StyleId-0" CONTENT="is" WC="0.81" CC="03" />
            <SP ID="P28_SP00046" WIDTH="0" HPOS="0" VPOS="0" />
            <String ID="P28_S00056" HPOS="1331" VPOS="887" WIDTH="21" HEIGHT="35" STYLEREFS="StyleId-0" CONTENT="a" WC="0.07" CC="9" />
            <SP ID="P28_SP00047" WIDTH="0" HPOS="0" VPOS="0" />
            <String ID="P28_S00057" HPOS="1373" VPOS="874" WIDTH="106" HEIGHT="48" STYLEREFS="StyleId-0" CONTENT="long" WC="0.77" CC="1070" />
            <SP ID="P28_SP00048" WIDTH="0" HPOS="0" VPOS="0" />
            <String ID="P28_S00058" HPOS="1513" VPOS="879" WIDTH="117" HEIGHT="43" STYLEREFS="StyleId-0" CONTENT="story" WC="0.74" CC="60070" />
            <SP ID="P28_SP00049" WIDTH="0" HPOS="0" VPOS="0" />
            <String ID="P28_S00059" HPOS="1653" VPOS="877" WIDTH="44" HEIGHT="45" STYLEREFS="StyleId-0" CONTENT="to" WC="1" CC="00" />
          </TextLine>
          <TextLine ID="P28_TL00011" HPOS="192" VPOS="931" WIDTH="1506" HEIGHT="57">
            <String ID="P28_S00060" HPOS="192" VPOS="933" WIDTH="72" HEIGHT="38" STYLEREFS="StyleId-0" CONTENT="tell" WC="0.9075" CC="0003" />
            <SP ID="P28_SP00050" WIDTH="0" HPOS="0" VPOS="0" />
            <String ID="P28_S00061" HPOS="279" VPOS="935" WIDTH="117" HEIGHT="38" STYLEREFS="StyleId-0" CONTENT="since" WC="0.76" CC="05600" />
            <SP ID="P28_SP00051" WIDTH="0" HPOS="0" VPOS="0" />
            <String ID="P28_S00062" HPOS="411" VPOS="938" WIDTH="123" HEIGHT="37" STYLEREFS="StyleId-0" CONTENT="those" WC="0.866" CC="20040" />
            <SP ID="P28_SP00052" WIDTH="0" HPOS="0" VPOS="0" />
            <String ID="P28_S00063" HPOS="555" VPOS="944" WIDTH="167" HEIGHT="32" STYLEREFS="StyleId-0" CONTENT="earnest" WC="0.8757143" CC="0501010" />
            <SP ID="P28_SP00053" WIDTH="0" HPOS="0" VPOS="0" />
            <String ID="P28_S00064" HPOS="755" VPOS="945" WIDTH="231" HEIGHT="33" STYLEREFS="StyleId-0" CONTENT="strenuous" WC="0.834444463" CC="000072130" />
            <SP ID="P28_SP00054" WIDTH="0" HPOS="0" VPOS="0" />
            <String ID="P28_S00065" HPOS="1007" VPOS="941" WIDTH="178" HEIGHT="37" STYLEREFS="StyleId-0" CONTENT="student" WC="0.822857141" CC="0070040" />
            <SP ID="P28_SP00055" WIDTH="0" HPOS="0" VPOS="0" />
            <String ID="P28_S00066" HPOS="1218" VPOS="940" WIDTH="122" HEIGHT="46" STYLEREFS="StyleId-0" CONTENT="days," WC="0.786" CC="00073" />
            <SP ID="P28_SP00056" WIDTH="0" HPOS="0" VPOS="0" />
            <String ID="P28_S00067" HPOS="1381" VPOS="940" WIDTH="125" HEIGHT="46" STYLEREFS="StyleId-0" CONTENT="when" WC="0.7475" CC="4005" />
            <SP ID="P28_SP00057" WIDTH="0" HPOS="0" VPOS="0" />
            <String ID="P28_S00068" HPOS="1530" VPOS="951" WIDTH="65" HEIGHT="35" STYLEREFS="StyleId-0" CONTENT="we" WC="0.695" CC="60" />
            <SP ID="P28_SP00058" WIDTH="0" HPOS="0" VPOS="0" />
            <String ID="P28_S00069" HPOS="1616" VPOS="938" WIDTH="82" HEIGHT="48" STYLEREFS="StyleId-0" CONTENT="last" WC="0.5225" CC="2970" />
          </TextLine>
          <TextLine ID="P28_TL00012" HPOS="190" VPOS="994" WIDTH="1507" HEIGHT="62">
            <String ID="P28_S00070" HPOS="190" VPOS="1009" WIDTH="86" HEIGHT="29" STYLEREFS="StyleId-0" CONTENT="saw" WC="0.85" CC="004" />
            <SP ID="P28_SP00059" WIDTH="0" HPOS="0" VPOS="0" />
            <String ID="P28_S00071" HPOS="297" VPOS="1002" WIDTH="102" HEIGHT="36" STYLEREFS="StyleId-0" CONTENT="each" WC="1" CC="0000" />
            <SP ID="P28_SP00060" WIDTH="0" HPOS="0" VPOS="0" />
            <String ID="P28_S00072" HPOS="414" VPOS="1003" WIDTH="121" HEIGHT="37" STYLEREFS="StyleId-0" CONTENT="other" WC="1" CC="00000" />
            <SP ID="P28_SP00061" WIDTH="0" HPOS="0" VPOS="0" />
            <String ID="P28_S00073" HPOS="557" VPOS="1005" WIDTH="81" HEIGHT="36" STYLEREFS="StyleId-0" CONTENT="and" WC="0.9766667" CC="000" />
            <SP ID="P28_SP00062" WIDTH="0" HPOS="0" VPOS="0" />
            <String ID="P28_S00074" HPOS="656" VPOS="1004" WIDTH="91" HEIGHT="37" STYLEREFS="StyleId-0" CONTENT="said" WC="0.955" CC="1000" />
            <SP ID="P28_SP00063" WIDTH="0" HPOS="0" VPOS="0" />
            <String ID="P28_S00075" HPOS="771" VPOS="1018" WIDTH="21" HEIGHT="24" STYLEREFS="StyleId-0" CONTENT="a" WC="0.78" CC="2" />
            <SP ID="P28_SP00064" WIDTH="0" HPOS="0" VPOS="0" />
            <String ID="P28_S00076" HPOS="815" VPOS="1005" WIDTH="177" HEIGHT="47" STYLEREFS="StyleId-0" CONTENT="hopeful" WC="0.802857161" CC="0100361" />
            <SP ID="P28_SP00065" WIDTH="0" HPOS="0" VPOS="0" />
            <String ID="P28_S00077" HPOS="1007" VPOS="1005" WIDTH="213" HEIGHT="47" STYLEREFS="StyleId-0" CONTENT="goodbye." WC="0.91" CC="03000003" />
            <SP ID="P28_SP00066" WIDTH="0" HPOS="0" VPOS="0" />
            <String ID="P28_S00078" HPOS="1267" VPOS="1000" WIDTH="20" HEIGHT="52" STYLEREFS="StyleId-0" CONTENT="*" WC="0.75" CC="2" />
            <SP ID="P28_SP00067" WIDTH="0" HPOS="0" VPOS="0" />
            <String ID="P28_S00079" HPOS="1333" VPOS="1002" WIDTH="19" HEIGHT="50" STYLEREFS="StyleId-0" CONTENT="*" WC="0.63" CC="3" />
            <SP ID="P28_SP00068" WIDTH="0" HPOS="0" VPOS="0" />
            <String ID="P28_S00080" HPOS="1399" VPOS="1000" WIDTH="20" HEIGHT="52" STYLEREFS="StyleId-0" CONTENT="*" WC="1" CC="0" />
            <SP ID="P28_SP00069" WIDTH="0" HPOS="0" VPOS="0" />
            <String ID="P28_S00081" HPOS="1452" VPOS="1006" WIDTH="20" HEIGHT="46" STYLEREFS="StyleId-0" CONTENT="j" WC="0.36" CC="6" />
            <SP ID="P28_SP00070" WIDTH="0" HPOS="0" VPOS="0" />
            <String ID="P28_S00082" HPOS="1494" VPOS="1016" WIDTH="67" HEIGHT="36" STYLEREFS="StyleId-0" CONTENT="am" WC="0.375" CC="38" />
            <SP ID="P28_SP00071" WIDTH="0" HPOS="0" VPOS="0" />
            <String ID="P28_S00083" HPOS="1585" VPOS="1016" WIDTH="45" HEIGHT="36" STYLEREFS="StyleId-0" CONTENT="as" WC="0.525" CC="09" />
            <SP ID="P28_SP00072" WIDTH="0" HPOS="0" VPOS="0" />
            <String ID="P28_S00084" HPOS="1654" VPOS="1002" WIDTH="43" HEIGHT="50" STYLEREFS="StyleId-0" CONTENT="in" WC="0.48" CC="18" />
          </TextLine>
          <TextLine ID="P28_TL00013" HPOS="191" VPOS="1053" WIDTH="323" HEIGHT="50">
            <String ID="P28_S00085" HPOS="191" VPOS="1054" WIDTH="72" HEIGHT="38" STYLEREFS="StyleId-0" CONTENT="the" WC="1" CC="000" />
            <SP ID="P28_SP00073" WIDTH="0" HPOS="0" VPOS="0" />
            <String ID="P28_S00086" HPOS="283" VPOS="1054" WIDTH="104" HEIGHT="47" STYLEREFS="StyleId-0" CONTENT="long" WC="0.42" CC="50810" />
            <SP ID="P28_SP00074" WIDTH="0" HPOS="0" VPOS="0" />
            <String ID="P28_S00087" HPOS="407" VPOS="1063" WIDTH="108" HEIGHT="39" STYLEREFS="StyleId-0" CONTENT="past." WC="1" CC="00000" />
          </TextLine>
          <TextLine ID="P28_TL00014" HPOS="857" VPOS="1111" WIDTH="558" HEIGHT="51">
            <String ID="P28_S00088" HPOS="857" VPOS="1113" WIDTH="221" HEIGHT="48" STYLEREFS="StyleId-0" CONTENT="Sincerely" WC="0.8244445" CC="234001040" />
            <SP ID="P28_SP00075" WIDTH="0" HPOS="0" VPOS="0" />
            <String ID="P28_S00089" HPOS="1093" VPOS="1115" WIDTH="123" HEIGHT="46" STYLEREFS="StyleId-0" CONTENT="Your" WC="0.7025" CC="3260" />
            <SP ID="P28_SP00076" WIDTH="0" HPOS="0" VPOS="0" />
            <String ID="P28_S00090" HPOS="1237" VPOS="1113" WIDTH="178" HEIGHT="48" STYLEREFS="StyleId-0" CONTENT="Friend," WC="0.9342857" CC="0000301" />
          </TextLine>
          <TextLine ID="P28_TL00015" HPOS="1020" VPOS="1165" WIDTH="454" HEIGHT="46">
            <String ID="P28_S00091" HPOS="1020" VPOS="1168" WIDTH="164" HEIGHT="41" STYLEREFS="StyleId-0" CONTENT="Elmira" WC="0.6533333" CC="707104" />
            <SP ID="P28_SP00077" WIDTH="0" HPOS="0" VPOS="0" />
            <String ID="P28_S00092" HPOS="1204" VPOS="1171" WIDTH="55" HEIGHT="38" STYLEREFS="StyleId-0" CONTENT="Y." WC="0.86" CC="20" />
            <SP ID="P28_SP00078" WIDTH="0" HPOS="0" VPOS="0" />
            <String ID="P28_S00093" HPOS="1282" VPOS="1167" WIDTH="192" HEIGHT="42" STYLEREFS="StyleId-0" CONTENT="Howard" WC="0.8983333" CC="600000" />
          </TextLine>
        </TextBlock>
        <TextBlock ID="P28_TB00005" HPOS="183" VPOS="1312" WIDTH="1518" HEIGHT="634">
          <TextLine ID="P28_TL00016" HPOS="979" VPOS="1324" WIDTH="716" HEIGHT="51">
            <String ID="P28_S00094" HPOS="979" VPOS="1324" WIDTH="185" HEIGHT="48" STYLEREFS="StyleId-0" CONTENT="Buffalo," WC="0.91625" CC="60000000" />
            <SP ID="P28_SP00079" WIDTH="0" HPOS="0" VPOS="0" />
            <String ID="P28_S00095" HPOS="1191" VPOS="1327" WIDTH="142" HEIGHT="45" STYLEREFS="StyleId-0" CONTENT="N.Y.," WC="0.732" CC="04314" />
            <SP ID="P28_SP00080" WIDTH="0" HPOS="0" VPOS="0" />
            <String ID="P28_S00096" HPOS="1368" VPOS="1326" WIDTH="99" HEIGHT="46" STYLEREFS="StyleId-0" CONTENT="Oct." WC="0.9625" CC="0100" />
            <SP ID="P28_SP00081" WIDTH="0" HPOS="0" VPOS="0" />
            <String ID="P28_S00097" HPOS="1494" VPOS="1328" WIDTH="67" HEIGHT="44" STYLEREFS="StyleId-0" CONTENT="24," WC="1" CC="000" />
            <SP ID="P28_SP00082" WIDTH="0" HPOS="0" VPOS="0" />
            <String ID="P28_S00098" HPOS="1589" VPOS="1329" WIDTH="106" HEIGHT="43" STYLEREFS="StyleId-0" CONTENT="1914" WC="0.7525" CC="0054" />
          </TextLine>
          <TextLine ID="P28_TL00017" HPOS="193" VPOS="1385" WIDTH="445" HEIGHT="41">
            <String ID="P28_S00099" HPOS="193" VPOS="1386" WIDTH="108" HEIGHT="37" STYLEREFS="StyleId-0" CONTENT="Dear" WC="0.8925" CC="0040" />
            <SP ID="P28_SP00083" WIDTH="0" HPOS="0" VPOS="0" />
            <String ID="P28_S00100" HPOS="324" VPOS="1387" WIDTH="72" HEIGHT="37" STYLEREFS="StyleId-0" CONTENT="Dr." WC="0.95" CC="001" />
            <SP ID="P28_SP00084" WIDTH="0" HPOS="0" VPOS="0" />
            <String ID="P28_S00101" HPOS="422" VPOS="1386" WIDTH="189" HEIGHT="40" STYLEREFS="StyleId-0" CONTENT="Steward" WC="0.9442857" CC="3000000" />
            <SP ID="P28_SP00085" WIDTH="0" HPOS="0" VPOS="0" />
            <String ID="P28_S00102" HPOS="631" VPOS="1402" WIDTH="7" HEIGHT="24" STYLEREFS="StyleId-0" CONTENT=":" WC="0.95" CC="0" />
          </TextLine>
          <TextLine ID="P28_TL00018" HPOS="246" VPOS="1444" WIDTH="1444" HEIGHT="62">
            <String ID="P28_S00103" HPOS="246" VPOS="1451" WIDTH="19" HEIGHT="37" STYLEREFS="StyleId-0" CONTENT="I" WC="0.67" CC="3" />
            <SP ID="P28_SP00086" WIDTH="0" HPOS="0" VPOS="0" />
            <String ID="P28_S00104" HPOS="289" VPOS="1463" WIDTH="66" HEIGHT="25" STYLEREFS="StyleId-0" CONTENT="am" WC="0.8" CC="04" />
            <SP ID="P28_SP00087" WIDTH="0" HPOS="0" VPOS="0" />
            <String ID="P28_S00105" HPOS="376" VPOS="1451" WIDTH="99" HEIGHT="46" STYLEREFS="StyleId-0" CONTENT="glad" WC="0.6575" CC="10300" />
            <SP ID="P28_SP00088" WIDTH="0" HPOS="0" VPOS="0" />
            <String ID="P28_S00106" HPOS="500" VPOS="1454" WIDTH="19" HEIGHT="43" STYLEREFS="StyleId-0" CONTENT="I" WC="1" CC="0" />
            <SP ID="P28_SP00089" WIDTH="0" HPOS="0" VPOS="0" />
            <String ID="P28_S00107" HPOS="542" VPOS="1453" WIDTH="129" HEIGHT="44" STYLEREFS="StyleId-0" CONTENT="heard" WC="0.934" CC="00030" />
            <SP ID="P28_SP00090" WIDTH="0" HPOS="0" VPOS="0" />
            <String ID="P28_S00108" HPOS="692" VPOS="1466" WIDTH="87" HEIGHT="35" STYLEREFS="StyleId-0" CONTENT="you" WC="1" CC="000" />
            <SP ID="P28_SP00091" WIDTH="0" HPOS="0" VPOS="0" />
            <String ID="P28_S00109" HPOS="795" VPOS="1456" WIDTH="193" HEIGHT="45" STYLEREFS="StyleId-0" CONTENT="yourself" WC="0.72375" CC="00630056" />
            <SP ID="P28_SP00092" WIDTH="0" HPOS="0" VPOS="0" />
            <String ID="P28_S00110" HPOS="1000" VPOS="1457" WIDTH="99" HEIGHT="44" STYLEREFS="StyleId-0" CONTENT="read" WC="0.9075" CC="3000" />
            <SP ID="P28_SP00093" WIDTH="0" HPOS="0" VPOS="0" />
            <String ID="P28_S00111" HPOS="1114" VPOS="1468" WIDTH="109" HEIGHT="34" STYLEREFS="StyleId-0" CONTENT="your" WC="1" CC="0000" />
            <SP ID="P28_SP00094" WIDTH="0" HPOS="0" VPOS="0" />
            <String ID="P28_S00112" HPOS="1245" VPOS="1468" WIDTH="132" HEIGHT="36" STYLEREFS="StyleId-0" CONTENT="paper" WC="0.852" CC="07000" />
            <SP ID="P28_SP00095" WIDTH="0" HPOS="0" VPOS="0" />
            <String ID="P28_S00113" HPOS="1390" VPOS="1470" WIDTH="54" HEIGHT="34" STYLEREFS="StyleId-0" CONTENT="on" WC="0.59" CC="08" />
            <SP ID="P28_SP00096" WIDTH="0" HPOS="0" VPOS="0" />
            <String ID="P28_S00114" HPOS="1474" VPOS="1451" WIDTH="217" HEIGHT="53" STYLEREFS="StyleId-0" CONTENT="&quot;Woman" WC="0.433333337" CC="7001088" />
          </TextLine>
          <TextLine ID="P28_TL00019" HPOS="192" VPOS="1514" WIDTH="1502" HEIGHT="57">
            <String ID="P28_S00115" HPOS="192" VPOS="1514" WIDTH="43" HEIGHT="38" STYLEREFS="StyleId-0" CONTENT="in" WC="0.625" CC="52" />
            <SP ID="P28_SP00097" WIDTH="0" HPOS="0" VPOS="0" />
            <String ID="P28_S00116" HPOS="260" VPOS="1516" WIDTH="247" HEIGHT="38" STYLEREFS="StyleId-0" CONTENT="Medicine&quot;" WC="0.784444451" CC="000500707" />
            <SP ID="P28_SP00098" WIDTH="0" HPOS="0" VPOS="0" />
            <String ID="P28_S00117" HPOS="543" VPOS="1519" WIDTH="84" HEIGHT="36" STYLEREFS="StyleId-0" CONTENT="and" WC="0.63" CC="730" />
            <SP ID="P28_SP00099" WIDTH="0" HPOS="0" VPOS="0" />
            <String ID="P28_S00118" HPOS="651" VPOS="1520" WIDTH="19" HEIGHT="36" STYLEREFS="StyleId-0" CONTENT="I" WC="0.75" CC="2" />
            <SP ID="P28_SP00100" WIDTH="0" HPOS="0" VPOS="0" />
            <String ID="P28_S00119" HPOS="694" VPOS="1521" WIDTH="216" HEIGHT="45" STYLEREFS="StyleId-0" CONTENT="supposed" WC="0.9025" CC="02000500" />
            <SP ID="P28_SP00101" WIDTH="0" HPOS="0" VPOS="0" />
            <String ID="P28_S00120" HPOS="933" VPOS="1526" WIDTH="41" HEIGHT="40" STYLEREFS="StyleId-0" CONTENT="at" WC="0.73" CC="05" />
            <SP ID="P28_SP00102" WIDTH="0" HPOS="0" VPOS="0" />
            <String ID="P28_S00121" HPOS="996" VPOS="1521" WIDTH="95" HEIGHT="45" STYLEREFS="StyleId-0" CONTENT="that" WC="0.8425" CC="0600" />
            <SP ID="P28_SP00103" WIDTH="0" HPOS="0" VPOS="0" />
            <String ID="P28_S00122" HPOS="1112" VPOS="1521" WIDTH="105" HEIGHT="45" STYLEREFS="StyleId-0" CONTENT="time" WC="1" CC="0000" />
            <SP ID="P28_SP00104" WIDTH="0" HPOS="0" VPOS="0" />
            <String ID="P28_S00123" HPOS="1239" VPOS="1522" WIDTH="96" HEIGHT="44" STYLEREFS="StyleId-0" CONTENT="that" WC="0.95" CC="2000" />
            <SP ID="P28_SP00105" WIDTH="0" HPOS="0" VPOS="0" />
            <String ID="P28_S00124" HPOS="1356" VPOS="1522" WIDTH="75" HEIGHT="44" STYLEREFS="StyleId-0" CONTENT="the" WC="1" CC="000" />
            <SP ID="P28_SP00106" WIDTH="0" HPOS="0" VPOS="0" />
            <String ID="P28_S00125" HPOS="1452" VPOS="1535" WIDTH="132" HEIGHT="34" STYLEREFS="StyleId-0" CONTENT="paper" WC="0.612" CC="90900" />
            <SP ID="P28_SP00107" WIDTH="0" HPOS="0" VPOS="0" />
            <String ID="P28_S00126" HPOS="1606" VPOS="1535" WIDTH="88" HEIGHT="34" STYLEREFS="StyleId-0" CONTENT="was" WC="0.6566667" CC="045" />
          </TextLine>
          <TextLine ID="P28_TL00020" HPOS="190" VPOS="1579" WIDTH="1505" HEIGHT="57">
            <String ID="P28_S00127" HPOS="190" VPOS="1585" WIDTH="71" HEIGHT="33" STYLEREFS="StyleId-0" CONTENT="too" WC="0.8333333" CC="005" />
            <SP ID="P28_SP00108" WIDTH="0" HPOS="0" VPOS="0" />
            <String ID="P28_S00128" HPOS="283" VPOS="1580" WIDTH="196" HEIGHT="39" STYLEREFS="StyleId-0" CONTENT="valuable" WC="0.965" CC="00110000" />
            <SP ID="P28_SP00109" WIDTH="0" HPOS="0" VPOS="0" />
            <String ID="P28_S00129" HPOS="499" VPOS="1587" WIDTH="45" HEIGHT="33" STYLEREFS="StyleId-0" CONTENT="to" WC="1" CC="00" />
            <SP ID="P28_SP00110" WIDTH="0" HPOS="0" VPOS="0" />
            <String ID="P28_S00130" HPOS="564" VPOS="1582" WIDTH="53" HEIGHT="38" STYLEREFS="StyleId-0" CONTENT="be" WC="1" CC="00" />
            <SP ID="P28_SP00111" WIDTH="0" HPOS="0" VPOS="0" />
            <String ID="P28_S00131" HPOS="637" VPOS="1583" WIDTH="78" HEIGHT="39" STYLEREFS="StyleId-0" CONTENT="left" WC="0.8025" CC="1060" />
            <SP ID="P28_SP00112" WIDTH="0" HPOS="0" VPOS="0" />
            <String ID="P28_S00132" HPOS="737" VPOS="1584" WIDTH="44" HEIGHT="38" STYLEREFS="StyleId-0" CONTENT="in" WC="1" CC="00" />
            <SP ID="P28_SP00113" WIDTH="0" HPOS="0" VPOS="0" />
            <String ID="P28_S00133" HPOS="804" VPOS="1596" WIDTH="111" HEIGHT="35" STYLEREFS="StyleId-0" CONTENT="your" WC="0.9525" CC="0100" />
            <SP ID="P28_SP00114" WIDTH="0" HPOS="0" VPOS="0" />
            <String ID="P28_S00134" HPOS="953" VPOS="1586" WIDTH="107" HEIGHT="45" STYLEREFS="StyleId-0" CONTENT="desk" WC="0.8525" CC="1004" />
            <SP ID="P28_SP00115" WIDTH="0" HPOS="0" VPOS="0" />
            <String ID="P28_S00135" HPOS="1100" VPOS="1587" WIDTH="85" HEIGHT="44" STYLEREFS="StyleId-0" CONTENT="and" WC="0.793333352" CC="140" />
            <SP ID="P28_SP00116" WIDTH="0" HPOS="0" VPOS="0" />
            <String ID="P28_S00136" HPOS="1207" VPOS="1587" WIDTH="191" HEIGHT="46" STYLEREFS="StyleId-0" CONTENT="thought" WC="0.7942857" CC="0000950" />
            <SP ID="P28_SP00117" WIDTH="0" HPOS="0" VPOS="0" />
            <String ID="P28_S00137" HPOS="1420" VPOS="1587" WIDTH="33" HEIGHT="46" STYLEREFS="StyleId-0" CONTENT="it" WC="0.64" CC="42" />
            <SP ID="P28_SP00118" WIDTH="0" HPOS="0" VPOS="0" />
            <String ID="P28_S00138" HPOS="1475" VPOS="1588" WIDTH="144" HEIGHT="45" STYLEREFS="StyleId-0" CONTENT="would" WC="0.866" CC="00600" />
            <SP ID="P28_SP00119" WIDTH="0" HPOS="0" VPOS="0" />
            <String ID="P28_S00139" HPOS="1642" VPOS="1586" WIDTH="53" HEIGHT="47" STYLEREFS="StyleId-0" CONTENT="be" WC="0.665" CC="06" />
          </TextLine>
          <TextLine ID="P28_TL00021" HPOS="191" VPOS="1644" WIDTH="1500" HEIGHT="57">
            <String ID="P28_S00140" HPOS="191" VPOS="1650" WIDTH="77" HEIGHT="40" STYLEREFS="StyleId-0" CONTENT="put" WC="1" CC="000" />
            <SP ID="P28_SP00120" WIDTH="0" HPOS="0" VPOS="0" />
            <String ID="P28_S00141" HPOS="284" VPOS="1645" WIDTH="43" HEIGHT="45" STYLEREFS="StyleId-0" CONTENT="in" WC="0.615" CC="16" />
            <SP ID="P28_SP00121" WIDTH="0" HPOS="0" VPOS="0" />
            <String ID="P28_S00142" HPOS="351" VPOS="1647" WIDTH="218" HEIGHT="46" STYLEREFS="StyleId-0" CONTENT="pamphlet" WC="0.98" CC="00001000" />
            <SP ID="P28_SP00122" WIDTH="0" HPOS="0" VPOS="0" />
            <String ID="P28_S00143" HPOS="591" VPOS="1648" WIDTH="110" HEIGHT="45" STYLEREFS="StyleId-0" CONTENT="form" WC="0.87" CC="3100" />
            <SP ID="P28_SP00123" WIDTH="0" HPOS="0" VPOS="0" />
            <String ID="P28_S00144" HPOS="723" VPOS="1650" WIDTH="83" HEIGHT="43" STYLEREFS="StyleId-0" CONTENT="and" WC="0.8333333" CC="050" />
            <SP ID="P28_SP00124" WIDTH="0" HPOS="0" VPOS="0" />
            <String ID="P28_S00145" HPOS="829" VPOS="1649" WIDTH="260" HEIGHT="44" STYLEREFS="StyleId-0" CONTENT="distributed" WC="0.7990909" CC="00501605200" />
            <SP ID="P28_SP00125" WIDTH="0" HPOS="0" VPOS="0" />
            <String ID="P28_S00146" HPOS="1112" VPOS="1664" WIDTH="160" HEIGHT="35" STYLEREFS="StyleId-0" CONTENT="among" WC="0.658" CC="002410" />
            <SP ID="P28_SP00126" WIDTH="0" HPOS="0" VPOS="0" />
            <String ID="P28_S00147" HPOS="1292" VPOS="1653" WIDTH="75" HEIGHT="46" STYLEREFS="StyleId-0" CONTENT="the" WC="1" CC="000" />
            <SP ID="P28_SP00127" WIDTH="0" HPOS="0" VPOS="0" />
            <String ID="P28_S00148" HPOS="1388" VPOS="1652" WIDTH="101" HEIGHT="47" STYLEREFS="StyleId-0" CONTENT="club" WC="0.72" CC="0380" />
            <SP ID="P28_SP00128" WIDTH="0" HPOS="0" VPOS="0" />
            <String ID="P28_S00149" HPOS="1524" VPOS="1665" WIDTH="167" HEIGHT="34" STYLEREFS="StyleId-0" CONTENT="women" WC="0.874" CC="00006" />
          </TextLine>
          <TextLine ID="P28_TL00022" HPOS="191" VPOS="1708" WIDTH="356" HEIGHT="49">
            <String ID="P28_S00150" HPOS="191" VPOS="1708" WIDTH="65" HEIGHT="39" STYLEREFS="StyleId-0" CONTENT="for" WC="0.936666667" CC="100" />
            <SP ID="P28_SP00129" WIDTH="0" HPOS="0" VPOS="0" />
            <String ID="P28_S00151" HPOS="278" VPOS="1709" WIDTH="269" HEIGHT="47" STYLEREFS="StyleId-0" CONTENT="inspiration." WC="0.75333333" CC="330040004292" />
          </TextLine>
          <TextLine ID="P28_TL00023" HPOS="840" VPOS="1768" WIDTH="375" HEIGHT="49">
            <String ID="P28_S00152" HPOS="840" VPOS="1769" WIDTH="220" HEIGHT="44" STYLEREFS="StyleId-0" CONTENT="Sincerely" WC="0.7111111" CC="506000058" />
            <SP ID="P28_SP00130" WIDTH="0" HPOS="0" VPOS="0" />
            <String ID="P28_S00153" HPOS="1083" VPOS="1782" WIDTH="132" HEIGHT="35" STYLEREFS="StyleId-0" CONTENT="yours" WC="0.986" CC="00000" />
          </TextLine>
          <TextLine ID="P28_TL00024" HPOS="1026" VPOS="1822" WIDTH="398" HEIGHT="51">
            <String ID="P28_S00154" HPOS="1026" VPOS="1825" WIDTH="125" HEIGHT="47" STYLEREFS="StyleId-0" CONTENT="Mary" WC="0.905" CC="0030" />
            <SP ID="P28_SP00131" WIDTH="0" HPOS="0" VPOS="0" />
            <String ID="P28_S00155" HPOS="1173" VPOS="1827" WIDTH="50" HEIGHT="45" STYLEREFS="StyleId-0" CONTENT="B." WC="0.8" CC="40" />
            <SP ID="P28_SP00132" WIDTH="0" HPOS="0" VPOS="0" />
            <String ID="P28_S00156" HPOS="1247" VPOS="1823" WIDTH="177" HEIGHT="49" STYLEREFS="StyleId-0" CONTENT="Talbert" WC="0.8257143" CC="7000005" />
          </TextLine>
          <TextLine ID="P28_TL00025" HPOS="301" VPOS="1884" WIDTH="1390" HEIGHT="54">
            <String ID="P28_S00157" HPOS="301" VPOS="1884" WIDTH="222" HEIGHT="39" STYLEREFS="StyleId-0" CONTENT="President" WC="0.807777762" CC="400020054" />
            <SP ID="P28_SP00133" WIDTH="0" HPOS="0" VPOS="0" />
            <String ID="P28_S00158" HPOS="544" VPOS="1886" WIDTH="44" HEIGHT="37" STYLEREFS="StyleId-0" CONTENT="of" WC="0.74" CC="05" />
            <SP ID="P28_SP00134" WIDTH="0" HPOS="0" VPOS="0" />
            <String ID="P28_S00159" HPOS="611" VPOS="1886" WIDTH="173" HEIGHT="47" STYLEREFS="StyleId-0" CONTENT="Empire" WC="0.7316667" CC="600270" />
            <SP ID="P28_SP00135" WIDTH="0" HPOS="0" VPOS="0" />
            <String ID="P28_S00160" HPOS="806" VPOS="1888" WIDTH="118" HEIGHT="45" STYLEREFS="StyleId-0" CONTENT="State" WC="0.816" CC="40040" />
            <SP ID="P28_SP00136" WIDTH="0" HPOS="0" VPOS="0" />
            <String ID="P28_S00161" HPOS="945" VPOS="1889" WIDTH="258" HEIGHT="44" STYLEREFS="StyleId-0" CONTENT="Federation" WC="0.875" CC="6000000005" />
            <SP ID="P28_SP00137" WIDTH="0" HPOS="0" VPOS="0" />
            <String ID="P28_S00162" HPOS="1225" VPOS="1891" WIDTH="45" HEIGHT="42" STYLEREFS="StyleId-0" CONTENT="of" WC="0.725" CC="23" />
            <SP ID="P28_SP00138" WIDTH="0" HPOS="0" VPOS="0" />
            <String ID="P28_S00163" HPOS="1292" VPOS="1892" WIDTH="228" HEIGHT="41" STYLEREFS="StyleId-0" CONTENT="Women's" WC="0.795714259" CC="2000442" />
            <SP ID="P28_SP00139" WIDTH="0" HPOS="0" VPOS="0" />
            <String ID="P28_S00164" HPOS="1542" VPOS="1893" WIDTH="149" HEIGHT="40" STYLEREFS="StyleId-0" CONTENT="Clubs." WC="0.636666656" CC="349003" />
          </TextLine>
        </TextBlock>
        <TextBlock ID="P28_TB00006" HPOS="184" VPOS="2034" WIDTH="1517" HEIGHT="503">
          <TextLine ID="P28_TL00026" HPOS="845" VPOS="2045" WIDTH="849" HEIGHT="54">
            <String ID="P28_S00165" HPOS="845" VPOS="2046" WIDTH="106" HEIGHT="39" STYLEREFS="StyleId-0" CONTENT="New" WC="0.93" CC="200" />
            <SP ID="P28_SP00140" WIDTH="0" HPOS="0" VPOS="0" />
            <String ID="P28_S00166" HPOS="972" VPOS="2047" WIDTH="205" HEIGHT="47" STYLEREFS="StyleId-0" CONTENT="Bedford," WC="0.8275" CC="60040003" />
            <SP ID="P28_SP00141" WIDTH="0" HPOS="0" VPOS="0" />
            <String ID="P28_S00167" HPOS="1204" VPOS="2050" WIDTH="152" HEIGHT="46" STYLEREFS="StyleId-0" CONTENT="Mass.," WC="0.886666656" CC="000041" />
            <SP ID="P28_SP00142" WIDTH="0" HPOS="0" VPOS="0" />
            <String ID="P28_S00168" HPOS="1378" VPOS="2051" WIDTH="115" HEIGHT="45" STYLEREFS="StyleId-0" CONTENT="Nov." WC="0.765" CC="5004" />
            <SP ID="P28_SP00143" WIDTH="0" HPOS="0" VPOS="0" />
            <String ID="P28_S00169" HPOS="1520" VPOS="2052" WIDTH="38" HEIGHT="46" STYLEREFS="StyleId-0" CONTENT="7," WC="1" CC="00" />
            <SP ID="P28_SP00144" WIDTH="0" HPOS="0" VPOS="0" />
            <String ID="P28_S00170" HPOS="1587" VPOS="2055" WIDTH="107" HEIGHT="43" STYLEREFS="StyleId-0" CONTENT="1914" WC="0.9675" CC="0010" />
          </TextLine>
          <TextLine ID="P28_TL00027" HPOS="195" VPOS="2105" WIDTH="530" HEIGHT="49">
            <String ID="P28_S00171" HPOS="195" VPOS="2105" WIDTH="75" HEIGHT="47" STYLEREFS="StyleId-0" CONTENT="My" WC="1" CC="00" />
            <SP ID="P28_SP00145" WIDTH="0" HPOS="0" VPOS="0" />
            <String ID="P28_S00172" HPOS="293" VPOS="2106" WIDTH="110" HEIGHT="46" STYLEREFS="StyleId-0" CONTENT="Dear" WC="0.79" CC="0043" />
            <SP ID="P28_SP00146" WIDTH="0" HPOS="0" VPOS="0" />
            <String ID="P28_S00173" HPOS="420" VPOS="2107" WIDTH="73" HEIGHT="45" STYLEREFS="StyleId-0" CONTENT="Dr." WC="0.71" CC="602" />
            <SP ID="P28_SP00147" WIDTH="0" HPOS="0" VPOS="0" />
            <String ID="P28_S00174" HPOS="518" VPOS="2107" WIDTH="207" HEIGHT="45" STYLEREFS="StyleId-0" CONTENT="Steward:" WC="0.8375" CC="30008000" />
          </TextLine>
          <TextLine ID="P28_TL00028" HPOS="245" VPOS="2164" WIDTH="1450" HEIGHT="67">
            <String ID="P28_S00175" HPOS="245" VPOS="2170" WIDTH="19" HEIGHT="38" STYLEREFS="StyleId-0" CONTENT="I" WC="0.51" CC="4" />
            <SP ID="P28_SP00148" WIDTH="0" HPOS="0" VPOS="0" />
            <String ID="P28_S00176" HPOS="287" VPOS="2171" WIDTH="233" HEIGHT="39" STYLEREFS="StyleId-0" CONTENT="remember" WC="0.94375" CC="00400000" />
            <SP ID="P28_SP00149" WIDTH="0" HPOS="0" VPOS="0" />
            <String ID="P28_S00177" HPOS="540" VPOS="2185" WIDTH="109" HEIGHT="34" STYLEREFS="StyleId-0" CONTENT="your" WC="0.8375" CC="0240" />
            <SP ID="P28_SP00150" WIDTH="0" HPOS="0" VPOS="0" />
            <String ID="P28_S00178" HPOS="672" VPOS="2186" WIDTH="131" HEIGHT="35" STYLEREFS="StyleId-0" CONTENT="paper" WC="1" CC="00000" />
            <SP ID="P28_SP00151" WIDTH="0" HPOS="0" VPOS="0" />
            <String ID="P28_S00179" HPOS="844" VPOS="2167" WIDTH="219" HEIGHT="54" STYLEREFS="StyleId-0" CONTENT="&quot;Woman" WC="0.79" CC="700005" />
            <SP ID="P28_SP00152" WIDTH="0" HPOS="0" VPOS="0" />
            <String ID="P28_S00180" HPOS="1087" VPOS="2177" WIDTH="44" HEIGHT="44" STYLEREFS="StyleId-0" CONTENT="in" WC="0.42" CC="74" />
            <SP ID="P28_SP00153" WIDTH="0" HPOS="0" VPOS="0" />
            <String ID="P28_S00181" HPOS="1157" VPOS="2179" WIDTH="252" HEIGHT="42" STYLEREFS="StyleId-0" CONTENT="Medicine&quot;" WC="0.812222242" CC="000503007" />
            <SP ID="P28_SP00154" WIDTH="0" HPOS="0" VPOS="0" />
            <String ID="P28_S00182" HPOS="1436" VPOS="2182" WIDTH="84" HEIGHT="39" STYLEREFS="StyleId-0" CONTENT="and" WC="0.50333333" CC="068" />
            <SP ID="P28_SP00155" WIDTH="0" HPOS="0" VPOS="0" />
            <String ID="P28_S00183" HPOS="1545" VPOS="2196" WIDTH="24" HEIGHT="25" STYLEREFS="StyleId-0" CONTENT="a" WC="0.96" CC="0" />
            <SP ID="P28_SP00156" WIDTH="0" HPOS="0" VPOS="0" />
            <String ID="P28_S00184" HPOS="1590" VPOS="2195" WIDTH="105" HEIGHT="36" STYLEREFS="StyleId-0" CONTENT="very" WC="0.555" CC="8009" />
          </TextLine>
          <TextLine ID="P28_TL00029" HPOS="191" VPOS="2233" WIDTH="1499" HEIGHT="62">
            <String ID="P28_S00185" HPOS="191" VPOS="2233" WIDTH="84" HEIGHT="40" STYLEREFS="StyleId-0" CONTENT="fine" WC="0.79" CC="0080" />
            <SP ID="P28_SP00157" WIDTH="0" HPOS="0" VPOS="0" />
            <String ID="P28_S00186" HPOS="296" VPOS="2248" WIDTH="131" HEIGHT="34" STYLEREFS="StyleId-0" CONTENT="paper" WC="0.95" CC="00002" />
            <SP ID="P28_SP00158" WIDTH="0" HPOS="0" VPOS="0" />
            <String ID="P28_S00187" HPOS="448" VPOS="2237" WIDTH="32" HEIGHT="45" STYLEREFS="StyleId-0" CONTENT="it" WC="0.81" CC="30" />
            <SP ID="P28_SP00159" WIDTH="0" HPOS="0" VPOS="0" />
            <String ID="P28_S00188" HPOS="501" VPOS="2250" WIDTH="102" HEIGHT="33" STYLEREFS="StyleId-0" CONTENT="was," WC="0.715" CC="0703" />
            <SP ID="P28_SP00160" WIDTH="0" HPOS="0" VPOS="0" />
            <String ID="P28_S00189" HPOS="629" VPOS="2240" WIDTH="83" HEIGHT="43" STYLEREFS="StyleId-0" CONTENT="and" WC="0.77" CC="060" />
            <SP ID="P28_SP00161" WIDTH="0" HPOS="0" VPOS="0" />
            <String ID="P28_S00190" HPOS="736" VPOS="2242" WIDTH="20" HEIGHT="41" STYLEREFS="StyleId-0" CONTENT="I" WC="1" CC="0" />
            <SP ID="P28_SP00162" WIDTH="0" HPOS="0" VPOS="0" />
            <String ID="P28_S00191" HPOS="778" VPOS="2241" WIDTH="127" HEIGHT="42" STYLEREFS="StyleId-0" CONTENT="think" WC="0.79" CC="00360" />
            <SP ID="P28_SP00163" WIDTH="0" HPOS="0" VPOS="0" />
            <String ID="P28_S00192" HPOS="929" VPOS="2241" WIDTH="32" HEIGHT="42" STYLEREFS="StyleId-0" CONTENT="it" WC="1" CC="00" />
            <SP ID="P28_SP00164" WIDTH="0" HPOS="0" VPOS="0" />
            <String ID="P28_S00193" HPOS="983" VPOS="2255" WIDTH="24" HEIGHT="28" STYLEREFS="StyleId-0" CONTENT="a" WC="1" CC="0" />
            <SP ID="P28_SP00165" WIDTH="0" HPOS="0" VPOS="0" />
            <String ID="P28_S00194" HPOS="1026" VPOS="2242" WIDTH="88" HEIGHT="41" STYLEREFS="StyleId-0" CONTENT="fine" WC="1" CC="0000" />
            <SP ID="P28_SP00166" WIDTH="0" HPOS="0" VPOS="0" />
            <String ID="P28_S00195" HPOS="1134" VPOS="2244" WIDTH="98" HEIGHT="39" STYLEREFS="StyleId-0" CONTENT="idea" WC="0.8775" CC="4000" />
            <SP ID="P28_SP00167" WIDTH="0" HPOS="0" VPOS="0" />
            <String ID="P28_S00196" HPOS="1251" VPOS="2250" WIDTH="46" HEIGHT="33" STYLEREFS="StyleId-0" CONTENT="to" WC="1" CC="00" />
            <SP ID="P28_SP00168" WIDTH="0" HPOS="0" VPOS="0" />
            <String ID="P28_S00197" HPOS="1313" VPOS="2245" WIDTH="110" HEIGHT="40" STYLEREFS="StyleId-0" CONTENT="have" WC="0.83" CC="5100" />
            <SP ID="P28_SP00169" WIDTH="0" HPOS="0" VPOS="0" />
            <String ID="P28_S00198" HPOS="1445" VPOS="2245" WIDTH="33" HEIGHT="40" STYLEREFS="StyleId-0" CONTENT="it" WC="0.715" CC="50" />
            <SP ID="P28_SP00170" WIDTH="0" HPOS="0" VPOS="0" />
            <String ID="P28_S00199" HPOS="1501" VPOS="2248" WIDTH="189" HEIGHT="46" STYLEREFS="StyleId-0" CONTENT="printed." WC="0.8675" CC="03240100" />
          </TextLine>
          <TextLine ID="P28_TL00030" HPOS="195" VPOS="2299" WIDTH="1135" HEIGHT="55">
            <String ID="P28_S00200" HPOS="195" VPOS="2300" WIDTH="20" HEIGHT="37" STYLEREFS="StyleId-0" CONTENT="I" WC="1" CC="0" />
            <SP ID="P28_SP00171" WIDTH="0" HPOS="0" VPOS="0" />
            <String ID="P28_S00201" HPOS="238" VPOS="2311" WIDTH="124" HEIGHT="35" STYLEREFS="StyleId-0" CONTENT="agree" WC="0.712" CC="010400" />
            <SP ID="P28_SP00172" WIDTH="0" HPOS="0" VPOS="0" />
            <String ID="P28_S00202" HPOS="383" VPOS="2300" WIDTH="105" HEIGHT="46" STYLEREFS="StyleId-0" CONTENT="with" WC="0.9075" CC="0300" />
            <SP ID="P28_SP00173" WIDTH="0" HPOS="0" VPOS="0" />
            <String ID="P28_S00203" HPOS="511" VPOS="2303" WIDTH="213" HEIGHT="47" STYLEREFS="StyleId-0" CONTENT="Chaplain" WC="0.88625" CC="40000004" />
            <SP ID="P28_SP00174" WIDTH="0" HPOS="0" VPOS="0" />
            <String ID="P28_S00204" HPOS="747" VPOS="2305" WIDTH="194" HEIGHT="45" STYLEREFS="StyleId-0" CONTENT="Steward" WC="0.9671429" CC="2000000" />
            <SP ID="P28_SP00175" WIDTH="0" HPOS="0" VPOS="0" />
            <String ID="P28_S00205" HPOS="965" VPOS="2308" WIDTH="84" HEIGHT="42" STYLEREFS="StyleId-0" CONTENT="and" WC="0.7866667" CC="060" />
            <SP ID="P28_SP00176" WIDTH="0" HPOS="0" VPOS="0" />
            <String ID="P28_S00206" HPOS="1071" VPOS="2309" WIDTH="75" HEIGHT="41" STYLEREFS="StyleId-0" CONTENT="the" WC="0.75666666" CC="070" />
            <SP ID="P28_SP00177" WIDTH="0" HPOS="0" VPOS="0" />
            <String ID="P28_S00207" HPOS="1167" VPOS="2311" WIDTH="163" HEIGHT="39" STYLEREFS="StyleId-0" CONTENT="others." WC="0.9014286" CC="0002004" />
          </TextLine>
          <TextLine ID="P28_TL00031" HPOS="845" VPOS="2360" WIDTH="392" HEIGHT="51">
            <String ID="P28_S00208" HPOS="845" VPOS="2360" WIDTH="223" HEIGHT="51" STYLEREFS="StyleId-0" CONTENT="Sincerely" WC="0.7488889" CC="675000030" />
            <SP ID="P28_SP00178" WIDTH="0" HPOS="0" VPOS="0" />
            <String ID="P28_S00209" HPOS="1089" VPOS="2375" WIDTH="148" HEIGHT="36" STYLEREFS="StyleId-0" CONTENT="yours," WC="0.816666663" CC="006004" />
          </TextLine>
          <TextLine ID="P28_TL00032" HPOS="1113" VPOS="2417" WIDTH="475" HEIGHT="44">
            <String ID="P28_S00210" HPOS="1113" VPOS="2417" WIDTH="227" HEIGHT="42" STYLEREFS="StyleId-0" CONTENT="Elizabeth" WC="0.795555532" CC="720300005" />
            <SP ID="P28_SP00179" WIDTH="0" HPOS="0" VPOS="0" />
            <String ID="P28_S00211" HPOS="1361" VPOS="2421" WIDTH="50" HEIGHT="39" STYLEREFS="StyleId-0" CONTENT="C." WC="0.775" CC="04" />
            <SP ID="P28_SP00180" WIDTH="0" HPOS="0" VPOS="0" />
            <String ID="P28_S00212" HPOS="1436" VPOS="2421" WIDTH="152" HEIGHT="40" STYLEREFS="StyleId-0" CONTENT="Carter" WC="0.6983333" CC="058400" />
          </TextLine>
          <TextLine ID="P28_TL00033" HPOS="366" VPOS="2474" WIDTH="1327" HEIGHT="55">
            <String ID="P28_S00213" HPOS="366" VPOS="2475" WIDTH="223" HEIGHT="39" STYLEREFS="StyleId-0" CONTENT="President" WC="0.377777785" CC="864928178" />
            <SP ID="P28_SP00181" WIDTH="0" HPOS="0" VPOS="0" />
            <String ID="P28_S00214" HPOS="611" VPOS="2478" WIDTH="310" HEIGHT="40" STYLEREFS="StyleId-0" CONTENT="Northeastern" WC="0.595833361" CC="430260913457" />
            <SP ID="P28_SP00182" WIDTH="0" HPOS="0" VPOS="0" />
            <String ID="P28_S00215" HPOS="945" VPOS="2480" WIDTH="257" HEIGHT="42" STYLEREFS="StyleId-0" CONTENT="Federation" WC="0.57" CC="7600277514" />
            <SP ID="P28_SP00183" WIDTH="0" HPOS="0" VPOS="0" />
            <String ID="P28_S00216" HPOS="1225" VPOS="2485" WIDTH="45" HEIGHT="38" STYLEREFS="StyleId-0" CONTENT="of" WC="0.665" CC="06" />
            <SP ID="P28_SP00184" WIDTH="0" HPOS="0" VPOS="0" />
            <String ID="P28_S00217" HPOS="1292" VPOS="2486" WIDTH="228" HEIGHT="40" STYLEREFS="StyleId-0" CONTENT="Women's" WC="0.927142859" CC="0000022" />
            <SP ID="P28_SP00185" WIDTH="0" HPOS="0" VPOS="0" />
            <String ID="P28_S00218" HPOS="1543" VPOS="2489" WIDTH="150" HEIGHT="40" STYLEREFS="StyleId-0" CONTENT="Clubs." WC="0.548333347" CC="625047" />
          </TextLine>
        </TextBlock>
      </PrintSpace>
    </Page>
  </Layout>
</alto>