<?xml version="1.0" encoding="utf-8"?>
<alto xmlns:xlink="http://www.w3.org/1999/xlink" xmlns:xsi="http://www.w3.org/2001/XMLSchema-instance" xsi:schemaLocation="http://www.loc.gov/standards/alto/ns-v2# http://www.loc.gov/standards/alto/alto-v2.0.xsd" xmlns="http://www.loc.gov/standards/alto/ns-v2#">
  <Description>
    <MeasurementUnit>pixel</MeasurementUnit>
    <sourceImageInformation>
      <fileName>0000005.tif</fileName>
    </sourceImageInformation>
    <OCRProcessing ID="Processing">
      <ocrProcessingStep>
        <processingStepSettings>Image Resolution:400</processingStepSettings>
        <processingSoftware>
          <softwareCreator>I2S Kirtas</softwareCreator>
          <softwareName>Limb</softwareName>
          <softwareVersion>1.0</softwareVersion>
          <applicationDescription>Abbyy10 OCR Engine</applicationDescription>
        </processingSoftware>
      </ocrProcessingStep>
    </OCRProcessing>
  </Description>
  <Styles>
    <TextStyle ID="StyleId-0" FONTSIZE="12" FONTFAMILY="Times New Roman" />
    <TextStyle ID="StyleId-1" FONTSIZE="9" FONTFAMILY="Times New Roman" />
    <TextStyle ID="StyleId-2" FONTSIZE="8" FONTFAMILY="Arial" />
  </Styles>
  <Layout>
    <Page ID="P5" PHYSICAL_IMG_NR="5" HEIGHT="2799" WIDTH="1900" ACCURACY="0.764515936" QUALITY_DETAIL="277 words, 1362 chars, 1055 with recognition greater than 50% (77.46%)">
      <TopMargin ID="P5_TM00001" HPOS="0" VPOS="0" WIDTH="1900" HEIGHT="348" />
      <LeftMargin ID="P5_LM00001" HPOS="0" VPOS="348" WIDTH="166" HEIGHT="2105" />
      <RightMargin ID="P5_RM00001" HPOS="1737" VPOS="348" WIDTH="163" HEIGHT="2105" />
      <BottomMargin ID="P5_BM00001" HPOS="0" VPOS="2453" WIDTH="1900" HEIGHT="346" />
      <PrintSpace ID="P5_PS00001" HPOS="166" VPOS="348" WIDTH="1571" HEIGHT="2105">
        <TextBlock ID="P5_TB00001" HPOS="652" VPOS="343" WIDTH="580" HEIGHT="60">
          <TextLine ID="P5_TL00001" HPOS="660" VPOS="350" WIDTH="564" HEIGHT="45">
            <String ID="P5_S00001" HPOS="660" VPOS="347" WIDTH="564" HEIGHT="50" STYLEREFS="StyleId-0" CONTENT="INTRODUCTION" WC="0.7583333" CC="413015004303" />
          </TextLine>
        </TextBlock>
        <TextBlock ID="P5_TB00002" HPOS="167" VPOS="491" WIDTH="1570" HEIGHT="1881">
          <TextLine ID="P5_TL00002" HPOS="264" VPOS="498" WIDTH="1430" HEIGHT="37">
            <String ID="P5_S00002" HPOS="264" VPOS="498" WIDTH="111" HEIGHT="38" STYLEREFS="StyleId-1" CONTENT="New" WC="0.86" CC="003" />
            <SP ID="P5_SP00001" WIDTH="0" HPOS="0" VPOS="0" />
            <String ID="P5_S00003" HPOS="398" VPOS="498" WIDTH="121" HEIGHT="38" STYLEREFS="StyleId-1" CONTENT="York" WC="0.565" CC="5425" />
            <SP ID="P5_SP00002" WIDTH="0" HPOS="0" VPOS="0" />
            <String ID="P5_S00004" HPOS="538" VPOS="499" WIDTH="79" HEIGHT="37" STYLEREFS="StyleId-1" CONTENT="has" WC="0.31" CC="766" />
            <SP ID="P5_SP00003" WIDTH="0" HPOS="0" VPOS="0" />
            <String ID="P5_S00005" HPOS="638" VPOS="509" WIDTH="100" HEIGHT="27" STYLEREFS="StyleId-1" CONTENT="ever" WC="0.75" CC="01000" />
            <SP ID="P5_SP00004" WIDTH="0" HPOS="0" VPOS="0" />
            <String ID="P5_S00006" HPOS="760" VPOS="496" WIDTH="85" HEIGHT="40" STYLEREFS="StyleId-1" CONTENT="had" WC="0.6933333" CC="720" />
            <SP ID="P5_SP00005" WIDTH="0" HPOS="0" VPOS="0" />
            <String ID="P5_S00007" HPOS="887" VPOS="507" WIDTH="152" HEIGHT="29" STYLEREFS="StyleId-1" CONTENT="reason" WC="0.8433333" CC="000125" />
            <SP ID="P5_SP00006" WIDTH="0" HPOS="0" VPOS="0" />
            <String ID="P5_S00008" HPOS="1063" VPOS="500" WIDTH="45" HEIGHT="36" STYLEREFS="StyleId-1" CONTENT="to" WC="0.855" CC="20" />
            <SP ID="P5_SP00007" WIDTH="0" HPOS="0" VPOS="0" />
            <String ID="P5_S00009" HPOS="1128" VPOS="494" WIDTH="54" HEIGHT="42" STYLEREFS="StyleId-1" CONTENT="be" WC="1" CC="00" />
            <SP ID="P5_SP00008" WIDTH="0" HPOS="0" VPOS="0" />
            <String ID="P5_S00010" HPOS="1202" VPOS="492" WIDTH="139" HEIGHT="48" STYLEREFS="StyleId-1" CONTENT="proud" WC="0.658" CC="73150" />
            <SP ID="P5_SP00009" WIDTH="0" HPOS="0" VPOS="0" />
            <String ID="P5_S00011" HPOS="1365" VPOS="491" WIDTH="46" HEIGHT="49" STYLEREFS="StyleId-1" CONTENT="of" WC="0.92" CC="01" />
            <SP ID="P5_SP00010" WIDTH="0" HPOS="0" VPOS="0" />
            <String ID="P5_S00012" HPOS="1432" VPOS="490" WIDTH="56" HEIGHT="50" STYLEREFS="StyleId-1" CONTENT="its" WC="0.7633333" CC="520" />
            <SP ID="P5_SP00011" WIDTH="0" HPOS="0" VPOS="0" />
            <String ID="P5_S00013" HPOS="1510" VPOS="500" WIDTH="184" HEIGHT="40" STYLEREFS="StyleId-1" CONTENT="women." WC="0.67" CC="044082" />
          </TextLine>
          <TextLine ID="P5_TL00003" HPOS="184" VPOS="564" WIDTH="1516" HEIGHT="37">
            <String ID="P5_S00014" HPOS="184" VPOS="564" WIDTH="135" HEIGHT="46" STYLEREFS="StyleId-1" CONTENT="Many" WC="0.4675" CC="1395" />
            <SP ID="P5_SP00012" WIDTH="0" HPOS="0" VPOS="0" />
            <String ID="P5_S00015" HPOS="340" VPOS="564" WIDTH="46" HEIGHT="46" STYLEREFS="StyleId-1" CONTENT="of" WC="0.805" CC="03" />
            <SP ID="P5_SP00013" WIDTH="0" HPOS="0" VPOS="0" />
            <String ID="P5_S00016" HPOS="408" VPOS="564" WIDTH="122" HEIGHT="46" STYLEREFS="StyleId-1" CONTENT="these" WC="0.584" CC="60094" />
            <SP ID="P5_SP00014" WIDTH="0" HPOS="0" VPOS="0" />
            <String ID="P5_S00017" HPOS="552" VPOS="564" WIDTH="57" HEIGHT="46" STYLEREFS="StyleId-1" CONTENT="by" WC="0.825" CC="03" />
            <SP ID="P5_SP00015" WIDTH="0" HPOS="0" VPOS="0" />
            <String ID="P5_S00018" HPOS="631" VPOS="563" WIDTH="137" HEIGHT="47" STYLEREFS="StyleId-1" CONTENT="direct" WC="0.816666663" CC="046000" />
            <SP ID="P5_SP00016" WIDTH="0" HPOS="0" VPOS="0" />
            <String ID="P5_S00019" HPOS="790" VPOS="563" WIDTH="176" HEIGHT="47" STYLEREFS="StyleId-1" CONTENT="descent" WC="0.8742857" CC="0000071" />
            <SP ID="P5_SP00017" WIDTH="0" HPOS="0" VPOS="0" />
            <String ID="P5_S00020" HPOS="988" VPOS="573" WIDTH="47" HEIGHT="37" STYLEREFS="StyleId-1" CONTENT="or" WC="0.84" CC="20" />
            <SP ID="P5_SP00018" WIDTH="0" HPOS="0" VPOS="0" />
            <String ID="P5_S00021" HPOS="1064" VPOS="560" WIDTH="58" HEIGHT="50" STYLEREFS="StyleId-1" CONTENT="by" WC="1" CC="00" />
            <SP ID="P5_SP00019" WIDTH="0" HPOS="0" VPOS="0" />
            <String ID="P5_S00022" HPOS="1144" VPOS="558" WIDTH="204" HEIGHT="52" STYLEREFS="StyleId-1" CONTENT="adoption" WC="0.81375" CC="40003106" />
            <SP ID="P5_SP00020" WIDTH="0" HPOS="0" VPOS="0" />
            <String ID="P5_S00023" HPOS="1371" VPOS="558" WIDTH="110" HEIGHT="52" STYLEREFS="StyleId-1" CONTENT="have" WC="0.83" CC="6000" />
            <SP ID="P5_SP00021" WIDTH="0" HPOS="0" VPOS="0" />
            <String ID="P5_S00024" HPOS="1496" VPOS="554" WIDTH="204" HEIGHT="56" STYLEREFS="StyleId-1" CONTENT="worthily" WC="0.72875" CC="00407108" />
          </TextLine>
          <TextLine ID="P5_TL00004" HPOS="180" VPOS="630" WIDTH="1521" HEIGHT="36">
            <String ID="P5_S00025" HPOS="180" VPOS="629" WIDTH="186" HEIGHT="39" STYLEREFS="StyleId-1" CONTENT="carried-" WC="0.975" CC="00000002" />
            <SP ID="P5_SP00022" WIDTH="0" HPOS="0" VPOS="0" />
            <String ID="P5_S00026" HPOS="391" VPOS="631" WIDTH="75" HEIGHT="37" STYLEREFS="StyleId-1" CONTENT="the" WC="0.6433333" CC="064" />
            <SP ID="P5_SP00023" WIDTH="0" HPOS="0" VPOS="0" />
            <String ID="P5_S00027" HPOS="499" VPOS="630" WIDTH="140" HEIGHT="38" STYLEREFS="StyleId-1" CONTENT="honor" WC="0.872" CC="00600" />
            <SP ID="P5_SP00024" WIDTH="0" HPOS="0" VPOS="0" />
            <String ID="P5_S00028" HPOS="675" VPOS="627" WIDTH="178" HEIGHT="47" STYLEREFS="StyleId-1" CONTENT="implied" WC="0.714285731" CC="4092300" />
            <SP ID="P5_SP00025" WIDTH="0" HPOS="0" VPOS="0" />
            <String ID="P5_S00029" HPOS="877" VPOS="627" WIDTH="46" HEIGHT="47" STYLEREFS="StyleId-1" CONTENT="in" WC="0.28" CC="410" />
            <SP ID="P5_SP00026" WIDTH="0" HPOS="0" VPOS="0" />
            <String ID="P5_S00030" HPOS="945" VPOS="628" WIDTH="74" HEIGHT="46" STYLEREFS="StyleId-1" CONTENT="the" WC="0.81" CC="050" />
            <SP ID="P5_SP00027" WIDTH="0" HPOS="0" VPOS="0" />
            <String ID="P5_S00031" HPOS="1051" VPOS="624" WIDTH="338" HEIGHT="50" STYLEREFS="StyleId-1" CONTENT="distinguished," WC="0.72" CC="025647103000000" />
            <SP ID="P5_SP00028" WIDTH="0" HPOS="0" VPOS="0" />
            <String ID="P5_S00032" HPOS="1430" VPOS="621" WIDTH="271" HEIGHT="53" STYLEREFS="StyleId-1" CONTENT="affectionate" WC="0.761666656" CC="977000004000" />
          </TextLine>
          <TextLine ID="P5_TL00005" HPOS="182" VPOS="697" WIDTH="915" HEIGHT="39">
            <String ID="P5_S00033" HPOS="182" VPOS="695" WIDTH="559" HEIGHT="47" STYLEREFS="StyleId-1" CONTENT="appellation—Daughter" WC="0.5885" CC="60503500167966570704" />
            <SP ID="P5_SP00029" WIDTH="0" HPOS="0" VPOS="0" />
            <String ID="P5_S00034" HPOS="762" VPOS="694" WIDTH="46" HEIGHT="48" STYLEREFS="StyleId-1" CONTENT="of" WC="0.535" CC="45" />
            <SP ID="P5_SP00030" WIDTH="0" HPOS="0" VPOS="0" />
            <String ID="P5_S00035" HPOS="830" VPOS="695" WIDTH="109" HEIGHT="47" STYLEREFS="StyleId-1" CONTENT="New" WC="0.9166667" CC="101" />
            <SP ID="P5_SP00031" WIDTH="0" HPOS="0" VPOS="0" />
            <String ID="P5_S00036" HPOS="960" VPOS="692" WIDTH="137" HEIGHT="50" STYLEREFS="StyleId-1" CONTENT="York." WC="0.926" CC="30000" />
          </TextLine>
          <TextLine ID="P5_TL00006" HPOS="265" VPOS="762" WIDTH="1437" HEIGHT="28">
            <String ID="P5_S00037" HPOS="265" VPOS="761" WIDTH="148" HEIGHT="39" STYLEREFS="StyleId-1" CONTENT="While" WC="0.816" CC="03500" />
            <SP ID="P5_SP00032" WIDTH="0" HPOS="0" VPOS="0" />
            <String ID="P5_S00038" HPOS="434" VPOS="761" WIDTH="79" HEIGHT="39" STYLEREFS="StyleId-1" CONTENT="but" WC="0.8433333" CC="040" />
            <SP ID="P5_SP00033" WIDTH="0" HPOS="0" VPOS="0" />
            <String ID="P5_S00039" HPOS="535" VPOS="774" WIDTH="24" HEIGHT="26" STYLEREFS="StyleId-1" CONTENT="a" WC="0.42" CC="5" />
            <SP ID="P5_SP00034" WIDTH="0" HPOS="0" VPOS="0" />
            <String ID="P5_S00040" HPOS="581" VPOS="761" WIDTH="124" HEIGHT="39" STYLEREFS="StyleId-1" CONTENT="small" WC="0.646" CC="67030" />
            <SP ID="P5_SP00035" WIDTH="0" HPOS="0" VPOS="0" />
            <String ID="P5_S00041" HPOS="728" VPOS="759" WIDTH="183" HEIGHT="41" STYLEREFS="StyleId-1" CONTENT="number" WC="0.6483333" CC="837001" />
            <SP ID="P5_SP00036" WIDTH="0" HPOS="0" VPOS="0" />
            <String ID="P5_S00042" HPOS="932" VPOS="758" WIDTH="45" HEIGHT="42" STYLEREFS="StyleId-1" CONTENT="of" WC="0.52" CC="45" />
            <SP ID="P5_SP00037" WIDTH="0" HPOS="0" VPOS="0" />
            <String ID="P5_S00043" HPOS="1000" VPOS="755" WIDTH="361" HEIGHT="45" STYLEREFS="StyleId-1" CONTENT="Afro-Amercian" WC="0.869230747" CC="0600100050004" />
            <SP ID="P5_SP00038" WIDTH="0" HPOS="0" VPOS="0" />
            <String ID="P5_S00044" HPOS="1396" VPOS="752" WIDTH="184" HEIGHT="48" STYLEREFS="StyleId-1" CONTENT="families" WC="0.7825" CC="40532100" />
            <SP ID="P5_SP00039" WIDTH="0" HPOS="0" VPOS="0" />
            <String ID="P5_S00045" HPOS="1593" VPOS="752" WIDTH="109" HEIGHT="48" STYLEREFS="StyleId-1" CONTENT="have" WC="1" CC="0000" />
          </TextLine>
          <TextLine ID="P5_TL00007" HPOS="185" VPOS="827" WIDTH="1517" HEIGHT="36">
            <String ID="P5_S00046" HPOS="185" VPOS="827" WIDTH="110" HEIGHT="39" STYLEREFS="StyleId-1" CONTENT="been" WC="0.8325" CC="0006" />
            <SP ID="P5_SP00040" WIDTH="0" HPOS="0" VPOS="0" />
            <String ID="P5_S00047" HPOS="328" VPOS="829" WIDTH="110" HEIGHT="37" STYLEREFS="StyleId-1" CONTENT="New" WC="0.7366667" CC="205" />
            <SP ID="P5_SP00041" WIDTH="0" HPOS="0" VPOS="0" />
            <String ID="P5_S00048" HPOS="470" VPOS="827" WIDTH="193" HEIGHT="39" STYLEREFS="StyleId-1" CONTENT="Yorkers" WC="0.622857153" CC="0079026" />
            <SP ID="P5_SP00042" WIDTH="0" HPOS="0" VPOS="0" />
            <String ID="P5_S00049" HPOS="687" VPOS="826" WIDTH="66" HEIGHT="40" STYLEREFS="StyleId-1" CONTENT="for" WC="0.723333359" CC="304" />
            <SP ID="P5_SP00043" WIDTH="0" HPOS="0" VPOS="0" />
            <String ID="P5_S00050" HPOS="775" VPOS="838" WIDTH="119" HEIGHT="28" STYLEREFS="StyleId-1" CONTENT="more" WC="0.6525" CC="10300" />
            <SP ID="P5_SP00044" WIDTH="0" HPOS="0" VPOS="0" />
            <String ID="P5_S00051" HPOS="916" VPOS="824" WIDTH="105" HEIGHT="42" STYLEREFS="StyleId-1" CONTENT="than" WC="0.7825" CC="0008" />
            <SP ID="P5_SP00045" WIDTH="0" HPOS="0" VPOS="0" />
            <String ID="P5_S00052" HPOS="1046" VPOS="836" WIDTH="23" HEIGHT="30" STYLEREFS="StyleId-1" CONTENT="a" WC="0.64" CC="3" />
            <SP ID="P5_SP00046" WIDTH="0" HPOS="0" VPOS="0" />
            <String ID="P5_S00053" HPOS="1109" VPOS="821" WIDTH="270" HEIGHT="47" STYLEREFS="StyleId-1" CONTENT="generation," WC="0.7481818" CC="100706000040" />
            <SP ID="P5_SP00047" WIDTH="0" HPOS="0" VPOS="0" />
            <String ID="P5_S00054" HPOS="1402" VPOS="831" WIDTH="159" HEIGHT="37" STYLEREFS="StyleId-1" CONTENT="among" WC="0.492" CC="00789" />
            <SP ID="P5_SP00048" WIDTH="0" HPOS="0" VPOS="0" />
            <String ID="P5_S00055" HPOS="1582" VPOS="818" WIDTH="120" HEIGHT="50" STYLEREFS="StyleId-1" CONTENT="these" WC="0.786" CC="90001" />
          </TextLine>
          <TextLine ID="P5_TL00008" HPOS="184" VPOS="894" WIDTH="1518" HEIGHT="35">
            <String ID="P5_S00056" HPOS="184" VPOS="893" WIDTH="189" HEIGHT="38" STYLEREFS="StyleId-1" CONTENT="families" WC="0.72125" CC="24403042" />
            <SP ID="P5_SP00049" WIDTH="0" HPOS="0" VPOS="0" />
            <String ID="P5_S00057" HPOS="395" VPOS="894" WIDTH="124" HEIGHT="37" STYLEREFS="StyleId-1" CONTENT="there" WC="0.892" CC="50000" />
            <SP ID="P5_SP00050" WIDTH="0" HPOS="0" VPOS="0" />
            <String ID="P5_S00058" HPOS="541" VPOS="893" WIDTH="35" HEIGHT="38" STYLEREFS="StyleId-1" CONTENT="is" WC="0.41" CC="56" />
            <SP ID="P5_SP00051" WIDTH="0" HPOS="0" VPOS="0" />
            <String ID="P5_S00059" HPOS="599" VPOS="892" WIDTH="192" HEIGHT="45" STYLEREFS="StyleId-1" CONTENT="scarcely" WC="0.75625" CC="00003069" />
            <SP ID="P5_SP00052" WIDTH="0" HPOS="0" VPOS="0" />
            <String ID="P5_S00060" HPOS="807" VPOS="903" WIDTH="25" HEIGHT="34" STYLEREFS="StyleId-1" CONTENT="a" WC="0.24" CC="7" />
            <SP ID="P5_SP00053" WIDTH="0" HPOS="0" VPOS="0" />
            <String ID="P5_S00061" HPOS="854" VPOS="890" WIDTH="153" HEIGHT="47" STYLEREFS="StyleId-1" CONTENT="family" WC="0.5566667" CC="3601610" />
            <SP ID="P5_SP00054" WIDTH="0" HPOS="0" VPOS="0" />
            <String ID="P5_S00062" HPOS="1028" VPOS="888" WIDTH="178" HEIGHT="49" STYLEREFS="StyleId-1" CONTENT="lacking" WC="0.422857136" CC="76054710" />
            <SP ID="P5_SP00055" WIDTH="0" HPOS="0" VPOS="0" />
            <String ID="P5_S00063" HPOS="1226" VPOS="892" WIDTH="43" HEIGHT="45" STYLEREFS="StyleId-1" CONTENT="at" WC="0.835" CC="30" />
            <SP ID="P5_SP00056" WIDTH="0" HPOS="0" VPOS="0" />
            <String ID="P5_S00064" HPOS="1290" VPOS="887" WIDTH="108" HEIGHT="50" STYLEREFS="StyleId-1" CONTENT="least" WC="0.784" CC="40104" />
            <SP ID="P5_SP00057" WIDTH="0" HPOS="0" VPOS="0" />
            <String ID="P5_S00065" HPOS="1419" VPOS="896" WIDTH="83" HEIGHT="41" STYLEREFS="StyleId-1" CONTENT="one" WC="0.71" CC="350" />
            <SP ID="P5_SP00058" WIDTH="0" HPOS="0" VPOS="0" />
            <String ID="P5_S00066" HPOS="1534" VPOS="894" WIDTH="168" HEIGHT="43" STYLEREFS="StyleId-1" CONTENT="woman" WC="0.516" CC="040910" />
          </TextLine>
          <TextLine ID="P5_TL00009" HPOS="187" VPOS="960" WIDTH="1517" HEIGHT="33">
            <String ID="P5_S00067" HPOS="187" VPOS="959" WIDTH="193" HEIGHT="40" STYLEREFS="StyleId-1" CONTENT="member" WC="0.723333359" CC="509010" />
            <SP ID="P5_SP00059" WIDTH="0" HPOS="0" VPOS="0" />
            <String ID="P5_S00068" HPOS="403" VPOS="958" WIDTH="45" HEIGHT="41" STYLEREFS="StyleId-1" CONTENT="of" WC="0.77" CC="04" />
            <SP ID="P5_SP00060" WIDTH="0" HPOS="0" VPOS="0" />
            <String ID="P5_S00069" HPOS="489" VPOS="963" WIDTH="171" HEIGHT="41" STYLEREFS="StyleId-1" CONTENT="greater" WC="0.851428568" CC="01000000" />
            <SP ID="P5_SP00061" WIDTH="0" HPOS="0" VPOS="0" />
            <String ID="P5_S00070" HPOS="702" VPOS="956" WIDTH="45" HEIGHT="48" STYLEREFS="StyleId-1" CONTENT="of" WC="0.73" CC="05" />
            <SP ID="P5_SP00062" WIDTH="0" HPOS="0" VPOS="0" />
            <String ID="P5_S00071" HPOS="768" VPOS="956" WIDTH="84" HEIGHT="48" STYLEREFS="StyleId-1" CONTENT="less" WC="1" CC="0000" />
            <SP ID="P5_SP00063" WIDTH="0" HPOS="0" VPOS="0" />
            <String ID="P5_S00072" HPOS="892" VPOS="954" WIDTH="254" HEIGHT="50" STYLEREFS="StyleId-1" CONTENT="distinction" WC="0.632727265" CC="050051000748" />
            <SP ID="P5_SP00064" WIDTH="0" HPOS="0" VPOS="0" />
            <String ID="P5_S00073" HPOS="1171" VPOS="966" WIDTH="6" HEIGHT="38" STYLEREFS="StyleId-1" CONTENT=";" WC="1" CC="0" />
            <SP ID="P5_SP00065" WIDTH="0" HPOS="0" VPOS="0" />
            <String ID="P5_S00074" HPOS="1212" VPOS="964" WIDTH="118" HEIGHT="40" STYLEREFS="StyleId-1" CONTENT="some" WC="0.96" CC="0100" />
            <SP ID="P5_SP00066" WIDTH="0" HPOS="0" VPOS="0" />
            <String ID="P5_S00075" HPOS="1370" VPOS="950" WIDTH="45" HEIGHT="54" STYLEREFS="StyleId-1" CONTENT="of" WC="0.735" CC="05" />
            <SP ID="P5_SP00067" WIDTH="0" HPOS="0" VPOS="0" />
            <String ID="P5_S00076" HPOS="1436" VPOS="950" WIDTH="117" HEIGHT="54" STYLEREFS="StyleId-1" CONTENT="them" WC="0.835" CC="0600" />
            <SP ID="P5_SP00068" WIDTH="0" HPOS="0" VPOS="0" />
            <String ID="P5_S00077" HPOS="1594" VPOS="948" WIDTH="110" HEIGHT="56" STYLEREFS="StyleId-1" CONTENT="have" WC="1" CC="0000" />
          </TextLine>
          <TextLine ID="P5_TL00010" HPOS="185" VPOS="1027" WIDTH="1517" HEIGHT="32">
            <String ID="P5_S00078" HPOS="185" VPOS="1038" WIDTH="110" HEIGHT="25" STYLEREFS="StyleId-1" CONTENT="even" WC="0.8425" CC="0006" />
            <SP ID="P5_SP00069" WIDTH="0" HPOS="0" VPOS="0" />
            <String ID="P5_S00079" HPOS="320" VPOS="1038" WIDTH="24" HEIGHT="25" STYLEREFS="StyleId-1" CONTENT="a" WC="1" CC="0" />
            <SP ID="P5_SP00070" WIDTH="0" HPOS="0" VPOS="0" />
            <String ID="P5_S00080" HPOS="366" VPOS="1025" WIDTH="138" HEIGHT="38" STYLEREFS="StyleId-1" CONTENT="better" WC="0.7216667" CC="0010105" />
            <SP ID="P5_SP00071" WIDTH="0" HPOS="0" VPOS="0" />
            <String ID="P5_S00081" HPOS="527" VPOS="1024" WIDTH="217" HEIGHT="44" STYLEREFS="StyleId-1" CONTENT="showing." WC="0.61625" CC="65092600" />
            <SP ID="P5_SP00072" WIDTH="0" HPOS="0" VPOS="0" />
            <String ID="P5_S00082" HPOS="810" VPOS="1021" WIDTH="175" HEIGHT="47" STYLEREFS="StyleId-1" CONTENT="Among" WC="1" CC="00000" />
            <SP ID="P5_SP00073" WIDTH="0" HPOS="0" VPOS="0" />
            <String ID="P5_S00083" HPOS="1015" VPOS="1019" WIDTH="88" HEIGHT="49" STYLEREFS="StyleId-1" CONTENT="this" WC="0.7725" CC="0511" />
            <SP ID="P5_SP00074" WIDTH="0" HPOS="0" VPOS="0" />
            <String ID="P5_S00084" HPOS="1120" VPOS="1018" WIDTH="127" HEIGHT="50" STYLEREFS="StyleId-1" CONTENT="latter" WC="0.988333344" CC="000000" />
            <SP ID="P5_SP00075" WIDTH="0" HPOS="0" VPOS="0" />
            <String ID="P5_S00085" HPOS="1280" VPOS="1028" WIDTH="140" HEIGHT="40" STYLEREFS="StyleId-1" CONTENT="group" WC="0.854" CC="04020" />
            <SP ID="P5_SP00076" WIDTH="0" HPOS="0" VPOS="0" />
            <String ID="P5_S00086" HPOS="1452" VPOS="1015" WIDTH="75" HEIGHT="53" STYLEREFS="StyleId-1" CONTENT="the" WC="1" CC="000" />
            <SP ID="P5_SP00077" WIDTH="0" HPOS="0" VPOS="0" />
            <String ID="P5_S00087" HPOS="1562" VPOS="1012" WIDTH="140" HEIGHT="56" STYLEREFS="StyleId-1" CONTENT="Smith" WC="0.838" CC="40400" />
          </TextLine>
          <TextLine ID="P5_TL00011" HPOS="188" VPOS="1091" WIDTH="1515" HEIGHT="33">
            <String ID="P5_S00088" HPOS="188" VPOS="1090" WIDTH="155" HEIGHT="47" STYLEREFS="StyleId-1" CONTENT="family" WC="0.7783333" CC="050520" />
            <SP ID="P5_SP00078" WIDTH="0" HPOS="0" VPOS="0" />
            <String ID="P5_S00089" HPOS="363" VPOS="1090" WIDTH="47" HEIGHT="47" STYLEREFS="StyleId-1" CONTENT="of" WC="0.605" CC="25" />
            <SP ID="P5_SP00079" WIDTH="0" HPOS="0" VPOS="0" />
            <String ID="P5_S00090" HPOS="432" VPOS="1091" WIDTH="129" HEIGHT="46" STYLEREFS="StyleId-1" CONTENT="Long" WC="0.6775" CC="7500" />
            <SP ID="P5_SP00080" WIDTH="0" HPOS="0" VPOS="0" />
            <String ID="P5_S00091" HPOS="582" VPOS="1088" WIDTH="149" HEIGHT="49" STYLEREFS="StyleId-1" CONTENT="Island" WC="0.473333329" CC="264980" />
            <SP ID="P5_SP00081" WIDTH="0" HPOS="0" VPOS="0" />
            <String ID="P5_S00092" HPOS="754" VPOS="1087" WIDTH="150" HEIGHT="50" STYLEREFS="StyleId-1" CONTENT="stands" WC="0.68" CC="004706" />
            <SP ID="P5_SP00082" WIDTH="0" HPOS="0" VPOS="0" />
            <String ID="P5_S00093" HPOS="927" VPOS="1085" WIDTH="303" HEIGHT="52" STYLEREFS="StyleId-1" CONTENT="pre-eminent." WC="0.8175" CC="000300530080" />
            <SP ID="P5_SP00083" WIDTH="0" HPOS="0" VPOS="0" />
            <String ID="P5_S00094" HPOS="1292" VPOS="1084" WIDTH="53" HEIGHT="53" STYLEREFS="StyleId-1" CONTENT="In" WC="0.46" CC="37" />
            <SP ID="P5_SP00084" WIDTH="0" HPOS="0" VPOS="0" />
            <String ID="P5_S00095" HPOS="1367" VPOS="1080" WIDTH="113" HEIGHT="57" STYLEREFS="StyleId-1" CONTENT="their" WC="0.598" CC="26442" />
            <SP ID="P5_SP00085" WIDTH="0" HPOS="0" VPOS="0" />
            <String ID="P5_S00096" HPOS="1513" VPOS="1078" WIDTH="190" HEIGHT="59" STYLEREFS="StyleId-1" CONTENT="uniform" WC="0.632857144" CC="6601460" />
          </TextLine>
          <TextLine ID="P5_TL00012" HPOS="189" VPOS="1157" WIDTH="1511" HEIGHT="33">
            <String ID="P5_S00097" HPOS="189" VPOS="1168" WIDTH="173" HEIGHT="26" STYLEREFS="StyleId-1" CONTENT="success" WC="0.785714269" CC="6000053" />
            <SP ID="P5_SP00086" WIDTH="0" HPOS="0" VPOS="0" />
            <String ID="P5_S00098" HPOS="379" VPOS="1157" WIDTH="76" HEIGHT="37" STYLEREFS="StyleId-1" CONTENT="the" WC="1" CC="000" />
            <SP ID="P5_SP00087" WIDTH="0" HPOS="0" VPOS="0" />
            <String ID="P5_S00099" HPOS="471" VPOS="1155" WIDTH="238" HEIGHT="45" STYLEREFS="StyleId-1" CONTENT="daughters" WC="0.8688889" CC="006000005" />
            <SP ID="P5_SP00088" WIDTH="0" HPOS="0" VPOS="0" />
            <String ID="P5_S00100" HPOS="724" VPOS="1153" WIDTH="44" HEIGHT="47" STYLEREFS="StyleId-1" CONTENT="of" WC="0.79" CC="04" />
            <SP ID="P5_SP00089" WIDTH="0" HPOS="0" VPOS="0" />
            <String ID="P5_S00101" HPOS="782" VPOS="1152" WIDTH="217" HEIGHT="48" STYLEREFS="StyleId-1" CONTENT="Sylvanus" WC="0.6175" CC="13705335" />
            <SP ID="P5_SP00090" WIDTH="0" HPOS="0" VPOS="0" />
            <String ID="P5_S00102" HPOS="1015" VPOS="1150" WIDTH="142" HEIGHT="50" STYLEREFS="StyleId-1" CONTENT="Smith" WC="0.894" CC="50000" />
            <SP ID="P5_SP00091" WIDTH="0" HPOS="0" VPOS="0" />
            <String ID="P5_S00103" HPOS="1175" VPOS="1149" WIDTH="84" HEIGHT="51" STYLEREFS="StyleId-1" CONTENT="and" WC="0.88" CC="300" />
            <SP ID="P5_SP00092" WIDTH="0" HPOS="0" VPOS="0" />
            <String ID="P5_S00104" HPOS="1274" VPOS="1148" WIDTH="129" HEIGHT="52" STYLEREFS="StyleId-1" CONTENT="Anna" WC="0.77" CC="0440" />
            <SP ID="P5_SP00093" WIDTH="0" HPOS="0" VPOS="0" />
            <String ID="P5_S00105" HPOS="1419" VPOS="1142" WIDTH="281" HEIGHT="58" STYLEREFS="StyleId-1" CONTENT="Springsteel," WC="0.9166667" CC="403000000010" />
          </TextLine>
          <TextLine ID="P5_TL00013" HPOS="191" VPOS="1219" WIDTH="883" HEIGHT="41">
            <String ID="P5_S00106" HPOS="191" VPOS="1219" WIDTH="70" HEIGHT="40" STYLEREFS="StyleId-1" CONTENT="his" WC="0.9866667" CC="000" />
            <SP ID="P5_SP00094" WIDTH="0" HPOS="0" VPOS="0" />
            <String ID="P5_S00107" HPOS="283" VPOS="1221" WIDTH="116" HEIGHT="46" STYLEREFS="StyleId-1" CONTENT="wife," WC="0.706" CC="81400" />
            <SP ID="P5_SP00095" WIDTH="0" HPOS="0" VPOS="0" />
            <String ID="P5_S00108" HPOS="419" VPOS="1221" WIDTH="114" HEIGHT="46" STYLEREFS="StyleId-1" CONTENT="form" WC="0.665" CC="7060" />
            <SP ID="P5_SP00096" WIDTH="0" HPOS="0" VPOS="0" />
            <String ID="P5_S00109" HPOS="556" VPOS="1234" WIDTH="24" HEIGHT="33" STYLEREFS="StyleId-1" CONTENT="a" WC="1" CC="0" />
            <SP ID="P5_SP00097" WIDTH="0" HPOS="0" VPOS="0" />
            <String ID="P5_S00110" HPOS="608" VPOS="1217" WIDTH="271" HEIGHT="50" STYLEREFS="StyleId-1" CONTENT="remarkable" WC="0.941" CC="5000000000" />
            <SP ID="P5_SP00098" WIDTH="0" HPOS="0" VPOS="0" />
            <String ID="P5_S00111" HPOS="900" VPOS="1215" WIDTH="174" HEIGHT="52" STYLEREFS="StyleId-1" CONTENT="coterie." WC="0.8425" CC="05000600" />
          </TextLine>
          <TextLine ID="P5_TL00014" HPOS="274" VPOS="1286" WIDTH="1433" HEIGHT="34">
            <String ID="P5_S00112" HPOS="274" VPOS="1286" WIDTH="96" HEIGHT="39" STYLEREFS="StyleId-1" CONTENT="The" WC="0.52" CC="770" />
            <SP ID="P5_SP00099" WIDTH="0" HPOS="0" VPOS="0" />
            <String ID="P5_S00113" HPOS="392" VPOS="1286" WIDTH="139" HEIGHT="39" STYLEREFS="StyleId-1" CONTENT="eldest" WC="0.636666656" CC="060095" />
            <SP ID="P5_SP00100" WIDTH="0" HPOS="0" VPOS="0" />
            <String ID="P5_S00114" HPOS="552" VPOS="1285" WIDTH="47" HEIGHT="40" STYLEREFS="StyleId-1" CONTENT="of" WC="0.485" CC="55" />
            <SP ID="P5_SP00101" WIDTH="0" HPOS="0" VPOS="0" />
            <String ID="P5_S00115" HPOS="619" VPOS="1285" WIDTH="123" HEIGHT="40" STYLEREFS="StyleId-1" CONTENT="these" WC="0.672" CC="600100" />
            <SP ID="P5_SP00102" WIDTH="0" HPOS="0" VPOS="0" />
            <String ID="P5_S00116" HPOS="763" VPOS="1295" WIDTH="88" HEIGHT="30" STYLEREFS="StyleId-1" CONTENT="was" WC="0.92" CC="002" />
            <SP ID="P5_SP00103" WIDTH="0" HPOS="0" VPOS="0" />
            <String ID="P5_S00117" HPOS="872" VPOS="1283" WIDTH="76" HEIGHT="42" STYLEREFS="StyleId-1" CONTENT="the" WC="0.853333354" CC="400" />
            <SP ID="P5_SP00104" WIDTH="0" HPOS="0" VPOS="0" />
            <String ID="P5_S00118" HPOS="968" VPOS="1281" WIDTH="85" HEIGHT="44" STYLEREFS="StyleId-1" CONTENT="late" WC="0.7525" CC="6300" />
            <SP ID="P5_SP00105" WIDTH="0" HPOS="0" VPOS="0" />
            <String ID="P5_S00119" HPOS="1076" VPOS="1281" WIDTH="105" HEIGHT="44" STYLEREFS="StyleId-1" CONTENT="Mrs." WC="1" CC="0000" />
            <SP ID="P5_SP00106" WIDTH="0" HPOS="0" VPOS="0" />
            <String ID="P5_S00120" HPOS="1205" VPOS="1278" WIDTH="42" HEIGHT="47" STYLEREFS="StyleId-1" CONTENT="S." WC="0.48" CC="64" />
            <SP ID="P5_SP00107" WIDTH="0" HPOS="0" VPOS="0" />
            <String ID="P5_S00121" HPOS="1264" VPOS="1279" WIDTH="39" HEIGHT="46" STYLEREFS="StyleId-1" CONTENT="J." WC="0.365" CC="102" />
            <SP ID="P5_SP00108" WIDTH="0" HPOS="0" VPOS="0" />
            <String ID="P5_S00122" HPOS="1328" VPOS="1277" WIDTH="45" HEIGHT="48" STYLEREFS="StyleId-1" CONTENT="S." WC="0.665" CC="60" />
            <SP ID="P5_SP00109" WIDTH="0" HPOS="0" VPOS="0" />
            <String ID="P5_S00123" HPOS="1390" VPOS="1276" WIDTH="180" HEIGHT="49" STYLEREFS="StyleId-1" CONTENT="Garnet." WC="0.4857143" CC="7828341" />
            <SP ID="P5_SP00110" WIDTH="0" HPOS="0" VPOS="0" />
            <String ID="P5_S00124" HPOS="1623" VPOS="1273" WIDTH="84" HEIGHT="52" STYLEREFS="StyleId-1" CONTENT="For" WC="0.723333359" CC="440" />
          </TextLine>
          <TextLine ID="P5_TL00015" HPOS="193" VPOS="1352" WIDTH="1513" HEIGHT="33">
            <String ID="P5_S00125" HPOS="193" VPOS="1366" WIDTH="133" HEIGHT="33" STYLEREFS="StyleId-1" CONTENT="many" WC="0.6" CC="4740" />
            <SP ID="P5_SP00111" WIDTH="0" HPOS="0" VPOS="0" />
            <String ID="P5_S00126" HPOS="350" VPOS="1364" WIDTH="124" HEIGHT="35" STYLEREFS="StyleId-1" CONTENT="years" WC="0.776" CC="00802" />
            <SP ID="P5_SP00112" WIDTH="0" HPOS="0" VPOS="0" />
            <String ID="P5_S00127" HPOS="497" VPOS="1351" WIDTH="77" HEIGHT="48" STYLEREFS="StyleId-1" CONTENT="she" WC="0.55" CC="660" />
            <SP ID="P5_SP00113" WIDTH="0" HPOS="0" VPOS="0" />
            <String ID="P5_S00128" HPOS="597" VPOS="1349" WIDTH="116" HEIGHT="50" STYLEREFS="StyleId-1" CONTENT="filled" WC="0.936666667" CC="000003" />
            <SP ID="P5_SP00114" WIDTH="0" HPOS="0" VPOS="0" />
            <String ID="P5_S00129" HPOS="738" VPOS="1351" WIDTH="74" HEIGHT="48" STYLEREFS="StyleId-1" CONTENT="the" WC="1" CC="000" />
            <SP ID="P5_SP00115" WIDTH="0" HPOS="0" VPOS="0" />
            <String ID="P5_S00130" HPOS="843" VPOS="1345" WIDTH="275" HEIGHT="54" STYLEREFS="StyleId-1" CONTENT="exceptional" WC="0.7581818" CC="40005004704" />
            <SP ID="P5_SP00116" WIDTH="0" HPOS="0" VPOS="0" />
            <String ID="P5_S00131" HPOS="1150" VPOS="1343" WIDTH="187" HEIGHT="56" STYLEREFS="StyleId-1" CONTENT="position" WC="0.9025" CC="00000006" />
            <SP ID="P5_SP00117" WIDTH="0" HPOS="0" VPOS="0" />
            <String ID="P5_S00132" HPOS="1360" VPOS="1341" WIDTH="45" HEIGHT="58" STYLEREFS="StyleId-1" CONTENT="of" WC="0.835" CC="03" />
            <SP ID="P5_SP00118" WIDTH="0" HPOS="0" VPOS="0" />
            <String ID="P5_S00133" HPOS="1427" VPOS="1339" WIDTH="213" HEIGHT="60" STYLEREFS="StyleId-1" CONTENT="principal" WC="0.8466667" CC="451001010" />
            <SP ID="P5_SP00119" WIDTH="0" HPOS="0" VPOS="0" />
            <String ID="P5_S00134" HPOS="1662" VPOS="1337" WIDTH="44" HEIGHT="62" STYLEREFS="StyleId-1" CONTENT="in" WC="0.635" CC="24" />
          </TextLine>
          <TextLine ID="P5_TL00016" HPOS="193" VPOS="1416" WIDTH="1515" HEIGHT="35">
            <String ID="P5_S00135" HPOS="193" VPOS="1432" WIDTH="84" HEIGHT="25" STYLEREFS="StyleId-1" CONTENT="one" WC="0.83" CC="050" />
            <SP ID="P5_SP00120" WIDTH="0" HPOS="0" VPOS="0" />
            <String ID="P5_S00136" HPOS="298" VPOS="1418" WIDTH="46" HEIGHT="39" STYLEREFS="StyleId-1" CONTENT="of" WC="0.75" CC="05" />
            <SP ID="P5_SP00121" WIDTH="0" HPOS="0" VPOS="0" />
            <String ID="P5_S00137" HPOS="367" VPOS="1418" WIDTH="74" HEIGHT="39" STYLEREFS="StyleId-1" CONTENT="the" WC="1" CC="000" />
            <SP ID="P5_SP00122" WIDTH="0" HPOS="0" VPOS="0" />
            <String ID="P5_S00138" HPOS="464" VPOS="1415" WIDTH="149" HEIGHT="48" STYLEREFS="StyleId-1" CONTENT="public" WC="0.7183333" CC="060640" />
            <SP ID="P5_SP00123" WIDTH="0" HPOS="0" VPOS="0" />
            <String ID="P5_S00139" HPOS="636" VPOS="1414" WIDTH="172" HEIGHT="49" STYLEREFS="StyleId-1" CONTENT="schools" WC="0.975714266" CC="0000001" />
            <SP ID="P5_SP00124" WIDTH="0" HPOS="0" VPOS="0" />
            <String ID="P5_S00140" HPOS="830" VPOS="1413" WIDTH="45" HEIGHT="50" STYLEREFS="StyleId-1" CONTENT="of" WC="0.76" CC="04" />
            <SP ID="P5_SP00125" WIDTH="0" HPOS="0" VPOS="0" />
            <String ID="P5_S00141" HPOS="895" VPOS="1411" WIDTH="180" HEIGHT="52" STYLEREFS="StyleId-1" CONTENT="Greater" WC="0.6628571" CC="7105900" />
            <SP ID="P5_SP00126" WIDTH="0" HPOS="0" VPOS="0" />
            <String ID="P5_S00142" HPOS="1099" VPOS="1410" WIDTH="108" HEIGHT="53" STYLEREFS="StyleId-1" CONTENT="New" WC="0.776666641" CC="600" />
            <SP ID="P5_SP00127" WIDTH="0" HPOS="0" VPOS="0" />
            <String ID="P5_S00143" HPOS="1228" VPOS="1407" WIDTH="137" HEIGHT="56" STYLEREFS="StyleId-1" CONTENT="York." WC="0.82" CC="00160" />
            <SP ID="P5_SP00128" WIDTH="0" HPOS="0" VPOS="0" />
            <String ID="P5_S00144" HPOS="1401" VPOS="1404" WIDTH="93" HEIGHT="59" STYLEREFS="StyleId-1" CONTENT="The" WC="0.76" CC="700" />
            <SP ID="P5_SP00129" WIDTH="0" HPOS="0" VPOS="0" />
            <String ID="P5_S00145" HPOS="1515" VPOS="1415" WIDTH="193" HEIGHT="48" STYLEREFS="StyleId-1" CONTENT="memory" WC="0.9266667" CC="000040" />
          </TextLine>
          <TextLine ID="P5_TL00017" HPOS="190" VPOS="1483" WIDTH="1445" HEIGHT="31">
            <String ID="P5_S00146" HPOS="190" VPOS="1485" WIDTH="48" HEIGHT="38" STYLEREFS="StyleId-1" CONTENT="of" WC="0.585" CC="25" />
            <SP ID="P5_SP00130" WIDTH="0" HPOS="0" VPOS="0" />
            <String ID="P5_S00147" HPOS="260" VPOS="1485" WIDTH="78" HEIGHT="38" STYLEREFS="StyleId-1" CONTENT="her" WC="0.92" CC="002" />
            <SP ID="P5_SP00131" WIDTH="0" HPOS="0" VPOS="0" />
            <String ID="P5_S00148" HPOS="361" VPOS="1483" WIDTH="141" HEIGHT="40" STYLEREFS="StyleId-1" CONTENT="worth" WC="0.606" CC="90630" />
            <SP ID="P5_SP00132" WIDTH="0" HPOS="0" VPOS="0" />
            <String ID="P5_S00149" HPOS="525" VPOS="1481" WIDTH="87" HEIGHT="42" STYLEREFS="StyleId-1" CONTENT="and" WC="0.396666676" CC="980" />
            <SP ID="P5_SP00133" WIDTH="0" HPOS="0" VPOS="0" />
            <String ID="P5_S00150" HPOS="635" VPOS="1481" WIDTH="77" HEIGHT="42" STYLEREFS="StyleId-1" CONTENT="her" WC="0.74" CC="700" />
            <SP ID="P5_SP00134" WIDTH="0" HPOS="0" VPOS="0" />
            <String ID="P5_S00151" HPOS="748" VPOS="1478" WIDTH="248" HEIGHT="45" STYLEREFS="StyleId-1" CONTENT="usefulness" WC="0.674" CC="6015457002" />
            <SP ID="P5_SP00135" WIDTH="0" HPOS="0" VPOS="0" />
            <String ID="P5_S00152" HPOS="1013" VPOS="1476" WIDTH="36" HEIGHT="47" STYLEREFS="StyleId-1" CONTENT="is" WC="0.755" CC="40" />
            <SP ID="P5_SP00136" WIDTH="0" HPOS="0" VPOS="0" />
            <String ID="P5_S00153" HPOS="1070" VPOS="1475" WIDTH="91" HEIGHT="48" STYLEREFS="StyleId-1" CONTENT="still" WC="0.73" CC="00525" />
            <SP ID="P5_SP00137" WIDTH="0" HPOS="0" VPOS="0" />
            <String ID="P5_S00154" HPOS="1183" VPOS="1474" WIDTH="113" HEIGHT="49" STYLEREFS="StyleId-1" CONTENT="alive" WC="0.624" CC="04590" />
            <SP ID="P5_SP00138" WIDTH="0" HPOS="0" VPOS="0" />
            <String ID="P5_S00155" HPOS="1316" VPOS="1472" WIDTH="85" HEIGHT="51" STYLEREFS="StyleId-1" CONTENT="and" WC="0.366666675" CC="909" />
            <SP ID="P5_SP00139" WIDTH="0" HPOS="0" VPOS="0" />
            <String ID="P5_S00156" HPOS="1424" VPOS="1471" WIDTH="211" HEIGHT="52" STYLEREFS="StyleId-1" CONTENT="fragrant." WC="0.7511111" CC="000704414" />
          </TextLine>
          <TextLine ID="P5_TL00018" HPOS="280" VPOS="1546" WIDTH="1429" HEIGHT="33">
            <String ID="P5_S00157" HPOS="280" VPOS="1551" WIDTH="106" HEIGHT="37" STYLEREFS="StyleId-1" CONTENT="Mrs." WC="0.7275" CC="0640" />
            <SP ID="P5_SP00140" WIDTH="0" HPOS="0" VPOS="0" />
            <String ID="P5_S00158" HPOS="412" VPOS="1547" WIDTH="157" HEIGHT="42" STYLEREFS="StyleId-1" CONTENT="Emma" WC="0.5225" CC="8730" />
            <SP ID="P5_SP00141" WIDTH="0" HPOS="0" VPOS="0" />
            <String ID="P5_S00159" HPOS="588" VPOS="1545" WIDTH="144" HEIGHT="44" STYLEREFS="StyleId-1" CONTENT="Smith" WC="0.856" CC="00007" />
            <SP ID="P5_SP00142" WIDTH="0" HPOS="0" VPOS="0" />
            <String ID="P5_S00160" HPOS="753" VPOS="1542" WIDTH="205" HEIGHT="47" STYLEREFS="StyleId-1" CONTENT="Thomas," WC="0.9014286" CC="0000051" />
            <SP ID="P5_SP00143" WIDTH="0" HPOS="0" VPOS="0" />
            <String ID="P5_S00161" HPOS="984" VPOS="1542" WIDTH="90" HEIGHT="47" STYLEREFS="StyleId-1" CONTENT="also" WC="0.7475" CC="1800" />
            <SP ID="P5_SP00144" WIDTH="0" HPOS="0" VPOS="0" />
            <String ID="P5_S00162" HPOS="1093" VPOS="1538" WIDTH="222" HEIGHT="51" STYLEREFS="StyleId-1" CONTENT="deceased," WC="0.92" CC="000030003" />
            <SP ID="P5_SP00145" WIDTH="0" HPOS="0" VPOS="0" />
            <String ID="P5_S00163" HPOS="1333" VPOS="1549" WIDTH="86" HEIGHT="40" STYLEREFS="StyleId-1" CONTENT="was" WC="0.966666639" CC="000" />
            <SP ID="P5_SP00146" WIDTH="0" HPOS="0" VPOS="0" />
            <String ID="P5_S00164" HPOS="1440" VPOS="1540" WIDTH="76" HEIGHT="49" STYLEREFS="StyleId-1" CONTENT="not" WC="0.766666651" CC="700" />
            <SP ID="P5_SP00147" WIDTH="0" HPOS="0" VPOS="0" />
            <String ID="P5_S00165" HPOS="1531" VPOS="1534" WIDTH="104" HEIGHT="55" STYLEREFS="StyleId-1" CONTENT="only" WC="0.5475" CC="4057" />
            <SP ID="P5_SP00148" WIDTH="0" HPOS="0" VPOS="0" />
            <String ID="P5_S00166" HPOS="1655" VPOS="1544" WIDTH="54" HEIGHT="45" STYLEREFS="StyleId-1" CONTENT="an" WC="0.695" CC="06" />
          </TextLine>
          <TextLine ID="P5_TL00019" HPOS="197" VPOS="1613" WIDTH="1513" HEIGHT="34">
            <String ID="P5_S00167" HPOS="197" VPOS="1613" WIDTH="324" HEIGHT="47" STYLEREFS="StyleId-1" CONTENT="accomplished" WC="0.815" CC="900050304000" />
            <SP ID="P5_SP00149" WIDTH="0" HPOS="0" VPOS="0" />
            <String ID="P5_S00168" HPOS="544" VPOS="1611" WIDTH="189" HEIGHT="49" STYLEREFS="StyleId-1" CONTENT="teacher," WC="0.8825" CC="00900000" />
            <SP ID="P5_SP00150" WIDTH="0" HPOS="0" VPOS="0" />
            <String ID="P5_S00169" HPOS="750" VPOS="1609" WIDTH="78" HEIGHT="51" STYLEREFS="StyleId-1" CONTENT="but" WC="0.7633333" CC="043" />
            <SP ID="P5_SP00151" WIDTH="0" HPOS="0" VPOS="0" />
            <String ID="P5_S00170" HPOS="850" VPOS="1620" WIDTH="87" HEIGHT="40" STYLEREFS="StyleId-1" CONTENT="was" WC="1" CC="000" />
            <SP ID="P5_SP00152" WIDTH="0" HPOS="0" VPOS="0" />
            <String ID="P5_S00171" HPOS="978" VPOS="1605" WIDTH="131" HEIGHT="55" STYLEREFS="StyleId-1" CONTENT="noted" WC="0.708" CC="70700" />
            <SP ID="P5_SP00153" WIDTH="0" HPOS="0" VPOS="0" />
            <String ID="P5_S00172" HPOS="1132" VPOS="1605" WIDTH="67" HEIGHT="55" STYLEREFS="StyleId-1" CONTENT="for" WC="0.626666665" CC="505" />
            <SP ID="P5_SP00154" WIDTH="0" HPOS="0" VPOS="0" />
            <String ID="P5_S00173" HPOS="1220" VPOS="1604" WIDTH="77" HEIGHT="56" STYLEREFS="StyleId-1" CONTENT="her" WC="0.67" CC="504" />
            <SP ID="P5_SP00155" WIDTH="0" HPOS="0" VPOS="0" />
            <String ID="P5_S00174" HPOS="1331" VPOS="1600" WIDTH="216" HEIGHT="60" STYLEREFS="StyleId-1" CONTENT="excellent" WC="0.86" CC="300010007" />
            <SP ID="P5_SP00156" WIDTH="0" HPOS="0" VPOS="0" />
            <String ID="P5_S00175" HPOS="1581" VPOS="1598" WIDTH="129" HEIGHT="62" STYLEREFS="StyleId-1" CONTENT="judg¬" WC="0.816" CC="26000" />
          </TextLine>
          <TextLine ID="P5_TL00020" HPOS="197" VPOS="1677" WIDTH="1516" HEIGHT="32">
            <String ID="P5_S00176" HPOS="197" VPOS="1686" WIDTH="122" HEIGHT="34" STYLEREFS="StyleId-1" CONTENT="ment" WC="0.8425" CC="0060" />
            <SP ID="P5_SP00157" WIDTH="0" HPOS="0" VPOS="0" />
            <String ID="P5_S00177" HPOS="341" VPOS="1680" WIDTH="45" HEIGHT="40" STYLEREFS="StyleId-1" CONTENT="in" WC="0.665" CC="06" />
            <SP ID="P5_SP00158" WIDTH="0" HPOS="0" VPOS="0" />
            <String ID="P5_S00178" HPOS="408" VPOS="1678" WIDTH="201" HEIGHT="42" STYLEREFS="StyleId-1" CONTENT="business" WC="0.79125" CC="00136220" />
            <SP ID="P5_SP00159" WIDTH="0" HPOS="0" VPOS="0" />
            <String ID="P5_S00179" HPOS="626" VPOS="1680" WIDTH="193" HEIGHT="40" STYLEREFS="StyleId-1" CONTENT="matters." WC="0.91" CC="00020013" />
            <SP ID="P5_SP00160" WIDTH="0" HPOS="0" VPOS="0" />
            <String ID="P5_S00180" HPOS="880" VPOS="1673" WIDTH="86" HEIGHT="47" STYLEREFS="StyleId-1" CONTENT="She" WC="0.6933333" CC="090" />
            <SP ID="P5_SP00161" WIDTH="0" HPOS="0" VPOS="0" />
            <String ID="P5_S00181" HPOS="988" VPOS="1683" WIDTH="87" HEIGHT="37" STYLEREFS="StyleId-1" CONTENT="was" WC="1" CC="000" />
            <SP ID="P5_SP00162" WIDTH="0" HPOS="0" VPOS="0" />
            <String ID="P5_S00182" HPOS="1095" VPOS="1668" WIDTH="239" HEIGHT="52" STYLEREFS="StyleId-1" CONTENT="successful" WC="0.864" CC="0000000345" />
            <SP ID="P5_SP00163" WIDTH="0" HPOS="0" VPOS="0" />
            <String ID="P5_S00183" HPOS="1357" VPOS="1667" WIDTH="44" HEIGHT="53" STYLEREFS="StyleId-1" CONTENT="in" WC="0.43" CC="65" />
            <SP ID="P5_SP00164" WIDTH="0" HPOS="0" VPOS="0" />
            <String ID="P5_S00184" HPOS="1423" VPOS="1666" WIDTH="75" HEIGHT="54" STYLEREFS="StyleId-1" CONTENT="the" WC="0.81" CC="320" />
            <SP ID="P5_SP00165" WIDTH="0" HPOS="0" VPOS="0" />
            <String ID="P5_S00185" HPOS="1531" VPOS="1662" WIDTH="182" HEIGHT="58" STYLEREFS="StyleId-1" CONTENT="acquisi¬" WC="0.62625" CC="80263034" />
          </TextLine>
          <TextLine ID="P5_TL00021" HPOS="194" VPOS="1743" WIDTH="1521" HEIGHT="33">
            <String ID="P5_S00186" HPOS="194" VPOS="1747" WIDTH="94" HEIGHT="38" STYLEREFS="StyleId-1" CONTENT="tion" WC="0.545" CC="3356" />
            <SP ID="P5_SP00166" WIDTH="0" HPOS="0" VPOS="0" />
            <String ID="P5_S00187" HPOS="312" VPOS="1745" WIDTH="87" HEIGHT="40" STYLEREFS="StyleId-1" CONTENT="and" WC="0.77" CC="060" />
            <SP ID="P5_SP00167" WIDTH="0" HPOS="0" VPOS="0" />
            <String ID="P5_S00188" HPOS="435" VPOS="1744" WIDTH="265" HEIGHT="41" STYLEREFS="StyleId-1" CONTENT="investment" WC="0.776" CC="2300801060" />
            <SP ID="P5_SP00168" WIDTH="0" HPOS="0" VPOS="0" />
            <String ID="P5_S00189" HPOS="722" VPOS="1741" WIDTH="45" HEIGHT="44" STYLEREFS="StyleId-1" CONTENT="of" WC="0.735" CC="05" />
            <SP ID="P5_SP00169" WIDTH="0" HPOS="0" VPOS="0" />
            <String ID="P5_S00190" HPOS="797" VPOS="1751" WIDTH="157" HEIGHT="34" STYLEREFS="StyleId-1" CONTENT="money" WC="0.866" CC="00510" />
            <SP ID="P5_SP00170" WIDTH="0" HPOS="0" VPOS="0" />
            <String ID="P5_S00191" HPOS="977" VPOS="1736" WIDTH="84" HEIGHT="49" STYLEREFS="StyleId-1" CONTENT="and" WC="0.7" CC="053" />
            <SP ID="P5_SP00171" WIDTH="0" HPOS="0" VPOS="0" />
            <String ID="P5_S00192" HPOS="1091" VPOS="1746" WIDTH="88" HEIGHT="39" STYLEREFS="StyleId-1" CONTENT="was" WC="1" CC="000" />
            <SP ID="P5_SP00172" WIDTH="0" HPOS="0" VPOS="0" />
            <String ID="P5_S00193" HPOS="1202" VPOS="1746" WIDTH="24" HEIGHT="39" STYLEREFS="StyleId-1" CONTENT="a" WC="0.39" CC="6" />
            <SP ID="P5_SP00173" WIDTH="0" HPOS="0" VPOS="0" />
            <String ID="P5_S00194" HPOS="1260" VPOS="1736" WIDTH="246" HEIGHT="49" STYLEREFS="StyleId-1" CONTENT="competent" WC="0.91" CC="000000016" />
            <SP ID="P5_SP00174" WIDTH="0" HPOS="0" VPOS="0" />
            <String ID="P5_S00195" HPOS="1547" VPOS="1729" WIDTH="168" HEIGHT="56" STYLEREFS="StyleId-1" CONTENT="adviser" WC="0.7842857" CC="6004004" />
          </TextLine>
          <TextLine ID="P5_TL00022" HPOS="200" VPOS="1810" WIDTH="459" HEIGHT="37">
            <String ID="P5_S00196" HPOS="200" VPOS="1813" WIDTH="45" HEIGHT="38" STYLEREFS="StyleId-1" CONTENT="in" WC="0.785" CC="40" />
            <SP ID="P5_SP00175" WIDTH="0" HPOS="0" VPOS="0" />
            <String ID="P5_S00197" HPOS="270" VPOS="1810" WIDTH="206" HEIGHT="41" STYLEREFS="StyleId-1" CONTENT="financial" WC="0.858888865" CC="002050004" />
            <SP ID="P5_SP00176" WIDTH="0" HPOS="0" VPOS="0" />
            <String ID="P5_S00198" HPOS="500" VPOS="1807" WIDTH="159" HEIGHT="44" STYLEREFS="StyleId-1" CONTENT="affairs." WC="0.77625" CC="00700550" />
          </TextLine>
          <TextLine ID="P5_TL00023" HPOS="283" VPOS="1872" WIDTH="1433" HEIGHT="37">
            <String ID="P5_S00199" HPOS="283" VPOS="1875" WIDTH="97" HEIGHT="40" STYLEREFS="StyleId-1" CONTENT="The" WC="0.9433333" CC="001" />
            <SP ID="P5_SP00177" WIDTH="0" HPOS="0" VPOS="0" />
            <String ID="P5_S00200" HPOS="422" VPOS="1878" WIDTH="219" HEIGHT="44" STYLEREFS="StyleId-1" CONTENT="youngest" WC="0.71875" CC="003110008" />
            <SP ID="P5_SP00178" WIDTH="0" HPOS="0" VPOS="0" />
            <String ID="P5_S00201" HPOS="674" VPOS="1870" WIDTH="233" HEIGHT="52" STYLEREFS="StyleId-1" CONTENT="daughter," WC="0.804444432" CC="097000010" />
            <SP ID="P5_SP00179" WIDTH="0" HPOS="0" VPOS="0" />
            <String ID="P5_S00202" HPOS="949" VPOS="1870" WIDTH="102" HEIGHT="52" STYLEREFS="StyleId-1" CONTENT="Mrs." WC="0.8875" CC="0004" />
            <SP ID="P5_SP00180" WIDTH="0" HPOS="0" VPOS="0" />
            <String ID="P5_S00203" HPOS="1094" VPOS="1864" WIDTH="127" HEIGHT="58" STYLEREFS="StyleId-1" CONTENT="Clara" WC="0.676" CC="36310" />
            <SP ID="P5_SP00181" WIDTH="0" HPOS="0" VPOS="0" />
            <String ID="P5_S00204" HPOS="1241" VPOS="1863" WIDTH="53" HEIGHT="59" STYLEREFS="StyleId-1" CONTENT="T." WC="1" CC="00" />
            <SP ID="P5_SP00182" WIDTH="0" HPOS="0" VPOS="0" />
            <String ID="P5_S00205" HPOS="1320" VPOS="1863" WIDTH="44" HEIGHT="59" STYLEREFS="StyleId-1" CONTENT="S." WC="0.745" CC="13" />
            <SP ID="P5_SP00183" WIDTH="0" HPOS="0" VPOS="0" />
            <String ID="P5_S00206" HPOS="1390" VPOS="1863" WIDTH="171" HEIGHT="59" STYLEREFS="StyleId-1" CONTENT="Brown," WC="0.695" CC="541043" />
            <SP ID="P5_SP00184" WIDTH="0" HPOS="0" VPOS="0" />
            <String ID="P5_S00207" HPOS="1587" VPOS="1859" WIDTH="129" HEIGHT="63" STYLEREFS="StyleId-1" CONTENT="chose" WC="0.634" CC="061100" />
          </TextLine>
          <TextLine ID="P5_TL00024" HPOS="201" VPOS="1938" WIDTH="1511" HEIGHT="36">
            <String ID="P5_S00208" HPOS="201" VPOS="1943" WIDTH="141" HEIGHT="39" STYLEREFS="StyleId-1" CONTENT="music" WC="0.678" CC="010500" />
            <SP ID="P5_SP00185" WIDTH="0" HPOS="0" VPOS="0" />
            <String ID="P5_S00209" HPOS="366" VPOS="1954" WIDTH="45" HEIGHT="28" STYLEREFS="StyleId-1" CONTENT="as" WC="0.75" CC="05" />
            <SP ID="P5_SP00186" WIDTH="0" HPOS="0" VPOS="0" />
            <String ID="P5_S00210" HPOS="434" VPOS="1942" WIDTH="77" HEIGHT="40" STYLEREFS="StyleId-1" CONTENT="her" WC="1" CC="000" />
            <SP ID="P5_SP00187" WIDTH="0" HPOS="0" VPOS="0" />
            <String ID="P5_S00211" HPOS="534" VPOS="1937" WIDTH="260" HEIGHT="49" STYLEREFS="StyleId-1" CONTENT="profession," WC="0.7836364" CC="03040341060" />
            <SP ID="P5_SP00188" WIDTH="0" HPOS="0" VPOS="0" />
            <String ID="P5_S00212" HPOS="822" VPOS="1946" WIDTH="88" HEIGHT="40" STYLEREFS="StyleId-1" CONTENT="was" WC="1" CC="000" />
            <SP ID="P5_SP00189" WIDTH="0" HPOS="0" VPOS="0" />
            <String ID="P5_S00213" HPOS="931" VPOS="1947" WIDTH="23" HEIGHT="39" STYLEREFS="StyleId-1" CONTENT="a" WC="1" CC="0" />
            <SP ID="P5_SP00190" WIDTH="0" HPOS="0" VPOS="0" />
            <String ID="P5_S00214" HPOS="968" VPOS="1930" WIDTH="238" HEIGHT="56" STYLEREFS="StyleId-1" CONTENT="successful" WC="0.774" CC="6600001431" />
            <SP ID="P5_SP00191" WIDTH="0" HPOS="0" VPOS="0" />
            <String ID="P5_S00215" HPOS="1228" VPOS="1928" WIDTH="172" HEIGHT="58" STYLEREFS="StyleId-1" CONTENT="teacher" WC="0.7714286" CC="0060602" />
            <SP ID="P5_SP00192" WIDTH="0" HPOS="0" VPOS="0" />
            <String ID="P5_S00216" HPOS="1415" VPOS="1926" WIDTH="45" HEIGHT="60" STYLEREFS="StyleId-1" CONTENT="of" WC="0.765" CC="12" />
            <SP ID="P5_SP00193" WIDTH="0" HPOS="0" VPOS="0" />
            <String ID="P5_S00217" HPOS="1473" VPOS="1925" WIDTH="72" HEIGHT="61" STYLEREFS="StyleId-1" CONTENT="the" WC="0.9866667" CC="000" />
            <SP ID="P5_SP00194" WIDTH="0" HPOS="0" VPOS="0" />
            <String ID="P5_S00218" HPOS="1568" VPOS="1924" WIDTH="144" HEIGHT="62" STYLEREFS="StyleId-1" CONTENT="piano," WC="0.87833333" CC="043000" />
          </TextLine>
          <TextLine ID="P5_TL00025" HPOS="203" VPOS="2003" WIDTH="1512" HEIGHT="37">
            <String ID="P5_S00219" HPOS="203" VPOS="2011" WIDTH="85" HEIGHT="37" STYLEREFS="StyleId-1" CONTENT="and" WC="0.716666639" CC="080" />
            <SP ID="P5_SP00195" WIDTH="0" HPOS="0" VPOS="0" />
            <String ID="P5_S00220" HPOS="313" VPOS="2009" WIDTH="66" HEIGHT="39" STYLEREFS="StyleId-1" CONTENT="for" WC="0.98" CC="000" />
            <SP ID="P5_SP00196" WIDTH="0" HPOS="0" VPOS="0" />
            <String ID="P5_S00221" HPOS="402" VPOS="2005" WIDTH="164" HEIGHT="43" STYLEREFS="StyleId-1" CONTENT="several" WC="0.7885714" CC="2040503" />
            <SP ID="P5_SP00197" WIDTH="0" HPOS="0" VPOS="0" />
            <String ID="P5_S00222" HPOS="598" VPOS="2015" WIDTH="124" HEIGHT="36" STYLEREFS="StyleId-1" CONTENT="years" WC="0.708" CC="00635" />
            <SP ID="P5_SP00198" WIDTH="0" HPOS="0" VPOS="0" />
            <String ID="P5_S00223" HPOS="745" VPOS="1999" WIDTH="195" HEIGHT="52" STYLEREFS="StyleId-1" CONTENT="organist" WC="0.77375" CC="20028400" />
            <SP ID="P5_SP00199" WIDTH="0" HPOS="0" VPOS="0" />
            <String ID="P5_S00224" HPOS="962" VPOS="1997" WIDTH="44" HEIGHT="54" STYLEREFS="StyleId-1" CONTENT="of" WC="0.775" CC="04" />
            <SP ID="P5_SP00200" WIDTH="0" HPOS="0" VPOS="0" />
            <String ID="P5_S00225" HPOS="1027" VPOS="1998" WIDTH="74" HEIGHT="53" STYLEREFS="StyleId-1" CONTENT="the" WC="0.69" CC="720" />
            <SP ID="P5_SP00201" WIDTH="0" HPOS="0" VPOS="0" />
            <String ID="P5_S00226" HPOS="1121" VPOS="1993" WIDTH="198" HEIGHT="58" STYLEREFS="StyleId-1" CONTENT="Concord" WC="0.7871429" CC="1390000" />
            <SP ID="P5_SP00202" WIDTH="0" HPOS="0" VPOS="0" />
            <String ID="P5_S00227" HPOS="1342" VPOS="1991" WIDTH="168" HEIGHT="60" STYLEREFS="StyleId-1" CONTENT="Baptist" WC="0.75" CC="5005007" />
            <SP ID="P5_SP00203" WIDTH="0" HPOS="0" VPOS="0" />
            <String ID="P5_S00228" HPOS="1525" VPOS="1988" WIDTH="190" HEIGHT="63" STYLEREFS="StyleId-1" CONTENT="Church," WC="0.861428559" CC="6003000" />
          </TextLine>
          <TextLine ID="P5_TL00026" HPOS="203" VPOS="2067" WIDTH="1486" HEIGHT="40">
            <String ID="P5_S00229" HPOS="203" VPOS="2074" WIDTH="239" HEIGHT="46" STYLEREFS="StyleId-1" CONTENT="Brooklyn," WC="0.802222252" CC="200005063" />
            <SP ID="P5_SP00204" WIDTH="0" HPOS="0" VPOS="0" />
            <String ID="P5_S00230" HPOS="469" VPOS="2072" WIDTH="57" HEIGHT="48" STYLEREFS="StyleId-1" CONTENT="N." WC="1" CC="00" />
            <SP ID="P5_SP00205" WIDTH="0" HPOS="0" VPOS="0" />
            <String ID="P5_S00231" HPOS="553" VPOS="2072" WIDTH="74" HEIGHT="48" STYLEREFS="StyleId-1" CONTENT="Y.," WC="0.99" CC="000" />
            <SP ID="P5_SP00206" WIDTH="0" HPOS="0" VPOS="0" />
            <String ID="P5_S00232" HPOS="654" VPOS="2068" WIDTH="46" HEIGHT="52" STYLEREFS="StyleId-1" CONTENT="of" WC="0.725" CC="05" />
            <SP ID="P5_SP00207" WIDTH="0" HPOS="0" VPOS="0" />
            <String ID="P5_S00233" HPOS="721" VPOS="2066" WIDTH="143" HEIGHT="54" STYLEREFS="StyleId-1" CONTENT="which" WC="0.86" CC="02400" />
            <SP ID="P5_SP00208" WIDTH="0" HPOS="0" VPOS="0" />
            <String ID="P5_S00234" HPOS="888" VPOS="2066" WIDTH="159" HEIGHT="54" STYLEREFS="StyleId-1" CONTENT="Doctor" WC="0.955" CC="000020" />
            <SP ID="P5_SP00209" WIDTH="0" HPOS="0" VPOS="0" />
            <String ID="P5_S00235" HPOS="1067" VPOS="2062" WIDTH="70" HEIGHT="58" STYLEREFS="StyleId-1" CONTENT="W." WC="0.71" CC="32" />
            <SP ID="P5_SP00210" WIDTH="0" HPOS="0" VPOS="0" />
            <String ID="P5_S00236" HPOS="1163" VPOS="2057" WIDTH="52" HEIGHT="63" STYLEREFS="StyleId-1" CONTENT="T." WC="0.84" CC="03" />
            <SP ID="P5_SP00211" WIDTH="0" HPOS="0" VPOS="0" />
            <String ID="P5_S00237" HPOS="1242" VPOS="2058" WIDTH="144" HEIGHT="62" STYLEREFS="StyleId-1" CONTENT="Dixon" WC="0.592" CC="75016" />
            <SP ID="P5_SP00212" WIDTH="0" HPOS="0" VPOS="0" />
            <String ID="P5_S00238" HPOS="1408" VPOS="2067" WIDTH="88" HEIGHT="53" STYLEREFS="StyleId-1" CONTENT="was" WC="0.74" CC="700" />
            <SP ID="P5_SP00213" WIDTH="0" HPOS="0" VPOS="0" />
            <String ID="P5_S00239" HPOS="1530" VPOS="2059" WIDTH="159" HEIGHT="61" STYLEREFS="StyleId-1" CONTENT="pastor." WC="0.612857163" CC="4902560" />
          </TextLine>
          <TextLine ID="P5_TL00027" HPOS="291" VPOS="2132" WIDTH="1432" HEIGHT="39">
            <String ID="P5_S00240" HPOS="291" VPOS="2140" WIDTH="109" HEIGHT="38" STYLEREFS="StyleId-1" CONTENT="Miss" WC="0.72" CC="0172" />
            <SP ID="P5_SP00214" WIDTH="0" HPOS="0" VPOS="0" />
            <String ID="P5_S00241" HPOS="424" VPOS="2139" WIDTH="127" HEIGHT="44" STYLEREFS="StyleId-1" CONTENT="Mary" WC="0.645" CC="0770" />
            <SP ID="P5_SP00215" WIDTH="0" HPOS="0" VPOS="0" />
            <String ID="P5_S00242" HPOS="591" VPOS="2134" WIDTH="143" HEIGHT="49" STYLEREFS="StyleId-1" CONTENT="Smith" WC="0.832" CC="40003" />
            <SP ID="P5_SP00216" WIDTH="0" HPOS="0" VPOS="0" />
            <String ID="P5_S00243" HPOS="757" VPOS="2132" WIDTH="85" HEIGHT="51" STYLEREFS="StyleId-1" CONTENT="and" WC="0.7266667" CC="080" />
            <SP ID="P5_SP00217" WIDTH="0" HPOS="0" VPOS="0" />
            <String ID="P5_S00244" HPOS="866" VPOS="2132" WIDTH="159" HEIGHT="51" STYLEREFS="StyleId-1" CONTENT="Doctor" WC="0.933333337" CC="000103" />
            <SP ID="P5_SP00218" WIDTH="0" HPOS="0" VPOS="0" />
            <String ID="P5_S00245" HPOS="1060" VPOS="2126" WIDTH="44" HEIGHT="57" STYLEREFS="StyleId-1" CONTENT="S." WC="0.51" CC="90" />
            <SP ID="P5_SP00219" WIDTH="0" HPOS="0" VPOS="0" />
            <String ID="P5_S00246" HPOS="1132" VPOS="2127" WIDTH="62" HEIGHT="56" STYLEREFS="StyleId-1" CONTENT="M." WC="0.885" CC="02" />
            <SP ID="P5_SP00220" WIDTH="0" HPOS="0" VPOS="0" />
            <String ID="P5_S00247" HPOS="1238" VPOS="2123" WIDTH="142" HEIGHT="60" STYLEREFS="StyleId-1" CONTENT="Smith" WC="0.806" CC="50400" />
            <SP ID="P5_SP00221" WIDTH="0" HPOS="0" VPOS="0" />
            <String ID="P5_S00248" HPOS="1416" VPOS="2120" WIDTH="208" HEIGHT="63" STYLEREFS="StyleId-1" CONTENT="Steward," WC="0.82125" CC="02080201" />
            <SP ID="P5_SP00222" WIDTH="0" HPOS="0" VPOS="0" />
            <String ID="P5_S00249" HPOS="1650" VPOS="2119" WIDTH="73" HEIGHT="64" STYLEREFS="StyleId-1" CONTENT="the" WC="1" CC="000" />
          </TextLine>
          <TextLine ID="P5_TL00028" HPOS="205" VPOS="2199" WIDTH="1521" HEIGHT="37">
            <String ID="P5_S00250" HPOS="205" VPOS="2220" WIDTH="83" HEIGHT="26" STYLEREFS="StyleId-1" CONTENT="one" WC="0.913333356" CC="020" />
            <SP ID="P5_SP00223" WIDTH="0" HPOS="0" VPOS="0" />
            <String ID="P5_S00251" HPOS="311" VPOS="2206" WIDTH="44" HEIGHT="40" STYLEREFS="StyleId-1" CONTENT="in" WC="0.97" CC="00" />
            <SP ID="P5_SP00224" WIDTH="0" HPOS="0" VPOS="0" />
            <String ID="P5_S00252" HPOS="378" VPOS="2203" WIDTH="216" HEIGHT="44" STYLEREFS="StyleId-1" CONTENT="business," WC="0.78" CC="060050260" />
            <SP ID="P5_SP00225" WIDTH="0" HPOS="0" VPOS="0" />
            <String ID="P5_S00253" HPOS="621" VPOS="2201" WIDTH="75" HEIGHT="46" STYLEREFS="StyleId-1" CONTENT="the" WC="1" CC="000" />
            <SP ID="P5_SP00226" WIDTH="0" HPOS="0" VPOS="0" />
            <String ID="P5_S00254" HPOS="718" VPOS="2199" WIDTH="124" HEIGHT="48" STYLEREFS="StyleId-1" CONTENT="other" WC="0.874" CC="12002" />
            <SP ID="P5_SP00227" WIDTH="0" HPOS="0" VPOS="0" />
            <String ID="P5_S00255" HPOS="864" VPOS="2196" WIDTH="44" HEIGHT="51" STYLEREFS="StyleId-1" CONTENT="in" WC="0.775" CC="04" />
            <SP ID="P5_SP00228" WIDTH="0" HPOS="0" VPOS="0" />
            <String ID="P5_S00256" HPOS="930" VPOS="2196" WIDTH="73" HEIGHT="51" STYLEREFS="StyleId-1" CONTENT="the" WC="0.75" CC="070" />
            <SP ID="P5_SP00229" WIDTH="0" HPOS="0" VPOS="0" />
            <String ID="P5_S00257" HPOS="1039" VPOS="2190" WIDTH="242" HEIGHT="57" STYLEREFS="StyleId-1" CONTENT="profession" WC="0.831" CC="0205010007" />
            <SP ID="P5_SP00230" WIDTH="0" HPOS="0" VPOS="0" />
            <String ID="P5_S00258" HPOS="1304" VPOS="2188" WIDTH="43" HEIGHT="59" STYLEREFS="StyleId-1" CONTENT="of" WC="0.635" CC="07" />
            <SP ID="P5_SP00231" WIDTH="0" HPOS="0" VPOS="0" />
            <String ID="P5_S00259" HPOS="1368" VPOS="2186" WIDTH="215" HEIGHT="61" STYLEREFS="StyleId-1" CONTENT="medicine" WC="0.67375" CC="50900370" />
            <SP ID="P5_SP00232" WIDTH="0" HPOS="0" VPOS="0" />
            <String ID="P5_S00260" HPOS="1616" VPOS="2185" WIDTH="110" HEIGHT="62" STYLEREFS="StyleId-1" CONTENT="have" WC="1" CC="0000" />
          </TextLine>
          <TextLine ID="P5_TL00029" HPOS="207" VPOS="2264" WIDTH="1521" HEIGHT="41">
            <String ID="P5_S00261" HPOS="208" VPOS="2271" WIDTH="203" HEIGHT="48" STYLEREFS="StyleId-1" CONTENT="acquired" WC="0.85375" CC="30043000" />
            <SP ID="P5_SP00233" WIDTH="0" HPOS="0" VPOS="0" />
            <String ID="P5_S00262" HPOS="457" VPOS="2268" WIDTH="209" HEIGHT="51" STYLEREFS="StyleId-1" CONTENT="affluence" WC="0.8788889" CC="022200200" />
            <SP ID="P5_SP00234" WIDTH="0" HPOS="0" VPOS="0" />
            <String ID="P5_S00263" HPOS="689" VPOS="2265" WIDTH="83" HEIGHT="54" STYLEREFS="StyleId-1" CONTENT="and" WC="0.733333349" CC="080" />
            <SP ID="P5_SP00235" WIDTH="0" HPOS="0" VPOS="0" />
            <String ID="P5_S00264" HPOS="795" VPOS="2260" WIDTH="264" HEIGHT="59" STYLEREFS="StyleId-1" CONTENT="reputation." WC="0.7418182" CC="20065033050" />
            <SP ID="P5_SP00236" WIDTH="0" HPOS="0" VPOS="0" />
            <String ID="P5_S00265" HPOS="1121" VPOS="2256" WIDTH="126" HEIGHT="63" STYLEREFS="StyleId-1" CONTENT="They" WC="1" CC="0000" />
            <SP ID="P5_SP00237" WIDTH="0" HPOS="0" VPOS="0" />
            <String ID="P5_S00266" HPOS="1287" VPOS="2266" WIDTH="71" HEIGHT="53" STYLEREFS="StyleId-1" CONTENT="are" WC="1" CC="000" />
            <SP ID="P5_SP00238" WIDTH="0" HPOS="0" VPOS="0" />
            <String ID="P5_S00267" HPOS="1379" VPOS="2264" WIDTH="98" HEIGHT="55" STYLEREFS="StyleId-1" CONTENT="now" WC="0.8433333" CC="040" />
            <SP ID="P5_SP00239" WIDTH="0" HPOS="0" VPOS="0" />
            <String ID="P5_S00268" HPOS="1517" VPOS="2249" WIDTH="211" HEIGHT="70" STYLEREFS="StyleId-1" CONTENT="enjoying" WC="0.65875" CC="02607380" />
          </TextLine>
          <TextLine ID="P5_TL00030" HPOS="206" VPOS="2328" WIDTH="1514" HEIGHT="37">
            <String ID="P5_S00269" HPOS="206" VPOS="2339" WIDTH="75" HEIGHT="38" STYLEREFS="StyleId-1" CONTENT="the" WC="0.49666667" CC="545" />
            <SP ID="P5_SP00240" WIDTH="0" HPOS="0" VPOS="0" />
            <String ID="P5_S00270" HPOS="318" VPOS="2336" WIDTH="130" HEIGHT="41" STYLEREFS="StyleId-1" CONTENT="fruits" WC="0.46" CC="547059" />
            <SP ID="P5_SP00241" WIDTH="0" HPOS="0" VPOS="0" />
            <String ID="P5_S00271" HPOS="485" VPOS="2334" WIDTH="45" HEIGHT="43" STYLEREFS="StyleId-1" CONTENT="of" WC="0.685" CC="06" />
            <SP ID="P5_SP00242" WIDTH="0" HPOS="0" VPOS="0" />
            <String ID="P5_S00272" HPOS="563" VPOS="2329" WIDTH="239" HEIGHT="48" STYLEREFS="StyleId-1" CONTENT="continued" WC="0.8" CC="020027500" />
            <SP ID="P5_SP00243" WIDTH="0" HPOS="0" VPOS="0" />
            <String ID="P5_S00273" HPOS="846" VPOS="2324" WIDTH="262" HEIGHT="53" STYLEREFS="StyleId-1" CONTENT="application" WC="0.7909091" CC="80430000005" />
            <SP ID="P5_SP00244" WIDTH="0" HPOS="0" VPOS="0" />
            <String ID="P5_S00274" HPOS="1161" VPOS="2321" WIDTH="82" HEIGHT="56" STYLEREFS="StyleId-1" CONTENT="and" WC="0.733333349" CC="160" />
            <SP ID="P5_SP00245" WIDTH="0" HPOS="0" VPOS="0" />
            <String ID="P5_S00275" HPOS="1291" VPOS="2316" WIDTH="248" HEIGHT="61" STYLEREFS="StyleId-1" CONTENT="systematic" WC="0.955" CC="0031000000" />
            <SP ID="P5_SP00246" WIDTH="0" HPOS="0" VPOS="0" />
            <String ID="P5_S00276" HPOS="1580" VPOS="2314" WIDTH="140" HEIGHT="63" STYLEREFS="StyleId-1" CONTENT="effort." WC="1" CC="0000000" />
          </TextLine>
        </TextBlock>
        <TextBlock ID="P5_TB00003" HPOS="946" VPOS="2408" WIDTH="54" HEIGHT="53">
          <TextLine ID="P5_TL00031" HPOS="954" VPOS="2415" WIDTH="38" HEIGHT="38">
            <String ID="P5_S00277" HPOS="954" VPOS="2415" WIDTH="38" HEIGHT="38" STYLEREFS="StyleId-2" CONTENT=".3" WC="0.425" CC="38" />
          </TextLine>
        </TextBlock>
      </PrintSpace>
    </Page>
  </Layout>
</alto>