<?xml version="1.0" encoding="utf-8"?>
<alto xmlns:xlink="http://www.w3.org/1999/xlink" xmlns:xsi="http://www.w3.org/2001/XMLSchema-instance" xsi:schemaLocation="http://www.loc.gov/standards/alto/ns-v2# http://www.loc.gov/standards/alto/alto-v2.0.xsd" xmlns="http://www.loc.gov/standards/alto/ns-v2#">
  <Description>
    <MeasurementUnit>pixel</MeasurementUnit>
    <sourceImageInformation>
      <fileName>0000021.tif</fileName>
    </sourceImageInformation>
    <OCRProcessing ID="Processing">
      <ocrProcessingStep>
        <processingStepSettings>Image Resolution:400</processingStepSettings>
        <processingSoftware>
          <softwareCreator>I2S Kirtas</softwareCreator>
          <softwareName>Limb</softwareName>
          <softwareVersion>1.0</softwareVersion>
          <applicationDescription>Abbyy10 OCR Engine</applicationDescription>
        </processingSoftware>
      </ocrProcessingStep>
    </OCRProcessing>
  </Description>
  <Styles>
    <TextStyle ID="StyleId-0" FONTSIZE="8" FONTFAMILY="Times New Roman" />
    <TextStyle ID="StyleId-1" FONTSIZE="9" FONTFAMILY="Times New Roman" />
  </Styles>
  <Layout>
    <Page ID="P21" PHYSICAL_IMG_NR="21" HEIGHT="2810" WIDTH="1915" ACCURACY="0.756695151" QUALITY_DETAIL="310 words, 1618 chars, 1216 with recognition greater than 50% (75.15%)">
      <TopMargin ID="P21_TM00001" HPOS="0" VPOS="0" WIDTH="1915" HEIGHT="259" />
      <LeftMargin ID="P21_LM00001" HPOS="0" VPOS="259" WIDTH="183" HEIGHT="2289" />
      <RightMargin ID="P21_RM00001" HPOS="1723" VPOS="259" WIDTH="192" HEIGHT="2289" />
      <BottomMargin ID="P21_BM00001" HPOS="0" VPOS="2548" WIDTH="1915" HEIGHT="262" />
      <PrintSpace ID="P21_PS00001" HPOS="183" VPOS="259" WIDTH="1540" HEIGHT="2289">
        <TextBlock ID="P21_TB00001" HPOS="683" VPOS="262" WIDTH="567" HEIGHT="61">
          <TextLine ID="P21_TL00001" HPOS="691" VPOS="270" WIDTH="551" HEIGHT="43">
            <String ID="P21_S00001" HPOS="691" VPOS="270" WIDTH="200" HEIGHT="37" STYLEREFS="StyleId-0" CONTENT="WOMAN" WC="0.994" CC="00000" />
            <SP ID="P21_SP00001" WIDTH="0" HPOS="0" VPOS="0" />
            <String ID="P21_S00002" HPOS="911" VPOS="274" WIDTH="55" HEIGHT="34" STYLEREFS="StyleId-0" CONTENT="IN" WC="1" CC="00" />
            <SP ID="P21_SP00002" WIDTH="0" HPOS="0" VPOS="0" />
            <String ID="P21_S00003" HPOS="987" VPOS="275" WIDTH="255" HEIGHT="38" STYLEREFS="StyleId-0" CONTENT="MEDICINE" WC="0.875" CC="20500001" />
          </TextLine>
        </TextBlock>
        <TextBlock ID="P21_TB00002" HPOS="1674" VPOS="277" WIDTH="58" HEIGHT="48">
          <TextLine ID="P21_TL00002" HPOS="1682" VPOS="285" WIDTH="42" HEIGHT="32">
            <String ID="P21_S00004" HPOS="1682" VPOS="285" WIDTH="42" HEIGHT="32" STYLEREFS="StyleId-0" CONTENT="17" WC="0.6" CC="08" />
          </TextLine>
        </TextBlock>
        <TextBlock ID="P21_TB00003" HPOS="183" VPOS="369" WIDTH="1540" HEIGHT="2179">
          <TextLine ID="P21_TL00003" HPOS="199" VPOS="377" WIDTH="1524" HEIGHT="65">
            <String ID="P21_S00005" HPOS="199" VPOS="377" WIDTH="76" HEIGHT="39" STYLEREFS="StyleId-1" CONTENT="the" WC="0.78" CC="060" />
            <SP ID="P21_SP00003" WIDTH="0" HPOS="0" VPOS="0" />
            <String ID="P21_S00006" HPOS="298" VPOS="390" WIDTH="152" HEIGHT="30" STYLEREFS="StyleId-1" CONTENT="names" WC="0.852" CC="00700" />
            <SP ID="P21_SP00004" WIDTH="0" HPOS="0" VPOS="0" />
            <String ID="P21_S00007" HPOS="472" VPOS="383" WIDTH="46" HEIGHT="37" STYLEREFS="StyleId-1" CONTENT="of" WC="0.755" CC="04" />
            <SP ID="P21_SP00005" WIDTH="0" HPOS="0" VPOS="0" />
            <String ID="P21_S00008" HPOS="540" VPOS="385" WIDTH="125" HEIGHT="40" STYLEREFS="StyleId-1" CONTENT="those" WC="0.718" CC="65020" />
            <SP ID="P21_SP00006" WIDTH="0" HPOS="0" VPOS="0" />
            <String ID="P21_S00009" HPOS="690" VPOS="389" WIDTH="18" HEIGHT="36" STYLEREFS="StyleId-1" CONTENT="I" WC="1" CC="0" />
            <SP ID="P21_SP00007" WIDTH="0" HPOS="0" VPOS="0" />
            <String ID="P21_S00010" HPOS="732" VPOS="388" WIDTH="111" HEIGHT="39" STYLEREFS="StyleId-1" CONTENT="have" WC="1" CC="0000" />
            <SP ID="P21_SP00008" WIDTH="0" HPOS="0" VPOS="0" />
            <String ID="P21_S00011" HPOS="865" VPOS="391" WIDTH="175" HEIGHT="47" STYLEREFS="StyleId-1" CONTENT="already" WC="0.812857151" CC="7020020" />
            <SP ID="P21_SP00009" WIDTH="0" HPOS="0" VPOS="0" />
            <String ID="P21_S00012" HPOS="1062" VPOS="394" WIDTH="267" HEIGHT="44" STYLEREFS="StyleId-1" CONTENT="mentioned." WC="0.706" CC="0570706300" />
            <SP ID="P21_SP00010" WIDTH="0" HPOS="0" VPOS="0" />
            <String ID="P21_S00013" HPOS="1391" VPOS="394" WIDTH="141" HEIGHT="44" STYLEREFS="StyleId-1" CONTENT="These" WC="0.854" CC="70000" />
            <SP ID="P21_SP00011" WIDTH="0" HPOS="0" VPOS="0" />
            <String ID="P21_S00014" HPOS="1554" VPOS="411" WIDTH="70" HEIGHT="27" STYLEREFS="StyleId-1" CONTENT="are" WC="1" CC="000" />
            <SP ID="P21_SP00012" WIDTH="0" HPOS="0" VPOS="0" />
            <String ID="P21_S00015" HPOS="1644" VPOS="399" WIDTH="79" HEIGHT="39" STYLEREFS="StyleId-1" CONTENT="fol¬" WC="0.9925" CC="0000" />
          </TextLine>
          <TextLine ID="P21_TL00004" HPOS="199" VPOS="443" WIDTH="1524" HEIGHT="66">
            <String ID="P21_S00016" HPOS="199" VPOS="443" WIDTH="141" HEIGHT="40" STYLEREFS="StyleId-1" CONTENT="lowed" WC="0.97" CC="01000" />
            <SP ID="P21_SP00013" WIDTH="0" HPOS="0" VPOS="0" />
            <String ID="P21_S00017" HPOS="363" VPOS="446" WIDTH="58" HEIGHT="47" STYLEREFS="StyleId-1" CONTENT="by" WC="1" CC="00" />
            <SP ID="P21_SP00014" WIDTH="0" HPOS="0" VPOS="0" />
            <String ID="P21_S00018" HPOS="443" VPOS="449" WIDTH="76" HEIGHT="44" STYLEREFS="StyleId-1" CONTENT="the" WC="1" CC="000" />
            <SP ID="P21_SP00015" WIDTH="0" HPOS="0" VPOS="0" />
            <String ID="P21_S00019" HPOS="541" VPOS="462" WIDTH="151" HEIGHT="31" STYLEREFS="StyleId-1" CONTENT="names" WC="0.646" CC="78101" />
            <SP ID="P21_SP00016" WIDTH="0" HPOS="0" VPOS="0" />
            <String ID="P21_S00020" HPOS="714" VPOS="453" WIDTH="46" HEIGHT="40" STYLEREFS="StyleId-1" CONTENT="of" WC="0.875" CC="02" />
            <SP ID="P21_SP00017" WIDTH="0" HPOS="0" VPOS="0" />
            <String ID="P21_S00021" HPOS="782" VPOS="456" WIDTH="125" HEIGHT="37" STYLEREFS="StyleId-1" CONTENT="those" WC="0.84" CC="12300" />
            <SP ID="P21_SP00018" WIDTH="0" HPOS="0" VPOS="0" />
            <String ID="P21_S00022" HPOS="923" VPOS="457" WIDTH="98" HEIGHT="38" STYLEREFS="StyleId-1" CONTENT="who" WC="1" CC="000" />
            <SP ID="P21_SP00019" WIDTH="0" HPOS="0" VPOS="0" />
            <String ID="P21_S00023" HPOS="1044" VPOS="457" WIDTH="109" HEIGHT="40" STYLEREFS="StyleId-1" CONTENT="have" WC="0.9925" CC="0000" />
            <SP ID="P21_SP00020" WIDTH="0" HPOS="0" VPOS="0" />
            <String ID="P21_S00024" HPOS="1182" VPOS="460" WIDTH="158" HEIGHT="46" STYLEREFS="StyleId-1" CONTENT="gained" WC="0.526666641" CC="71011000" />
            <SP ID="P21_SP00021" WIDTH="0" HPOS="0" VPOS="0" />
            <String ID="P21_S00025" HPOS="1381" VPOS="461" WIDTH="254" HEIGHT="45" STYLEREFS="StyleId-1" CONTENT="distinction" WC="0.8518182" CC="01000800204" />
            <SP ID="P21_SP00022" WIDTH="0" HPOS="0" VPOS="0" />
            <String ID="P21_S00026" HPOS="1677" VPOS="464" WIDTH="46" HEIGHT="42" STYLEREFS="StyleId-1" CONTENT="in" WC="0.96" CC="00" />
          </TextLine>
          <TextLine ID="P21_TL00005" HPOS="199" VPOS="510" WIDTH="1521" HEIGHT="66">
            <String ID="P21_S00027" HPOS="199" VPOS="510" WIDTH="76" HEIGHT="39" STYLEREFS="StyleId-1" CONTENT="the" WC="0.81" CC="050" />
            <SP ID="P21_SP00023" WIDTH="0" HPOS="0" VPOS="0" />
            <String ID="P21_S00028" HPOS="296" VPOS="511" WIDTH="207" HEIGHT="45" STYLEREFS="StyleId-1" CONTENT="different" WC="0.8711111" CC="000056000" />
            <SP ID="P21_SP00024" WIDTH="0" HPOS="0" VPOS="0" />
            <String ID="P21_S00029" HPOS="516" VPOS="515" WIDTH="301" HEIGHT="47" STYLEREFS="StyleId-1" CONTENT="departments" WC="0.7663636" CC="01094000900" />
            <SP ID="P21_SP00025" WIDTH="0" HPOS="0" VPOS="0" />
            <String ID="P21_S00030" HPOS="834" VPOS="520" WIDTH="45" HEIGHT="42" STYLEREFS="StyleId-1" CONTENT="of" WC="1" CC="00" />
            <SP ID="P21_SP00026" WIDTH="0" HPOS="0" VPOS="0" />
            <String ID="P21_S00031" HPOS="895" VPOS="522" WIDTH="214" HEIGHT="40" STYLEREFS="StyleId-1" CONTENT="medicine" WC="0.7975" CC="60000450" />
            <SP ID="P21_SP00027" WIDTH="0" HPOS="0" VPOS="0" />
            <String ID="P21_S00032" HPOS="1130" VPOS="538" WIDTH="7" HEIGHT="24" STYLEREFS="StyleId-1" CONTENT=":" WC="0.49" CC="5" />
            <SP ID="P21_SP00028" WIDTH="0" HPOS="0" VPOS="0" />
            <String ID="P21_S00033" HPOS="1168" VPOS="518" WIDTH="161" HEIGHT="55" STYLEREFS="StyleId-1" CONTENT="&quot;Mary" WC="0.62" CC="70650" />
            <SP ID="P21_SP00029" WIDTH="0" HPOS="0" VPOS="0" />
            <String ID="P21_S00034" HPOS="1350" VPOS="528" WIDTH="187" HEIGHT="45" STYLEREFS="StyleId-1" CONTENT="Putnam" WC="0.62" CC="6101040" />
            <SP ID="P21_SP00030" WIDTH="0" HPOS="0" VPOS="0" />
            <String ID="P21_S00035" HPOS="1558" VPOS="530" WIDTH="162" HEIGHT="46" STYLEREFS="StyleId-1" CONTENT="Jacobi," WC="0.7771429" CC="9000041" />
          </TextLine>
          <TextLine ID="P21_TL00006" HPOS="197" VPOS="576" WIDTH="1520" HEIGHT="65">
            <String ID="P21_S00036" HPOS="197" VPOS="576" WIDTH="143" HEIGHT="40" STYLEREFS="StyleId-1" CONTENT="Grace" WC="0.806" CC="60011" />
            <SP ID="P21_SP00031" WIDTH="0" HPOS="0" VPOS="0" />
            <String ID="P21_S00037" HPOS="371" VPOS="580" WIDTH="221" HEIGHT="41" STYLEREFS="StyleId-1" CONTENT="Peckham" WC="0.7985714" CC="7000006" />
            <SP ID="P21_SP00032" WIDTH="0" HPOS="0" VPOS="0" />
            <String ID="P21_S00038" HPOS="637" VPOS="584" WIDTH="197" HEIGHT="47" STYLEREFS="StyleId-1" CONTENT="Murray," WC="0.941428542" CC="0400000" />
            <SP ID="P21_SP00033" WIDTH="0" HPOS="0" VPOS="0" />
            <String ID="P21_S00039" HPOS="882" VPOS="586" WIDTH="227" HEIGHT="45" STYLEREFS="StyleId-1" CONTENT="Elizabeth" WC="0.7922222" CC="707000400" />
            <SP ID="P21_SP00034" WIDTH="0" HPOS="0" VPOS="0" />
            <String ID="P21_S00040" HPOS="1153" VPOS="592" WIDTH="204" HEIGHT="45" STYLEREFS="StyleId-1" CONTENT="Mosher,." WC="0.8175" CC="04000207" />
            <SP ID="P21_SP00035" WIDTH="0" HPOS="0" VPOS="0" />
            <String ID="P21_S00041" HPOS="1389" VPOS="592" WIDTH="44" HEIGHT="45" STYLEREFS="StyleId-1" CONTENT="in" WC="0.33" CC="57" />
            <SP ID="P21_SP00036" WIDTH="0" HPOS="0" VPOS="0" />
            <String ID="P21_S00042" HPOS="1476" VPOS="594" WIDTH="213" HEIGHT="43" STYLEREFS="StyleId-1" CONTENT="medicine" WC="0.74625" CC="90010180" />
            <SP ID="P21_SP00037" WIDTH="0" HPOS="0" VPOS="0" />
            <String ID="P21_S00043" HPOS="1709" VPOS="609" WIDTH="8" HEIGHT="32" STYLEREFS="StyleId-1" CONTENT=";" WC="0.35" CC="6" />
          </TextLine>
          <TextLine ID="P21_TL00007" HPOS="192" VPOS="644" WIDTH="1526" HEIGHT="63">
            <String ID="P21_S00044" HPOS="192" VPOS="644" WIDTH="136" HEIGHT="46" STYLEREFS="StyleId-1" CONTENT=".Mary" WC="0.766" CC="40007" />
            <SP ID="P21_SP00038" WIDTH="0" HPOS="0" VPOS="0" />
            <String ID="P21_S00045" HPOS="352" VPOS="645" WIDTH="53" HEIGHT="45" STYLEREFS="StyleId-1" CONTENT="D." WC="0.75" CC="04" />
            <SP ID="P21_SP00039" WIDTH="0" HPOS="0" VPOS="0" />
            <String ID="P21_S00046" HPOS="441" VPOS="646" WIDTH="250" HEIGHT="44" STYLEREFS="StyleId-1" CONTENT="Rushmore" WC="0.9225" CC="00000600" />
            <SP ID="P21_SP00040" WIDTH="0" HPOS="0" VPOS="0" />
            <String ID="P21_S00047" HPOS="730" VPOS="652" WIDTH="87" HEIGHT="38" STYLEREFS="StyleId-1" CONTENT="and" WC="0.75333333" CC="700" />
            <SP ID="P21_SP00041" WIDTH="0" HPOS="0" VPOS="0" />
            <String ID="P21_S00048" HPOS="861" VPOS="653" WIDTH="161" HEIGHT="38" STYLEREFS="StyleId-1" CONTENT="Bertha" WC="0.775" CC="600007" />
            <SP ID="P21_SP00042" WIDTH="0" HPOS="0" VPOS="0" />
            <String ID="P21_S00049" HPOS="1063" VPOS="655" WIDTH="97" HEIGHT="38" STYLEREFS="StyleId-1" CONTENT="Van" WC="0.9" CC="300" />
            <SP ID="P21_SP00043" WIDTH="0" HPOS="0" VPOS="0" />
            <String ID="P21_S00050" HPOS="1204" VPOS="657" WIDTH="182" HEIGHT="47" STYLEREFS="StyleId-1" CONTENT="Holsen," WC="0.6571429" CC="50440100" />
            <SP ID="P21_SP00044" WIDTH="0" HPOS="0" VPOS="0" />
            <String ID="P21_S00051" HPOS="1425" VPOS="657" WIDTH="44" HEIGHT="47" STYLEREFS="StyleId-1" CONTENT="in" WC="0.475" CC="46" />
            <SP ID="P21_SP00045" WIDTH="0" HPOS="0" VPOS="0" />
            <String ID="P21_S00052" HPOS="1510" VPOS="671" WIDTH="208" HEIGHT="36" STYLEREFS="StyleId-1" CONTENT="surgery;" WC="0.60625" CC="05473405" />
          </TextLine>
          <TextLine ID="P21_TL00008" HPOS="199" VPOS="708" WIDTH="1522" HEIGHT="56">
            <String ID="P21_S00053" HPOS="199" VPOS="708" WIDTH="126" HEIGHT="40" STYLEREFS="StyleId-1" CONTENT="Alice" WC="0.824" CC="03500" />
            <SP ID="P21_SP00046" WIDTH="0" HPOS="0" VPOS="0" />
            <String ID="P21_S00054" HPOS="349" VPOS="711" WIDTH="126" HEIGHT="38" STYLEREFS="StyleId-1" CONTENT="Weld" WC="0.935" CC="2000" />
            <SP ID="P21_SP00047" WIDTH="0" HPOS="0" VPOS="0" />
            <String ID="P21_S00055" HPOS="498" VPOS="710" WIDTH="193" HEIGHT="48" STYLEREFS="StyleId-1" CONTENT="Tallant," WC="0.8975" CC="00000800" />
            <SP ID="P21_SP00048" WIDTH="0" HPOS="0" VPOS="0" />
            <String ID="P21_S00056" HPOS="718" VPOS="715" WIDTH="45" HEIGHT="43" STYLEREFS="StyleId-1" CONTENT="in" WC="0.625" CC="16" />
            <SP ID="P21_SP00049" WIDTH="0" HPOS="0" VPOS="0" />
            <String ID="P21_S00057" HPOS="797" VPOS="716" WIDTH="228" HEIGHT="42" STYLEREFS="StyleId-1" CONTENT="obstetrics" WC="0.927" CC="0005000001" />
            <SP ID="P21_SP00050" WIDTH="0" HPOS="0" VPOS="0" />
            <String ID="P21_S00058" HPOS="1047" VPOS="732" WIDTH="7" HEIGHT="26" STYLEREFS="StyleId-1" CONTENT=":" WC="1" CC="0" />
            <SP ID="P21_SP00051" WIDTH="0" HPOS="0" VPOS="0" />
            <String ID="P21_S00059" HPOS="1099" VPOS="720" WIDTH="132" HEIGHT="38" STYLEREFS="StyleId-1" CONTENT="Anna" WC="0.5925" CC="0780" />
            <SP ID="P21_SP00052" WIDTH="0" HPOS="0" VPOS="0" />
            <String ID="P21_S00060" HPOS="1271" VPOS="723" WIDTH="70" HEIGHT="37" STYLEREFS="StyleId-1" CONTENT="W." WC="0.785" CC="04" />
            <SP ID="P21_SP00053" WIDTH="0" HPOS="0" VPOS="0" />
            <String ID="P21_S00061" HPOS="1386" VPOS="723" WIDTH="215" HEIGHT="39" STYLEREFS="StyleId-1" CONTENT="Williams" WC="0.86" CC="02500003" />
            <SP ID="P21_SP00054" WIDTH="0" HPOS="0" VPOS="0" />
            <String ID="P21_S00062" HPOS="1637" VPOS="726" WIDTH="84" HEIGHT="38" STYLEREFS="StyleId-1" CONTENT="and" WC="0.766666651" CC="070" />
          </TextLine>
          <TextLine ID="P21_TL00009" HPOS="202" VPOS="770" WIDTH="1517" HEIGHT="64">
            <String ID="P21_S00063" HPOS="202" VPOS="776" WIDTH="175" HEIGHT="38" STYLEREFS="StyleId-1" CONTENT="Martha" WC="0.9" CC="006000" />
            <SP ID="P21_SP00055" WIDTH="0" HPOS="0" VPOS="0" />
            <String ID="P21_S00064" HPOS="400" VPOS="778" WIDTH="248" HEIGHT="48" STYLEREFS="StyleId-1" CONTENT="Wallstein," WC="0.726" CC="3621800140" />
            <SP ID="P21_SP00056" WIDTH="0" HPOS="0" VPOS="0" />
            <String ID="P21_S00065" HPOS="675" VPOS="780" WIDTH="45" HEIGHT="46" STYLEREFS="StyleId-1" CONTENT="in" WC="0.695" CC="06" />
            <SP ID="P21_SP00057" WIDTH="0" HPOS="0" VPOS="0" />
            <String ID="P21_S00066" HPOS="743" VPOS="782" WIDTH="239" HEIGHT="48" STYLEREFS="StyleId-1" CONTENT="pathology" WC="0.798888862" CC="400003270" />
            <SP ID="P21_SP00058" WIDTH="0" HPOS="0" VPOS="0" />
            <String ID="P21_S00067" HPOS="1005" VPOS="798" WIDTH="6" HEIGHT="32" STYLEREFS="StyleId-1" CONTENT=";" WC="1" CC="0" />
            <SP ID="P21_SP00059" WIDTH="0" HPOS="0" VPOS="0" />
            <String ID="P21_S00068" HPOS="1037" VPOS="784" WIDTH="124" HEIGHT="46" STYLEREFS="StyleId-1" CONTENT="Alice" WC="1" CC="00000" />
            <SP ID="P21_SP00060" WIDTH="0" HPOS="0" VPOS="0" />
            <String ID="P21_S00069" HPOS="1195" VPOS="776" WIDTH="227" HEIGHT="54" STYLEREFS="StyleId-1" CONTENT="Hamilton" WC="0.775" CC="50047000" />
            <SP ID="P21_SP00061" WIDTH="0" HPOS="0" VPOS="0" />
            <String ID="P21_S00070" HPOS="1465" VPOS="790" WIDTH="84" HEIGHT="40" STYLEREFS="StyleId-1" CONTENT="and" WC="0.7633333" CC="070" />
            <SP ID="P21_SP00062" WIDTH="0" HPOS="0" VPOS="0" />
            <String ID="P21_S00071" HPOS="1592" VPOS="790" WIDTH="128" HEIGHT="40" STYLEREFS="StyleId-1" CONTENT="Caro¬" WC="0.886" CC="00103" />
          </TextLine>
          <TextLine ID="P21_TL00010" HPOS="197" VPOS="840" WIDTH="1524" HEIGHT="63">
            <String ID="P21_S00072" HPOS="197" VPOS="840" WIDTH="90" HEIGHT="41" STYLEREFS="StyleId-1" CONTENT="line" WC="0.975" CC="0010" />
            <SP ID="P21_SP00063" WIDTH="0" HPOS="0" VPOS="0" />
            <String ID="P21_S00073" HPOS="311" VPOS="843" WIDTH="195" HEIGHT="47" STYLEREFS="StyleId-1" CONTENT="Hedger," WC="0.8742857" CC="3000041" />
            <SP ID="P21_SP00064" WIDTH="0" HPOS="0" VPOS="0" />
            <String ID="P21_S00074" HPOS="533" VPOS="844" WIDTH="46" HEIGHT="46" STYLEREFS="StyleId-1" CONTENT="in" WC="0.735" CC="50" />
            <SP ID="P21_SP00065" WIDTH="0" HPOS="0" VPOS="0" />
            <String ID="P21_S00075" HPOS="612" VPOS="845" WIDTH="233" HEIGHT="45" STYLEREFS="StyleId-1" CONTENT="industrial" WC="0.885" CC="5300002000" />
            <SP ID="P21_SP00066" WIDTH="0" HPOS="0" VPOS="0" />
            <String ID="P21_S00076" HPOS="887" VPOS="850" WIDTH="85" HEIGHT="40" STYLEREFS="StyleId-1" CONTENT="and" WC="0.793333352" CC="060" />
            <SP ID="P21_SP00067" WIDTH="0" HPOS="0" VPOS="0" />
            <String ID="P21_S00077" HPOS="1015" VPOS="851" WIDTH="131" HEIGHT="39" STYLEREFS="StyleId-1" CONTENT="social" WC="0.8616667" CC="000205" />
            <SP ID="P21_SP00068" WIDTH="0" HPOS="0" VPOS="0" />
            <String ID="P21_S00078" HPOS="1188" VPOS="852" WIDTH="217" HEIGHT="48" STYLEREFS="StyleId-1" CONTENT="diseases;" WC="0.923333347" CC="000003021" />
            <SP ID="P21_SP00069" WIDTH="0" HPOS="0" VPOS="0" />
            <String ID="P21_S00079" HPOS="1451" VPOS="854" WIDTH="270" HEIGHT="48" STYLEREFS="StyleId-1" CONTENT="Evangeline" WC="0.783" CC="7006000080" />
          </TextLine>
          <TextLine ID="P21_TL00011" HPOS="197" VPOS="908" WIDTH="1520" HEIGHT="58">
            <String ID="P21_S00080" HPOS="197" VPOS="908" WIDTH="179" HEIGHT="47" STYLEREFS="StyleId-1" CONTENT="Young," WC="0.89" CC="101003" />
            <SP ID="P21_SP00070" WIDTH="0" HPOS="0" VPOS="0" />
            <String ID="P21_S00081" HPOS="404" VPOS="909" WIDTH="44" HEIGHT="46" STYLEREFS="StyleId-1" CONTENT="in" WC="1" CC="00" />
            <SP ID="P21_SP00071" WIDTH="0" HPOS="0" VPOS="0" />
            <String ID="P21_S00082" HPOS="473" VPOS="911" WIDTH="208" HEIGHT="46" STYLEREFS="StyleId-1" CONTENT="eugenics" WC="0.86" CC="00005301" />
            <SP ID="P21_SP00072" WIDTH="0" HPOS="0" VPOS="0" />
            <String ID="P21_S00083" HPOS="702" VPOS="926" WIDTH="8" HEIGHT="32" STYLEREFS="StyleId-1" CONTENT=";" WC="0.38" CC="6" />
            <SP ID="P21_SP00073" WIDTH="0" HPOS="0" VPOS="0" />
            <String ID="P21_S00084" HPOS="736" VPOS="913" WIDTH="85" HEIGHT="45" STYLEREFS="StyleId-1" CONTENT="and" WC="0.8666667" CC="040" />
            <SP ID="P21_SP00074" WIDTH="0" HPOS="0" VPOS="0" />
            <String ID="P21_S00085" HPOS="845" VPOS="912" WIDTH="44" HEIGHT="46" STYLEREFS="StyleId-1" CONTENT="S." WC="0.665" CC="60" />
            <SP ID="P21_SP00075" WIDTH="0" HPOS="0" VPOS="0" />
            <String ID="P21_S00086" HPOS="915" VPOS="916" WIDTH="236" HEIGHT="46" STYLEREFS="StyleId-1" CONTENT="Josephine" WC="0.8755556" CC="500000050" />
            <SP ID="P21_SP00076" WIDTH="0" HPOS="0" VPOS="0" />
            <String ID="P21_S00087" HPOS="1192" VPOS="918" WIDTH="154" HEIGHT="46" STYLEREFS="StyleId-1" CONTENT="Baker," WC="0.913333356" CC="500000" />
            <SP ID="P21_SP00077" WIDTH="0" HPOS="0" VPOS="0" />
            <String ID="P21_S00088" HPOS="1392" VPOS="919" WIDTH="44" HEIGHT="45" STYLEREFS="StyleId-1" CONTENT="in" WC="0.655" CC="15" />
            <SP ID="P21_SP00078" WIDTH="0" HPOS="0" VPOS="0" />
            <String ID="P21_S00089" HPOS="1478" VPOS="921" WIDTH="239" HEIGHT="43" STYLEREFS="StyleId-1" CONTENT="child-wel¬" WC="0.77" CC="00050310003" />
          </TextLine>
          <TextLine ID="P21_TL00012" HPOS="197" VPOS="969" WIDTH="1524" HEIGHT="62">
            <String ID="P21_S00090" HPOS="197" VPOS="972" WIDTH="145" HEIGHT="41" STYLEREFS="StyleId-1" CONTENT="fare.&quot;" WC="0.50666666" CC="296037" />
            <SP ID="P21_SP00079" WIDTH="0" HPOS="0" VPOS="0" />
            <String ID="P21_S00091" HPOS="406" VPOS="975" WIDTH="71" HEIGHT="39" STYLEREFS="StyleId-1" CONTENT="He" WC="0.735" CC="50" />
            <SP ID="P21_SP00080" WIDTH="0" HPOS="0" VPOS="0" />
            <String ID="P21_S00092" HPOS="498" VPOS="976" WIDTH="232" HEIGHT="40" STYLEREFS="StyleId-1" CONTENT="continues" WC="0.6766667" CC="074037401" />
            <SP ID="P21_SP00081" WIDTH="0" HPOS="0" VPOS="0" />
            <String ID="P21_S00093" HPOS="752" VPOS="972" WIDTH="252" HEIGHT="46" STYLEREFS="StyleId-1" CONTENT=":—&quot;These" WC="0.68875" CC="09770000" />
            <SP ID="P21_SP00082" WIDTH="0" HPOS="0" VPOS="0" />
            <String ID="P21_S00094" HPOS="1025" VPOS="987" WIDTH="221" HEIGHT="41" STYLEREFS="StyleId-1" CONTENT="represent" WC="0.9311111" CC="000000032" />
            <SP ID="P21_SP00083" WIDTH="0" HPOS="0" VPOS="0" />
            <String ID="P21_S00095" HPOS="1268" VPOS="983" WIDTH="78" HEIGHT="45" STYLEREFS="StyleId-1" CONTENT="but" WC="0.8" CC="060" />
            <SP ID="P21_SP00084" WIDTH="0" HPOS="0" VPOS="0" />
            <String ID="P21_S00096" HPOS="1376" VPOS="997" WIDTH="23" HEIGHT="31" STYLEREFS="StyleId-1" CONTENT="a" WC="1" CC="0" />
            <SP ID="P21_SP00085" WIDTH="0" HPOS="0" VPOS="0" />
            <String ID="P21_S00097" HPOS="1440" VPOS="985" WIDTH="82" HEIGHT="43" STYLEREFS="StyleId-1" CONTENT="few" WC="0.8933333" CC="300" />
            <SP ID="P21_SP00086" WIDTH="0" HPOS="0" VPOS="0" />
            <String ID="P21_S00098" HPOS="1562" VPOS="986" WIDTH="45" HEIGHT="42" STYLEREFS="StyleId-1" CONTENT="of" WC="0.725" CC="05" />
            <SP ID="P21_SP00087" WIDTH="0" HPOS="0" VPOS="0" />
            <String ID="P21_S00099" HPOS="1647" VPOS="987" WIDTH="74" HEIGHT="42" STYLEREFS="StyleId-1" CONTENT="the" WC="0.6666667" CC="0010" />
          </TextLine>
          <TextLine ID="P21_TL00013" HPOS="199" VPOS="1039" WIDTH="1520" HEIGHT="58">
            <String ID="P21_S00100" HPOS="199" VPOS="1051" WIDTH="167" HEIGHT="27" STYLEREFS="StyleId-1" CONTENT="women" WC="0.892" CC="00005" />
            <SP ID="P21_SP00088" WIDTH="0" HPOS="0" VPOS="0" />
            <String ID="P21_S00101" HPOS="390" VPOS="1041" WIDTH="100" HEIGHT="38" STYLEREFS="StyleId-1" CONTENT="who" WC="1" CC="000" />
            <SP ID="P21_SP00089" WIDTH="0" HPOS="0" VPOS="0" />
            <String ID="P21_S00102" HPOS="514" VPOS="1041" WIDTH="111" HEIGHT="40" STYLEREFS="StyleId-1" CONTENT="have" WC="1" CC="0000" />
            <SP ID="P21_SP00090" WIDTH="0" HPOS="0" VPOS="0" />
            <String ID="P21_S00103" HPOS="645" VPOS="1042" WIDTH="193" HEIGHT="48" STYLEREFS="StyleId-1" CONTENT="brought" WC="0.8542857" CC="00001000" />
            <SP ID="P21_SP00091" WIDTH="0" HPOS="0" VPOS="0" />
            <String ID="P21_S00104" HPOS="860" VPOS="1045" WIDTH="151" HEIGHT="47" STYLEREFS="StyleId-1" CONTENT="things" WC="0.7416667" CC="042800" />
            <SP ID="P21_SP00092" WIDTH="0" HPOS="0" VPOS="0" />
            <String ID="P21_S00105" HPOS="1033" VPOS="1051" WIDTH="44" HEIGHT="41" STYLEREFS="StyleId-1" CONTENT="to" WC="1" CC="00" />
            <SP ID="P21_SP00093" WIDTH="0" HPOS="0" VPOS="0" />
            <String ID="P21_S00106" HPOS="1100" VPOS="1059" WIDTH="114" HEIGHT="35" STYLEREFS="StyleId-1" CONTENT="pass," WC="0.914" CC="00004" />
            <SP ID="P21_SP00094" WIDTH="0" HPOS="0" VPOS="0" />
            <String ID="P21_S00107" HPOS="1240" VPOS="1048" WIDTH="44" HEIGHT="46" STYLEREFS="StyleId-1" CONTENT="in" WC="0.77" CC="40" />
            <SP ID="P21_SP00095" WIDTH="0" HPOS="0" VPOS="0" />
            <String ID="P21_S00108" HPOS="1302" VPOS="1049" WIDTH="112" HEIGHT="45" STYLEREFS="StyleId-1" CONTENT="their" WC="0.81" CC="90000" />
            <SP ID="P21_SP00096" WIDTH="0" HPOS="0" VPOS="0" />
            <String ID="P21_S00109" HPOS="1436" VPOS="1051" WIDTH="283" HEIGHT="45" STYLEREFS="StyleId-1" CONTENT="professional" WC="0.933333337" CC="004300000000" />
          </TextLine>
          <TextLine ID="P21_TL00014" HPOS="196" VPOS="1105" WIDTH="1521" HEIGHT="52">
            <String ID="P21_S00110" HPOS="196" VPOS="1117" WIDTH="161" HEIGHT="32" STYLEREFS="StyleId-1" CONTENT="career," WC="1" CC="0000000" />
            <SP ID="P21_SP00097" WIDTH="0" HPOS="0" VPOS="0" />
            <String ID="P21_S00111" HPOS="383" VPOS="1118" WIDTH="48" HEIGHT="31" STYLEREFS="StyleId-1" CONTENT="so" WC="1" CC="00" />
            <SP ID="P21_SP00098" WIDTH="0" HPOS="0" VPOS="0" />
            <String ID="P21_S00112" HPOS="454" VPOS="1119" WIDTH="46" HEIGHT="30" STYLEREFS="StyleId-1" CONTENT="as" WC="1" CC="00" />
            <SP ID="P21_SP00099" WIDTH="0" HPOS="0" VPOS="0" />
            <String ID="P21_S00113" HPOS="522" VPOS="1113" WIDTH="45" HEIGHT="36" STYLEREFS="StyleId-1" CONTENT="to" WC="1" CC="00" />
            <SP ID="P21_SP00100" WIDTH="0" HPOS="0" VPOS="0" />
            <String ID="P21_S00114" HPOS="591" VPOS="1108" WIDTH="177" HEIGHT="41" STYLEREFS="StyleId-1" CONTENT="achieve" WC="0.93" CC="3001000" />
            <SP ID="P21_SP00101" WIDTH="0" HPOS="0" VPOS="0" />
            <String ID="P21_S00115" HPOS="789" VPOS="1109" WIDTH="257" HEIGHT="43" STYLEREFS="StyleId-1" CONTENT="distinction" WC="0.92" CC="00200401000" />
            <SP ID="P21_SP00102" WIDTH="0" HPOS="0" VPOS="0" />
            <String ID="P21_S00116" HPOS="1070" VPOS="1112" WIDTH="66" HEIGHT="40" STYLEREFS="StyleId-1" CONTENT="for" WC="0.793333352" CC="600" />
            <SP ID="P21_SP00103" WIDTH="0" HPOS="0" VPOS="0" />
            <String ID="P21_S00117" HPOS="1158" VPOS="1113" WIDTH="260" HEIGHT="40" STYLEREFS="StyleId-1" CONTENT="themselves" WC="0.995" CC="0000000000" />
            <SP ID="P21_SP00104" WIDTH="0" HPOS="0" VPOS="0" />
            <String ID="P21_S00118" HPOS="1448" VPOS="1128" WIDTH="46" HEIGHT="25" STYLEREFS="StyleId-1" CONTENT="as" WC="1" CC="00" />
            <SP ID="P21_SP00105" WIDTH="0" HPOS="0" VPOS="0" />
            <String ID="P21_S00119" HPOS="1534" VPOS="1116" WIDTH="96" HEIGHT="40" STYLEREFS="StyleId-1" CONTENT="well" WC="0.635" CC="9040" />
            <SP ID="P21_SP00106" WIDTH="0" HPOS="0" VPOS="0" />
            <String ID="P21_S00120" HPOS="1671" VPOS="1129" WIDTH="46" HEIGHT="27" STYLEREFS="StyleId-1" CONTENT="as" WC="1" CC="00" />
          </TextLine>
          <TextLine ID="P21_TL00015" HPOS="198" VPOS="1170" WIDTH="1517" HEIGHT="55">
            <String ID="P21_S00121" HPOS="198" VPOS="1171" WIDTH="75" HEIGHT="38" STYLEREFS="StyleId-1" CONTENT="the" WC="1" CC="000" />
            <SP ID="P21_SP00107" WIDTH="0" HPOS="0" VPOS="0" />
            <String ID="P21_S00122" HPOS="297" VPOS="1171" WIDTH="141" HEIGHT="47" STYLEREFS="StyleId-1" CONTENT="praise" WC="0.9716667" CC="000100" />
            <SP ID="P21_SP00108" WIDTH="0" HPOS="0" VPOS="0" />
            <String ID="P21_S00123" HPOS="460" VPOS="1172" WIDTH="45" HEIGHT="46" STYLEREFS="StyleId-1" CONTENT="of" WC="0.7" CC="23" />
            <SP ID="P21_SP00109" WIDTH="0" HPOS="0" VPOS="0" />
            <String ID="P21_S00124" HPOS="527" VPOS="1173" WIDTH="113" HEIGHT="45" STYLEREFS="StyleId-1" CONTENT="their" WC="1" CC="00000" />
            <SP ID="P21_SP00110" WIDTH="0" HPOS="0" VPOS="0" />
            <String ID="P21_S00125" HPOS="684" VPOS="1174" WIDTH="291" HEIGHT="46" STYLEREFS="StyleId-1" CONTENT="professional" WC="0.793333352" CC="041307130003" />
            <SP ID="P21_SP00111" WIDTH="0" HPOS="0" VPOS="0" />
            <String ID="P21_S00126" HPOS="1015" VPOS="1176" WIDTH="205" HEIGHT="44" STYLEREFS="StyleId-1" CONTENT="brethern" WC="0.81" CC="00005207" />
            <SP ID="P21_SP00112" WIDTH="0" HPOS="0" VPOS="0" />
            <String ID="P21_S00127" HPOS="1254" VPOS="1180" WIDTH="84" HEIGHT="40" STYLEREFS="StyleId-1" CONTENT="and" WC="0.47" CC="078" />
            <SP ID="P21_SP00113" WIDTH="0" HPOS="0" VPOS="0" />
            <String ID="P21_S00128" HPOS="1379" VPOS="1181" WIDTH="75" HEIGHT="39" STYLEREFS="StyleId-1" CONTENT="the" WC="0.9166667" CC="002" />
            <SP ID="P21_SP00114" WIDTH="0" HPOS="0" VPOS="0" />
            <String ID="P21_S00129" HPOS="1475" VPOS="1182" WIDTH="241" HEIGHT="38" STYLEREFS="StyleId-1" CONTENT="communi¬" WC="0.63125" CC="03066920" />
          </TextLine>
          <TextLine ID="P21_TL00016" HPOS="197" VPOS="1235" WIDTH="832" HEIGHT="52">
            <String ID="P21_S00130" HPOS="197" VPOS="1236" WIDTH="82" HEIGHT="39" STYLEREFS="StyleId-1" CONTENT="ties" WC="0.9575" CC="0100" />
            <SP ID="P21_SP00115" WIDTH="0" HPOS="0" VPOS="0" />
            <String ID="P21_S00131" HPOS="301" VPOS="1236" WIDTH="44" HEIGHT="39" STYLEREFS="StyleId-1" CONTENT="in" WC="0.475" CC="37" />
            <SP ID="P21_SP00116" WIDTH="0" HPOS="0" VPOS="0" />
            <String ID="P21_S00132" HPOS="367" VPOS="1237" WIDTH="147" HEIGHT="40" STYLEREFS="StyleId-1" CONTENT="which" WC="0.63" CC="89000" />
            <SP ID="P21_SP00117" WIDTH="0" HPOS="0" VPOS="0" />
            <String ID="P21_S00133" HPOS="536" VPOS="1239" WIDTH="106" HEIGHT="46" STYLEREFS="StyleId-1" CONTENT="they" WC="1" CC="0000" />
            <SP ID="P21_SP00118" WIDTH="0" HPOS="0" VPOS="0" />
            <String ID="P21_S00134" HPOS="665" VPOS="1240" WIDTH="111" HEIGHT="45" STYLEREFS="StyleId-1" CONTENT="have" WC="0.99" CC="0000" />
            <SP ID="P21_SP00119" WIDTH="0" HPOS="0" VPOS="0" />
            <String ID="P21_S00135" HPOS="798" VPOS="1239" WIDTH="231" HEIGHT="46" STYLEREFS="StyleId-1" CONTENT="worked.&quot;" WC="0.89" CC="00000007" />
          </TextLine>
          <TextLine ID="P21_TL00017" HPOS="279" VPOS="1299" WIDTH="1437" HEIGHT="60">
            <String ID="P21_S00136" HPOS="279" VPOS="1299" WIDTH="111" HEIGHT="42" STYLEREFS="StyleId-1" CONTENT="This" WC="0.9225" CC="0030" />
            <SP ID="P21_SP00120" WIDTH="0" HPOS="0" VPOS="0" />
            <String ID="P21_S00137" HPOS="412" VPOS="1303" WIDTH="73" HEIGHT="39" STYLEREFS="StyleId-1" CONTENT="list" WC="0.8825" CC="1300" />
            <SP ID="P21_SP00121" WIDTH="0" HPOS="0" VPOS="0" />
            <String ID="P21_S00138" HPOS="508" VPOS="1304" WIDTH="46" HEIGHT="38" STYLEREFS="StyleId-1" CONTENT="of" WC="0.665" CC="24" />
            <SP ID="P21_SP00122" WIDTH="0" HPOS="0" VPOS="0" />
            <String ID="P21_S00139" HPOS="574" VPOS="1310" WIDTH="172" HEIGHT="33" STYLEREFS="StyleId-1" CONTENT="earnest" WC="0.882857144" CC="0008000" />
            <SP ID="P21_SP00123" WIDTH="0" HPOS="0" VPOS="0" />
            <String ID="P21_S00140" HPOS="768" VPOS="1306" WIDTH="183" HEIGHT="39" STYLEREFS="StyleId-1" CONTENT="medical" WC="0.9457143" CC="0000030" />
            <SP ID="P21_SP00124" WIDTH="0" HPOS="0" VPOS="0" />
            <String ID="P21_S00141" HPOS="993" VPOS="1319" WIDTH="168" HEIGHT="27" STYLEREFS="StyleId-1" CONTENT="women" WC="0.958" CC="00002" />
            <SP ID="P21_SP00125" WIDTH="0" HPOS="0" VPOS="0" />
            <String ID="P21_S00142" HPOS="1184" VPOS="1307" WIDTH="141" HEIGHT="48" STYLEREFS="StyleId-1" CONTENT="might" WC="0.704" CC="041000" />
            <SP ID="P21_SP00126" WIDTH="0" HPOS="0" VPOS="0" />
            <String ID="P21_S00143" HPOS="1347" VPOS="1309" WIDTH="135" HEIGHT="48" STYLEREFS="StyleId-1" CONTENT="easily" WC="0.74666667" CC="001508" />
            <SP ID="P21_SP00127" WIDTH="0" HPOS="0" VPOS="0" />
            <String ID="P21_S00144" HPOS="1520" VPOS="1311" WIDTH="53" HEIGHT="46" STYLEREFS="StyleId-1" CONTENT="be" WC="1" CC="00" />
            <SP ID="P21_SP00128" WIDTH="0" HPOS="0" VPOS="0" />
            <String ID="P21_S00145" HPOS="1613" VPOS="1323" WIDTH="103" HEIGHT="36" STYLEREFS="StyleId-1" CONTENT="aug¬" WC="0.815" CC="0303" />
          </TextLine>
          <TextLine ID="P21_TL00018" HPOS="198" VPOS="1367" WIDTH="1523" HEIGHT="56">
            <String ID="P21_S00146" HPOS="198" VPOS="1369" WIDTH="192" HEIGHT="46" STYLEREFS="StyleId-1" CONTENT="mented," WC="0.8" CC="6010203" />
            <SP ID="P21_SP00129" WIDTH="0" HPOS="0" VPOS="0" />
            <String ID="P21_S00147" HPOS="417" VPOS="1370" WIDTH="204" HEIGHT="45" STYLEREFS="StyleId-1" CONTENT="matched" WC="0.79" CC="0600700" />
            <SP ID="P21_SP00130" WIDTH="0" HPOS="0" VPOS="0" />
            <String ID="P21_S00148" HPOS="644" VPOS="1382" WIDTH="74" HEIGHT="35" STYLEREFS="StyleId-1" CONTENT="up," WC="0.48" CC="4101" />
            <SP ID="P21_SP00131" WIDTH="0" HPOS="0" VPOS="0" />
            <String ID="P21_S00149" HPOS="745" VPOS="1372" WIDTH="84" HEIGHT="45" STYLEREFS="StyleId-1" CONTENT="and" WC="0.543333352" CC="760" />
            <SP ID="P21_SP00132" WIDTH="0" HPOS="0" VPOS="0" />
            <String ID="P21_S00150" HPOS="862" VPOS="1371" WIDTH="129" HEIGHT="47" STYLEREFS="StyleId-1" CONTENT="given" WC="0.462" CC="1041020" />
            <SP ID="P21_SP00133" WIDTH="0" HPOS="0" VPOS="0" />
            <String ID="P21_S00151" HPOS="1014" VPOS="1374" WIDTH="106" HEIGHT="44" STYLEREFS="StyleId-1" CONTENT="color" WC="0.902" CC="04000" />
            <SP ID="P21_SP00134" WIDTH="0" HPOS="0" VPOS="0" />
            <String ID="P21_S00152" HPOS="1141" VPOS="1377" WIDTH="101" HEIGHT="42" STYLEREFS="StyleId-1" CONTENT="tone," WC="0.786" CC="50104" />
            <SP ID="P21_SP00135" WIDTH="0" HPOS="0" VPOS="0" />
            <String ID="P21_S00153" HPOS="1295" VPOS="1374" WIDTH="57" HEIGHT="47" STYLEREFS="StyleId-1" CONTENT="by" WC="0.56" CC="62" />
            <SP ID="P21_SP00136" WIDTH="0" HPOS="0" VPOS="0" />
            <String ID="P21_S00154" HPOS="1374" VPOS="1376" WIDTH="74" HEIGHT="45" STYLEREFS="StyleId-1" CONTENT="the" WC="0.7733333" CC="060" />
            <SP ID="P21_SP00137" WIDTH="0" HPOS="0" VPOS="0" />
            <String ID="P21_S00155" HPOS="1488" VPOS="1386" WIDTH="148" HEIGHT="35" STYLEREFS="StyleId-1" CONTENT="names" WC="0.342" CC="710941" />
            <SP ID="P21_SP00138" WIDTH="0" HPOS="0" VPOS="0" />
            <String ID="P21_S00156" HPOS="1677" VPOS="1378" WIDTH="44" HEIGHT="43" STYLEREFS="StyleId-1" CONTENT="of" WC="0.715" CC="05" />
          </TextLine>
          <TextLine ID="P21_TL00019" HPOS="195" VPOS="1433" WIDTH="1522" HEIGHT="55">
            <String ID="P21_S00157" HPOS="195" VPOS="1434" WIDTH="114" HEIGHT="39" STYLEREFS="StyleId-1" CONTENT="their" WC="0.736" CC="60024" />
            <SP ID="P21_SP00139" WIDTH="0" HPOS="0" VPOS="0" />
            <String ID="P21_S00158" HPOS="330" VPOS="1434" WIDTH="151" HEIGHT="40" STYLEREFS="StyleId-1" CONTENT="sisters" WC="0.832857132" CC="0400024" />
            <SP ID="P21_SP00140" WIDTH="0" HPOS="0" VPOS="0" />
            <String ID="P21_S00159" HPOS="502" VPOS="1435" WIDTH="46" HEIGHT="39" STYLEREFS="StyleId-1" CONTENT="of" WC="0.93" CC="01" />
            <SP ID="P21_SP00141" WIDTH="0" HPOS="0" VPOS="0" />
            <String ID="P21_S00160" HPOS="570" VPOS="1448" WIDTH="24" HEIGHT="26" STYLEREFS="StyleId-1" CONTENT="a" WC="0.69" CC="3" />
            <SP ID="P21_SP00142" WIDTH="0" HPOS="0" VPOS="0" />
            <String ID="P21_S00161" HPOS="614" VPOS="1436" WIDTH="159" HEIGHT="39" STYLEREFS="StyleId-1" CONTENT="darker" WC="0.841666639" CC="003600" />
            <SP ID="P21_SP00143" WIDTH="0" HPOS="0" VPOS="0" />
            <String ID="P21_S00162" HPOS="795" VPOS="1448" WIDTH="98" HEIGHT="27" STYLEREFS="StyleId-1" CONTENT="race" WC="0.95" CC="0200" />
            <SP ID="P21_SP00144" WIDTH="0" HPOS="0" VPOS="0" />
            <String ID="P21_S00163" HPOS="916" VPOS="1437" WIDTH="43" HEIGHT="38" STYLEREFS="StyleId-1" CONTENT="in" WC="0.84" CC="03" />
            <SP ID="P21_SP00145" WIDTH="0" HPOS="0" VPOS="0" />
            <String ID="P21_S00164" HPOS="982" VPOS="1438" WIDTH="75" HEIGHT="39" STYLEREFS="StyleId-1" CONTENT="the" WC="1" CC="000" />
            <SP ID="P21_SP00146" WIDTH="0" HPOS="0" VPOS="0" />
            <String ID="P21_S00165" HPOS="1078" VPOS="1438" WIDTH="261" HEIGHT="47" STYLEREFS="StyleId-1" CONTENT="profession," WC="0.8081818" CC="00041140053" />
            <SP ID="P21_SP00147" WIDTH="0" HPOS="0" VPOS="0" />
            <String ID="P21_S00166" HPOS="1366" VPOS="1441" WIDTH="98" HEIGHT="44" STYLEREFS="StyleId-1" CONTENT="who" WC="1" CC="000" />
            <SP ID="P21_SP00148" WIDTH="0" HPOS="0" VPOS="0" />
            <String ID="P21_S00167" HPOS="1493" VPOS="1447" WIDTH="73" HEIGHT="38" STYLEREFS="StyleId-1" CONTENT="too" WC="0.6933333" CC="530" />
            <SP ID="P21_SP00149" WIDTH="0" HPOS="0" VPOS="0" />
            <String ID="P21_S00168" HPOS="1608" VPOS="1442" WIDTH="109" HEIGHT="43" STYLEREFS="StyleId-1" CONTENT="have" WC="0.52" CC="0774" />
          </TextLine>
          <TextLine ID="P21_TL00020" HPOS="195" VPOS="1498" WIDTH="1520" HEIGHT="56">
            <String ID="P21_S00169" HPOS="195" VPOS="1500" WIDTH="131" HEIGHT="39" STYLEREFS="StyleId-1" CONTENT="taken" WC="0.644" CC="051002" />
            <SP ID="P21_SP00150" WIDTH="0" HPOS="0" VPOS="0" />
            <String ID="P21_S00170" HPOS="351" VPOS="1501" WIDTH="247" HEIGHT="47" STYLEREFS="StyleId-1" CONTENT="advantage" WC="0.8188889" CC="090060000" />
            <SP ID="P21_SP00151" WIDTH="0" HPOS="0" VPOS="0" />
            <String ID="P21_S00171" HPOS="619" VPOS="1501" WIDTH="46" HEIGHT="47" STYLEREFS="StyleId-1" CONTENT="of" WC="0.925" CC="01" />
            <SP ID="P21_SP00152" WIDTH="0" HPOS="0" VPOS="0" />
            <String ID="P21_S00172" HPOS="686" VPOS="1502" WIDTH="207" HEIGHT="46" STYLEREFS="StyleId-1" CONTENT="stepping" WC="0.93875" CC="00000040" />
            <SP ID="P21_SP00153" WIDTH="0" HPOS="0" VPOS="0" />
            <String ID="P21_S00173" HPOS="914" VPOS="1502" WIDTH="93" HEIGHT="46" STYLEREFS="StyleId-1" CONTENT="into" WC="0.985" CC="0000" />
            <SP ID="P21_SP00154" WIDTH="0" HPOS="0" VPOS="0" />
            <String ID="P21_S00174" HPOS="1028" VPOS="1504" WIDTH="74" HEIGHT="44" STYLEREFS="StyleId-1" CONTENT="the" WC="1" CC="000" />
            <SP ID="P21_SP00155" WIDTH="0" HPOS="0" VPOS="0" />
            <String ID="P21_S00175" HPOS="1124" VPOS="1504" WIDTH="128" HEIGHT="44" STYLEREFS="StyleId-1" CONTENT="doors" WC="0.886" CC="00050" />
            <SP ID="P21_SP00156" WIDTH="0" HPOS="0" VPOS="0" />
            <String ID="P21_S00176" HPOS="1274" VPOS="1505" WIDTH="45" HEIGHT="43" STYLEREFS="StyleId-1" CONTENT="of" WC="0.67" CC="06" />
            <SP ID="P21_SP00157" WIDTH="0" HPOS="0" VPOS="0" />
            <String ID="P21_S00177" HPOS="1340" VPOS="1505" WIDTH="181" HEIGHT="43" STYLEREFS="StyleId-1" CONTENT="medical" WC="0.808571458" CC="01000003" />
            <SP ID="P21_SP00158" WIDTH="0" HPOS="0" VPOS="0" />
            <String ID="P21_S00178" HPOS="1562" VPOS="1516" WIDTH="153" HEIGHT="38" STYLEREFS="StyleId-1" CONTENT="oppor¬" WC="0.9716667" CC="000100" />
          </TextLine>
          <TextLine ID="P21_TL00021" HPOS="194" VPOS="1563" WIDTH="1519" HEIGHT="57">
            <String ID="P21_S00179" HPOS="194" VPOS="1564" WIDTH="164" HEIGHT="49" STYLEREFS="StyleId-1" CONTENT="tunity." WC="0.638571441" CC="0677004" />
            <SP ID="P21_SP00159" WIDTH="0" HPOS="0" VPOS="0" />
            <String ID="P21_S00180" HPOS="421" VPOS="1564" WIDTH="144" HEIGHT="49" STYLEREFS="StyleId-1" CONTENT="These" WC="0.496" CC="102462" />
            <SP ID="P21_SP00160" WIDTH="0" HPOS="0" VPOS="0" />
            <String ID="P21_S00181" HPOS="587" VPOS="1579" WIDTH="71" HEIGHT="34" STYLEREFS="StyleId-1" CONTENT="are" WC="0.386666656" CC="990" />
            <SP ID="P21_SP00161" WIDTH="0" HPOS="0" VPOS="0" />
            <String ID="P21_S00182" HPOS="682" VPOS="1568" WIDTH="183" HEIGHT="45" STYLEREFS="StyleId-1" CONTENT="Doctors" WC="0.6142857" CC="00010356" />
            <SP ID="P21_SP00162" WIDTH="0" HPOS="0" VPOS="0" />
            <String ID="P21_S00183" HPOS="888" VPOS="1568" WIDTH="196" HEIGHT="45" STYLEREFS="StyleId-1" CONTENT="Rebecca" WC="0.8528572" CC="0005004" />
            <SP ID="P21_SP00163" WIDTH="0" HPOS="0" VPOS="0" />
            <String ID="P21_S00184" HPOS="1104" VPOS="1570" WIDTH="36" HEIGHT="45" STYLEREFS="StyleId-1" CONTENT="J." WC="0.84" CC="30" />
            <SP ID="P21_SP00164" WIDTH="0" HPOS="0" VPOS="0" />
            <String ID="P21_S00185" HPOS="1168" VPOS="1569" WIDTH="117" HEIGHT="46" STYLEREFS="StyleId-1" CONTENT="Gole," WC="0.478" CC="78703" />
            <SP ID="P21_SP00165" WIDTH="0" HPOS="0" VPOS="0" />
            <String ID="P21_S00186" HPOS="1313" VPOS="1570" WIDTH="139" HEIGHT="45" STYLEREFS="StyleId-1" CONTENT="Susan" WC="0.544" CC="36462" />
            <SP ID="P21_SP00166" WIDTH="0" HPOS="0" VPOS="0" />
            <String ID="P21_S00187" HPOS="1478" VPOS="1572" WIDTH="60" HEIGHT="43" STYLEREFS="StyleId-1" CONTENT="M." WC="0.915" CC="01" />
            <SP ID="P21_SP00167" WIDTH="0" HPOS="0" VPOS="0" />
            <String ID="P21_S00188" HPOS="1573" VPOS="1572" WIDTH="140" HEIGHT="43" STYLEREFS="StyleId-1" CONTENT="Smith" WC="0.268" CC="410687" />
          </TextLine>
          <TextLine ID="P21_TL00022" HPOS="197" VPOS="1625" WIDTH="1511" HEIGHT="61">
            <String ID="P21_S00189" HPOS="197" VPOS="1627" WIDTH="306" HEIGHT="53" STYLEREFS="StyleId-1" CONTENT="(McKinney)" WC="0.564" CC="7620055088" />
            <SP ID="P21_SP00168" WIDTH="0" HPOS="0" VPOS="0" />
            <String ID="P21_S00190" HPOS="528" VPOS="1631" WIDTH="212" HEIGHT="49" STYLEREFS="StyleId-1" CONTENT="Steward," WC="0.8275" CC="100210000" />
            <SP ID="P21_SP00169" WIDTH="0" HPOS="0" VPOS="0" />
            <String ID="P21_S00191" HPOS="767" VPOS="1633" WIDTH="166" HEIGHT="48" STYLEREFS="StyleId-1" CONTENT="Sophia" WC="0.9716667" CC="000010" />
            <SP ID="P21_SP00170" WIDTH="0" HPOS="0" VPOS="0" />
            <String ID="P21_S00192" HPOS="953" VPOS="1635" WIDTH="145" HEIGHT="46" STYLEREFS="StyleId-1" CONTENT="Jones," WC="0.88166666" CC="006001" />
            <SP ID="P21_SP00171" WIDTH="0" HPOS="0" VPOS="0" />
            <String ID="P21_S00193" HPOS="1126" VPOS="1634" WIDTH="201" HEIGHT="47" STYLEREFS="StyleId-1" CONTENT="Caroline" WC="0.81875" CC="00040260" />
            <SP ID="P21_SP00172" WIDTH="0" HPOS="0" VPOS="0" />
            <String ID="P21_S00194" HPOS="1340" VPOS="1635" WIDTH="99" HEIGHT="46" STYLEREFS="StyleId-1" CONTENT="Still" WC="0.766" CC="60031" />
            <SP ID="P21_SP00173" WIDTH="0" HPOS="0" VPOS="0" />
            <String ID="P21_S00195" HPOS="1460" VPOS="1635" WIDTH="248" HEIGHT="48" STYLEREFS="StyleId-1" CONTENT="Anderson," WC="0.73777777" CC="960010033" />
          </TextLine>
          <TextLine ID="P21_TL00023" HPOS="194" VPOS="1694" WIDTH="1522" HEIGHT="57">
            <String ID="P21_S00196" HPOS="194" VPOS="1697" WIDTH="123" HEIGHT="47" STYLEREFS="StyleId-1" CONTENT="Lucy" WC="0.5375" CC="7550" />
            <SP ID="P21_SP00174" WIDTH="0" HPOS="0" VPOS="0" />
            <String ID="P21_S00197" HPOS="340" VPOS="1696" WIDTH="52" HEIGHT="48" STYLEREFS="StyleId-1" CONTENT="K." WC="0.585" CC="80" />
            <SP ID="P21_SP00175" WIDTH="0" HPOS="0" VPOS="0" />
            <String ID="P21_S00198" HPOS="421" VPOS="1699" WIDTH="168" HEIGHT="45" STYLEREFS="StyleId-1" CONTENT="Moten," WC="0.936666667" CC="000003" />
            <SP ID="P21_SP00176" WIDTH="0" HPOS="0" VPOS="0" />
            <String ID="P21_S00199" HPOS="618" VPOS="1700" WIDTH="127" HEIGHT="45" STYLEREFS="StyleId-1" CONTENT="Mary" WC="1" CC="0000" />
            <SP ID="P21_SP00177" WIDTH="0" HPOS="0" VPOS="0" />
            <String ID="P21_S00200" HPOS="768" VPOS="1700" WIDTH="50" HEIGHT="45" STYLEREFS="StyleId-1" CONTENT="L-" WC="0.775" CC="04" />
            <SP ID="P21_SP00178" WIDTH="0" HPOS="0" VPOS="0" />
            <String ID="P21_S00201" HPOS="853" VPOS="1700" WIDTH="172" HEIGHT="45" STYLEREFS="StyleId-1" CONTENT="Brown," WC="0.776666641" CC="720040" />
            <SP ID="P21_SP00179" WIDTH="0" HPOS="0" VPOS="0" />
            <String ID="P21_S00202" HPOS="1044" VPOS="1699" WIDTH="162" HEIGHT="46" STYLEREFS="StyleId-1" CONTENT="Verina" WC="0.8466667" CC="404000" />
            <SP ID="P21_SP00180" WIDTH="0" HPOS="0" VPOS="0" />
            <String ID="P21_S00203" HPOS="1229" VPOS="1700" WIDTH="173" HEIGHT="45" STYLEREFS="StyleId-1" CONTENT="Morton" WC="0.673333347" CC="072802" />
            <SP ID="P21_SP00181" WIDTH="0" HPOS="0" VPOS="0" />
            <String ID="P21_S00204" HPOS="1424" VPOS="1701" WIDTH="143" HEIGHT="46" STYLEREFS="StyleId-1" CONTENT="Jones," WC="0.7783333" CC="006060" />
            <SP ID="P21_SP00182" WIDTH="0" HPOS="0" VPOS="0" />
            <String ID="P21_S00205" HPOS="1594" VPOS="1702" WIDTH="122" HEIGHT="45" STYLEREFS="StyleId-1" CONTENT="Alice" WC="0.78" CC="01026" />
          </TextLine>
          <TextLine ID="P21_TL00024" HPOS="193" VPOS="1758" WIDTH="1515" HEIGHT="59">
            <String ID="P21_S00206" HPOS="193" VPOS="1762" WIDTH="201" HEIGHT="48" STYLEREFS="StyleId-1" CONTENT="Woodby" WC="0.8516667" CC="001052" />
            <SP ID="P21_SP00183" WIDTH="0" HPOS="0" VPOS="0" />
            <String ID="P21_S00207" HPOS="428" VPOS="1764" WIDTH="219" HEIGHT="46" STYLEREFS="StyleId-1" CONTENT="McKane," WC="0.807142854" CC="0000804" />
            <SP ID="P21_SP00184" WIDTH="0" HPOS="0" VPOS="0" />
            <String ID="P21_S00208" HPOS="691" VPOS="1764" WIDTH="147" HEIGHT="46" STYLEREFS="StyleId-1" CONTENT="Hallie" WC="0.711666644" CC="503620" />
            <SP ID="P21_SP00185" WIDTH="0" HPOS="0" VPOS="0" />
            <String ID="P21_S00209" HPOS="867" VPOS="1762" WIDTH="176" HEIGHT="48" STYLEREFS="StyleId-1" CONTENT="Tanner" WC="0.8" CC="007103" />
            <SP ID="P21_SP00186" WIDTH="0" HPOS="0" VPOS="0" />
            <String ID="P21_S00210" HPOS="1085" VPOS="1765" WIDTH="211" HEIGHT="45" STYLEREFS="StyleId-1" CONTENT="Johnson," WC="0.68875" CC="70702520" />
            <SP ID="P21_SP00187" WIDTH="0" HPOS="0" VPOS="0" />
            <String ID="P21_S00211" HPOS="1342" VPOS="1765" WIDTH="123" HEIGHT="45" STYLEREFS="StyleId-1" CONTENT="Alice" WC="0.746" CC="010200" />
            <SP ID="P21_SP00188" WIDTH="0" HPOS="0" VPOS="0" />
            <String ID="P21_S00212" HPOS="1506" VPOS="1767" WIDTH="202" HEIGHT="46" STYLEREFS="StyleId-1" CONTENT="Bennett," WC="0.51625" CC="27640673" />
          </TextLine>
          <TextLine ID="P21_TL00025" HPOS="190" VPOS="1823" WIDTH="1516" HEIGHT="57">
            <String ID="P21_S00213" HPOS="190" VPOS="1827" WIDTH="220" HEIGHT="41" STYLEREFS="StyleId-1" CONTENT="Consuela" WC="0.5775" CC="80444056" />
            <SP ID="P21_SP00189" WIDTH="0" HPOS="0" VPOS="0" />
            <String ID="P21_S00214" HPOS="432" VPOS="1828" WIDTH="135" HEIGHT="40" STYLEREFS="StyleId-1" CONTENT="Clark" WC="0.702" CC="72050" />
            <SP ID="P21_SP00190" WIDTH="0" HPOS="0" VPOS="0" />
            <String ID="P21_S00215" HPOS="587" VPOS="1828" WIDTH="201" HEIGHT="47" STYLEREFS="StyleId-1" CONTENT="Stewart," WC="0.79625" CC="71100600" />
            <SP ID="P21_SP00191" WIDTH="0" HPOS="0" VPOS="0" />
            <String ID="P21_S00216" HPOS="816" VPOS="1829" WIDTH="190" HEIGHT="46" STYLEREFS="StyleId-1" CONTENT="Georgia" WC="0.921428561" CC="5000000" />
            <SP ID="P21_SP00192" WIDTH="0" HPOS="0" VPOS="0" />
            <String ID="P21_S00217" HPOS="1028" VPOS="1830" WIDTH="172" HEIGHT="45" STYLEREFS="StyleId-1" CONTENT="Patton," WC="0.7228571" CC="7200054" />
            <SP ID="P21_SP00193" WIDTH="0" HPOS="0" VPOS="0" />
            <String ID="P21_S00218" HPOS="1225" VPOS="1828" WIDTH="248" HEIGHT="48" STYLEREFS="StyleId-1" CONTENT="Georgiana" WC="0.8155556" CC="0000101050" />
            <SP ID="P21_SP00194" WIDTH="0" HPOS="0" VPOS="0" />
            <String ID="P21_S00219" HPOS="1504" VPOS="1832" WIDTH="202" HEIGHT="47" STYLEREFS="StyleId-1" CONTENT="Rumley^" WC="0.392857134" CC="071060109" />
          </TextLine>
          <TextLine ID="P21_TL00026" HPOS="193" VPOS="1888" WIDTH="1518" HEIGHT="59">
            <String ID="P21_S00220" HPOS="193" VPOS="1893" WIDTH="202" HEIGHT="43" STYLEREFS="StyleId-1" CONTENT="Lucinda" WC="0.64" CC="7400227" />
            <SP ID="P21_SP00195" WIDTH="0" HPOS="0" VPOS="0" />
            <String ID="P21_S00221" HPOS="413" VPOS="1895" WIDTH="126" HEIGHT="46" STYLEREFS="StyleId-1" CONTENT="Key,;" WC="0.43" CC="76067" />
            <SP ID="P21_SP00196" WIDTH="0" HPOS="0" VPOS="0" />
            <String ID="P21_S00222" HPOS="556" VPOS="1895" WIDTH="135" HEIGHT="47" STYLEREFS="StyleId-1" CONTENT="Mary;" WC="0.636" CC="03238" />
            <SP ID="P21_SP00197" WIDTH="0" HPOS="0" VPOS="0" />
            <String ID="P21_S00223" HPOS="710" VPOS="1894" WIDTH="197" HEIGHT="48" STYLEREFS="StyleId-1" CONTENT="Waring," WC="0.64" CC="3470800" />
            <SP ID="P21_SP00198" WIDTH="0" HPOS="0" VPOS="0" />
            <String ID="P21_S00224" HPOS="935" VPOS="1896" WIDTH="126" HEIGHT="47" STYLEREFS="StyleId-1" CONTENT="Mary" WC="0.93" CC="0200" />
            <SP ID="P21_SP00199" WIDTH="0" HPOS="0" VPOS="0" />
            <String ID="P21_S00225" HPOS="1092" VPOS="1893" WIDTH="251" HEIGHT="50" STYLEREFS="StyleId-1" CONTENT="Fitsbutler," WC="0.8090909" CC="71000500230" />
            <SP ID="P21_SP00200" WIDTH="0" HPOS="0" VPOS="0" />
            <String ID="P21_S00226" HPOS="1372" VPOS="1897" WIDTH="118" HEIGHT="46" STYLEREFS="StyleId-1" CONTENT="Lucv" WC="0.625" CC="0743" />
            <SP ID="P21_SP00201" WIDTH="0" HPOS="0" VPOS="0" />
            <String ID="P21_S00227" HPOS="1522" VPOS="1897" WIDTH="189" HEIGHT="47" STYLEREFS="StyleId-1" CONTENT="Hughes" WC="0.34" CC="77100105" />
          </TextLine>
          <TextLine ID="P21_TL00027" HPOS="192" VPOS="1954" WIDTH="1516" HEIGHT="59">
            <String ID="P21_S00228" HPOS="192" VPOS="1960" WIDTH="172" HEIGHT="46" STYLEREFS="StyleId-1" CONTENT="Brown," WC="0.77" CC="400054" />
            <SP ID="P21_SP00202" WIDTH="0" HPOS="0" VPOS="0" />
            <String ID="P21_S00229" HPOS="392" VPOS="1960" WIDTH="79" HEIGHT="46" STYLEREFS="StyleId-1" CONTENT="Ida" WC="0.8666667" CC="400" />
            <SP ID="P21_SP00203" WIDTH="0" HPOS="0" VPOS="0" />
            <String ID="P21_S00230" HPOS="493" VPOS="1960" WIDTH="134" HEIGHT="47" STYLEREFS="StyleId-1" CONTENT="Gray," WC="0.71" CC="100400" />
            <SP ID="P21_SP00204" WIDTH="0" HPOS="0" VPOS="0" />
            <String ID="P21_S00231" HPOS="648" VPOS="1960" WIDTH="144" HEIGHT="47" STYLEREFS="StyleId-1" CONTENT="Laura" WC="0.488" CC="70449" />
            <SP ID="P21_SP00205" WIDTH="0" HPOS="0" VPOS="0" />
            <String ID="P21_S00232" HPOS="812" VPOS="1959" WIDTH="160" HEIGHT="48" STYLEREFS="StyleId-1" CONTENT="Joiner," WC="0.7157143" CC="0664002" />
            <SP ID="P21_SP00206" WIDTH="0" HPOS="0" VPOS="0" />
            <String ID="P21_S00233" HPOS="1000" VPOS="1960" WIDTH="134" HEIGHT="47" STYLEREFS="StyleId-1" CONTENT="Sarah" WC="0.752" CC="08400" />
            <SP ID="P21_SP00207" WIDTH="0" HPOS="0" VPOS="0" />
            <String ID="P21_S00234" HPOS="1152" VPOS="1960" WIDTH="154" HEIGHT="47" STYLEREFS="StyleId-1" CONTENT="Grant," WC="0.863333344" CC="000601" />
            <SP ID="P21_SP00208" WIDTH="0" HPOS="0" VPOS="0" />
            <String ID="P21_S00235" HPOS="1327" VPOS="1960" WIDTH="148" HEIGHT="47" STYLEREFS="StyleId-1" CONTENT="Hulda" WC="0.776" CC="40600" />
            <SP ID="P21_SP00209" WIDTH="0" HPOS="0" VPOS="0" />
            <String ID="P21_S00236" HPOS="1497" VPOS="1962" WIDTH="211" HEIGHT="45" STYLEREFS="StyleId-1" CONTENT="Proileau," WC="0.7033333" CC="540060720" />
          </TextLine>
          <TextLine ID="P21_TL00028" HPOS="184" VPOS="2017" WIDTH="1522" HEIGHT="62">
            <String ID="P21_S00237" HPOS="184" VPOS="2024" WIDTH="121" HEIGHT="47" STYLEREFS="StyleId-1" CONTENT="Julia" WC="0.746" CC="73020" />
            <SP ID="P21_SP00210" WIDTH="0" HPOS="0" VPOS="0" />
            <String ID="P21_S00238" HPOS="336" VPOS="2025" WIDTH="119" HEIGHT="46" STYLEREFS="StyleId-1" CONTENT="Hall," WC="0.74" CC="24410" />
            <SP ID="P21_SP00211" WIDTH="0" HPOS="0" VPOS="0" />
            <String ID="P21_S00239" HPOS="503" VPOS="2025" WIDTH="188" HEIGHT="46" STYLEREFS="StyleId-1" CONTENT="Mildred" WC="0.7057143" CC="03000107" />
            <SP ID="P21_SP00212" WIDTH="0" HPOS="0" VPOS="0" />
            <String ID="P21_S00240" HPOS="725" VPOS="2024" WIDTH="154" HEIGHT="47" STYLEREFS="StyleId-1" CONTENT="Gibbs," WC="0.7033333" CC="0400103" />
            <SP ID="P21_SP00213" WIDTH="0" HPOS="0" VPOS="0" />
            <String ID="P21_S00241" HPOS="922" VPOS="2026" WIDTH="108" HEIGHT="45" STYLEREFS="StyleId-1" CONTENT="Jane" WC="0.905" CC="0030" />
            <SP ID="P21_SP00214" WIDTH="0" HPOS="0" VPOS="0" />
            <String ID="P21_S00242" HPOS="1047" VPOS="2024" WIDTH="224" HEIGHT="47" STYLEREFS="StyleId-1" CONTENT="Whipper," WC="0.98625" CC="00100000" />
            <SP ID="P21_SP00215" WIDTH="0" HPOS="0" VPOS="0" />
            <String ID="P21_S00243" HPOS="1318" VPOS="2025" WIDTH="146" HEIGHT="46" STYLEREFS="StyleId-1" CONTENT="Carrie" WC="0.7266667" CC="390030" />
            <SP ID="P21_SP00216" WIDTH="0" HPOS="0" VPOS="0" />
            <String ID="P21_S00244" HPOS="1502" VPOS="2024" WIDTH="204" HEIGHT="49" STYLEREFS="StyleId-1" CONTENT="Thomas," WC="0.6257143" CC="0605860" />
          </TextLine>
          <TextLine ID="P21_TL00029" HPOS="190" VPOS="2084" WIDTH="1515" HEIGHT="62">
            <String ID="P21_S00245" HPOS="190" VPOS="2092" WIDTH="127" HEIGHT="47" STYLEREFS="StyleId-1" CONTENT="Mary" WC="0.355" CC="4569" />
            <SP ID="P21_SP00217" WIDTH="0" HPOS="0" VPOS="0" />
            <String ID="P21_S00246" HPOS="338" VPOS="2092" WIDTH="160" HEIGHT="47" STYLEREFS="StyleId-1" CONTENT="Lucas," WC="0.555" CC="760372" />
            <SP ID="P21_SP00218" WIDTH="0" HPOS="0" VPOS="0" />
            <String ID="P21_S00247" HPOS="535" VPOS="2091" WIDTH="142" HEIGHT="48" STYLEREFS="StyleId-1" CONTENT="Grace" WC="0.446" CC="03887" />
            <SP ID="P21_SP00219" WIDTH="0" HPOS="0" VPOS="0" />
            <String ID="P21_S00248" HPOS="700" VPOS="2092" WIDTH="69" HEIGHT="47" STYLEREFS="StyleId-1" CONTENT="Du" WC="0.325" CC="76" />
            <SP ID="P21_SP00220" WIDTH="0" HPOS="0" VPOS="0" />
            <String ID="P21_S00249" HPOS="794" VPOS="2090" WIDTH="130" HEIGHT="49" STYLEREFS="StyleId-1" CONTENT="Quid," WC="0.664" CC="66003" />
            <SP ID="P21_SP00221" WIDTH="0" HPOS="0" VPOS="0" />
            <String ID="P21_S00250" HPOS="970" VPOS="2091" WIDTH="188" HEIGHT="48" STYLEREFS="StyleId-1" CONTENT="Josepha" WC="1" CC="0000000" />
            <SP ID="P21_SP00222" WIDTH="0" HPOS="0" VPOS="0" />
            <String ID="P21_S00251" HPOS="1189" VPOS="2091" WIDTH="155" HEIGHT="48" STYLEREFS="StyleId-1" CONTENT="Jarrat," WC="0.941428542" CC="0000004" />
            <SP ID="P21_SP00223" WIDTH="0" HPOS="0" VPOS="0" />
            <String ID="P21_S00252" HPOS="1371" VPOS="2090" WIDTH="149" HEIGHT="49" STYLEREFS="StyleId-1" CONTENT="Agnes" WC="0.702" CC="09500" />
            <SP ID="P21_SP00224" WIDTH="0" HPOS="0" VPOS="0" />
            <String ID="P21_S00253" HPOS="1555" VPOS="2092" WIDTH="150" HEIGHT="47" STYLEREFS="StyleId-1" CONTENT="Berry," WC="0.72" CC="000492" />
          </TextLine>
          <TextLine ID="P21_TL00030" HPOS="185" VPOS="2149" WIDTH="1517" HEIGHT="63">
            <String ID="P21_S00254" HPOS="184" VPOS="2157" WIDTH="134" HEIGHT="48" STYLEREFS="StyleId-1" CONTENT="sMary" WC="0.468" CC="76056" />
            <SP ID="P21_SP00225" WIDTH="0" HPOS="0" VPOS="0" />
            <String ID="P21_S00255" HPOS="342" VPOS="2156" WIDTH="198" HEIGHT="49" STYLEREFS="StyleId-1" CONTENT="iBritton," WC="0.54" CC="745042771" />
            <SP ID="P21_SP00226" WIDTH="0" HPOS="0" VPOS="0" />
            <String ID="P21_S00256" HPOS="589" VPOS="2158" WIDTH="64" HEIGHT="47" STYLEREFS="StyleId-1" CONTENT="Mi;" WC="0.66" CC="207" />
            <SP ID="P21_SP00227" WIDTH="0" HPOS="0" VPOS="0" />
            <String ID="P21_S00257" HPOS="694" VPOS="2155" WIDTH="197" HEIGHT="50" STYLEREFS="StyleId-1" CONTENT="Evelyne" WC="0.578571439" CC="7625070" />
            <SP ID="P21_SP00228" WIDTH="0" HPOS="0" VPOS="0" />
            <String ID="P21_S00258" HPOS="914" VPOS="2154" WIDTH="252" HEIGHT="51" STYLEREFS="StyleId-1" CONTENT="Thompson" WC="0.92875" CC="00050000" />
            <SP ID="P21_SP00229" WIDTH="0" HPOS="0" VPOS="0" />
            <String ID="P21_S00259" HPOS="1210" VPOS="2155" WIDTH="183" HEIGHT="50" STYLEREFS="StyleId-1" CONTENT="Coppin," WC="0.871428549" CC="0000053" />
            <SP ID="P21_SP00230" WIDTH="0" HPOS="0" VPOS="0" />
            <String ID="P21_S00260" HPOS="1441" VPOS="2156" WIDTH="195" HEIGHT="49" STYLEREFS="StyleId-1" CONTENT="Matilda." WC="0.61625" CC="008301080" />
            <SP ID="P21_SP00231" WIDTH="0" HPOS="0" VPOS="0" />
            <String ID="P21_S00261" HPOS="1642" VPOS="2157" WIDTH="60" HEIGHT="48" STYLEREFS="StyleId-1" CONTENT="Ai" WC="0.15" CC="88" />
          </TextLine>
          <TextLine ID="P21_TL00031" HPOS="187" VPOS="2213" WIDTH="1521" HEIGHT="63">
            <String ID="P21_S00262" HPOS="187" VPOS="2220" WIDTH="165" HEIGHT="49" STYLEREFS="StyleId-1" CONTENT="Buans," WC="0.365" CC="885384" />
            <SP ID="P21_SP00232" WIDTH="0" HPOS="0" VPOS="0" />
            <String ID="P21_S00263" HPOS="372" VPOS="2221" WIDTH="171" HEIGHT="48" STYLEREFS="StyleId-1" CONTENT="Lucilla" WC="0.7" CC="0704305" />
            <SP ID="P21_SP00233" WIDTH="0" HPOS="0" VPOS="0" />
            <String ID="P21_S00264" HPOS="574" VPOS="2220" WIDTH="53" HEIGHT="49" STYLEREFS="StyleId-1" CONTENT="E." WC="0.5" CC="100" />
            <SP ID="P21_SP00234" WIDTH="0" HPOS="0" VPOS="0" />
            <String ID="P21_S00265" HPOS="667" VPOS="2221" WIDTH="158" HEIGHT="48" STYLEREFS="StyleId-1" CONTENT="Miller," WC="0.75" CC="0701080" />
            <SP ID="P21_SP00235" WIDTH="0" HPOS="0" VPOS="0" />
            <String ID="P21_S00266" HPOS="867" VPOS="2219" WIDTH="246" HEIGHT="50" STYLEREFS="StyleId-1" CONTENT="Theodosia" WC="0.947777748" CC="000000004" />
            <SP ID="P21_SP00236" WIDTH="0" HPOS="0" VPOS="0" />
            <String ID="P21_S00267" HPOS="1148" VPOS="2220" WIDTH="193" HEIGHT="49" STYLEREFS="StyleId-1" CONTENT="Shoults," WC="0.9575" CC="00030000" />
            <SP ID="P21_SP00237" WIDTH="0" HPOS="0" VPOS="0" />
            <String ID="P21_S00268" HPOS="1383" VPOS="2221" WIDTH="61" HEIGHT="48" STYLEREFS="StyleId-1" CONTENT="M." WC="0.775" CC="04" />
            <SP ID="P21_SP00238" WIDTH="0" HPOS="0" VPOS="0" />
            <String ID="P21_S00269" HPOS="1490" VPOS="2220" WIDTH="52" HEIGHT="49" STYLEREFS="StyleId-1" CONTENT="E." WC="0.355" CC="93" />
            <SP ID="P21_SP00239" WIDTH="0" HPOS="0" VPOS="0" />
            <String ID="P21_S00270" HPOS="1581" VPOS="2221" WIDTH="127" HEIGHT="48" STYLEREFS="StyleId-1" CONTENT="Grito" WC="0.388" CC="105077" />
          </TextLine>
          <TextLine ID="P21_TL00032" HPOS="184" VPOS="2278" WIDTH="1526" HEIGHT="62">
            <String ID="P21_S00271" HPOS="184" VPOS="2289" WIDTH="156" HEIGHT="44" STYLEREFS="StyleId-1" CONTENT="hotter" WC="0.321666658" CC="975774" />
            <SP ID="P21_SP00240" WIDTH="0" HPOS="0" VPOS="0" />
            <String ID="P21_S00272" HPOS="359" VPOS="2289" WIDTH="86" HEIGHT="44" STYLEREFS="StyleId-1" CONTENT="and" WC="0.8433333" CC="040" />
            <SP ID="P21_SP00241" WIDTH="0" HPOS="0" VPOS="0" />
            <String ID="P21_S00273" HPOS="462" VPOS="2289" WIDTH="164" HEIGHT="44" STYLEREFS="StyleId-1" CONTENT="others," WC="0.9057143" CC="5000000" />
            <SP ID="P21_SP00242" WIDTH="0" HPOS="0" VPOS="0" />
            <String ID="P21_S00274" HPOS="648" VPOS="2288" WIDTH="151" HEIGHT="45" STYLEREFS="StyleId-1" CONTENT="whose;" WC="0.7416667" CC="250006" />
            <SP ID="P21_SP00243" WIDTH="0" HPOS="0" VPOS="0" />
            <String ID="P21_S00275" HPOS="806" VPOS="2298" WIDTH="158" HEIGHT="35" STYLEREFS="StyleId-1" CONTENT="^names" WC="0.635" CC="966000" />
            <SP ID="P21_SP00244" WIDTH="0" HPOS="0" VPOS="0" />
            <String ID="P21_S00276" HPOS="986" VPOS="2288" WIDTH="20" HEIGHT="45" STYLEREFS="StyleId-1" CONTENT="I" WC="1" CC="0" />
            <SP ID="P21_SP00245" WIDTH="0" HPOS="0" VPOS="0" />
            <String ID="P21_S00277" HPOS="1030" VPOS="2287" WIDTH="110" HEIGHT="46" STYLEREFS="StyleId-1" CONTENT="have" WC="0.735" CC="6004" />
            <SP ID="P21_SP00246" WIDTH="0" HPOS="0" VPOS="0" />
            <String ID="P21_S00278" HPOS="1161" VPOS="2292" WIDTH="76" HEIGHT="41" STYLEREFS="StyleId-1" CONTENT="not" WC="0.6433333" CC="622" />
            <SP ID="P21_SP00247" WIDTH="0" HPOS="0" VPOS="0" />
            <String ID="P21_S00279" HPOS="1272" VPOS="2285" WIDTH="108" HEIGHT="48" STYLEREFS="StyleId-1" CONTENT="been" WC="0.7825" CC="3004" />
            <SP ID="P21_SP00248" WIDTH="0" HPOS="0" VPOS="0" />
            <String ID="P21_S00280" HPOS="1421" VPOS="2285" WIDTH="94" HEIGHT="48" STYLEREFS="StyleId-1" CONTENT="able" WC="0.125" CC="1010510" />
            <SP ID="P21_SP00249" WIDTH="0" HPOS="0" VPOS="0" />
            <String ID="P21_S00281" HPOS="1555" VPOS="2292" WIDTH="43" HEIGHT="41" STYLEREFS="StyleId-1" CONTENT="to" WC="1" CC="00" />
            <SP ID="P21_SP00250" WIDTH="0" HPOS="0" VPOS="0" />
            <String ID="P21_S00282" HPOS="1638" VPOS="2287" WIDTH="72" HEIGHT="46" STYLEREFS="StyleId-1" CONTENT="ob¬" WC="0.58" CC="570" />
          </TextLine>
          <TextLine ID="P21_TL00033" HPOS="186" VPOS="2344" WIDTH="1523" HEIGHT="59">
            <String ID="P21_S00283" HPOS="185" VPOS="2354" WIDTH="115" HEIGHT="41" STYLEREFS="StyleId-1" CONTENT="tain:*" WC="0.2" CC="8479710" />
            <SP ID="P21_SP00251" WIDTH="0" HPOS="0" VPOS="0" />
            <String ID="P21_S00284" HPOS="356" VPOS="2353" WIDTH="145" HEIGHT="42" STYLEREFS="StyleId-1" CONTENT="These" WC="0.852" CC="00070" />
            <SP ID="P21_SP00252" WIDTH="0" HPOS="0" VPOS="0" />
            <String ID="P21_S00285" HPOS="524" VPOS="2355" WIDTH="113" HEIGHT="40" STYLEREFS="StyleId-1" CONTENT="have" WC="0.8" CC="0700" />
            <SP ID="P21_SP00253" WIDTH="0" HPOS="0" VPOS="0" />
            <String ID="P21_S00286" HPOS="648" VPOS="2353" WIDTH="141" HEIGHT="45" STYLEREFS="StyleId-1" CONTENT="made," WC="0.726" CC="310000" />
            <SP ID="P21_SP00254" WIDTH="0" HPOS="0" VPOS="0" />
            <String ID="P21_S00287" HPOS="811" VPOS="2352" WIDTH="85" HEIGHT="46" STYLEREFS="StyleId-1" CONTENT="and" WC="0.8466667" CC="040" />
            <SP ID="P21_SP00255" WIDTH="0" HPOS="0" VPOS="0" />
            <String ID="P21_S00288" HPOS="920" VPOS="2364" WIDTH="71" HEIGHT="34" STYLEREFS="StyleId-1" CONTENT="are" WC="0.49" CC="860" />
            <SP ID="P21_SP00256" WIDTH="0" HPOS="0" VPOS="0" />
            <String ID="P21_S00289" HPOS="1019" VPOS="2351" WIDTH="194" HEIGHT="47" STYLEREFS="StyleId-1" CONTENT="making," WC="0.9257143" CC="0004001" />
            <SP ID="P21_SP00257" WIDTH="0" HPOS="0" VPOS="0" />
            <String ID="P21_S00290" HPOS="1253" VPOS="2351" WIDTH="174" HEIGHT="47" STYLEREFS="StyleId-1" CONTENT="records" WC="0.7728571" CC="2004305" />
            <SP ID="P21_SP00258" WIDTH="0" HPOS="0" VPOS="0" />
            <String ID="P21_S00291" HPOS="1468" VPOS="2351" WIDTH="66" HEIGHT="47" STYLEREFS="StyleId-1" CONTENT="lor" WC="0.5366667" CC="706" />
            <SP ID="P21_SP00259" WIDTH="0" HPOS="0" VPOS="0" />
            <String ID="P21_S00292" HPOS="1573" VPOS="2352" WIDTH="136" HEIGHT="51" STYLEREFS="StyleId-1" CONTENT="thenar" WC="0.50333333" CC="070777" />
          </TextLine>
          <TextLine ID="P21_TL00034" HPOS="187" VPOS="2409" WIDTH="1522" HEIGHT="59">
            <String ID="P21_S00293" HPOS="187" VPOS="2420" WIDTH="256" HEIGHT="41" STYLEREFS="StyleId-1" CONTENT="s'ehresfrthat" WC="0.386153847" CC="101010857780785" />
            <SP ID="P21_SP00260" WIDTH="0" HPOS="0" VPOS="0" />
            <String ID="P21_S00294" HPOS="465" VPOS="2419" WIDTH="89" HEIGHT="42" STYLEREFS="StyleId-1" CONTENT="will" WC="0.815" CC="0700" />
            <SP ID="P21_SP00261" WIDTH="0" HPOS="0" VPOS="0" />
            <String ID="P21_S00295" HPOS="576" VPOS="2419" WIDTH="53" HEIGHT="42" STYLEREFS="StyleId-1" CONTENT="be" WC="0.72" CC="50" />
            <SP ID="P21_SP00262" WIDTH="0" HPOS="0" VPOS="0" />
            <String ID="P21_S00296" HPOS="651" VPOS="2418" WIDTH="173" HEIGHT="43" STYLEREFS="StyleId-1" CONTENT="handed" WC="0.723333359" CC="007072" />
            <SP ID="P21_SP00263" WIDTH="0" HPOS="0" VPOS="0" />
            <String ID="P21_S00297" HPOS="846" VPOS="2417" WIDTH="130" HEIGHT="44" STYLEREFS="StyleId-1" CONTENT="down" WC="0.64" CC="9004" />
            <SP ID="P21_SP00264" WIDTH="0" HPOS="0" VPOS="0" />
            <String ID="P21_S00298" HPOS="999" VPOS="2417" WIDTH="45" HEIGHT="44" STYLEREFS="StyleId-1" CONTENT="in" WC="0.73" CC="05" />
            <SP ID="P21_SP00265" WIDTH="0" HPOS="0" VPOS="0" />
            <String ID="P21_S00299" HPOS="1065" VPOS="2416" WIDTH="169" HEIGHT="48" STYLEREFS="StyleId-1" CONTENT="history" WC="0.7457143" CC="0170080" />
            <SP ID="P21_SP00266" WIDTH="0" HPOS="0" VPOS="0" />
            <String ID="P21_S00300" HPOS="1255" VPOS="2422" WIDTH="55" HEIGHT="42" STYLEREFS="StyleId-1" CONTENT="tol" WC="0.333333343" CC="10010" />
            <SP ID="P21_SP00267" WIDTH="0" HPOS="0" VPOS="0" />
            <String ID="P21_S00301" HPOS="1321" VPOS="2417" WIDTH="75" HEIGHT="47" STYLEREFS="StyleId-1" CONTENT="the" WC="0.366666675" CC="1710" />
            <SP ID="P21_SP00268" WIDTH="0" HPOS="0" VPOS="0" />
            <String ID="P21_S00302" HPOS="1417" VPOS="2416" WIDTH="292" HEIGHT="48" STYLEREFS="StyleId-1" CONTENT=".distinguishr" WC="0.419230759" CC="010775561000777" />
          </TextLine>
          <TextLine ID="P21_TL00035" HPOS="180" VPOS="2475" WIDTH="1528" HEIGHT="65">
            <String ID="P21_S00303" HPOS="180" VPOS="2486" WIDTH="221" HEIGHT="41" STYLEREFS="StyleId-1" CONTENT="jedicisediit" WC="0.395833343" CC="734857706677" />
            <SP ID="P21_SP00269" WIDTH="0" HPOS="0" VPOS="0" />
            <String ID="P21_S00304" HPOS="420" VPOS="2486" WIDTH="269" HEIGHT="47" STYLEREFS="StyleId-1" CONTENT="QfctourLown" WC="0.283636361" CC="10446410710777" />
            <SP ID="P21_SP00270" WIDTH="0" HPOS="0" VPOS="0" />
            <String ID="P21_S00305" HPOS="711" VPOS="2496" WIDTH="112" HEIGHT="37" STYLEREFS="StyleId-1" CONTENT="race." WC="0.898" CC="50000" />
            <SP ID="P21_SP00271" WIDTH="0" HPOS="0" VPOS="0" />
            <String ID="P21_S00306" HPOS="884" VPOS="2481" WIDTH="142" HEIGHT="52" STYLEREFS="StyleId-1" CONTENT="These" WC="0.858" CC="07000" />
            <SP ID="P21_SP00272" WIDTH="0" HPOS="0" VPOS="0" />
            <String ID="P21_S00307" HPOS="1047" VPOS="2494" WIDTH="168" HEIGHT="39" STYLEREFS="StyleId-1" CONTENT="women" WC="0.84" CC="00430" />
            <SP ID="P21_SP00273" WIDTH="0" HPOS="0" VPOS="0" />
            <String ID="P21_S00308" HPOS="1238" VPOS="2482" WIDTH="126" HEIGHT="51" STYLEREFS="StyleId-1" CONTENT="havei" WC="0.684" CC="001410" />
            <SP ID="P21_SP00274" WIDTH="0" HPOS="0" VPOS="0" />
            <String ID="P21_S00309" HPOS="1383" VPOS="2482" WIDTH="224" HEIGHT="51" STYLEREFS="StyleId-1" CONTENT="measured" WC="0.405" CC="749564010" />
            <SP ID="P21_SP00275" WIDTH="0" HPOS="0" VPOS="0" />
            <String ID="P21_S00310" HPOS="1649" VPOS="2495" WIDTH="59" HEIGHT="38" STYLEREFS="StyleId-1" CONTENT="up" WC="0.715" CC="50" />
          </TextLine>
        </TextBlock>
      </PrintSpace>
    </Page>
  </Layout>
</alto>