<?xml version="1.0" encoding="utf-8"?>
<alto xmlns:xlink="http://www.w3.org/1999/xlink" xmlns:xsi="http://www.w3.org/2001/XMLSchema-instance" xsi:schemaLocation="http://www.loc.gov/standards/alto/ns-v2# http://www.loc.gov/standards/alto/alto-v2.0.xsd" xmlns="http://www.loc.gov/standards/alto/ns-v2#">
  <Description>
    <MeasurementUnit>pixel</MeasurementUnit>
    <sourceImageInformation>
      <fileName>0000002.tif</fileName>
    </sourceImageInformation>
    <OCRProcessing ID="Processing">
      <ocrProcessingStep>
        <processingStepSettings>Image Resolution:400</processingStepSettings>
        <processingSoftware>
          <softwareCreator>I2S Kirtas</softwareCreator>
          <softwareName>Limb</softwareName>
          <softwareVersion>1.0</softwareVersion>
          <applicationDescription>Abbyy10 OCR Engine</applicationDescription>
        </processingSoftware>
      </ocrProcessingStep>
    </OCRProcessing>
  </Description>
  <Styles>
    <TextStyle ID="StyleId-0" FONTSIZE="11" FONTFAMILY="Times New Roman" />
  </Styles>
  <Layout>
    <Page ID="P2" PHYSICAL_IMG_NR="2" HEIGHT="2800" WIDTH="1900" ACCURACY="0.824198365" QUALITY_DETAIL="74 words, 349 chars, 294 with recognition greater than 50% (84.24%)">
      <TopMargin ID="P2_TM00001" HPOS="0" VPOS="0" WIDTH="1900" HEIGHT="972" />
      <LeftMargin ID="P2_LM00001" HPOS="0" VPOS="972" WIDTH="183" HEIGHT="853" />
      <RightMargin ID="P2_RM00001" HPOS="1720" VPOS="972" WIDTH="180" HEIGHT="853" />
      <BottomMargin ID="P2_BM00001" HPOS="0" VPOS="1825" WIDTH="1900" HEIGHT="975" />
      <PrintSpace ID="P2_PS00001" HPOS="183" VPOS="972" WIDTH="1537" HEIGHT="853">
        <TextBlock ID="P2_TB00001" HPOS="768" VPOS="970" WIDTH="366" HEIGHT="64">
          <TextLine ID="P2_TL00001" HPOS="776" VPOS="978" WIDTH="350" HEIGHT="48">
            <String ID="P2_S00001" HPOS="776" VPOS="978" WIDTH="350" HEIGHT="48" STYLEREFS="StyleId-0" CONTENT="PREFACE" WC="0.892857134" CC="0000223" />
          </TextLine>
        </TextBlock>
        <TextBlock ID="P2_TB00002" HPOS="183" VPOS="1135" WIDTH="1537" HEIGHT="690">
          <TextLine ID="P2_TL00002" HPOS="290" VPOS="1142" WIDTH="1413" HEIGHT="61">
            <String ID="P2_S00002" HPOS="290" VPOS="1145" WIDTH="248" HEIGHT="61" STYLEREFS="StyleId-0" CONTENT="Yielding" WC="0.555" CC="06046467" />
            <SP ID="P2_SP00001" WIDTH="0" HPOS="0" VPOS="0" />
            <String ID="P2_S00003" HPOS="582" VPOS="1155" WIDTH="53" HEIGHT="51" STYLEREFS="StyleId-0" CONTENT="to" WC="0.575" CC="53" />
            <SP ID="P2_SP00002" WIDTH="0" HPOS="0" VPOS="0" />
            <String ID="P2_S00004" HPOS="681" VPOS="1142" WIDTH="90" HEIGHT="64" STYLEREFS="StyleId-0" CONTENT="the" WC="0.49" CC="653" />
            <SP ID="P2_SP00003" WIDTH="0" HPOS="0" VPOS="0" />
            <String ID="P2_S00005" HPOS="828" VPOS="1142" WIDTH="306" HEIGHT="64" STYLEREFS="StyleId-0" CONTENT="solicitation" WC="0.8125" CC="0000020105300" />
            <SP ID="P2_SP00004" WIDTH="0" HPOS="0" VPOS="0" />
            <String ID="P2_S00006" HPOS="1182" VPOS="1140" WIDTH="55" HEIGHT="66" STYLEREFS="StyleId-0" CONTENT="of" WC="0.725" CC="50" />
            <SP ID="P2_SP00005" WIDTH="0" HPOS="0" VPOS="0" />
            <String ID="P2_S00007" HPOS="1273" VPOS="1158" WIDTH="158" HEIGHT="48" STYLEREFS="StyleId-0" CONTENT="many" WC="0.81" CC="0700" />
            <SP ID="P2_SP00006" WIDTH="0" HPOS="0" VPOS="0" />
            <String ID="P2_S00008" HPOS="1483" VPOS="1157" WIDTH="220" HEIGHT="49" STYLEREFS="StyleId-0" CONTENT="persons," WC="0.7275" CC="55006003" />
          </TextLine>
          <TextLine ID="P2_TL00003" HPOS="192" VPOS="1220" WIDTH="1516" HEIGHT="61">
            <String ID="P2_S00009" HPOS="192" VPOS="1234" WIDTH="249" HEIGHT="50" STYLEREFS="StyleId-0" CONTENT="strangers" WC="0.645555556" CC="004397330" />
            <SP ID="P2_SP00007" WIDTH="0" HPOS="0" VPOS="0" />
            <String ID="P2_S00010" HPOS="481" VPOS="1238" WIDTH="49" HEIGHT="46" STYLEREFS="StyleId-0" CONTENT="as" WC="1" CC="00" />
            <SP ID="P2_SP00008" WIDTH="0" HPOS="0" VPOS="0" />
            <String ID="P2_S00011" HPOS="555" VPOS="1220" WIDTH="116" HEIGHT="64" STYLEREFS="StyleId-0" CONTENT="well" WC="0.815" CC="5001" />
            <SP ID="P2_SP00009" WIDTH="0" HPOS="0" VPOS="0" />
            <String ID="P2_S00012" HPOS="696" VPOS="1238" WIDTH="49" HEIGHT="46" STYLEREFS="StyleId-0" CONTENT="as" WC="1" CC="00" />
            <SP ID="P2_SP00010" WIDTH="0" HPOS="0" VPOS="0" />
            <String ID="P2_S00013" HPOS="768" VPOS="1220" WIDTH="389" HEIGHT="64" STYLEREFS="StyleId-0" CONTENT="acquaintances" WC="0.8030769" CC="0000006990000" />
            <SP ID="P2_SP00011" WIDTH="0" HPOS="0" VPOS="0" />
            <String ID="P2_S00014" HPOS="1203" VPOS="1218" WIDTH="100" HEIGHT="66" STYLEREFS="StyleId-0" CONTENT="and" WC="1" CC="000" />
            <SP ID="P2_SP00012" WIDTH="0" HPOS="0" VPOS="0" />
            <String ID="P2_S00015" HPOS="1328" VPOS="1217" WIDTH="206" HEIGHT="67" STYLEREFS="StyleId-0" CONTENT="friends," WC="0.79875" CC="40040007" />
            <SP ID="P2_SP00013" WIDTH="0" HPOS="0" VPOS="0" />
            <String ID="P2_S00016" HPOS="1578" VPOS="1217" WIDTH="22" HEIGHT="67" STYLEREFS="StyleId-0" CONTENT="I" WC="1" CC="0" />
            <SP ID="P2_SP00014" WIDTH="0" HPOS="0" VPOS="0" />
            <String ID="P2_S00017" HPOS="1625" VPOS="1234" WIDTH="83" HEIGHT="50" STYLEREFS="StyleId-0" CONTENT="am" WC="1" CC="00" />
          </TextLine>
          <TextLine ID="P2_TL00004" HPOS="194" VPOS="1295" WIDTH="1216" HEIGHT="63">
            <String ID="P2_S00018" HPOS="194" VPOS="1298" WIDTH="222" HEIGHT="62" STYLEREFS="StyleId-0" CONTENT="offering" WC="0.73875" CC="06714000" />
            <SP ID="P2_SP00015" WIDTH="0" HPOS="0" VPOS="0" />
            <String ID="P2_S00019" HPOS="438" VPOS="1296" WIDTH="89" HEIGHT="64" STYLEREFS="StyleId-0" CONTENT="the" WC="0.696666658" CC="062" />
            <SP ID="P2_SP00016" WIDTH="0" HPOS="0" VPOS="0" />
            <String ID="P2_S00020" HPOS="550" VPOS="1295" WIDTH="273" HEIGHT="65" STYLEREFS="StyleId-0" CONTENT="following" WC="0.914444447" CC="032010000" />
            <SP ID="P2_SP00017" WIDTH="0" HPOS="0" VPOS="0" />
            <String ID="P2_S00021" HPOS="846" VPOS="1313" WIDTH="156" HEIGHT="47" STYLEREFS="StyleId-0" CONTENT="paper" WC="0.65" CC="30174" />
            <SP ID="P2_SP00018" WIDTH="0" HPOS="0" VPOS="0" />
            <String ID="P2_S00022" HPOS="1024" VPOS="1307" WIDTH="52" HEIGHT="53" STYLEREFS="StyleId-0" CONTENT="to" WC="0.51" CC="36" />
            <SP ID="P2_SP00019" WIDTH="0" HPOS="0" VPOS="0" />
            <String ID="P2_S00023" HPOS="1101" VPOS="1293" WIDTH="89" HEIGHT="67" STYLEREFS="StyleId-0" CONTENT="the" WC="0.68" CC="603" />
            <SP ID="P2_SP00020" WIDTH="0" HPOS="0" VPOS="0" />
            <String ID="P2_S00024" HPOS="1219" VPOS="1294" WIDTH="191" HEIGHT="66" STYLEREFS="StyleId-0" CONTENT="public." WC="0.952857137" CC="0000003" />
          </TextLine>
          <TextLine ID="P2_TL00005" HPOS="294" VPOS="1372" WIDTH="1417" HEIGHT="49">
            <String ID="P2_S00025" HPOS="294" VPOS="1375" WIDTH="46" HEIGHT="49" STYLEREFS="StyleId-0" CONTENT="It" WC="0.845" CC="03" />
            <SP ID="P2_SP00021" WIDTH="0" HPOS="0" VPOS="0" />
            <String ID="P2_S00026" HPOS="363" VPOS="1375" WIDTH="40" HEIGHT="49" STYLEREFS="StyleId-0" CONTENT="is" WC="1" CC="00" />
            <SP ID="P2_SP00022" WIDTH="0" HPOS="0" VPOS="0" />
            <String ID="P2_S00027" HPOS="426" VPOS="1373" WIDTH="89" HEIGHT="51" STYLEREFS="StyleId-0" CONTENT="the" WC="0.8233333" CC="500" />
            <SP ID="P2_SP00023" WIDTH="0" HPOS="0" VPOS="0" />
            <String ID="P2_S00028" HPOS="540" VPOS="1374" WIDTH="153" HEIGHT="50" STYLEREFS="StyleId-0" CONTENT="result" WC="0.845" CC="000404" />
            <SP ID="P2_SP00024" WIDTH="0" HPOS="0" VPOS="0" />
            <String ID="P2_S00029" HPOS="716" VPOS="1373" WIDTH="54" HEIGHT="51" STYLEREFS="StyleId-0" CONTENT="of" WC="0.755" CC="40" />
            <SP ID="P2_SP00025" WIDTH="0" HPOS="0" VPOS="0" />
            <String ID="P2_S00030" HPOS="814" VPOS="1373" WIDTH="190" HEIGHT="51" STYLEREFS="StyleId-0" CONTENT="serious" WC="0.931428552" CC="0030010" />
            <SP ID="P2_SP00026" WIDTH="0" HPOS="0" VPOS="0" />
            <String ID="P2_S00031" HPOS="1027" VPOS="1371" WIDTH="144" HEIGHT="53" STYLEREFS="StyleId-0" CONTENT="labor" WC="0.896" CC="01003" />
            <SP ID="P2_SP00027" WIDTH="0" HPOS="0" VPOS="0" />
            <String ID="P2_S00032" HPOS="1216" VPOS="1371" WIDTH="101" HEIGHT="53" STYLEREFS="StyleId-0" CONTENT="and" WC="1" CC="000" />
            <SP ID="P2_SP00028" WIDTH="0" HPOS="0" VPOS="0" />
            <String ID="P2_S00033" HPOS="1342" VPOS="1389" WIDTH="113" HEIGHT="35" STYLEREFS="StyleId-0" CONTENT="care" WC="0.9625" CC="0001" />
            <SP ID="P2_SP00029" WIDTH="0" HPOS="0" VPOS="0" />
            <String ID="P2_S00034" HPOS="1479" VPOS="1371" WIDTH="101" HEIGHT="53" STYLEREFS="StyleId-0" CONTENT="and" WC="0.683333337" CC="900" />
            <SP ID="P2_SP00030" WIDTH="0" HPOS="0" VPOS="0" />
            <String ID="P2_S00035" HPOS="1604" VPOS="1382" WIDTH="107" HEIGHT="42" STYLEREFS="StyleId-0" CONTENT="sent" WC="0.84" CC="0104" />
          </TextLine>
          <TextLine ID="P2_TL00006" HPOS="194" VPOS="1450" WIDTH="1517" HEIGHT="60">
            <String ID="P2_S00036" HPOS="194" VPOS="1450" WIDTH="139" HEIGHT="51" STYLEREFS="StyleId-0" CONTENT="forth" WC="0.604" CC="35406" />
            <SP ID="P2_SP00031" WIDTH="0" HPOS="0" VPOS="0" />
            <String ID="P2_S00037" HPOS="352" VPOS="1452" WIDTH="56" HEIGHT="49" STYLEREFS="StyleId-0" CONTENT="in" WC="1" CC="00" />
            <SP ID="P2_SP00032" WIDTH="0" HPOS="0" VPOS="0" />
            <String ID="P2_S00038" HPOS="432" VPOS="1450" WIDTH="89" HEIGHT="51" STYLEREFS="StyleId-0" CONTENT="the" WC="0.7366667" CC="160" />
            <SP ID="P2_SP00033" WIDTH="0" HPOS="0" VPOS="0" />
            <String ID="P2_S00039" HPOS="557" VPOS="1449" WIDTH="137" HEIGHT="63" STYLEREFS="StyleId-0" CONTENT="hope" WC="0.7625" CC="6003" />
            <SP ID="P2_SP00034" WIDTH="0" HPOS="0" VPOS="0" />
            <String ID="P2_S00040" HPOS="713" VPOS="1449" WIDTH="109" HEIGHT="63" STYLEREFS="StyleId-0" CONTENT="that" WC="0.7525" CC="0603" />
            <SP ID="P2_SP00035" WIDTH="0" HPOS="0" VPOS="0" />
            <String ID="P2_S00041" HPOS="845" VPOS="1450" WIDTH="39" HEIGHT="62" STYLEREFS="StyleId-0" CONTENT="it" WC="0.94" CC="01" />
            <SP ID="P2_SP00036" WIDTH="0" HPOS="0" VPOS="0" />
            <String ID="P2_S00042" HPOS="909" VPOS="1467" WIDTH="117" HEIGHT="45" STYLEREFS="StyleId-0" CONTENT="may" WC="0.7866667" CC="006" />
            <SP ID="P2_SP00037" WIDTH="0" HPOS="0" VPOS="0" />
            <String ID="P2_S00043" HPOS="1049" VPOS="1447" WIDTH="202" HEIGHT="65" STYLEREFS="StyleId-0" CONTENT="furnish" WC="0.8042857" CC="0007006" />
            <SP ID="P2_SP00038" WIDTH="0" HPOS="0" VPOS="0" />
            <String ID="P2_S00044" HPOS="1276" VPOS="1459" WIDTH="435" HEIGHT="53" STYLEREFS="StyleId-0" CONTENT="encouragement" WC="0.862307668" CC="4000030026001" />
          </TextLine>
          <TextLine ID="P2_TL00007" HPOS="194" VPOS="1526" WIDTH="1479" HEIGHT="60">
            <String ID="P2_S00045" HPOS="194" VPOS="1540" WIDTH="52" HEIGHT="38" STYLEREFS="StyleId-0" CONTENT="to" WC="1" CC="00" />
            <SP ID="P2_SP00039" WIDTH="0" HPOS="0" VPOS="0" />
            <String ID="P2_S00046" HPOS="271" VPOS="1527" WIDTH="89" HEIGHT="51" STYLEREFS="StyleId-0" CONTENT="the" WC="0.5933333" CC="262" />
            <SP ID="P2_SP00040" WIDTH="0" HPOS="0" VPOS="0" />
            <String ID="P2_S00047" HPOS="385" VPOS="1539" WIDTH="195" HEIGHT="39" STYLEREFS="StyleId-0" CONTENT="earnest" WC="0.9728571" CC="0010000" />
            <SP ID="P2_SP00041" WIDTH="0" HPOS="0" VPOS="0" />
            <String ID="P2_S00048" HPOS="618" VPOS="1545" WIDTH="209" HEIGHT="33" STYLEREFS="StyleId-0" CONTENT="women" WC="0.874" CC="05010" />
            <SP ID="P2_SP00042" WIDTH="0" HPOS="0" VPOS="0" />
            <String ID="P2_S00049" HPOS="852" VPOS="1527" WIDTH="110" HEIGHT="51" STYLEREFS="StyleId-0" CONTENT="into" WC="0.7575" CC="0063" />
            <SP ID="P2_SP00043" WIDTH="0" HPOS="0" VPOS="0" />
            <String ID="P2_S00050" HPOS="988" VPOS="1524" WIDTH="174" HEIGHT="54" STYLEREFS="StyleId-0" CONTENT="whose" WC="0.614" CC="66302" />
            <SP ID="P2_SP00044" WIDTH="0" HPOS="0" VPOS="0" />
            <String ID="P2_S00051" HPOS="1188" VPOS="1524" WIDTH="163" HEIGHT="54" STYLEREFS="StyleId-0" CONTENT="hands" WC="0.878" CC="60000" />
            <SP ID="P2_SP00045" WIDTH="0" HPOS="0" VPOS="0" />
            <String ID="P2_S00052" HPOS="1374" VPOS="1526" WIDTH="39" HEIGHT="52" STYLEREFS="StyleId-0" CONTENT="it" WC="0.84" CC="30" />
            <SP ID="P2_SP00046" WIDTH="0" HPOS="0" VPOS="0" />
            <String ID="P2_S00053" HPOS="1438" VPOS="1543" WIDTH="118" HEIGHT="44" STYLEREFS="StyleId-0" CONTENT="may" WC="0.69" CC="090" />
            <SP ID="P2_SP00047" WIDTH="0" HPOS="0" VPOS="0" />
            <String ID="P2_S00054" HPOS="1572" VPOS="1525" WIDTH="101" HEIGHT="62" STYLEREFS="StyleId-0" CONTENT="fall." WC="0.946" CC="00002" />
          </TextLine>
          <TextLine ID="P2_TL00008" HPOS="293" VPOS="1602" WIDTH="1418" HEIGHT="62">
            <String ID="P2_S00055" HPOS="293" VPOS="1603" WIDTH="119" HEIGHT="51" STYLEREFS="StyleId-0" CONTENT="The" WC="0.603333354" CC="560" />
            <SP ID="P2_SP00048" WIDTH="0" HPOS="0" VPOS="0" />
            <String ID="P2_S00056" HPOS="454" VPOS="1622" WIDTH="252" HEIGHT="45" STYLEREFS="StyleId-0" CONTENT="generous" WC="0.83" CC="103000000" />
            <SP ID="P2_SP00049" WIDTH="0" HPOS="0" VPOS="0" />
            <String ID="P2_S00057" HPOS="764" VPOS="1603" WIDTH="174" HEIGHT="64" STYLEREFS="StyleId-0" CONTENT="reader" WC="0.918333352" CC="300010" />
            <SP ID="P2_SP00050" WIDTH="0" HPOS="0" VPOS="0" />
            <String ID="P2_S00058" HPOS="981" VPOS="1603" WIDTH="42" HEIGHT="64" STYLEREFS="StyleId-0" CONTENT="is" WC="1" CC="00" />
            <SP ID="P2_SP00051" WIDTH="0" HPOS="0" VPOS="0" />
            <String ID="P2_S00059" HPOS="1067" VPOS="1601" WIDTH="154" HEIGHT="66" STYLEREFS="StyleId-0" CONTENT="asked" WC="0.9" CC="00500" />
            <SP ID="P2_SP00052" WIDTH="0" HPOS="0" VPOS="0" />
            <String ID="P2_S00060" HPOS="1265" VPOS="1613" WIDTH="53" HEIGHT="54" STYLEREFS="StyleId-0" CONTENT="to" WC="1" CC="00" />
            <SP ID="P2_SP00053" WIDTH="0" HPOS="0" VPOS="0" />
            <String ID="P2_S00061" HPOS="1362" VPOS="1603" WIDTH="114" HEIGHT="64" STYLEREFS="StyleId-0" CONTENT="give" WC="0.75" CC="10000" />
            <SP ID="P2_SP00054" WIDTH="0" HPOS="0" VPOS="0" />
            <String ID="P2_S00062" HPOS="1520" VPOS="1614" WIDTH="54" HEIGHT="53" STYLEREFS="StyleId-0" CONTENT="to" WC="0.94" CC="01" />
            <SP ID="P2_SP00055" WIDTH="0" HPOS="0" VPOS="0" />
            <String ID="P2_S00063" HPOS="1612" VPOS="1600" WIDTH="99" HEIGHT="67" STYLEREFS="StyleId-0" CONTENT="this" WC="0.86" CC="0050" />
          </TextLine>
          <TextLine ID="P2_TL00009" HPOS="196" VPOS="1680" WIDTH="1515" HEIGHT="49">
            <String ID="P2_S00064" HPOS="196" VPOS="1681" WIDTH="218" HEIGHT="52" STYLEREFS="StyleId-0" CONTENT="humble" WC="0.913333356" CC="000202" />
            <SP ID="P2_SP00056" WIDTH="0" HPOS="0" VPOS="0" />
            <String ID="P2_S00065" HPOS="438" VPOS="1681" WIDTH="151" HEIGHT="52" STYLEREFS="StyleId-0" CONTENT="effort" WC="0.6016667" CC="378400" />
            <SP ID="P2_SP00057" WIDTH="0" HPOS="0" VPOS="0" />
            <String ID="P2_S00066" HPOS="606" VPOS="1679" WIDTH="89" HEIGHT="54" STYLEREFS="StyleId-0" CONTENT="the" WC="0.65" CC="063" />
            <SP ID="P2_SP00058" WIDTH="0" HPOS="0" VPOS="0" />
            <String ID="P2_S00067" HPOS="707" VPOS="1680" WIDTH="100" HEIGHT="53" STYLEREFS="StyleId-0" CONTENT="few" WC="0.913333356" CC="020" />
            <SP ID="P2_SP00059" WIDTH="0" HPOS="0" VPOS="0" />
            <String ID="P2_S00068" HPOS="856" VPOS="1690" WIDTH="261" HEIGHT="43" STYLEREFS="StyleId-0" CONTENT="moments" WC="0.9142857" CC="0060000" />
            <SP ID="P2_SP00060" WIDTH="0" HPOS="0" VPOS="0" />
            <String ID="P2_S00069" HPOS="1158" VPOS="1680" WIDTH="250" HEIGHT="53" STYLEREFS="StyleId-0" CONTENT="attention" WC="0.905555546" CC="002401000" />
            <SP ID="P2_SP00061" WIDTH="0" HPOS="0" VPOS="0" />
            <String ID="P2_S00070" HPOS="1456" VPOS="1677" WIDTH="176" HEIGHT="56" STYLEREFS="StyleId-0" CONTENT="wrhich" WC="0.6566667" CC="444212" />
            <SP ID="P2_SP00062" WIDTH="0" HPOS="0" VPOS="0" />
            <String ID="P2_S00071" HPOS="1656" VPOS="1679" WIDTH="55" HEIGHT="54" STYLEREFS="StyleId-0" CONTENT="its" WC="1" CC="000" />
          </TextLine>
          <TextLine ID="P2_TL00010" HPOS="196" VPOS="1759" WIDTH="521" HEIGHT="61">
            <String ID="P2_S00072" HPOS="196" VPOS="1759" WIDTH="196" HEIGHT="62" STYLEREFS="StyleId-0" CONTENT="perusal" WC="0.964285731" CC="0200000" />
            <SP ID="P2_SP00063" WIDTH="0" HPOS="0" VPOS="0" />
            <String ID="P2_S00073" HPOS="418" VPOS="1758" WIDTH="104" HEIGHT="63" STYLEREFS="StyleId-0" CONTENT="will" WC="0.985" CC="0000" />
            <SP ID="P2_SP00064" WIDTH="0" HPOS="0" VPOS="0" />
            <String ID="P2_S00074" HPOS="547" VPOS="1758" WIDTH="170" HEIGHT="63" STYLEREFS="StyleId-0" CONTENT="entail." WC="0.8957143" CC="1020003" />
          </TextLine>
        </TextBlock>
      </PrintSpace>
    </Page>
  </Layout>
</alto>