<?xml version="1.0" encoding="utf-8"?>
<alto xmlns:xlink="http://www.w3.org/1999/xlink" xmlns:xsi="http://www.w3.org/2001/XMLSchema-instance" xsi:schemaLocation="http://www.loc.gov/standards/alto/ns-v2# http://www.loc.gov/standards/alto/alto-v2.0.xsd" xmlns="http://www.loc.gov/standards/alto/ns-v2#">
  <Description>
    <MeasurementUnit>pixel</MeasurementUnit>
    <sourceImageInformation>
      <fileName>0000014.tif</fileName>
    </sourceImageInformation>
    <OCRProcessing ID="Processing">
      <ocrProcessingStep>
        <processingStepSettings>Image Resolution:400</processingStepSettings>
        <processingSoftware>
          <softwareCreator>I2S Kirtas</softwareCreator>
          <softwareName>Limb</softwareName>
          <softwareVersion>1.0</softwareVersion>
          <applicationDescription>Abbyy10 OCR Engine</applicationDescription>
        </processingSoftware>
      </ocrProcessingStep>
    </OCRProcessing>
  </Description>
  <Styles>
    <TextStyle ID="StyleId-0" FONTSIZE="8" FONTFAMILY="Times New Roman" />
    <TextStyle ID="StyleId-1" FONTSIZE="9" FONTFAMILY="Times New Roman" />
  </Styles>
  <Layout>
    <Page ID="P14" PHYSICAL_IMG_NR="14" HEIGHT="2799" WIDTH="1900" ACCURACY="0.784300745" QUALITY_DETAIL="341 words, 1605 chars, 1254 with recognition greater than 50% (78.13%)">
      <TopMargin ID="P14_TM00001" HPOS="0" VPOS="0" WIDTH="1900" HEIGHT="274" />
      <LeftMargin ID="P14_LM00001" HPOS="0" VPOS="274" WIDTH="164" HEIGHT="2252" />
      <RightMargin ID="P14_RM00001" HPOS="1735" VPOS="274" WIDTH="165" HEIGHT="2252" />
      <BottomMargin ID="P14_BM00001" HPOS="0" VPOS="2526" WIDTH="1900" HEIGHT="273" />
      <PrintSpace ID="P14_PS00001" HPOS="164" VPOS="274" WIDTH="1571" HEIGHT="2252">
        <TextBlock ID="P14_TB00001" HPOS="169" VPOS="278" WIDTH="60" HEIGHT="50">
          <TextLine ID="P14_TL00001" HPOS="178" VPOS="286" WIDTH="43" HEIGHT="34">
            <String ID="P14_S00001" HPOS="178" VPOS="285" WIDTH="43" HEIGHT="35" STYLEREFS="StyleId-0" CONTENT="12" WC="0.53" CC="27" />
          </TextLine>
        </TextBlock>
        <TextBlock ID="P14_TB00002" HPOS="673" VPOS="269" WIDTH="574" HEIGHT="49">
          <TextLine ID="P14_TL00002" HPOS="681" VPOS="277" WIDTH="558" HEIGHT="31">
            <String ID="P14_S00002" HPOS="681" VPOS="277" WIDTH="201" HEIGHT="36" STYLEREFS="StyleId-0" CONTENT="WOMAN" WC="0.812" CC="05400" />
            <SP ID="P14_SP00001" WIDTH="0" HPOS="0" VPOS="0" />
            <String ID="P14_S00003" HPOS="899" VPOS="276" WIDTH="58" HEIGHT="37" STYLEREFS="StyleId-0" CONTENT="IN" WC="0.69" CC="60" />
            <SP ID="P14_SP00002" WIDTH="0" HPOS="0" VPOS="0" />
            <String ID="P14_S00004" HPOS="981" VPOS="271" WIDTH="258" HEIGHT="42" STYLEREFS="StyleId-0" CONTENT="MEDICINE" WC="0.85125" CC="00450010" />
          </TextLine>
        </TextBlock>
        <TextBlock ID="P14_TB00003" HPOS="165" VPOS="384" WIDTH="1570" HEIGHT="2142">
          <TextLine ID="P14_TL00003" HPOS="177" VPOS="392" WIDTH="1526" HEIGHT="40">
            <String ID="P14_S00005" HPOS="177" VPOS="401" WIDTH="182" HEIGHT="38" STYLEREFS="StyleId-1" CONTENT="because" WC="0.89" CC="0000520" />
            <SP ID="P14_SP00003" WIDTH="0" HPOS="0" VPOS="0" />
            <String ID="P14_S00006" HPOS="380" VPOS="400" WIDTH="34" HEIGHT="39" STYLEREFS="StyleId-1" CONTENT="it" WC="0.54" CC="44" />
            <SP ID="P14_SP00004" WIDTH="0" HPOS="0" VPOS="0" />
            <String ID="P14_S00007" HPOS="436" VPOS="398" WIDTH="234" HEIGHT="41" STYLEREFS="StyleId-1" CONTENT="illustrates" WC="0.683636367" CC="70805350400" />
            <SP ID="P14_SP00005" WIDTH="0" HPOS="0" VPOS="0" />
            <String ID="P14_S00008" HPOS="691" VPOS="396" WIDTH="73" HEIGHT="43" STYLEREFS="StyleId-1" CONTENT="the" WC="0.776666641" CC="060" />
            <SP ID="P14_SP00006" WIDTH="0" HPOS="0" VPOS="0" />
            <String ID="P14_S00009" HPOS="790" VPOS="393" WIDTH="148" HEIGHT="47" STYLEREFS="StyleId-1" CONTENT="period" WC="0.75" CC="205311" />
            <SP ID="P14_SP00007" WIDTH="0" HPOS="0" VPOS="0" />
            <String ID="P14_S00010" HPOS="961" VPOS="392" WIDTH="85" HEIGHT="48" STYLEREFS="StyleId-1" CONTENT="and" WC="0.603333354" CC="074" />
            <SP ID="P14_SP00008" WIDTH="0" HPOS="0" VPOS="0" />
            <String ID="P14_S00011" HPOS="1069" VPOS="390" WIDTH="149" HEIGHT="50" STYLEREFS="StyleId-1" CONTENT="makes" WC="0.86" CC="70000" />
            <SP ID="P14_SP00009" WIDTH="0" HPOS="0" VPOS="0" />
            <String ID="P14_S00012" HPOS="1237" VPOS="399" WIDTH="108" HEIGHT="41" STYLEREFS="StyleId-1" CONTENT="very" WC="0.91" CC="3000" />
            <SP ID="P14_SP00010" WIDTH="0" HPOS="0" VPOS="0" />
            <String ID="P14_S00013" HPOS="1376" VPOS="385" WIDTH="115" HEIGHT="55" STYLEREFS="StyleId-1" CONTENT="clear" WC="0.908" CC="02001" />
            <SP ID="P14_SP00011" WIDTH="0" HPOS="0" VPOS="0" />
            <String ID="P14_S00014" HPOS="1513" VPOS="381" WIDTH="111" HEIGHT="59" STYLEREFS="StyleId-1" CONTENT="that," WC="0.86" CC="07000" />
            <SP ID="P14_SP00012" WIDTH="0" HPOS="0" VPOS="0" />
            <String ID="P14_S00015" HPOS="1650" VPOS="377" WIDTH="53" HEIGHT="63" STYLEREFS="StyleId-1" CONTENT="in-" WC="0.686666667" CC="044" />
          </TextLine>
          <TextLine ID="P14_TL00004" HPOS="178" VPOS="457" WIDTH="1521" HEIGHT="41">
            <String ID="P14_S00016" HPOS="178" VPOS="465" WIDTH="116" HEIGHT="47" STYLEREFS="StyleId-1" CONTENT="spite" WC="0.742" CC="50510" />
            <SP ID="P14_SP00013" WIDTH="0" HPOS="0" VPOS="0" />
            <String ID="P14_S00017" HPOS="313" VPOS="465" WIDTH="46" HEIGHT="47" STYLEREFS="StyleId-1" CONTENT="of" WC="0.78" CC="12" />
            <SP ID="P14_SP00014" WIDTH="0" HPOS="0" VPOS="0" />
            <String ID="P14_S00018" HPOS="378" VPOS="464" WIDTH="74" HEIGHT="48" STYLEREFS="StyleId-1" CONTENT="the" WC="0.7633333" CC="070" />
            <SP ID="P14_SP00015" WIDTH="0" HPOS="0" VPOS="0" />
            <String ID="P14_S00019" HPOS="472" VPOS="463" WIDTH="202" HEIGHT="49" STYLEREFS="StyleId-1" CONTENT="grievous" WC="0.5825" CC="73603470" />
            <SP ID="P14_SP00016" WIDTH="0" HPOS="0" VPOS="0" />
            <String ID="P14_S00020" HPOS="695" VPOS="456" WIDTH="431" HEIGHT="56" STYLEREFS="StyleId-1" CONTENT="misunderstanding" WC="0.50375" CC="40355100170983757" />
            <SP ID="P14_SP00017" WIDTH="0" HPOS="0" VPOS="0" />
            <String ID="P14_S00021" HPOS="1156" VPOS="454" WIDTH="46" HEIGHT="58" STYLEREFS="StyleId-1" CONTENT="of" WC="0.6" CC="52" />
            <SP ID="P14_SP00018" WIDTH="0" HPOS="0" VPOS="0" />
            <String ID="P14_S00022" HPOS="1223" VPOS="452" WIDTH="114" HEIGHT="60" STYLEREFS="StyleId-1" CONTENT="their" WC="0.906" CC="00040" />
            <SP ID="P14_SP00019" WIDTH="0" HPOS="0" VPOS="0" />
            <String ID="P14_S00023" HPOS="1358" VPOS="449" WIDTH="78" HEIGHT="63" STYLEREFS="StyleId-1" CONTENT="life" WC="0.73" CC="3340" />
            <SP ID="P14_SP00020" WIDTH="0" HPOS="0" VPOS="0" />
            <String ID="P14_S00024" HPOS="1457" VPOS="446" WIDTH="86" HEIGHT="66" STYLEREFS="StyleId-1" CONTENT="and" WC="0.466666669" CC="870" />
            <SP ID="P14_SP00021" WIDTH="0" HPOS="0" VPOS="0" />
            <String ID="P14_S00025" HPOS="1578" VPOS="442" WIDTH="120" HEIGHT="70" STYLEREFS="StyleId-1" CONTENT="work" WC="0.74" CC="7030" />
          </TextLine>
          <TextLine ID="P14_TL00005" HPOS="181" VPOS="525" WIDTH="1517" HEIGHT="32">
            <String ID="P14_S00026" HPOS="181" VPOS="544" WIDTH="46" HEIGHT="24" STYLEREFS="StyleId-1" CONTENT="so" WC="0.995" CC="00" />
            <SP ID="P14_SP00022" WIDTH="0" HPOS="0" VPOS="0" />
            <String ID="P14_S00027" HPOS="250" VPOS="542" WIDTH="199" HEIGHT="27" STYLEREFS="StyleId-1" CONTENT="common" WC="0.646666646" CC="008444" />
            <SP ID="P14_SP00023" WIDTH="0" HPOS="0" VPOS="0" />
            <String ID="P14_S00028" HPOS="484" VPOS="529" WIDTH="44" HEIGHT="40" STYLEREFS="StyleId-1" CONTENT="in" WC="0.5" CC="010" />
            <SP ID="P14_SP00024" WIDTH="0" HPOS="0" VPOS="0" />
            <String ID="P14_S00029" HPOS="552" VPOS="527" WIDTH="73" HEIGHT="42" STYLEREFS="StyleId-1" CONTENT="the" WC="0.7733333" CC="600" />
            <SP ID="P14_SP00025" WIDTH="0" HPOS="0" VPOS="0" />
            <String ID="P14_S00030" HPOS="662" VPOS="525" WIDTH="178" HEIGHT="44" STYLEREFS="StyleId-1" CONTENT="modern" WC="0.925" CC="004000" />
            <SP ID="P14_SP00026" WIDTH="0" HPOS="0" VPOS="0" />
            <String ID="P14_S00031" HPOS="863" VPOS="524" WIDTH="119" HEIGHT="45" STYLEREFS="StyleId-1" CONTENT="time," WC="0.848" CC="04003" />
            <SP ID="P14_SP00027" WIDTH="0" HPOS="0" VPOS="0" />
            <String ID="P14_S00032" HPOS="1023" VPOS="522" WIDTH="122" HEIGHT="47" STYLEREFS="StyleId-1" CONTENT="these" WC="0.838" CC="00062" />
            <SP ID="P14_SP00028" WIDTH="0" HPOS="0" VPOS="0" />
            <String ID="P14_S00033" HPOS="1167" VPOS="519" WIDTH="70" HEIGHT="50" STYLEREFS="StyleId-1" CONTENT="old" WC="0.63" CC="235" />
            <SP ID="P14_SP00029" WIDTH="0" HPOS="0" VPOS="0" />
            <String ID="P14_S00034" HPOS="1271" VPOS="517" WIDTH="106" HEIGHT="52" STYLEREFS="StyleId-1" CONTENT="time" WC="0.655" CC="0490" />
            <SP ID="P14_SP00030" WIDTH="0" HPOS="0" VPOS="0" />
            <String ID="P14_S00035" HPOS="1398" VPOS="511" WIDTH="211" HEIGHT="58" STYLEREFS="StyleId-1" CONTENT="religious" WC="0.59" CC="6053106050" />
            <SP ID="P14_SP00031" WIDTH="0" HPOS="0" VPOS="0" />
            <String ID="P14_S00036" HPOS="1630" VPOS="521" WIDTH="68" HEIGHT="48" STYLEREFS="StyleId-1" CONTENT="or¬" WC="1" CC="000" />
          </TextLine>
          <TextLine ID="P14_TL00006" HPOS="180" VPOS="589" WIDTH="1515" HEIGHT="35">
            <String ID="P14_S00037" HPOS="180" VPOS="598" WIDTH="97" HEIGHT="36" STYLEREFS="StyleId-1" CONTENT="ders" WC="1" CC="0000" />
            <SP ID="P14_SP00032" WIDTH="0" HPOS="0" VPOS="0" />
            <String ID="P14_S00038" HPOS="299" VPOS="595" WIDTH="84" HEIGHT="39" STYLEREFS="StyleId-1" CONTENT="had" WC="0.9066667" CC="020" />
            <SP ID="P14_SP00033" WIDTH="0" HPOS="0" VPOS="0" />
            <String ID="P14_S00039" HPOS="419" VPOS="599" WIDTH="111" HEIGHT="35" STYLEREFS="StyleId-1" CONTENT="most" WC="0.9175" CC="0300" />
            <SP ID="P14_SP00034" WIDTH="0" HPOS="0" VPOS="0" />
            <String ID="P14_S00040" HPOS="553" VPOS="594" WIDTH="44" HEIGHT="40" STYLEREFS="StyleId-1" CONTENT="of" WC="0.77" CC="13" />
            <SP ID="P14_SP00035" WIDTH="0" HPOS="0" VPOS="0" />
            <String ID="P14_S00041" HPOS="618" VPOS="593" WIDTH="74" HEIGHT="41" STYLEREFS="StyleId-1" CONTENT="the" WC="1" CC="000" />
            <SP ID="P14_SP00036" WIDTH="0" HPOS="0" VPOS="0" />
            <String ID="P14_S00042" HPOS="713" VPOS="591" WIDTH="200" HEIGHT="43" STYLEREFS="StyleId-1" CONTENT="interests" WC="0.8988889" CC="030040000" />
            <SP ID="P14_SP00037" WIDTH="0" HPOS="0" VPOS="0" />
            <String ID="P14_S00043" HPOS="934" VPOS="588" WIDTH="45" HEIGHT="46" STYLEREFS="StyleId-1" CONTENT="of" WC="0.885" CC="02" />
            <SP ID="P14_SP00038" WIDTH="0" HPOS="0" VPOS="0" />
            <String ID="P14_S00044" HPOS="1000" VPOS="587" WIDTH="179" HEIGHT="47" STYLEREFS="StyleId-1" CONTENT="modern" WC="0.9683333" CC="000010" />
            <SP ID="P14_SP00039" WIDTH="0" HPOS="0" VPOS="0" />
            <String ID="P14_S00045" HPOS="1214" VPOS="583" WIDTH="142" HEIGHT="51" STYLEREFS="StyleId-1" CONTENT="times," WC="0.94" CC="020000" />
            <SP ID="P14_SP00040" WIDTH="0" HPOS="0" VPOS="0" />
            <String ID="P14_S00046" HPOS="1384" VPOS="579" WIDTH="85" HEIGHT="55" STYLEREFS="StyleId-1" CONTENT="and" WC="1" CC="000" />
            <SP ID="P14_SP00041" WIDTH="0" HPOS="0" VPOS="0" />
            <String ID="P14_S00047" HPOS="1503" VPOS="574" WIDTH="192" HEIGHT="60" STYLEREFS="StyleId-1" CONTENT="pursued" WC="0.832857132" CC="0500500" />
          </TextLine>
          <TextLine ID="P14_TL00007" HPOS="179" VPOS="656" WIDTH="1516" HEIGHT="33">
            <String ID="P14_S00048" HPOS="179" VPOS="662" WIDTH="119" HEIGHT="38" STYLEREFS="StyleId-1" CONTENT="them" WC="0.8925" CC="0003" />
            <SP ID="P14_SP00042" WIDTH="0" HPOS="0" VPOS="0" />
            <String ID="P14_S00049" HPOS="315" VPOS="661" WIDTH="106" HEIGHT="39" STYLEREFS="StyleId-1" CONTENT="with" WC="0.775" CC="2600" />
            <SP ID="P14_SP00043" WIDTH="0" HPOS="0" VPOS="0" />
            <String ID="P14_S00050" HPOS="443" VPOS="671" WIDTH="106" HEIGHT="29" STYLEREFS="StyleId-1" CONTENT="even" WC="0.775" CC="0900" />
            <SP ID="P14_SP00044" WIDTH="0" HPOS="0" VPOS="0" />
            <String ID="P14_S00051" HPOS="571" VPOS="669" WIDTH="118" HEIGHT="31" STYLEREFS="StyleId-1" CONTENT="more" WC="0.68" CC="9300" />
            <SP ID="P14_SP00045" WIDTH="0" HPOS="0" VPOS="0" />
            <String ID="P14_S00052" HPOS="710" VPOS="656" WIDTH="106" HEIGHT="44" STYLEREFS="StyleId-1" CONTENT="than" WC="0.92" CC="0003" />
            <SP ID="P14_SP00046" WIDTH="0" HPOS="0" VPOS="0" />
            <String ID="P14_S00053" HPOS="829" VPOS="654" WIDTH="181" HEIGHT="46" STYLEREFS="StyleId-1" CONTENT="modern" WC="0.841666639" CC="020600" />
            <SP ID="P14_SP00047" WIDTH="0" HPOS="0" VPOS="0" />
            <String ID="P14_S00054" HPOS="1023" VPOS="653" WIDTH="91" HEIGHT="47" STYLEREFS="StyleId-1" CONTENT="zeal" WC="0.93" CC="2000" />
            <SP ID="P14_SP00048" WIDTH="0" HPOS="0" VPOS="0" />
            <String ID="P14_S00055" HPOS="1130" VPOS="651" WIDTH="85" HEIGHT="49" STYLEREFS="StyleId-1" CONTENT="and" WC="0.75333333" CC="070" />
            <SP ID="P14_SP00049" WIDTH="0" HPOS="0" VPOS="0" />
            <String ID="P14_S00056" HPOS="1230" VPOS="658" WIDTH="187" HEIGHT="42" STYLEREFS="StyleId-1" CONTENT="success," WC="0.9825" CC="00100000" />
            <SP ID="P14_SP00050" WIDTH="0" HPOS="0" VPOS="0" />
            <String ID="P14_S00057" HPOS="1437" VPOS="656" WIDTH="107" HEIGHT="44" STYLEREFS="StyleId-1" CONTENT="very" WC="0.6275" CC="7033" />
            <SP ID="P14_SP00051" WIDTH="0" HPOS="0" VPOS="0" />
            <String ID="P14_S00058" HPOS="1557" VPOS="642" WIDTH="137" HEIGHT="58" STYLEREFS="StyleId-1" CONTENT="often." WC="0.75666666" CC="061060" />
          </TextLine>
          <TextLine ID="P14_TL00008" HPOS="182" VPOS="721" WIDTH="1516" HEIGHT="38">
            <String ID="P14_S00059" HPOS="182" VPOS="729" WIDTH="91" HEIGHT="36" STYLEREFS="StyleId-1" CONTENT="Her" WC="0.776666641" CC="600" />
            <SP ID="P14_SP00052" WIDTH="0" HPOS="0" VPOS="0" />
            <String ID="P14_S00060" HPOS="305" VPOS="737" WIDTH="141" HEIGHT="28" STYLEREFS="StyleId-1" CONTENT="career" WC="0.913333356" CC="002003" />
            <SP ID="P14_SP00053" WIDTH="0" HPOS="0" VPOS="0" />
            <String ID="P14_S00061" HPOS="469" VPOS="724" WIDTH="235" HEIGHT="41" STYLEREFS="StyleId-1" CONTENT="illustrates" WC="0.656363666" CC="00045055853" />
            <SP ID="P14_SP00054" WIDTH="0" HPOS="0" VPOS="0" />
            <String ID="P14_S00062" HPOS="739" VPOS="734" WIDTH="104" HEIGHT="33" STYLEREFS="StyleId-1" CONTENT="very" WC="0.615" CC="0464" />
            <SP ID="P14_SP00055" WIDTH="0" HPOS="0" VPOS="0" />
            <String ID="P14_S00063" HPOS="877" VPOS="719" WIDTH="96" HEIGHT="48" STYLEREFS="StyleId-1" CONTENT="well" WC="0.63" CC="10040" />
            <SP ID="P14_SP00056" WIDTH="0" HPOS="0" VPOS="0" />
            <String ID="P14_S00064" HPOS="1008" VPOS="718" WIDTH="117" HEIGHT="49" STYLEREFS="StyleId-1" CONTENT="what" WC="0.76" CC="0063" />
            <SP ID="P14_SP00057" WIDTH="0" HPOS="0" VPOS="0" />
            <String ID="P14_S00065" HPOS="1146" VPOS="716" WIDTH="75" HEIGHT="51" STYLEREFS="StyleId-1" CONTENT="the" WC="1" CC="000" />
            <SP ID="P14_SP00058" WIDTH="0" HPOS="0" VPOS="0" />
            <String ID="P14_S00066" HPOS="1255" VPOS="710" WIDTH="260" HEIGHT="57" STYLEREFS="StyleId-1" CONTENT="foundation" WC="0.767" CC="2060090005" />
            <SP ID="P14_SP00059" WIDTH="0" HPOS="0" VPOS="0" />
            <String ID="P14_S00067" HPOS="1540" VPOS="708" WIDTH="45" HEIGHT="59" STYLEREFS="StyleId-1" CONTENT="of" WC="0.96" CC="00" />
            <SP ID="P14_SP00060" WIDTH="0" HPOS="0" VPOS="0" />
            <String ID="P14_S00068" HPOS="1622" VPOS="706" WIDTH="76" HEIGHT="61" STYLEREFS="StyleId-1" CONTENT="the" WC="0.8066667" CC="050" />
          </TextLine>
          <TextLine ID="P14_TL00009" HPOS="182" VPOS="787" WIDTH="1522" HEIGHT="29">
            <String ID="P14_S00069" HPOS="183" VPOS="791" WIDTH="301" HEIGHT="39" STYLEREFS="StyleId-1" CONTENT="Benedictines" WC="0.798333347" CC="700106403010" />
            <SP ID="P14_SP00061" WIDTH="0" HPOS="0" VPOS="0" />
            <String ID="P14_S00070" HPOS="498" VPOS="789" WIDTH="85" HEIGHT="41" STYLEREFS="StyleId-1" CONTENT="had" WC="1" CC="000" />
            <SP ID="P14_SP00062" WIDTH="0" HPOS="0" VPOS="0" />
            <String ID="P14_S00071" HPOS="605" VPOS="789" WIDTH="113" HEIGHT="41" STYLEREFS="StyleId-1" CONTENT="done" WC="0.9725" CC="0100" />
            <SP ID="P14_SP00063" WIDTH="0" HPOS="0" VPOS="0" />
            <String ID="P14_S00072" HPOS="740" VPOS="786" WIDTH="66" HEIGHT="44" STYLEREFS="StyleId-1" CONTENT="for" WC="0.7866667" CC="204" />
            <SP ID="P14_SP00064" WIDTH="0" HPOS="0" VPOS="0" />
            <String ID="P14_S00073" HPOS="838" VPOS="786" WIDTH="72" HEIGHT="44" STYLEREFS="StyleId-1" CONTENT="the" WC="0.99" CC="000" />
            <SP ID="P14_SP00065" WIDTH="0" HPOS="0" VPOS="0" />
            <String ID="P14_S00074" HPOS="931" VPOS="796" WIDTH="184" HEIGHT="34" STYLEREFS="StyleId-1" CONTENT="women." WC="0.945" CC="000030" />
            <SP ID="P14_SP00066" WIDTH="0" HPOS="0" VPOS="0" />
            <String ID="P14_S00075" HPOS="1177" VPOS="781" WIDTH="143" HEIGHT="49" STYLEREFS="StyleId-1" CONTENT="When" WC="0.815" CC="0007" />
            <SP ID="P14_SP00067" WIDTH="0" HPOS="0" VPOS="0" />
            <String ID="P14_S00076" HPOS="1369" VPOS="778" WIDTH="65" HEIGHT="52" STYLEREFS="StyleId-1" CONTENT="St." WC="0.663333356" CC="513" />
            <SP ID="P14_SP00068" WIDTH="0" HPOS="0" VPOS="0" />
            <String ID="P14_S00077" HPOS="1488" VPOS="772" WIDTH="216" HEIGHT="58" STYLEREFS="StyleId-1" CONTENT="Benedict" WC="0.7125" CC="70020606" />
          </TextLine>
          <TextLine ID="P14_TL00010" HPOS="182" VPOS="854" WIDTH="1518" HEIGHT="33">
            <String ID="P14_S00078" HPOS="182" VPOS="856" WIDTH="190" HEIGHT="39" STYLEREFS="StyleId-1" CONTENT="founded" WC="0.8528572" CC="3060000" />
            <SP ID="P14_SP00069" WIDTH="0" HPOS="0" VPOS="0" />
            <String ID="P14_S00079" HPOS="394" VPOS="855" WIDTH="68" HEIGHT="40" STYLEREFS="StyleId-1" CONTENT="his" WC="0.98" CC="000" />
            <SP ID="P14_SP00070" WIDTH="0" HPOS="0" VPOS="0" />
            <String ID="P14_S00080" HPOS="484" VPOS="854" WIDTH="123" HEIGHT="41" STYLEREFS="StyleId-1" CONTENT="order" WC="0.81" CC="40005" />
            <SP ID="P14_SP00071" WIDTH="0" HPOS="0" VPOS="0" />
            <String ID="P14_S00081" HPOS="638" VPOS="853" WIDTH="65" HEIGHT="42" STYLEREFS="StyleId-1" CONTENT="for" WC="0.813333333" CC="220" />
            <SP ID="P14_SP00072" WIDTH="0" HPOS="0" VPOS="0" />
            <String ID="P14_S00082" HPOS="727" VPOS="863" WIDTH="114" HEIGHT="32" STYLEREFS="StyleId-1" CONTENT="man," WC="0.9475" CC="0020" />
            <SP ID="P14_SP00073" WIDTH="0" HPOS="0" VPOS="0" />
            <String ID="P14_S00083" HPOS="867" VPOS="850" WIDTH="67" HEIGHT="45" STYLEREFS="StyleId-1" CONTENT="his" WC="1" CC="000" />
            <SP ID="P14_SP00074" WIDTH="0" HPOS="0" VPOS="0" />
            <String ID="P14_S00084" HPOS="956" VPOS="849" WIDTH="141" HEIGHT="46" STYLEREFS="StyleId-1" CONTENT="sister," WC="0.8657143" CC="0100043" />
            <SP ID="P14_SP00075" WIDTH="0" HPOS="0" VPOS="0" />
            <String ID="P14_S00085" HPOS="1123" VPOS="843" WIDTH="282" HEIGHT="52" STYLEREFS="StyleId-1" CONTENT="Scholastica," WC="0.8925" CC="000380001000" />
            <SP ID="P14_SP00076" WIDTH="0" HPOS="0" VPOS="0" />
            <String ID="P14_S00086" HPOS="1440" VPOS="840" WIDTH="173" HEIGHT="55" STYLEREFS="StyleId-1" CONTENT="wanted" WC="0.7916667" CC="506000" />
            <SP ID="P14_SP00077" WIDTH="0" HPOS="0" VPOS="0" />
            <String ID="P14_S00087" HPOS="1654" VPOS="844" WIDTH="46" HEIGHT="51" STYLEREFS="StyleId-1" CONTENT="to" WC="0.94" CC="01" />
          </TextLine>
          <TextLine ID="P14_TL00011" HPOS="182" VPOS="919" WIDTH="1519" HEIGHT="29">
            <String ID="P14_S00088" HPOS="182" VPOS="924" WIDTH="55" HEIGHT="36" STYLEREFS="StyleId-1" CONTENT="do" WC="1" CC="00" />
            <SP ID="P14_SP00078" WIDTH="0" HPOS="0" VPOS="0" />
            <String ID="P14_S00089" HPOS="259" VPOS="935" WIDTH="24" HEIGHT="25" STYLEREFS="StyleId-1" CONTENT="a" WC="1" CC="0" />
            <SP ID="P14_SP00079" WIDTH="0" HPOS="0" VPOS="0" />
            <String ID="P14_S00090" HPOS="304" VPOS="920" WIDTH="162" HEIGHT="40" STYLEREFS="StyleId-1" CONTENT="similar" WC="0.7114286" CC="0082305" />
            <SP ID="P14_SP00080" WIDTH="0" HPOS="0" VPOS="0" />
            <String ID="P14_S00091" HPOS="487" VPOS="919" WIDTH="120" HEIGHT="41" STYLEREFS="StyleId-1" CONTENT="work" WC="0.76" CC="6003" />
            <SP ID="P14_SP00081" WIDTH="0" HPOS="0" VPOS="0" />
            <String ID="P14_S00092" HPOS="649" VPOS="918" WIDTH="65" HEIGHT="42" STYLEREFS="StyleId-1" CONTENT="for" WC="0.733333349" CC="213" />
            <SP ID="P14_SP00082" WIDTH="0" HPOS="0" VPOS="0" />
            <String ID="P14_S00093" HPOS="755" VPOS="928" WIDTH="185" HEIGHT="32" STYLEREFS="StyleId-1" CONTENT="woman." WC="0.9066667" CC="000050" />
            <SP ID="P14_SP00083" WIDTH="0" HPOS="0" VPOS="0" />
            <String ID="P14_S00094" HPOS="1006" VPOS="914" WIDTH="77" HEIGHT="46" STYLEREFS="StyleId-1" CONTENT="We" WC="0.86" CC="20" />
            <SP ID="P14_SP00084" WIDTH="0" HPOS="0" VPOS="0" />
            <String ID="P14_S00095" HPOS="1132" VPOS="913" WIDTH="130" HEIGHT="47" STYLEREFS="StyleId-1" CONTENT="know" WC="0.6" CC="0158" />
            <SP ID="P14_SP00085" WIDTH="0" HPOS="0" VPOS="0" />
            <String ID="P14_S00096" HPOS="1302" VPOS="910" WIDTH="75" HEIGHT="50" STYLEREFS="StyleId-1" CONTENT="the" WC="0.8" CC="060" />
            <SP ID="P14_SP00086" WIDTH="0" HPOS="0" VPOS="0" />
            <String ID="P14_S00097" HPOS="1418" VPOS="904" WIDTH="283" HEIGHT="56" STYLEREFS="StyleId-1" CONTENT="Benedictine" WC="0.75272727" CC="60600500250" />
          </TextLine>
          <TextLine ID="P14_TL00012" HPOS="182" VPOS="984" WIDTH="1529" HEIGHT="34">
            <String ID="P14_S00098" HPOS="183" VPOS="988" WIDTH="155" HEIGHT="37" STYLEREFS="StyleId-1" CONTENT="monks" WC="0.722" CC="76000" />
            <SP ID="P14_SP00087" WIDTH="0" HPOS="0" VPOS="0" />
            <String ID="P14_S00099" HPOS="360" VPOS="986" WIDTH="129" HEIGHT="39" STYLEREFS="StyleId-1" CONTENT="saved" WC="1" CC="00000" />
            <SP ID="P14_SP00088" WIDTH="0" HPOS="0" VPOS="0" />
            <String ID="P14_S00100" HPOS="511" VPOS="985" WIDTH="74" HEIGHT="40" STYLEREFS="StyleId-1" CONTENT="the" WC="1" CC="000" />
            <SP ID="P14_SP00089" WIDTH="0" HPOS="0" VPOS="0" />
            <String ID="P14_S00101" HPOS="607" VPOS="983" WIDTH="70" HEIGHT="42" STYLEREFS="StyleId-1" CONTENT="old" WC="0.75333333" CC="006" />
            <SP ID="P14_SP00090" WIDTH="0" HPOS="0" VPOS="0" />
            <String ID="P14_S00102" HPOS="709" VPOS="981" WIDTH="175" HEIGHT="44" STYLEREFS="StyleId-1" CONTENT="classics" WC="0.87375" CC="02000700" />
            <SP ID="P14_SP00091" WIDTH="0" HPOS="0" VPOS="0" />
            <String ID="P14_S00103" HPOS="903" VPOS="980" WIDTH="66" HEIGHT="45" STYLEREFS="StyleId-1" CONTENT="for" WC="0.8" CC="302" />
            <SP ID="P14_SP00092" WIDTH="0" HPOS="0" VPOS="0" />
            <String ID="P14_S00104" HPOS="990" VPOS="991" WIDTH="66" HEIGHT="34" STYLEREFS="StyleId-1" CONTENT="us," WC="0.696666658" CC="602" />
            <SP ID="P14_SP00093" WIDTH="0" HPOS="0" VPOS="0" />
            <String ID="P14_S00105" HPOS="1082" VPOS="979" WIDTH="105" HEIGHT="46" STYLEREFS="StyleId-1" CONTENT="kept" WC="0.4375" CC="7086" />
            <SP ID="P14_SP00094" WIDTH="0" HPOS="0" VPOS="0" />
            <String ID="P14_S00106" HPOS="1207" VPOS="975" WIDTH="195" HEIGHT="50" STYLEREFS="StyleId-1" CONTENT="burning" WC="0.541428566" CC="05054610" />
            <SP ID="P14_SP00095" WIDTH="0" HPOS="0" VPOS="0" />
            <String ID="P14_S00107" HPOS="1422" VPOS="973" WIDTH="75" HEIGHT="52" STYLEREFS="StyleId-1" CONTENT="the" WC="0.7866667" CC="060" />
            <SP ID="P14_SP00096" WIDTH="0" HPOS="0" VPOS="0" />
            <String ID="P14_S00108" HPOS="1518" VPOS="971" WIDTH="114" HEIGHT="54" STYLEREFS="StyleId-1" CONTENT="light" WC="0.34" CC="661073" />
            <SP ID="P14_SP00097" WIDTH="0" HPOS="0" VPOS="0" />
            <String ID="P14_S00109" HPOS="1653" VPOS="969" WIDTH="58" HEIGHT="56" STYLEREFS="StyleId-1" CONTENT="of," WC="0.7733333" CC="060" />
          </TextLine>
          <TextLine ID="P14_TL00013" HPOS="184" VPOS="1051" WIDTH="1514" HEIGHT="33">
            <String ID="P14_S00110" HPOS="184" VPOS="1052" WIDTH="265" HEIGHT="38" STYLEREFS="StyleId-1" CONTENT="intellectual" WC="0.9458333" CC="000002000004" />
            <SP ID="P14_SP00098" WIDTH="0" HPOS="0" VPOS="0" />
            <String ID="P14_S00111" HPOS="473" VPOS="1050" WIDTH="89" HEIGHT="45" STYLEREFS="StyleId-1" CONTENT="life," WC="0.81" CC="10303" />
            <SP ID="P14_SP00099" WIDTH="0" HPOS="0" VPOS="0" />
            <String ID="P14_S00112" HPOS="597" VPOS="1049" WIDTH="85" HEIGHT="46" STYLEREFS="StyleId-1" CONTENT="and" WC="0.6" CC="650" />
            <SP ID="P14_SP00100" WIDTH="0" HPOS="0" VPOS="0" />
            <String ID="P14_S00113" HPOS="706" VPOS="1060" WIDTH="108" HEIGHT="35" STYLEREFS="StyleId-1" CONTENT="gave" WC="1" CC="0000" />
            <SP ID="P14_SP00101" WIDTH="0" HPOS="0" VPOS="0" />
            <String ID="P14_S00114" HPOS="836" VPOS="1046" WIDTH="151" HEIGHT="49" STYLEREFS="StyleId-1" CONTENT="refuge" WC="0.925" CC="002200" />
            <SP ID="P14_SP00102" WIDTH="0" HPOS="0" VPOS="0" />
            <String ID="P14_S00115" HPOS="1007" VPOS="1050" WIDTH="45" HEIGHT="45" STYLEREFS="StyleId-1" CONTENT="to" WC="1" CC="00" />
            <SP ID="P14_SP00103" WIDTH="0" HPOS="0" VPOS="0" />
            <String ID="P14_S00116" HPOS="1073" VPOS="1055" WIDTH="98" HEIGHT="40" STYLEREFS="StyleId-1" CONTENT="men" WC="0.486666679" CC="1005" />
            <SP ID="P14_SP00104" WIDTH="0" HPOS="0" VPOS="0" />
            <String ID="P14_S00117" HPOS="1195" VPOS="1042" WIDTH="99" HEIGHT="53" STYLEREFS="StyleId-1" CONTENT="who" WC="0.6933333" CC="900" />
            <SP ID="P14_SP00105" WIDTH="0" HPOS="0" VPOS="0" />
            <String ID="P14_S00118" HPOS="1324" VPOS="1038" WIDTH="172" HEIGHT="57" STYLEREFS="StyleId-1" CONTENT="wanted" WC="0.776666641" CC="660000" />
            <SP ID="P14_SP00106" WIDTH="0" HPOS="0" VPOS="0" />
            <String ID="P14_S00119" HPOS="1541" VPOS="1042" WIDTH="44" HEIGHT="53" STYLEREFS="StyleId-1" CONTENT="to" WC="1" CC="00" />
            <SP ID="P14_SP00107" WIDTH="0" HPOS="0" VPOS="0" />
            <String ID="P14_S00120" HPOS="1627" VPOS="1036" WIDTH="71" HEIGHT="59" STYLEREFS="StyleId-1" CONTENT="de¬" WC="1" CC="000" />
          </TextLine>
          <TextLine ID="P14_TL00014" HPOS="185" VPOS="1115" WIDTH="1523" HEIGHT="35">
            <String ID="P14_S00121" HPOS="185" VPOS="1124" WIDTH="98" HEIGHT="33" STYLEREFS="StyleId-1" CONTENT="vote" WC="1" CC="0000" />
            <SP ID="P14_SP00108" WIDTH="0" HPOS="0" VPOS="0" />
            <String ID="P14_S00122" HPOS="305" VPOS="1116" WIDTH="259" HEIGHT="41" STYLEREFS="StyleId-1" CONTENT="themselves" WC="0.939" CC="0000001012" />
            <SP ID="P14_SP00109" WIDTH="0" HPOS="0" VPOS="0" />
            <String ID="P14_S00123" HPOS="587" VPOS="1121" WIDTH="44" HEIGHT="36" STYLEREFS="StyleId-1" CONTENT="to" WC="1" CC="00" />
            <SP ID="P14_SP00110" WIDTH="0" HPOS="0" VPOS="0" />
            <String ID="P14_S00124" HPOS="651" VPOS="1114" WIDTH="156" HEIGHT="43" STYLEREFS="StyleId-1" CONTENT="leisure" WC="0.88" CC="0000241" />
            <SP ID="P14_SP00111" WIDTH="0" HPOS="0" VPOS="0" />
            <String ID="P14_S00125" HPOS="825" VPOS="1113" WIDTH="83" HEIGHT="44" STYLEREFS="StyleId-1" CONTENT="and" WC="1" CC="000" />
            <SP ID="P14_SP00112" WIDTH="0" HPOS="0" VPOS="0" />
            <String ID="P14_S00126" HPOS="951" VPOS="1121" WIDTH="143" HEIGHT="36" STYLEREFS="StyleId-1" CONTENT="peace," WC="0.8466667" CC="009000" />
            <SP ID="P14_SP00113" WIDTH="0" HPOS="0" VPOS="0" />
            <String ID="P14_S00127" HPOS="1140" VPOS="1113" WIDTH="44" HEIGHT="44" STYLEREFS="StyleId-1" CONTENT="to" WC="1" CC="00" />
            <SP ID="P14_SP00114" WIDTH="0" HPOS="0" VPOS="0" />
            <String ID="P14_S00128" HPOS="1226" VPOS="1107" WIDTH="75" HEIGHT="50" STYLEREFS="StyleId-1" CONTENT="the" WC="0.686666667" CC="900" />
            <SP ID="P14_SP00115" WIDTH="0" HPOS="0" VPOS="0" />
            <String ID="P14_S00129" HPOS="1329" VPOS="1143" WIDTH="3" HEIGHT="14" STYLEREFS="StyleId-1" CONTENT="." WC="0.87" CC="1" />
            <SP ID="P14_SP00116" WIDTH="0" HPOS="0" VPOS="0" />
            <String ID="P14_S00130" HPOS="1349" VPOS="1106" WIDTH="151" HEIGHT="51" STYLEREFS="StyleId-1" CONTENT="things" WC="0.8433333" CC="006003" />
            <SP ID="P14_SP00117" WIDTH="0" HPOS="0" VPOS="0" />
            <String ID="P14_S00131" HPOS="1542" VPOS="1101" WIDTH="45" HEIGHT="56" STYLEREFS="StyleId-1" CONTENT="of" WC="0.98" CC="00" />
            <SP ID="P14_SP00118" WIDTH="0" HPOS="0" VPOS="0" />
            <String ID="P14_S00132" HPOS="1627" VPOS="1101" WIDTH="81" HEIGHT="56" STYLEREFS="StyleId-1" CONTENT="the," WC="0.6375" CC="01004" />
          </TextLine>
          <TextLine ID="P14_TL00015" HPOS="183" VPOS="1183" WIDTH="1516" HEIGHT="33">
            <String ID="P14_S00133" HPOS="183" VPOS="1183" WIDTH="140" HEIGHT="47" STYLEREFS="StyleId-1" CONTENT="spirit," WC="0.78" CC="3035300" />
            <SP ID="P14_SP00119" WIDTH="0" HPOS="0" VPOS="0" />
            <String ID="P14_S00134" HPOS="349" VPOS="1182" WIDTH="194" HEIGHT="48" STYLEREFS="StyleId-1" CONTENT="whether" WC="0.667142868" CC="0607503" />
            <SP ID="P14_SP00120" WIDTH="0" HPOS="0" VPOS="0" />
            <String ID="P14_S00135" HPOS="563" VPOS="1179" WIDTH="47" HEIGHT="51" STYLEREFS="StyleId-1" CONTENT="of" WC="0.685" CC="33" />
            <SP ID="P14_SP00121" WIDTH="0" HPOS="0" VPOS="0" />
            <String ID="P14_S00136" HPOS="630" VPOS="1178" WIDTH="87" HEIGHT="52" STYLEREFS="StyleId-1" CONTENT="this" WC="0.8625" CC="3020" />
            <SP ID="P14_SP00122" WIDTH="0" HPOS="0" VPOS="0" />
            <String ID="P14_S00137" HPOS="747" VPOS="1177" WIDTH="134" HEIGHT="53" STYLEREFS="StyleId-1" CONTENT="world" WC="0.492" CC="87450" />
            <SP ID="P14_SP00123" WIDTH="0" HPOS="0" VPOS="0" />
            <String ID="P14_S00138" HPOS="903" VPOS="1188" WIDTH="48" HEIGHT="42" STYLEREFS="StyleId-1" CONTENT="or" WC="0.675" CC="33" />
            <SP ID="P14_SP00124" WIDTH="0" HPOS="0" VPOS="0" />
            <String ID="P14_S00139" HPOS="973" VPOS="1176" WIDTH="74" HEIGHT="54" STYLEREFS="StyleId-1" CONTENT="the" WC="1" CC="000" />
            <SP ID="P14_SP00125" WIDTH="0" HPOS="0" VPOS="0" />
            <String ID="P14_S00140" HPOS="1075" VPOS="1174" WIDTH="139" HEIGHT="56" STYLEREFS="StyleId-1" CONTENT="other." WC="0.8933333" CC="400020" />
            <SP ID="P14_SP00126" WIDTH="0" HPOS="0" VPOS="0" />
            <String ID="P14_S00141" HPOS="1275" VPOS="1173" WIDTH="83" HEIGHT="57" STYLEREFS="StyleId-1" CONTENT="We" WC="1" CC="00" />
            <SP ID="P14_SP00127" WIDTH="0" HPOS="0" VPOS="0" />
            <String ID="P14_S00142" HPOS="1377" VPOS="1171" WIDTH="113" HEIGHT="59" STYLEREFS="StyleId-1" CONTENT="have" WC="0.76" CC="0900" />
            <SP ID="P14_SP00128" WIDTH="0" HPOS="0" VPOS="0" />
            <String ID="P14_S00143" HPOS="1538" VPOS="1169" WIDTH="161" HEIGHT="61" STYLEREFS="StyleId-1" CONTENT="known" WC="0.476" CC="07567" />
          </TextLine>
          <TextLine ID="P14_TL00016" HPOS="185" VPOS="1246" WIDTH="1519" HEIGHT="34">
            <String ID="P14_S00144" HPOS="185" VPOS="1250" WIDTH="83" HEIGHT="37" STYLEREFS="StyleId-1" CONTENT="less" WC="0.95" CC="2000" />
            <SP ID="P14_SP00129" WIDTH="0" HPOS="0" VPOS="0" />
            <String ID="P14_S00145" HPOS="284" VPOS="1247" WIDTH="44" HEIGHT="40" STYLEREFS="StyleId-1" CONTENT="of" WC="0.99" CC="00" />
            <SP ID="P14_SP00130" WIDTH="0" HPOS="0" VPOS="0" />
            <String ID="P14_S00146" HPOS="358" VPOS="1248" WIDTH="74" HEIGHT="39" STYLEREFS="StyleId-1" CONTENT="the" WC="1" CC="000" />
            <SP ID="P14_SP00131" WIDTH="0" HPOS="0" VPOS="0" />
            <String ID="P14_S00147" HPOS="455" VPOS="1244" WIDTH="280" HEIGHT="43" STYLEREFS="StyleId-1" CONTENT="Benedictine" WC="0.8609091" CC="20700050000" />
            <SP ID="P14_SP00132" WIDTH="0" HPOS="0" VPOS="0" />
            <String ID="P14_S00148" HPOS="756" VPOS="1254" WIDTH="128" HEIGHT="33" STYLEREFS="StyleId-1" CONTENT="nuns," WC="0.55" CC="87060" />
            <SP ID="P14_SP00133" WIDTH="0" HPOS="0" VPOS="0" />
            <String ID="P14_S00149" HPOS="930" VPOS="1240" WIDTH="113" HEIGHT="47" STYLEREFS="StyleId-1" CONTENT="until" WC="0.774" CC="46000" />
            <SP ID="P14_SP00134" WIDTH="0" HPOS="0" VPOS="0" />
            <String ID="P14_S00150" HPOS="1085" VPOS="1251" WIDTH="98" HEIGHT="36" STYLEREFS="StyleId-1" CONTENT="now" WC="0.93" CC="200" />
            <SP ID="P14_SP00135" WIDTH="0" HPOS="0" VPOS="0" />
            <String ID="P14_S00151" HPOS="1209" VPOS="1238" WIDTH="74" HEIGHT="49" STYLEREFS="StyleId-1" CONTENT="the" WC="1" CC="000" />
            <SP ID="P14_SP00136" WIDTH="0" HPOS="0" VPOS="0" />
            <String ID="P14_S00152" HPOS="1331" VPOS="1237" WIDTH="133" HEIGHT="50" STYLEREFS="StyleId-1" CONTENT="study" WC="0.872" CC="00600" />
            <SP ID="P14_SP00137" WIDTH="0" HPOS="0" VPOS="0" />
            <String ID="P14_S00153" HPOS="1503" VPOS="1233" WIDTH="46" HEIGHT="54" STYLEREFS="StyleId-1" CONTENT="of" WC="0.775" CC="13" />
            <SP ID="P14_SP00138" WIDTH="0" HPOS="0" VPOS="0" />
            <String ID="P14_S00154" HPOS="1590" VPOS="1231" WIDTH="114" HEIGHT="56" STYLEREFS="StyleId-1" CONTENT="their" WC="0.866" CC="06000" />
          </TextLine>
          <TextLine ID="P14_TL00017" HPOS="185" VPOS="1312" WIDTH="1519" HEIGHT="33">
            <String ID="P14_S00155" HPOS="185" VPOS="1314" WIDTH="135" HEIGHT="37" STYLEREFS="StyleId-1" CONTENT="books" WC="1" CC="00000" />
            <SP ID="P14_SP00139" WIDTH="0" HPOS="0" VPOS="0" />
            <String ID="P14_S00156" HPOS="342" VPOS="1313" WIDTH="141" HEIGHT="38" STYLEREFS="StyleId-1" CONTENT="shows" WC="0.882" CC="14000" />
            <SP ID="P14_SP00140" WIDTH="0" HPOS="0" VPOS="0" />
            <String ID="P14_S00157" HPOS="499" VPOS="1312" WIDTH="103" HEIGHT="43" STYLEREFS="StyleId-1" CONTENT="they" WC="1" CC="0000" />
            <SP ID="P14_SP00141" WIDTH="0" HPOS="0" VPOS="0" />
            <String ID="P14_S00158" HPOS="625" VPOS="1308" WIDTH="206" HEIGHT="47" STYLEREFS="StyleId-1" CONTENT="provided" WC="0.69625" CC="33051730" />
            <SP ID="P14_SP00142" WIDTH="0" HPOS="0" VPOS="0" />
            <String ID="P14_S00159" HPOS="855" VPOS="1306" WIDTH="171" HEIGHT="49" STYLEREFS="StyleId-1" CONTENT="exactly" WC="0.857142866" CC="01000000" />
            <SP ID="P14_SP00143" WIDTH="0" HPOS="0" VPOS="0" />
            <String ID="P14_S00160" HPOS="1048" VPOS="1306" WIDTH="73" HEIGHT="49" STYLEREFS="StyleId-1" CONTENT="the" WC="1" CC="000" />
            <SP ID="P14_SP00144" WIDTH="0" HPOS="0" VPOS="0" />
            <String ID="P14_S00161" HPOS="1143" VPOS="1315" WIDTH="116" HEIGHT="40" STYLEREFS="StyleId-1" CONTENT="same" WC="0.8625" CC="0050" />
            <SP ID="P14_SP00145" WIDTH="0" HPOS="0" VPOS="0" />
            <String ID="P14_S00162" HPOS="1281" VPOS="1299" WIDTH="321" HEIGHT="56" STYLEREFS="StyleId-1" CONTENT="opportunities" WC="0.9461538" CC="0000200020200" />
            <SP ID="P14_SP00146" WIDTH="0" HPOS="0" VPOS="0" />
            <String ID="P14_S00163" HPOS="1636" VPOS="1297" WIDTH="68" HEIGHT="58" STYLEREFS="StyleId-1" CONTENT="for" WC="0.936666667" CC="001" />
          </TextLine>
          <TextLine ID="P14_TL00018" HPOS="187" VPOS="1376" WIDTH="1513" HEIGHT="34">
            <String ID="P14_S00164" HPOS="187" VPOS="1390" WIDTH="183" HEIGHT="32" STYLEREFS="StyleId-1" CONTENT="women," WC="0.7583333" CC="600700" />
            <SP ID="P14_SP00147" WIDTH="0" HPOS="0" VPOS="0" />
            <String ID="P14_S00165" HPOS="396" VPOS="1376" WIDTH="85" HEIGHT="46" STYLEREFS="StyleId-1" CONTENT="and" WC="0.96" CC="010" />
            <SP ID="P14_SP00148" WIDTH="0" HPOS="0" VPOS="0" />
            <String ID="P14_S00166" HPOS="505" VPOS="1374" WIDTH="228" HEIGHT="48" STYLEREFS="StyleId-1" CONTENT="furnished" WC="0.677777767" CC="455040710" />
            <SP ID="P14_SP00149" WIDTH="0" HPOS="0" VPOS="0" />
            <String ID="P14_S00167" HPOS="756" VPOS="1371" WIDTH="254" HEIGHT="51" STYLEREFS="StyleId-1" CONTENT="avocation," WC="0.647" CC="09009060100" />
            <SP ID="P14_SP00150" WIDTH="0" HPOS="0" VPOS="0" />
            <String ID="P14_S00168" HPOS="1038" VPOS="1383" WIDTH="25" HEIGHT="39" STYLEREFS="StyleId-1" CONTENT="a" WC="1" CC="0" />
            <SP ID="P14_SP00151" WIDTH="0" HPOS="0" VPOS="0" />
            <String ID="P14_S00169" HPOS="1084" VPOS="1368" WIDTH="254" HEIGHT="54" STYLEREFS="StyleId-1" CONTENT="homeland" WC="0.5325" CC="631009080" />
            <SP ID="P14_SP00152" WIDTH="0" HPOS="0" VPOS="0" />
            <String ID="P14_S00170" HPOS="1360" VPOS="1378" WIDTH="53" HEIGHT="44" STYLEREFS="StyleId-1" CONTENT="an" WC="0.16" CC="97" />
            <SP ID="P14_SP00153" WIDTH="0" HPOS="0" VPOS="0" />
            <String ID="P14_S00171" HPOS="1438" VPOS="1362" WIDTH="262" HEIGHT="60" STYLEREFS="StyleId-1" CONTENT="occupation" WC="0.802" CC="0005800203" />
          </TextLine>
          <TextLine ID="P14_TL00019" HPOS="187" VPOS="1442" WIDTH="1509" HEIGHT="34">
            <String ID="P14_S00172" HPOS="187" VPOS="1444" WIDTH="45" HEIGHT="37" STYLEREFS="StyleId-1" CONTENT="of" WC="0.735" CC="05" />
            <SP ID="P14_SP00154" WIDTH="0" HPOS="0" VPOS="0" />
            <String ID="P14_S00173" HPOS="253" VPOS="1442" WIDTH="120" HEIGHT="39" STYLEREFS="StyleId-1" CONTENT="mind" WC="0.6075" CC="05100" />
            <SP ID="P14_SP00155" WIDTH="0" HPOS="0" VPOS="0" />
            <String ID="P14_S00174" HPOS="396" VPOS="1441" WIDTH="85" HEIGHT="40" STYLEREFS="StyleId-1" CONTENT="and" WC="0.553333342" CC="580" />
            <SP ID="P14_SP00156" WIDTH="0" HPOS="0" VPOS="0" />
            <String ID="P14_S00175" HPOS="505" VPOS="1453" WIDTH="23" HEIGHT="28" STYLEREFS="StyleId-1" CONTENT="a" WC="1" CC="0" />
            <SP ID="P14_SP00157" WIDTH="0" HPOS="0" VPOS="0" />
            <String ID="P14_S00176" HPOS="549" VPOS="1438" WIDTH="269" HEIGHT="43" STYLEREFS="StyleId-1" CONTENT="satisfaction" WC="0.86833334" CC="100001000066" />
            <SP ID="P14_SP00158" WIDTH="0" HPOS="0" VPOS="0" />
            <String ID="P14_S00177" HPOS="843" VPOS="1437" WIDTH="44" HEIGHT="44" STYLEREFS="StyleId-1" CONTENT="of" WC="0.865" CC="02" />
            <SP ID="P14_SP00159" WIDTH="0" HPOS="0" VPOS="0" />
            <String ID="P14_S00178" HPOS="909" VPOS="1436" WIDTH="125" HEIGHT="47" STYLEREFS="StyleId-1" CONTENT="spirit" WC="0.831666648" CC="200610" />
            <SP ID="P14_SP00160" WIDTH="0" HPOS="0" VPOS="0" />
            <String ID="P14_S00179" HPOS="1056" VPOS="1435" WIDTH="66" HEIGHT="48" STYLEREFS="StyleId-1" CONTENT="for" WC="0.73" CC="250" />
            <SP ID="P14_SP00161" WIDTH="0" HPOS="0" VPOS="0" />
            <String ID="P14_S00180" HPOS="1146" VPOS="1445" WIDTH="166" HEIGHT="38" STYLEREFS="StyleId-1" CONTENT="women" WC="0.854" CC="00007" />
            <SP ID="P14_SP00162" WIDTH="0" HPOS="0" VPOS="0" />
            <String ID="P14_S00181" HPOS="1350" VPOS="1432" WIDTH="112" HEIGHT="51" STYLEREFS="StyleId-1" CONTENT="who," WC="1" CC="0000" />
            <SP ID="P14_SP00163" WIDTH="0" HPOS="0" VPOS="0" />
            <String ID="P14_S00182" HPOS="1491" VPOS="1430" WIDTH="44" HEIGHT="53" STYLEREFS="StyleId-1" CONTENT="in" WC="0.425" CC="47" />
            <SP ID="P14_SP00164" WIDTH="0" HPOS="0" VPOS="0" />
            <String ID="P14_S00183" HPOS="1567" VPOS="1440" WIDTH="129" HEIGHT="43" STYLEREFS="StyleId-1" CONTENT="every" WC="0.898" CC="00050" />
          </TextLine>
          <TextLine ID="P14_TL00020" HPOS="187" VPOS="1508" WIDTH="1516" HEIGHT="33">
            <String ID="P14_S00184" HPOS="187" VPOS="1507" WIDTH="267" HEIGHT="48" STYLEREFS="StyleId-1" CONTENT="generation," WC="0.6818182" CC="00650463052" />
            <SP ID="P14_SP00165" WIDTH="0" HPOS="0" VPOS="0" />
            <String ID="P14_S00185" HPOS="481" VPOS="1507" WIDTH="55" HEIGHT="48" STYLEREFS="StyleId-1" CONTENT="do" WC="1" CC="00" />
            <SP ID="P14_SP00166" WIDTH="0" HPOS="0" VPOS="0" />
            <String ID="P14_S00186" HPOS="558" VPOS="1510" WIDTH="76" HEIGHT="45" STYLEREFS="StyleId-1" CONTENT="not" WC="0.913333356" CC="020" />
            <SP ID="P14_SP00167" WIDTH="0" HPOS="0" VPOS="0" />
            <String ID="P14_S00187" HPOS="684" VPOS="1504" WIDTH="81" HEIGHT="51" STYLEREFS="StyleId-1" CONTENT="feel" WC="0.875" CC="2002" />
            <SP ID="P14_SP00168" WIDTH="0" HPOS="0" VPOS="0" />
            <String ID="P14_S00188" HPOS="808" VPOS="1502" WIDTH="261" HEIGHT="53" STYLEREFS="StyleId-1" CONTENT="themselves" WC="0.758" CC="0009000077" />
            <SP ID="P14_SP00169" WIDTH="0" HPOS="0" VPOS="0" />
            <String ID="P14_S00189" HPOS="1105" VPOS="1499" WIDTH="136" HEIGHT="56" STYLEREFS="StyleId-1" CONTENT="Called" WC="0.683333337" CC="800640" />
            <SP ID="P14_SP00170" WIDTH="0" HPOS="0" VPOS="0" />
            <String ID="P14_S00190" HPOS="1274" VPOS="1504" WIDTH="44" HEIGHT="51" STYLEREFS="StyleId-1" CONTENT="to" WC="0.335" CC="66" />
            <SP ID="P14_SP00171" WIDTH="0" HPOS="0" VPOS="0" />
            <String ID="P14_S00191" HPOS="1349" VPOS="1497" WIDTH="55" HEIGHT="58" STYLEREFS="StyleId-1" CONTENT="be" WC="1" CC="00" />
            <SP ID="P14_SP00172" WIDTH="0" HPOS="0" VPOS="0" />
            <String ID="P14_S00192" HPOS="1443" VPOS="1496" WIDTH="133" HEIGHT="59" STYLEREFS="StyleId-1" CONTENT="wives" WC="0.906" CC="40000" />
            <SP ID="P14_SP00173" WIDTH="0" HPOS="0" VPOS="0" />
            <String ID="P14_S00193" HPOS="1618" VPOS="1493" WIDTH="85" HEIGHT="62" STYLEREFS="StyleId-1" CONTENT="and" WC="0.9766667" CC="000" />
          </TextLine>
          <TextLine ID="P14_TL00021" HPOS="189" VPOS="1573" WIDTH="1518" HEIGHT="32">
            <String ID="P14_S00194" HPOS="189" VPOS="1575" WIDTH="205" HEIGHT="39" STYLEREFS="StyleId-1" CONTENT="mothers," WC="0.88625" CC="00060100" />
            <SP ID="P14_SP00174" WIDTH="0" HPOS="0" VPOS="0" />
            <String ID="P14_S00195" HPOS="426" VPOS="1571" WIDTH="79" HEIGHT="43" STYLEREFS="StyleId-1" CONTENT="but" WC="0.813333333" CC="050" />
            <SP ID="P14_SP00175" WIDTH="0" HPOS="0" VPOS="0" />
            <String ID="P14_S00196" HPOS="518" VPOS="1571" WIDTH="98" HEIGHT="43" STYLEREFS="StyleId-1" CONTENT="who" WC="0.7033333" CC="053" />
            <SP ID="P14_SP00176" WIDTH="0" HPOS="0" VPOS="0" />
            <String ID="P14_S00197" HPOS="636" VPOS="1574" WIDTH="118" HEIGHT="40" STYLEREFS="StyleId-1" CONTENT="want" WC="1" CC="0000" />
            <SP ID="P14_SP00177" WIDTH="0" HPOS="0" VPOS="0" />
            <String ID="P14_S00198" HPOS="769" VPOS="1574" WIDTH="45" HEIGHT="40" STYLEREFS="StyleId-1" CONTENT="to" WC="0.785" CC="04" />
            <SP ID="P14_SP00178" WIDTH="0" HPOS="0" VPOS="0" />
            <String ID="P14_S00199" HPOS="835" VPOS="1568" WIDTH="87" HEIGHT="46" STYLEREFS="StyleId-1" CONTENT="live" WC="0.795" CC="2500" />
            <SP ID="P14_SP00179" WIDTH="0" HPOS="0" VPOS="0" />
            <String ID="P14_S00200" HPOS="955" VPOS="1566" WIDTH="114" HEIGHT="48" STYLEREFS="StyleId-1" CONTENT="their" WC="0.914" CC="00030" />
            <SP ID="P14_SP00180" WIDTH="0" HPOS="0" VPOS="0" />
            <String ID="P14_S00201" HPOS="1109" VPOS="1565" WIDTH="107" HEIGHT="49" STYLEREFS="StyleId-1" CONTENT="lives" WC="0.818" CC="04004" />
            <SP ID="P14_SP00181" WIDTH="0" HPOS="0" VPOS="0" />
            <String ID="P14_S00202" HPOS="1256" VPOS="1563" WIDTH="67" HEIGHT="51" STYLEREFS="StyleId-1" CONTENT="for" WC="0.86" CC="102" />
            <SP ID="P14_SP00182" WIDTH="0" HPOS="0" VPOS="0" />
            <String ID="P14_S00203" HPOS="1364" VPOS="1562" WIDTH="162" HEIGHT="52" STYLEREFS="StyleId-1" CONTENT="others," WC="0.732857168" CC="0450043" />
            <SP ID="P14_SP00183" WIDTH="0" HPOS="0" VPOS="0" />
            <String ID="P14_S00204" HPOS="1559" VPOS="1560" WIDTH="147" HEIGHT="54" STYLEREFS="StyleId-1" CONTENT="rather" WC="0.885" CC="600000" />
          </TextLine>
          <TextLine ID="P14_TL00022" HPOS="188" VPOS="1639" WIDTH="1519" HEIGHT="32">
            <String ID="P14_S00205" HPOS="188" VPOS="1640" WIDTH="106" HEIGHT="37" STYLEREFS="StyleId-1" CONTENT="than" WC="0.99" CC="0000" />
            <SP ID="P14_SP00184" WIDTH="0" HPOS="0" VPOS="0" />
            <String ID="P14_S00206" HPOS="317" VPOS="1638" WIDTH="65" HEIGHT="39" STYLEREFS="StyleId-1" CONTENT="for" WC="0.8666667" CC="400" />
            <SP ID="P14_SP00185" WIDTH="0" HPOS="0" VPOS="0" />
            <String ID="P14_S00207" HPOS="399" VPOS="1636" WIDTH="257" HEIGHT="41" STYLEREFS="StyleId-1" CONTENT="themselves" WC="0.787" CC="0024004900" />
            <SP ID="P14_SP00186" WIDTH="0" HPOS="0" VPOS="0" />
            <String ID="P14_S00208" HPOS="680" VPOS="1634" WIDTH="84" HEIGHT="43" STYLEREFS="StyleId-1" CONTENT="and" WC="0.9033333" CC="020" />
            <SP ID="P14_SP00187" WIDTH="0" HPOS="0" VPOS="0" />
            <String ID="P14_S00209" HPOS="787" VPOS="1633" WIDTH="112" HEIGHT="44" STYLEREFS="StyleId-1" CONTENT="their" WC="0.866" CC="00050" />
            <SP ID="P14_SP00188" WIDTH="0" HPOS="0" VPOS="0" />
            <String ID="P14_S00210" HPOS="920" VPOS="1632" WIDTH="77" HEIGHT="45" STYLEREFS="StyleId-1" CONTENT="kin" WC="0.9766667" CC="000" />
            <SP ID="P14_SP00189" WIDTH="0" HPOS="0" VPOS="0" />
            <String ID="P14_S00211" HPOS="1021" VPOS="1645" WIDTH="7" HEIGHT="32" STYLEREFS="StyleId-1" CONTENT=";" WC="1" CC="0" />
            <SP ID="P14_SP00190" WIDTH="0" HPOS="0" VPOS="0" />
            <String ID="P14_S00212" HPOS="1060" VPOS="1630" WIDTH="182" HEIGHT="47" STYLEREFS="StyleId-1" CONTENT="seeking" WC="0.708571434" CC="8040070" />
            <SP ID="P14_SP00191" WIDTH="0" HPOS="0" VPOS="0" />
            <String ID="P14_S00213" HPOS="1262" VPOS="1628" WIDTH="109" HEIGHT="49" STYLEREFS="StyleId-1" CONTENT="such" WC="0.755" CC="3600" />
            <SP ID="P14_SP00192" WIDTH="0" HPOS="0" VPOS="0" />
            <String ID="P14_S00214" HPOS="1400" VPOS="1626" WIDTH="307" HEIGHT="51" STYLEREFS="StyleId-1" CONTENT="development" WC="0.7818182" CC="70000002058" />
          </TextLine>
          <TextLine ID="P14_TL00023" HPOS="187" VPOS="1703" WIDTH="1525" HEIGHT="34">
            <String ID="P14_S00215" HPOS="188" VPOS="1704" WIDTH="46" HEIGHT="38" STYLEREFS="StyleId-1" CONTENT="of" WC="0.75" CC="05" />
            <SP ID="P14_SP00193" WIDTH="0" HPOS="0" VPOS="0" />
            <String ID="P14_S00216" HPOS="255" VPOS="1703" WIDTH="120" HEIGHT="39" STYLEREFS="StyleId-1" CONTENT="mind" WC="0.58" CC="4480" />
            <SP ID="P14_SP00194" WIDTH="0" HPOS="0" VPOS="0" />
            <String ID="P14_S00217" HPOS="398" VPOS="1702" WIDTH="83" HEIGHT="40" STYLEREFS="StyleId-1" CONTENT="and" WC="0.8566667" CC="040" />
            <SP ID="P14_SP00195" WIDTH="0" HPOS="0" VPOS="0" />
            <String ID="P14_S00218" HPOS="504" VPOS="1700" WIDTH="138" HEIGHT="47" STYLEREFS="StyleId-1" CONTENT="spirit," WC="0.74" CC="0075500" />
            <SP ID="P14_SP00196" WIDTH="0" HPOS="0" VPOS="0" />
            <String ID="P14_S00219" HPOS="678" VPOS="1712" WIDTH="44" HEIGHT="35" STYLEREFS="StyleId-1" CONTENT="as" WC="0.565" CC="53" />
            <SP ID="P14_SP00197" WIDTH="0" HPOS="0" VPOS="0" />
            <String ID="P14_S00220" HPOS="745" VPOS="1711" WIDTH="99" HEIGHT="36" STYLEREFS="StyleId-1" CONTENT="may" WC="1" CC="000" />
            <SP ID="P14_SP00198" WIDTH="0" HPOS="0" VPOS="0" />
            <String ID="P14_S00221" HPOS="866" VPOS="1710" WIDTH="121" HEIGHT="37" STYLEREFS="StyleId-1" CONTENT="come" WC="0.9675" CC="0001" />
            <SP ID="P14_SP00199" WIDTH="0" HPOS="0" VPOS="0" />
            <String ID="P14_S00222" HPOS="1008" VPOS="1696" WIDTH="107" HEIGHT="51" STYLEREFS="StyleId-1" CONTENT="with" WC="0.7475" CC="00010" />
            <SP ID="P14_SP00200" WIDTH="0" HPOS="0" VPOS="0" />
            <String ID="P14_S00223" HPOS="1144" VPOS="1696" WIDTH="75" HEIGHT="51" STYLEREFS="StyleId-1" CONTENT="the" WC="0.8566667" CC="004" />
            <SP ID="P14_SP00201" WIDTH="0" HPOS="0" VPOS="0" />
            <String ID="P14_S00224" HPOS="1249" VPOS="1693" WIDTH="158" HEIGHT="54" STYLEREFS="StyleId-1" CONTENT="leisure" WC="0.637142837" CC="4033940" />
            <SP ID="P14_SP00202" WIDTH="0" HPOS="0" VPOS="0" />
            <String ID="P14_S00225" HPOS="1448" VPOS="1693" WIDTH="85" HEIGHT="54" STYLEREFS="StyleId-1" CONTENT="and" WC="0.896666646" CC="300" />
            <SP ID="P14_SP00203" WIDTH="0" HPOS="0" VPOS="0" />
            <String ID="P14_S00226" HPOS="1576" VPOS="1702" WIDTH="136" HEIGHT="45" STYLEREFS="StyleId-1" CONTENT="peace;" WC="0.873333335" CC="000007" />
          </TextLine>
          <TextLine ID="P14_TL00024" HPOS="190" VPOS="1768" WIDTH="310" HEIGHT="44">
            <String ID="P14_S00227" HPOS="190" VPOS="1769" WIDTH="45" HEIGHT="38" STYLEREFS="StyleId-1" CONTENT="of" WC="0.77" CC="04" />
            <SP ID="P14_SP00204" WIDTH="0" HPOS="0" VPOS="0" />
            <String ID="P14_S00228" HPOS="256" VPOS="1767" WIDTH="243" HEIGHT="46" STYLEREFS="StyleId-1" CONTENT="celibacy.&quot;" WC="0.868" CC="0031000007" />
          </TextLine>
          <TextLine ID="P14_TL00025" HPOS="273" VPOS="1833" WIDTH="1429" HEIGHT="35">
            <String ID="P14_S00229" HPOS="273" VPOS="1834" WIDTH="62" HEIGHT="37" STYLEREFS="StyleId-1" CONTENT="St." WC="0.836666644" CC="400" />
            <SP ID="P14_SP00205" WIDTH="0" HPOS="0" VPOS="0" />
            <String ID="P14_S00230" HPOS="361" VPOS="1831" WIDTH="268" HEIGHT="46" STYLEREFS="StyleId-1" CONTENT="Hildegarde" WC="0.889" CC="6030000100" />
            <SP ID="P14_SP00206" WIDTH="0" HPOS="0" VPOS="0" />
            <String ID="P14_S00231" HPOS="649" VPOS="1842" WIDTH="86" HEIGHT="35" STYLEREFS="StyleId-1" CONTENT="was" WC="0.5733333" CC="570" />
            <SP ID="P14_SP00207" WIDTH="0" HPOS="0" VPOS="0" />
            <String ID="P14_S00232" HPOS="751" VPOS="1828" WIDTH="108" HEIGHT="49" STYLEREFS="StyleId-1" CONTENT="born" WC="0.985" CC="0000" />
            <SP ID="P14_SP00208" WIDTH="0" HPOS="0" VPOS="0" />
            <String ID="P14_S00233" HPOS="901" VPOS="1827" WIDTH="45" HEIGHT="50" STYLEREFS="StyleId-1" CONTENT="of" WC="0.77" CC="04" />
            <SP ID="P14_SP00209" WIDTH="0" HPOS="0" VPOS="0" />
            <String ID="P14_S00234" HPOS="987" VPOS="1826" WIDTH="126" HEIGHT="51" STYLEREFS="StyleId-1" CONTENT="noble" WC="0.916" CC="00004" />
            <SP ID="P14_SP00210" WIDTH="0" HPOS="0" VPOS="0" />
            <String ID="P14_S00235" HPOS="1154" VPOS="1830" WIDTH="174" HEIGHT="47" STYLEREFS="StyleId-1" CONTENT="parents" WC="0.762857139" CC="8010600" />
            <SP ID="P14_SP00211" WIDTH="0" HPOS="0" VPOS="0" />
            <String ID="P14_S00236" HPOS="1379" VPOS="1822" WIDTH="44" HEIGHT="55" STYLEREFS="StyleId-1" CONTENT="in" WC="0.845" CC="30" />
            <SP ID="P14_SP00212" WIDTH="0" HPOS="0" VPOS="0" />
            <String ID="P14_S00237" HPOS="1464" VPOS="1823" WIDTH="238" HEIGHT="54" STYLEREFS="StyleId-1" CONTENT="Germany," WC="0.6775" CC="61170800" />
          </TextLine>
          <TextLine ID="P14_TL00026" HPOS="190" VPOS="1898" WIDTH="1519" HEIGHT="33">
            <String ID="P14_S00238" HPOS="191" VPOS="1899" WIDTH="131" HEIGHT="37" STYLEREFS="StyleId-1" CONTENT="about" WC="0.906" CC="00040" />
            <SP ID="P14_SP00213" WIDTH="0" HPOS="0" VPOS="0" />
            <String ID="P14_S00239" HPOS="343" VPOS="1898" WIDTH="74" HEIGHT="38" STYLEREFS="StyleId-1" CONTENT="the" WC="0.9866667" CC="000" />
            <SP ID="P14_SP00214" WIDTH="0" HPOS="0" VPOS="0" />
            <String ID="P14_S00240" HPOS="439" VPOS="1896" WIDTH="84" HEIGHT="40" STYLEREFS="StyleId-1" CONTENT="end" WC="0.77" CC="060" />
            <SP ID="P14_SP00215" WIDTH="0" HPOS="0" VPOS="0" />
            <String ID="P14_S00241" HPOS="545" VPOS="1895" WIDTH="47" HEIGHT="41" STYLEREFS="StyleId-1" CONTENT="of" WC="0.63" CC="24" />
            <SP ID="P14_SP00216" WIDTH="0" HPOS="0" VPOS="0" />
            <String ID="P14_S00242" HPOS="612" VPOS="1895" WIDTH="73" HEIGHT="41" STYLEREFS="StyleId-1" CONTENT="the" WC="1" CC="000" />
            <SP ID="P14_SP00217" WIDTH="0" HPOS="0" VPOS="0" />
            <String ID="P14_S00243" HPOS="706" VPOS="1893" WIDTH="203" HEIGHT="43" STYLEREFS="StyleId-1" CONTENT="eleventh" WC="0.8875" CC="04005000" />
            <SP ID="P14_SP00218" WIDTH="0" HPOS="0" VPOS="0" />
            <String ID="P14_S00244" HPOS="929" VPOS="1896" WIDTH="200" HEIGHT="40" STYLEREFS="StyleId-1" CONTENT="century." WC="0.74125" CC="00006670" />
            <SP ID="P14_SP00219" WIDTH="0" HPOS="0" VPOS="0" />
            <String ID="P14_S00245" HPOS="1190" VPOS="1890" WIDTH="88" HEIGHT="46" STYLEREFS="StyleId-1" CONTENT="She" WC="0.716666639" CC="800" />
            <SP ID="P14_SP00220" WIDTH="0" HPOS="0" VPOS="0" />
            <String ID="P14_S00246" HPOS="1299" VPOS="1900" WIDTH="88" HEIGHT="36" STYLEREFS="StyleId-1" CONTENT="was" WC="1" CC="000" />
            <SP ID="P14_SP00221" WIDTH="0" HPOS="0" VPOS="0" />
            <String ID="P14_S00247" HPOS="1409" VPOS="1901" WIDTH="24" HEIGHT="35" STYLEREFS="StyleId-1" CONTENT="a" WC="1" CC="0" />
            <SP ID="P14_SP00222" WIDTH="0" HPOS="0" VPOS="0" />
            <String ID="P14_S00248" HPOS="1455" VPOS="1899" WIDTH="170" HEIGHT="37" STYLEREFS="StyleId-1" CONTENT="woman" WC="0.736" CC="03107" />
            <SP ID="P14_SP00223" WIDTH="0" HPOS="0" VPOS="0" />
            <String ID="P14_S00249" HPOS="1661" VPOS="1886" WIDTH="48" HEIGHT="50" STYLEREFS="StyleId-1" CONTENT="of" WC="0.22" CC="87" />
          </TextLine>
          <TextLine ID="P14_TL00027" HPOS="190" VPOS="1963" WIDTH="1525" HEIGHT="34">
            <String ID="P14_S00250" HPOS="190" VPOS="1976" WIDTH="105" HEIGHT="33" STYLEREFS="StyleId-1" CONTENT="very" WC="0.8775" CC="0040" />
            <SP ID="P14_SP00224" WIDTH="0" HPOS="0" VPOS="0" />
            <String ID="P14_S00251" HPOS="317" VPOS="1962" WIDTH="193" HEIGHT="47" STYLEREFS="StyleId-1" CONTENT="superior" WC="0.8725" CC="06003000" />
            <SP ID="P14_SP00225" WIDTH="0" HPOS="0" VPOS="0" />
            <String ID="P14_S00252" HPOS="533" VPOS="1960" WIDTH="206" HEIGHT="49" STYLEREFS="StyleId-1" CONTENT="intellect," WC="0.889" CC="0200100060" />
            <SP ID="P14_SP00226" WIDTH="0" HPOS="0" VPOS="0" />
            <String ID="P14_S00253" HPOS="766" VPOS="1959" WIDTH="84" HEIGHT="50" STYLEREFS="StyleId-1" CONTENT="and" WC="0.42" CC="1070" />
            <SP ID="P14_SP00227" WIDTH="0" HPOS="0" VPOS="0" />
            <String ID="P14_S00254" HPOS="875" VPOS="1956" WIDTH="221" HEIGHT="53" STYLEREFS="StyleId-1" CONTENT="possessed" WC="0.9677778" CC="001100000" />
            <SP ID="P14_SP00228" WIDTH="0" HPOS="0" VPOS="0" />
            <String ID="P14_S00255" HPOS="1138" VPOS="1955" WIDTH="44" HEIGHT="54" STYLEREFS="StyleId-1" CONTENT="of" WC="0.935" CC="01" />
            <SP ID="P14_SP00229" WIDTH="0" HPOS="0" VPOS="0" />
            <String ID="P14_S00256" HPOS="1218" VPOS="1960" WIDTH="121" HEIGHT="49" STYLEREFS="StyleId-1" CONTENT="great" WC="0.926" CC="03000" />
            <SP ID="P14_SP00230" WIDTH="0" HPOS="0" VPOS="0" />
            <String ID="P14_S00257" HPOS="1387" VPOS="1953" WIDTH="216" HEIGHT="56" STYLEREFS="StyleId-1" CONTENT="learning." WC="0.723333359" CC="0004006104" />
            <SP ID="P14_SP00231" WIDTH="0" HPOS="0" VPOS="0" />
            <String ID="P14_S00258" HPOS="1667" VPOS="1954" WIDTH="48" HEIGHT="55" STYLEREFS="StyleId-1" CONTENT="It;" WC="0.47" CC="537" />
          </TextLine>
          <TextLine ID="P14_TL00028" HPOS="190" VPOS="2022" WIDTH="1520" HEIGHT="41">
            <String ID="P14_S00259" HPOS="190" VPOS="2030" WIDTH="34" HEIGHT="37" STYLEREFS="StyleId-1" CONTENT="is" WC="0.965" CC="00" />
            <SP ID="P14_SP00232" WIDTH="0" HPOS="0" VPOS="0" />
            <String ID="P14_S00260" HPOS="247" VPOS="2028" WIDTH="91" HEIGHT="39" STYLEREFS="StyleId-1" CONTENT="said" WC="0.83" CC="0060" />
            <SP ID="P14_SP00233" WIDTH="0" HPOS="0" VPOS="0" />
            <String ID="P14_S00261" HPOS="361" VPOS="2028" WIDTH="45" HEIGHT="39" STYLEREFS="StyleId-1" CONTENT="of" WC="0.695" CC="06" />
            <SP ID="P14_SP00234" WIDTH="0" HPOS="0" VPOS="0" />
            <String ID="P14_S00262" HPOS="420" VPOS="2028" WIDTH="75" HEIGHT="39" STYLEREFS="StyleId-1" CONTENT="her" WC="0.443333328" CC="0106" />
            <SP ID="P14_SP00235" WIDTH="0" HPOS="0" VPOS="0" />
            <String ID="P14_S00263" HPOS="526" VPOS="2037" WIDTH="45" HEIGHT="30" STYLEREFS="StyleId-1" CONTENT="as" WC="1" CC="00" />
            <SP ID="P14_SP00236" WIDTH="0" HPOS="0" VPOS="0" />
            <String ID="P14_S00264" HPOS="590" VPOS="2039" WIDTH="22" HEIGHT="28" STYLEREFS="StyleId-1" CONTENT="a" WC="0.46" CC="5" />
            <SP ID="P14_SP00237" WIDTH="0" HPOS="0" VPOS="0" />
            <String ID="P14_S00265" HPOS="635" VPOS="2016" WIDTH="355" HEIGHT="51" STYLEREFS="StyleId-1" CONTENT="writer,—&quot;One" WC="0.725" CC="002004397060" />
            <SP ID="P14_SP00238" WIDTH="0" HPOS="0" VPOS="0" />
            <String ID="P14_S00266" HPOS="1011" VPOS="2022" WIDTH="45" HEIGHT="45" STYLEREFS="StyleId-1" CONTENT="of" WC="0.69" CC="23" />
            <SP ID="P14_SP00239" WIDTH="0" HPOS="0" VPOS="0" />
            <String ID="P14_S00267" HPOS="1079" VPOS="2022" WIDTH="74" HEIGHT="45" STYLEREFS="StyleId-1" CONTENT="the" WC="1" CC="000" />
            <SP ID="P14_SP00240" WIDTH="0" HPOS="0" VPOS="0" />
            <String ID="P14_S00268" HPOS="1175" VPOS="2028" WIDTH="114" HEIGHT="39" STYLEREFS="StyleId-1" CONTENT="most" WC="0.81" CC="7000" />
            <SP ID="P14_SP00241" WIDTH="0" HPOS="0" VPOS="0" />
            <String ID="P14_S00269" HPOS="1311" VPOS="2020" WIDTH="239" HEIGHT="47" STYLEREFS="StyleId-1" CONTENT="important" WC="0.8322222" CC="220030060" />
            <SP ID="P14_SP00242" WIDTH="0" HPOS="0" VPOS="0" />
            <String ID="P14_S00270" HPOS="1570" VPOS="2018" WIDTH="140" HEIGHT="49" STYLEREFS="StyleId-1" CONTENT="books" WC="0.906" CC="31000" />
          </TextLine>
          <TextLine ID="P14_TL00029" HPOS="190" VPOS="2094" WIDTH="1519" HEIGHT="36">
            <String ID="P14_S00271" HPOS="190" VPOS="2107" WIDTH="57" HEIGHT="26" STYLEREFS="StyleId-1" CONTENT="on" WC="0.685" CC="06" />
            <SP ID="P14_SP00243" WIDTH="0" HPOS="0" VPOS="0" />
            <String ID="P14_S00272" HPOS="269" VPOS="2092" WIDTH="214" HEIGHT="41" STYLEREFS="StyleId-1" CONTENT="medicine" WC="0.6025" CC="85950200" />
            <SP ID="P14_SP00244" WIDTH="0" HPOS="0" VPOS="0" />
            <String ID="P14_S00273" HPOS="503" VPOS="2092" WIDTH="96" HEIGHT="41" STYLEREFS="StyleId-1" CONTENT="that" WC="1" CC="0000" />
            <SP ID="P14_SP00245" WIDTH="0" HPOS="0" VPOS="0" />
            <String ID="P14_S00274" HPOS="614" VPOS="2091" WIDTH="77" HEIGHT="42" STYLEREFS="StyleId-1" CONTENT="has" WC="0.6933333" CC="081" />
            <SP ID="P14_SP00246" WIDTH="0" HPOS="0" VPOS="0" />
            <String ID="P14_S00275" HPOS="713" VPOS="2102" WIDTH="123" HEIGHT="31" STYLEREFS="StyleId-1" CONTENT="come" WC="0.505" CC="6570" />
            <SP ID="P14_SP00247" WIDTH="0" HPOS="0" VPOS="0" />
            <String ID="P14_S00276" HPOS="855" VPOS="2094" WIDTH="46" HEIGHT="39" STYLEREFS="StyleId-1" CONTENT="to" WC="0.71" CC="05" />
            <SP ID="P14_SP00248" WIDTH="0" HPOS="0" VPOS="0" />
            <String ID="P14_S00277" HPOS="922" VPOS="2099" WIDTH="51" HEIGHT="34" STYLEREFS="StyleId-1" CONTENT="us" WC="0.495" CC="64" />
            <SP ID="P14_SP00249" WIDTH="0" HPOS="0" VPOS="0" />
            <String ID="P14_S00278" HPOS="995" VPOS="2088" WIDTH="112" HEIGHT="45" STYLEREFS="StyleId-1" CONTENT="from" WC="0.5075" CC="6236" />
            <SP ID="P14_SP00250" WIDTH="0" HPOS="0" VPOS="0" />
            <String ID="P14_S00279" HPOS="1134" VPOS="2087" WIDTH="75" HEIGHT="46" STYLEREFS="StyleId-1" CONTENT="the" WC="1" CC="000" />
            <SP ID="P14_SP00251" WIDTH="0" HPOS="0" VPOS="0" />
            <String ID="P14_S00280" HPOS="1229" VPOS="2085" WIDTH="172" HEIGHT="48" STYLEREFS="StyleId-1" CONTENT="twelfth" WC="0.53" CC="0605587" />
            <SP ID="P14_SP00252" WIDTH="0" HPOS="0" VPOS="0" />
            <String ID="P14_S00281" HPOS="1414" VPOS="2090" WIDTH="187" HEIGHT="43" STYLEREFS="StyleId-1" CONTENT="century" WC="0.601428568" CC="0077840" />
            <SP ID="P14_SP00253" WIDTH="0" HPOS="0" VPOS="0" />
            <String ID="P14_S00282" HPOS="1621" VPOS="2096" WIDTH="88" HEIGHT="37" STYLEREFS="StyleId-1" CONTENT="was" WC="0.0833333358" CC="9107" />
          </TextLine>
          <TextLine ID="P14_TL00030" HPOS="193" VPOS="2156" WIDTH="1519" HEIGHT="40">
            <String ID="P14_S00283" HPOS="193" VPOS="2159" WIDTH="173" HEIGHT="40" STYLEREFS="StyleId-1" CONTENT="written" WC="0.801428556" CC="3500500" />
            <SP ID="P14_SP00254" WIDTH="0" HPOS="0" VPOS="0" />
            <String ID="P14_S00284" HPOS="389" VPOS="2158" WIDTH="58" HEIGHT="46" STYLEREFS="StyleId-1" CONTENT="by" WC="1" CC="00" />
            <SP ID="P14_SP00255" WIDTH="0" HPOS="0" VPOS="0" />
            <String ID="P14_S00285" HPOS="463" VPOS="2156" WIDTH="128" HEIGHT="48" STYLEREFS="StyleId-1" CONTENT="her.&quot;" WC="0.772" CC="00307" />
            <SP ID="P14_SP00256" WIDTH="0" HPOS="0" VPOS="0" />
            <String ID="P14_S00286" HPOS="655" VPOS="2157" WIDTH="139" HEIGHT="47" STYLEREFS="StyleId-1" CONTENT="Reuss" WC="0.67" CC="16530" />
            <SP ID="P14_SP00257" WIDTH="0" HPOS="0" VPOS="0" />
            <String ID="P14_S00287" HPOS="813" VPOS="2149" WIDTH="170" HEIGHT="55" STYLEREFS="StyleId-1" CONTENT="(Rois)," WC="0.751428545" CC="5006004" />
            <SP ID="P14_SP00258" WIDTH="0" HPOS="0" VPOS="0" />
            <String ID="P14_S00288" HPOS="1009" VPOS="2152" WIDTH="75" HEIGHT="52" STYLEREFS="StyleId-1" CONTENT="the" WC="0.716666639" CC="800" />
            <SP ID="P14_SP00259" WIDTH="0" HPOS="0" VPOS="0" />
            <String ID="P14_S00289" HPOS="1105" VPOS="2151" WIDTH="229" HEIGHT="53" STYLEREFS="StyleId-1" CONTENT="historian," WC="0.751" CC="6430100072" />
            <SP ID="P14_SP00260" WIDTH="0" HPOS="0" VPOS="0" />
            <String ID="P14_S00290" HPOS="1361" VPOS="2150" WIDTH="45" HEIGHT="54" STYLEREFS="StyleId-1" CONTENT="in" WC="0.41" CC="56" />
            <SP ID="P14_SP00261" WIDTH="0" HPOS="0" VPOS="0" />
            <String ID="P14_S00291" HPOS="1430" VPOS="2149" WIDTH="215" HEIGHT="55" STYLEREFS="StyleId-1" CONTENT="speaking" WC="0.605" CC="000710228" />
            <SP ID="P14_SP00262" WIDTH="0" HPOS="0" VPOS="0" />
            <String ID="P14_S00292" HPOS="1665" VPOS="2148" WIDTH="47" HEIGHT="56" STYLEREFS="StyleId-1" CONTENT="of" WC="0.195" CC="106" />
          </TextLine>
          <TextLine ID="P14_TL00031" HPOS="195" VPOS="2218" WIDTH="1516" HEIGHT="43">
            <String ID="P14_S00293" HPOS="195" VPOS="2226" WIDTH="91" HEIGHT="44" STYLEREFS="StyleId-1" CONTENT="her," WC="0.8375" CC="0033" />
            <SP ID="P14_SP00263" WIDTH="0" HPOS="0" VPOS="0" />
            <String ID="P14_S00294" HPOS="314" VPOS="2216" WIDTH="389" HEIGHT="54" STYLEREFS="StyleId-1" CONTENT="says,—&quot;Among" WC="0.8516667" CC="000009710000" />
            <SP ID="P14_SP00264" WIDTH="0" HPOS="0" VPOS="0" />
            <String ID="P14_S00295" HPOS="724" VPOS="2219" WIDTH="56" HEIGHT="51" STYLEREFS="StyleId-1" CONTENT="all" WC="0.9533333" CC="001" />
            <SP ID="P14_SP00265" WIDTH="0" HPOS="0" VPOS="0" />
            <String ID="P14_S00296" HPOS="800" VPOS="2219" WIDTH="75" HEIGHT="51" STYLEREFS="StyleId-1" CONTENT="the" WC="1" CC="000" />
            <SP ID="P14_SP00266" WIDTH="0" HPOS="0" VPOS="0" />
            <String ID="P14_S00297" HPOS="895" VPOS="2217" WIDTH="161" HEIGHT="53" STYLEREFS="StyleId-1" CONTENT="saintly" WC="0.857142866" CC="2030030" />
            <SP ID="P14_SP00267" WIDTH="0" HPOS="0" VPOS="0" />
            <String ID="P14_S00298" HPOS="1077" VPOS="2216" WIDTH="208" HEIGHT="54" STYLEREFS="StyleId-1" CONTENT="religious" WC="0.725555539" CC="540000770" />
            <SP ID="P14_SP00268" WIDTH="0" HPOS="0" VPOS="0" />
            <String ID="P14_S00299" HPOS="1305" VPOS="2216" WIDTH="100" HEIGHT="54" STYLEREFS="StyleId-1" CONTENT="who" WC="1" CC="000" />
            <SP ID="P14_SP00269" WIDTH="0" HPOS="0" VPOS="0" />
            <String ID="P14_S00300" HPOS="1446" VPOS="2216" WIDTH="111" HEIGHT="54" STYLEREFS="StyleId-1" CONTENT="have" WC="0.68" CC="0660" />
            <SP ID="P14_SP00270" WIDTH="0" HPOS="0" VPOS="0" />
            <String ID="P14_S00301" HPOS="1590" VPOS="2227" WIDTH="121" HEIGHT="43" STYLEREFS="StyleId-1" CONTENT="prac¬" WC="0.964" CC="01000" />
          </TextLine>
          <TextLine ID="P14_TL00032" HPOS="194" VPOS="2289" WIDTH="1520" HEIGHT="37">
            <String ID="P14_S00302" HPOS="194" VPOS="2290" WIDTH="114" HEIGHT="39" STYLEREFS="StyleId-1" CONTENT="ticed" WC="0.832" CC="16000" />
            <SP ID="P14_SP00271" WIDTH="0" HPOS="0" VPOS="0" />
            <String ID="P14_S00303" HPOS="330" VPOS="2287" WIDTH="228" HEIGHT="45" STYLEREFS="StyleId-1" CONTENT="medicine," WC="0.7922222" CC="000205703" />
            <SP ID="P14_SP00272" WIDTH="0" HPOS="0" VPOS="0" />
            <String ID="P14_S00304" HPOS="581" VPOS="2298" WIDTH="48" HEIGHT="34" STYLEREFS="StyleId-1" CONTENT="or" WC="0.92" CC="10" />
            <SP ID="P14_SP00273" WIDTH="0" HPOS="0" VPOS="0" />
            <String ID="P14_S00305" HPOS="649" VPOS="2285" WIDTH="173" HEIGHT="47" STYLEREFS="StyleId-1" CONTENT="written" WC="0.7842857" CC="3040007" />
            <SP ID="P14_SP00274" WIDTH="0" HPOS="0" VPOS="0" />
            <String ID="P14_S00306" HPOS="835" VPOS="2283" WIDTH="134" HEIGHT="49" STYLEREFS="StyleId-1" CONTENT="about" WC="0.738" CC="05070" />
            <SP ID="P14_SP00275" WIDTH="0" HPOS="0" VPOS="0" />
            <String ID="P14_S00307" HPOS="988" VPOS="2282" WIDTH="50" HEIGHT="50" STYLEREFS="StyleId-1" CONTENT="it," WC="0.49333334" CC="680" />
            <SP ID="P14_SP00276" WIDTH="0" HPOS="0" VPOS="0" />
            <String ID="P14_S00308" HPOS="1072" VPOS="2282" WIDTH="46" HEIGHT="50" STYLEREFS="StyleId-1" CONTENT="in" WC="0.49" CC="63" />
            <SP ID="P14_SP00277" WIDTH="0" HPOS="0" VPOS="0" />
            <String ID="P14_S00309" HPOS="1158" VPOS="2282" WIDTH="76" HEIGHT="50" STYLEREFS="StyleId-1" CONTENT="the" WC="0.776666641" CC="060" />
            <SP ID="P14_SP00278" WIDTH="0" HPOS="0" VPOS="0" />
            <String ID="P14_S00310" HPOS="1265" VPOS="2280" WIDTH="166" HEIGHT="52" STYLEREFS="StyleId-1" CONTENT="middle" WC="0.6566667" CC="360900" />
            <SP ID="P14_SP00279" WIDTH="0" HPOS="0" VPOS="0" />
            <String ID="P14_S00311" HPOS="1471" VPOS="2292" WIDTH="117" HEIGHT="40" STYLEREFS="StyleId-1" CONTENT="ages," WC="0.576" CC="97040" />
            <SP ID="P14_SP00280" WIDTH="0" HPOS="0" VPOS="0" />
            <String ID="P14_S00312" HPOS="1635" VPOS="2281" WIDTH="79" HEIGHT="51" STYLEREFS="StyleId-1" CONTENT="the" WC="0.52" CC="670" />
          </TextLine>
          <TextLine ID="P14_TL00033" HPOS="196" VPOS="2354" WIDTH="1517" HEIGHT="35">
            <String ID="P14_S00313" HPOS="196" VPOS="2361" WIDTH="112" HEIGHT="33" STYLEREFS="StyleId-1" CONTENT="most" WC="0.99" CC="0000" />
            <SP ID="P14_SP00281" WIDTH="0" HPOS="0" VPOS="0" />
            <String ID="P14_S00314" HPOS="337" VPOS="2354" WIDTH="236" HEIGHT="46" STYLEREFS="StyleId-1" CONTENT="important" WC="0.6188889" CC="0610690020" />
            <SP ID="P14_SP00282" WIDTH="0" HPOS="0" VPOS="0" />
            <String ID="P14_S00315" HPOS="593" VPOS="2351" WIDTH="51" HEIGHT="49" STYLEREFS="StyleId-1" CONTENT="is," WC="0.9166667" CC="100" />
            <SP ID="P14_SP00283" WIDTH="0" HPOS="0" VPOS="0" />
            <String ID="P14_S00316" HPOS="668" VPOS="2349" WIDTH="187" HEIGHT="51" STYLEREFS="StyleId-1" CONTENT="without" WC="0.797142863" CC="0070070" />
            <SP ID="P14_SP00284" WIDTH="0" HPOS="0" VPOS="0" />
            <String ID="P14_S00317" HPOS="876" VPOS="2347" WIDTH="150" HEIGHT="53" STYLEREFS="StyleId-1" CONTENT="doubt;" WC="0.6333333" CC="067008" />
            <SP ID="P14_SP00285" WIDTH="0" HPOS="0" VPOS="0" />
            <String ID="P14_S00318" HPOS="1052" VPOS="2347" WIDTH="65" HEIGHT="53" STYLEREFS="StyleId-1" CONTENT="St." WC="0.433333337" CC="907" />
            <SP ID="P14_SP00286" WIDTH="0" HPOS="0" VPOS="0" />
            <String ID="P14_S00319" HPOS="1144" VPOS="2346" WIDTH="284" HEIGHT="54" STYLEREFS="StyleId-1" CONTENT="Hildegarde." WC="0.8545455" CC="60300030002" />
            <SP ID="P14_SP00287" WIDTH="0" HPOS="0" VPOS="0" />
            <String ID="P14_S00320" HPOS="1490" VPOS="2345" WIDTH="126" HEIGHT="55" STYLEREFS="StyleId-1" CONTENT="With" WC="0.845" CC="0024" />
            <SP ID="P14_SP00288" WIDTH="0" HPOS="0" VPOS="0" />
            <String ID="P14_S00321" HPOS="1647" VPOS="2358" WIDTH="66" HEIGHT="42" STYLEREFS="StyleId-1" CONTENT="re¬" WC="0.683333337" CC="134" />
          </TextLine>
          <TextLine ID="P14_TL00034" HPOS="195" VPOS="2413" WIDTH="1518" HEIGHT="42">
            <String ID="P14_S00322" HPOS="196" VPOS="2421" WIDTH="106" HEIGHT="48" STYLEREFS="StyleId-1" CONTENT="gard" WC="0.6675" CC="10030" />
            <SP ID="P14_SP00289" WIDTH="0" HPOS="0" VPOS="0" />
            <String ID="P14_S00323" HPOS="318" VPOS="2425" WIDTH="44" HEIGHT="44" STYLEREFS="StyleId-1" CONTENT="to" WC="1" CC="00" />
            <SP ID="P14_SP00290" WIDTH="0" HPOS="0" VPOS="0" />
            <String ID="P14_S00324" HPOS="391" VPOS="2420" WIDTH="77" HEIGHT="49" STYLEREFS="StyleId-1" CONTENT="her" WC="0.6066667" CC="1001" />
            <SP ID="P14_SP00291" WIDTH="0" HPOS="0" VPOS="0" />
            <String ID="P14_S00325" HPOS="496" VPOS="2417" WIDTH="129" HEIGHT="52" STYLEREFS="StyleId-1" CONTENT="book," WC="0.668" CC="500101" />
            <SP ID="P14_SP00292" WIDTH="0" HPOS="0" VPOS="0" />
            <String ID="P14_S00326" HPOS="659" VPOS="2416" WIDTH="56" HEIGHT="53" STYLEREFS="StyleId-1" CONTENT="he" WC="0.64" CC="70" />
            <SP ID="P14_SP00293" WIDTH="0" HPOS="0" VPOS="0" />
            <String ID="P14_S00327" HPOS="750" VPOS="2405" WIDTH="421" HEIGHT="64" STYLEREFS="StyleId-1" CONTENT="continues,—&quot;All" WC="0.714666665" CC="002008700397013" />
            <SP ID="P14_SP00294" WIDTH="0" HPOS="0" VPOS="0" />
            <String ID="P14_S00328" HPOS="1210" VPOS="2413" WIDTH="127" HEIGHT="56" STYLEREFS="StyleId-1" CONTENT="those" WC="0.972" CC="00100" />
            <SP ID="P14_SP00295" WIDTH="0" HPOS="0" VPOS="0" />
            <String ID="P14_S00329" HPOS="1375" VPOS="2412" WIDTH="100" HEIGHT="57" STYLEREFS="StyleId-1" CONTENT="who" WC="0.5833333" CC="803" />
            <SP ID="P14_SP00296" WIDTH="0" HPOS="0" VPOS="0" />
            <String ID="P14_S00330" HPOS="1514" VPOS="2411" WIDTH="113" HEIGHT="58" STYLEREFS="StyleId-1" CONTENT="wish" WC="0.53" CC="10107" />
            <SP ID="P14_SP00297" WIDTH="0" HPOS="0" VPOS="0" />
            <String ID="P14_S00331" HPOS="1667" VPOS="2416" WIDTH="46" HEIGHT="53" STYLEREFS="StyleId-1" CONTENT="to" WC="0.385" CC="84" />
          </TextLine>
          <TextLine ID="P14_TL00035" HPOS="196" VPOS="2484" WIDTH="1518" HEIGHT="35">
            <String ID="P14_S00332" HPOS="196" VPOS="2486" WIDTH="124" HEIGHT="41" STYLEREFS="StyleId-1" CONTENT="write" WC="0.672" CC="93300" />
            <SP ID="P14_SP00298" WIDTH="0" HPOS="0" VPOS="0" />
            <String ID="P14_S00333" HPOS="330" VPOS="2485" WIDTH="75" HEIGHT="42" STYLEREFS="StyleId-1" CONTENT="the" WC="0.623333335" CC="065" />
            <SP ID="P14_SP00299" WIDTH="0" HPOS="0" VPOS="0" />
            <String ID="P14_S00334" HPOS="424" VPOS="2483" WIDTH="171" HEIGHT="46" STYLEREFS="StyleId-1" CONTENT="history" WC="0.812857151" CC="00000310" />
            <SP ID="P14_SP00300" WIDTH="0" HPOS="0" VPOS="0" />
            <String ID="P14_S00335" HPOS="611" VPOS="2481" WIDTH="47" HEIGHT="48" STYLEREFS="StyleId-1" CONTENT="of" WC="0.66" CC="42" />
            <SP ID="P14_SP00301" WIDTH="0" HPOS="0" VPOS="0" />
            <String ID="P14_S00336" HPOS="672" VPOS="2479" WIDTH="183" HEIGHT="50" STYLEREFS="StyleId-1" CONTENT="medical" WC="0.8857143" CC="0002500" />
            <SP ID="P14_SP00302" WIDTH="0" HPOS="0" VPOS="0" />
            <String ID="P14_S00337" HPOS="878" VPOS="2478" WIDTH="85" HEIGHT="51" STYLEREFS="StyleId-1" CONTENT="and" WC="0.263333321" CC="1056" />
            <SP ID="P14_SP00303" WIDTH="0" HPOS="0" VPOS="0" />
            <String ID="P14_S00338" HPOS="1003" VPOS="2477" WIDTH="173" HEIGHT="52" STYLEREFS="StyleId-1" CONTENT="natural" WC="0.76" CC="5106003" />
            <SP ID="P14_SP00304" WIDTH="0" HPOS="0" VPOS="0" />
            <String ID="P14_S00339" HPOS="1216" VPOS="2477" WIDTH="191" HEIGHT="52" STYLEREFS="StyleId-1" CONTENT="sciences" WC="0.6975" CC="00006376" />
            <SP ID="P14_SP00305" WIDTH="0" HPOS="0" VPOS="0" />
            <String ID="P14_S00340" HPOS="1456" VPOS="2482" WIDTH="120" HEIGHT="47" STYLEREFS="StyleId-1" CONTENT="miist" WC="0.464" CC="50777" />
            <SP ID="P14_SP00306" WIDTH="0" HPOS="0" VPOS="0" />
            <String ID="P14_S00341" HPOS="1609" VPOS="2477" WIDTH="104" HEIGHT="52" STYLEREFS="StyleId-1" CONTENT="read" WC="0.385" CC="61106" />
          </TextLine>
        </TextBlock>
      </PrintSpace>
    </Page>
  </Layout>
</alto>