<?xml version="1.0" encoding="utf-8"?>
<alto xmlns:xlink="http://www.w3.org/1999/xlink" xmlns:xsi="http://www.w3.org/2001/XMLSchema-instance" xsi:schemaLocation="http://www.loc.gov/standards/alto/ns-v2# http://www.loc.gov/standards/alto/alto-v2.0.xsd" xmlns="http://www.loc.gov/standards/alto/ns-v2#">
  <Description>
    <MeasurementUnit>pixel</MeasurementUnit>
    <sourceImageInformation>
      <fileName>0000008.tif</fileName>
    </sourceImageInformation>
    <OCRProcessing ID="Processing">
      <ocrProcessingStep>
        <processingStepSettings>Image Resolution:400</processingStepSettings>
        <processingSoftware>
          <softwareCreator>I2S Kirtas</softwareCreator>
          <softwareName>Limb</softwareName>
          <softwareVersion>1.0</softwareVersion>
          <applicationDescription>Abbyy10 OCR Engine</applicationDescription>
        </processingSoftware>
      </ocrProcessingStep>
    </OCRProcessing>
  </Description>
  <Styles>
    <TextStyle ID="StyleId-0" FONTSIZE="8" FONTFAMILY="Times New Roman" />
    <TextStyle ID="StyleId-1" FONTSIZE="9" FONTFAMILY="Times New Roman" />
  </Styles>
  <Layout>
    <Page ID="P8" PHYSICAL_IMG_NR="8" HEIGHT="2800" WIDTH="1900" ACCURACY="0.8485599" QUALITY_DETAIL="217 words, 1093 chars, 940 with recognition greater than 50% (86.00%)">
      <TopMargin ID="P8_TM00001" HPOS="0" VPOS="0" WIDTH="1900" HEIGHT="178" />
      <LeftMargin ID="P8_LM00001" HPOS="0" VPOS="178" WIDTH="181" HEIGHT="1778" />
      <RightMargin ID="P8_RM00001" HPOS="1726" VPOS="178" WIDTH="174" HEIGHT="1778" />
      <BottomMargin ID="P8_BM00001" HPOS="0" VPOS="1956" WIDTH="1900" HEIGHT="844" />
      <PrintSpace ID="P8_PS00001" HPOS="181" VPOS="178" WIDTH="1545" HEIGHT="1778">
        <TextBlock ID="P8_TB00001" HPOS="185" VPOS="182" WIDTH="38" HEIGHT="50">
          <TextLine ID="P8_TL00001" HPOS="193" VPOS="190" WIDTH="22" HEIGHT="34">
            <String ID="P8_S00001" HPOS="193" VPOS="190" WIDTH="22" HEIGHT="34" STYLEREFS="StyleId-0" CONTENT="6" WC="0.85" CC="1" />
          </TextLine>
        </TextBlock>
        <TextBlock ID="P8_TB00002" HPOS="664" VPOS="178" WIDTH="569" HEIGHT="54">
          <TextLine ID="P8_TL00002" HPOS="672" VPOS="186" WIDTH="553" HEIGHT="38">
            <String ID="P8_S00002" HPOS="672" VPOS="188" WIDTH="202" HEIGHT="36" STYLEREFS="StyleId-0" CONTENT="WOMAN" WC="0.942" CC="02000" />
            <SP ID="P8_SP00001" WIDTH="0" HPOS="0" VPOS="0" />
            <String ID="P8_S00003" HPOS="891" VPOS="188" WIDTH="58" HEIGHT="36" STYLEREFS="StyleId-0" CONTENT="IN" WC="0.795" CC="40" />
            <SP ID="P8_SP00002" WIDTH="0" HPOS="0" VPOS="0" />
            <String ID="P8_S00004" HPOS="968" VPOS="186" WIDTH="257" HEIGHT="38" STYLEREFS="StyleId-0" CONTENT="MEDICINE" WC="0.875" CC="00003006" />
          </TextLine>
        </TextBlock>
        <TextBlock ID="P8_TB00003" HPOS="181" VPOS="291" WIDTH="1545" HEIGHT="1665">
          <TextLine ID="P8_TL00003" HPOS="193" VPOS="299" WIDTH="1523" HEIGHT="54">
            <String ID="P8_S00005" HPOS="193" VPOS="306" WIDTH="91" HEIGHT="39" STYLEREFS="StyleId-1" CONTENT="also" WC="1" CC="0000" />
            <SP ID="P8_SP00003" WIDTH="0" HPOS="0" VPOS="0" />
            <String ID="P8_S00006" HPOS="306" VPOS="320" WIDTH="24" HEIGHT="25" STYLEREFS="StyleId-1" CONTENT="a" WC="1" CC="0" />
            <SP ID="P8_SP00004" WIDTH="0" HPOS="0" VPOS="0" />
            <String ID="P8_S00007" HPOS="345" VPOS="307" WIDTH="229" HEIGHT="45" STYLEREFS="StyleId-1" CONTENT="musician," WC="0.7122222" CC="863304000" />
            <SP ID="P8_SP00005" WIDTH="0" HPOS="0" VPOS="0" />
            <String ID="P8_S00008" HPOS="595" VPOS="306" WIDTH="166" HEIGHT="47" STYLEREFS="StyleId-1" CONTENT="having" WC="0.555" CC="460357" />
            <SP ID="P8_SP00006" WIDTH="0" HPOS="0" VPOS="0" />
            <String ID="P8_S00009" HPOS="780" VPOS="305" WIDTH="174" HEIGHT="48" STYLEREFS="StyleId-1" CONTENT="studied" WC="0.7342857" CC="0065105" />
            <SP ID="P8_SP00007" WIDTH="0" HPOS="0" VPOS="0" />
            <String ID="P8_S00010" HPOS="976" VPOS="305" WIDTH="74" HEIGHT="48" STYLEREFS="StyleId-1" CONTENT="the" WC="0.896666646" CC="110" />
            <SP ID="P8_SP00008" WIDTH="0" HPOS="0" VPOS="0" />
            <String ID="P8_S00011" HPOS="1063" VPOS="315" WIDTH="136" HEIGHT="38" STYLEREFS="StyleId-1" CONTENT="organ" WC="0.57" CC="03773" />
            <SP ID="P8_SP00009" WIDTH="0" HPOS="0" VPOS="0" />
            <String ID="P8_S00012" HPOS="1212" VPOS="301" WIDTH="216" HEIGHT="52" STYLEREFS="StyleId-1" CONTENT="carefully" WC="0.895555556" CC="026000000" />
            <SP ID="P8_SP00010" WIDTH="0" HPOS="0" VPOS="0" />
            <String ID="P8_S00013" HPOS="1448" VPOS="299" WIDTH="143" HEIGHT="54" STYLEREFS="StyleId-1" CONTENT="under" WC="0.806" CC="36000" />
            <SP ID="P8_SP00011" WIDTH="0" HPOS="0" VPOS="0" />
            <String ID="P8_S00014" HPOS="1600" VPOS="299" WIDTH="116" HEIGHT="54" STYLEREFS="StyleId-1" CONTENT="John" WC="0.6825" CC="3062" />
          </TextLine>
          <TextLine ID="P8_TL00004" HPOS="189" VPOS="364" WIDTH="1524" HEIGHT="56">
            <String ID="P8_S00015" HPOS="189" VPOS="373" WIDTH="168" HEIGHT="38" STYLEREFS="StyleId-1" CONTENT="Zundel" WC="0.706666648" CC="055041" />
            <SP ID="P8_SP00012" WIDTH="0" HPOS="0" VPOS="0" />
            <String ID="P8_S00016" HPOS="390" VPOS="372" WIDTH="45" HEIGHT="39" STYLEREFS="StyleId-1" CONTENT="of" WC="0.78" CC="04" />
            <SP ID="P8_SP00013" WIDTH="0" HPOS="0" VPOS="0" />
            <String ID="P8_S00017" HPOS="470" VPOS="372" WIDTH="236" HEIGHT="48" STYLEREFS="StyleId-1" CONTENT="Plymouth" WC="0.79375" CC="55320000" />
            <SP ID="P8_SP00014" WIDTH="0" HPOS="0" VPOS="0" />
            <String ID="P8_S00018" HPOS="722" VPOS="371" WIDTH="177" HEIGHT="49" STYLEREFS="StyleId-1" CONTENT="Church" WC="0.886666656" CC="004100" />
            <SP ID="P8_SP00015" WIDTH="0" HPOS="0" VPOS="0" />
            <String ID="P8_S00019" HPOS="949" VPOS="370" WIDTH="84" HEIGHT="50" STYLEREFS="StyleId-1" CONTENT="and" WC="0.7966667" CC="060" />
            <SP ID="P8_SP00016" WIDTH="0" HPOS="0" VPOS="0" />
            <String ID="P8_S00020" HPOS="1075" VPOS="369" WIDTH="108" HEIGHT="51" STYLEREFS="StyleId-1" CONTENT="later" WC="0.994" CC="00000" />
            <SP ID="P8_SP00017" WIDTH="0" HPOS="0" VPOS="0" />
            <String ID="P8_S00021" HPOS="1225" VPOS="365" WIDTH="140" HEIGHT="55" STYLEREFS="StyleId-1" CONTENT="under" WC="0.93" CC="00003" />
            <SP ID="P8_SP00018" WIDTH="0" HPOS="0" VPOS="0" />
            <String ID="P8_S00022" HPOS="1399" VPOS="368" WIDTH="156" HEIGHT="52" STYLEREFS="StyleId-1" CONTENT="Henry" WC="0.872" CC="30030" />
            <SP ID="P8_SP00019" WIDTH="0" HPOS="0" VPOS="0" />
            <String ID="P8_S00023" HPOS="1597" VPOS="364" WIDTH="116" HEIGHT="56" STYLEREFS="StyleId-1" CONTENT="Eyre" WC="0.685" CC="6050" />
          </TextLine>
          <TextLine ID="P8_TL00005" HPOS="197" VPOS="431" WIDTH="1521" HEIGHT="54">
            <String ID="P8_S00024" HPOS="197" VPOS="439" WIDTH="183" HEIGHT="39" STYLEREFS="StyleId-1" CONTENT="Browne" WC="0.6716667" CC="420570" />
            <SP ID="P8_SP00020" WIDTH="0" HPOS="0" VPOS="0" />
            <String ID="P8_S00025" HPOS="421" VPOS="438" WIDTH="46" HEIGHT="40" STYLEREFS="StyleId-1" CONTENT="of" WC="0.855" CC="02" />
            <SP ID="P8_SP00021" WIDTH="0" HPOS="0" VPOS="0" />
            <String ID="P8_S00026" HPOS="487" VPOS="439" WIDTH="75" HEIGHT="39" STYLEREFS="StyleId-1" CONTENT="the" WC="0.7633333" CC="070" />
            <SP ID="P8_SP00022" WIDTH="0" HPOS="0" VPOS="0" />
            <String ID="P8_S00027" HPOS="583" VPOS="437" WIDTH="223" HEIGHT="48" STYLEREFS="StyleId-1" CONTENT="Brooklyn" WC="0.69375" CC="63305203" />
            <SP ID="P8_SP00023" WIDTH="0" HPOS="0" VPOS="0" />
            <String ID="P8_S00028" HPOS="847" VPOS="434" WIDTH="281" HEIGHT="51" STYLEREFS="StyleId-1" CONTENT="Tabernacle," WC="0.6818182" CC="74200490403" />
            <SP ID="P8_SP00024" WIDTH="0" HPOS="0" VPOS="0" />
            <String ID="P8_S00029" HPOS="1155" VPOS="436" WIDTH="85" HEIGHT="49" STYLEREFS="StyleId-1" CONTENT="and" WC="0.7633333" CC="070" />
            <SP ID="P8_SP00025" WIDTH="0" HPOS="0" VPOS="0" />
            <String ID="P8_S00030" HPOS="1278" VPOS="434" WIDTH="152" HEIGHT="51" STYLEREFS="StyleId-1" CONTENT="served" WC="0.8983333" CC="006000" />
            <SP ID="P8_SP00026" WIDTH="0" HPOS="0" VPOS="0" />
            <String ID="P8_S00031" HPOS="1453" VPOS="446" WIDTH="45" HEIGHT="39" STYLEREFS="StyleId-1" CONTENT="as" WC="1" CC="00" />
            <SP ID="P8_SP00027" WIDTH="0" HPOS="0" VPOS="0" />
            <String ID="P8_S00032" HPOS="1541" VPOS="431" WIDTH="177" HEIGHT="54" STYLEREFS="StyleId-1" CONTENT="Church" WC="0.8833333" CC="070000" />
          </TextLine>
          <TextLine ID="P8_TL00006" HPOS="192" VPOS="499" WIDTH="1523" HEIGHT="52">
            <String ID="P8_S00033" HPOS="192" VPOS="503" WIDTH="212" HEIGHT="48" STYLEREFS="StyleId-1" CONTENT="organist," WC="0.8922222" CC="500000004" />
            <SP ID="P8_SP00028" WIDTH="0" HPOS="0" VPOS="0" />
            <String ID="P8_S00034" HPOS="420" VPOS="504" WIDTH="159" HEIGHT="47" STYLEREFS="StyleId-1" CONTENT="Bridge" WC="0.79" CC="623000" />
            <SP ID="P8_SP00029" WIDTH="0" HPOS="0" VPOS="0" />
            <String ID="P8_S00035" HPOS="591" VPOS="503" WIDTH="65" HEIGHT="48" STYLEREFS="StyleId-1" CONTENT="St." WC="0.5133333" CC="707" />
            <SP ID="P8_SP00030" WIDTH="0" HPOS="0" VPOS="0" />
            <String ID="P8_S00036" HPOS="679" VPOS="503" WIDTH="57" HEIGHT="48" STYLEREFS="StyleId-1" CONTENT="A." WC="0.775" CC="04" />
            <SP ID="P8_SP00031" WIDTH="0" HPOS="0" VPOS="0" />
            <String ID="P8_S00037" HPOS="763" VPOS="504" WIDTH="63" HEIGHT="47" STYLEREFS="StyleId-1" CONTENT="M." WC="0.915" CC="01" />
            <SP ID="P8_SP00032" WIDTH="0" HPOS="0" VPOS="0" />
            <String ID="P8_S00038" HPOS="845" VPOS="501" WIDTH="53" HEIGHT="50" STYLEREFS="StyleId-1" CONTENT="E." WC="0.85" CC="03" />
            <SP ID="P8_SP00033" WIDTH="0" HPOS="0" VPOS="0" />
            <String ID="P8_S00039" HPOS="919" VPOS="501" WIDTH="178" HEIGHT="50" STYLEREFS="StyleId-1" CONTENT="Church" WC="0.9716667" CC="100000" />
            <SP ID="P8_SP00034" WIDTH="0" HPOS="0" VPOS="0" />
            <String ID="P8_S00040" HPOS="1119" VPOS="504" WIDTH="50" HEIGHT="47" STYLEREFS="StyleId-1" CONTENT="23" WC="0.635" CC="07" />
            <SP ID="P8_SP00035" WIDTH="0" HPOS="0" VPOS="0" />
            <String ID="P8_S00041" HPOS="1186" VPOS="512" WIDTH="141" HEIGHT="39" STYLEREFS="StyleId-1" CONTENT="years," WC="0.695" CC="309302" />
            <SP ID="P8_SP00036" WIDTH="0" HPOS="0" VPOS="0" />
            <String ID="P8_S00042" HPOS="1347" VPOS="499" WIDTH="202" HEIGHT="52" STYLEREFS="StyleId-1" CONTENT="Bethany" WC="0.642857134" CC="70001070" />
            <SP ID="P8_SP00037" WIDTH="0" HPOS="0" VPOS="0" />
            <String ID="P8_S00043" HPOS="1585" VPOS="499" WIDTH="130" HEIGHT="52" STYLEREFS="StyleId-1" CONTENT="Bapt¬" WC="0.87" CC="50000" />
          </TextLine>
          <TextLine ID="P8_TL00007" HPOS="194" VPOS="569" WIDTH="538" HEIGHT="48">
            <String ID="P8_S00044" HPOS="194" VPOS="569" WIDTH="57" HEIGHT="39" STYLEREFS="StyleId-1" CONTENT="ist" WC="0.886666656" CC="300" />
            <SP ID="P8_SP00038" WIDTH="0" HPOS="0" VPOS="0" />
            <String ID="P8_S00045" HPOS="272" VPOS="570" WIDTH="193" HEIGHT="46" STYLEREFS="StyleId-1" CONTENT="Church," WC="0.768571436" CC="0033072" />
            <SP ID="P8_SP00039" WIDTH="0" HPOS="0" VPOS="0" />
            <String ID="P8_S00046" HPOS="490" VPOS="579" WIDTH="86" HEIGHT="37" STYLEREFS="StyleId-1" CONTENT="two" WC="0.793333352" CC="600" />
            <SP ID="P8_SP00040" WIDTH="0" HPOS="0" VPOS="0" />
            <String ID="P8_S00047" HPOS="592" VPOS="581" WIDTH="140" HEIGHT="36" STYLEREFS="StyleId-1" CONTENT="years." WC="0.925" CC="000004" />
          </TextLine>
          <TextLine ID="P8_TL00008" HPOS="280" VPOS="629" WIDTH="1432" HEIGHT="52">
            <String ID="P8_S00048" HPOS="280" VPOS="637" WIDTH="159" HEIGHT="37" STYLEREFS="StyleId-1" CONTENT="Doctor" WC="0.8566667" CC="500003" />
            <SP ID="P8_SP00041" WIDTH="0" HPOS="0" VPOS="0" />
            <String ID="P8_S00049" HPOS="460" VPOS="636" WIDTH="195" HEIGHT="39" STYLEREFS="StyleId-1" CONTENT="Steward" WC="0.9357143" CC="0003000" />
            <SP ID="P8_SP00042" WIDTH="0" HPOS="0" VPOS="0" />
            <String ID="P8_S00050" HPOS="679" VPOS="635" WIDTH="35" HEIGHT="40" STYLEREFS="StyleId-1" CONTENT="is" WC="0.745" CC="50" />
            <SP ID="P8_SP00043" WIDTH="0" HPOS="0" VPOS="0" />
            <String ID="P8_S00051" HPOS="737" VPOS="640" WIDTH="43" HEIGHT="35" STYLEREFS="StyleId-1" CONTENT="at" WC="1" CC="00" />
            <SP ID="P8_SP00044" WIDTH="0" HPOS="0" VPOS="0" />
            <String ID="P8_S00052" HPOS="801" VPOS="639" WIDTH="176" HEIGHT="42" STYLEREFS="StyleId-1" CONTENT="present" WC="0.8528572" CC="4100040" />
            <SP ID="P8_SP00045" WIDTH="0" HPOS="0" VPOS="0" />
            <String ID="P8_S00053" HPOS="998" VPOS="632" WIDTH="193" HEIGHT="49" STYLEREFS="StyleId-1" CONTENT="resident" WC="0.9" CC="00250000" />
            <SP ID="P8_SP00046" WIDTH="0" HPOS="0" VPOS="0" />
            <String ID="P8_S00054" HPOS="1208" VPOS="631" WIDTH="230" HEIGHT="50" STYLEREFS="StyleId-1" CONTENT="physician" WC="0.771111131" CC="009040401" />
            <SP ID="P8_SP00047" WIDTH="0" HPOS="0" VPOS="0" />
            <String ID="P8_S00055" HPOS="1462" VPOS="636" WIDTH="43" HEIGHT="45" STYLEREFS="StyleId-1" CONTENT="at" WC="1" CC="00" />
            <SP ID="P8_SP00048" WIDTH="0" HPOS="0" VPOS="0" />
            <String ID="P8_S00056" HPOS="1527" VPOS="629" WIDTH="185" HEIGHT="52" STYLEREFS="StyleId-1" CONTENT="Wilber-" WC="0.8414286" CC="0500022" />
          </TextLine>
          <TextLine ID="P8_TL00009" HPOS="197" VPOS="694" WIDTH="1513" HEIGHT="54">
            <String ID="P8_S00057" HPOS="197" VPOS="700" WIDTH="117" HEIGHT="40" STYLEREFS="StyleId-1" CONTENT="force" WC="0.85" CC="30201" />
            <SP ID="P8_SP00049" WIDTH="0" HPOS="0" VPOS="0" />
            <String ID="P8_S00058" HPOS="354" VPOS="700" WIDTH="256" HEIGHT="48" STYLEREFS="StyleId-1" CONTENT="University" WC="0.879" CC="0600000500" />
            <SP ID="P8_SP00050" WIDTH="0" HPOS="0" VPOS="0" />
            <String ID="P8_S00059" HPOS="644" VPOS="701" WIDTH="107" HEIGHT="47" STYLEREFS="StyleId-1" CONTENT="with" WC="0.8825" CC="0040" />
            <SP ID="P8_SP00051" WIDTH="0" HPOS="0" VPOS="0" />
            <String ID="P8_S00060" HPOS="792" VPOS="700" WIDTH="162" HEIGHT="48" STYLEREFS="StyleId-1" CONTENT="which," WC="0.913333356" CC="005000" />
            <SP ID="P8_SP00052" WIDTH="0" HPOS="0" VPOS="0" />
            <String ID="P8_S00061" HPOS="973" VPOS="700" WIDTH="77" HEIGHT="48" STYLEREFS="StyleId-1" CONTENT="her" WC="0.92" CC="002" />
            <SP ID="P8_SP00053" WIDTH="0" HPOS="0" VPOS="0" />
            <String ID="P8_S00062" HPOS="1091" VPOS="698" WIDTH="202" HEIGHT="50" STYLEREFS="StyleId-1" CONTENT="husband" WC="0.83" CC="0500060" />
            <SP ID="P8_SP00054" WIDTH="0" HPOS="0" VPOS="0" />
            <String ID="P8_S00063" HPOS="1336" VPOS="697" WIDTH="215" HEIGHT="51" STYLEREFS="StyleId-1" CONTENT="Chaplain" WC="0.855" CC="05100005" />
            <SP ID="P8_SP00055" WIDTH="0" HPOS="0" VPOS="0" />
            <String ID="P8_S00064" HPOS="1573" VPOS="694" WIDTH="53" HEIGHT="54" STYLEREFS="StyleId-1" CONTENT="T." WC="0.43" CC="74" />
            <SP ID="P8_SP00056" WIDTH="0" HPOS="0" VPOS="0" />
            <String ID="P8_S00065" HPOS="1652" VPOS="695" WIDTH="58" HEIGHT="53" STYLEREFS="StyleId-1" CONTENT="G." WC="0.5" CC="54" />
          </TextLine>
          <TextLine ID="P8_TL00010" HPOS="196" VPOS="761" WIDTH="1517" HEIGHT="51">
            <String ID="P8_S00066" HPOS="196" VPOS="766" WIDTH="210" HEIGHT="46" STYLEREFS="StyleId-1" CONTENT="Steward," WC="0.89875" CC="50000200" />
            <SP ID="P8_SP00057" WIDTH="0" HPOS="0" VPOS="0" />
            <String ID="P8_S00067" HPOS="434" VPOS="779" WIDTH="54" HEIGHT="33" STYLEREFS="StyleId-1" CONTENT="an" WC="1" CC="00" />
            <SP ID="P8_SP00058" WIDTH="0" HPOS="0" VPOS="0" />
            <String ID="P8_S00068" HPOS="512" VPOS="766" WIDTH="157" HEIGHT="46" STYLEREFS="StyleId-1" CONTENT="author" WC="0.9683333" CC="000001" />
            <SP ID="P8_SP00059" WIDTH="0" HPOS="0" VPOS="0" />
            <String ID="P8_S00069" HPOS="691" VPOS="766" WIDTH="45" HEIGHT="46" STYLEREFS="StyleId-1" CONTENT="of" WC="0.875" CC="20" />
            <SP ID="P8_SP00060" WIDTH="0" HPOS="0" VPOS="0" />
            <String ID="P8_S00070" HPOS="758" VPOS="764" WIDTH="345" HEIGHT="48" STYLEREFS="StyleId-1" CONTENT="reputation—is" WC="0.6623077" CC="20075100201950" />
            <SP ID="P8_SP00061" WIDTH="0" HPOS="0" VPOS="0" />
            <String ID="P8_S00071" HPOS="1123" VPOS="764" WIDTH="258" HEIGHT="48" STYLEREFS="StyleId-1" CONTENT="connected." WC="0.939" CC="0060000000" />
            <SP ID="P8_SP00062" WIDTH="0" HPOS="0" VPOS="0" />
            <String ID="P8_S00072" HPOS="1434" VPOS="761" WIDTH="97" HEIGHT="51" STYLEREFS="StyleId-1" CONTENT="The" WC="0.75666666" CC="700" />
            <SP ID="P8_SP00063" WIDTH="0" HPOS="0" VPOS="0" />
            <String ID="P8_S00073" HPOS="1552" VPOS="764" WIDTH="161" HEIGHT="48" STYLEREFS="StyleId-1" CONTENT="Doctor" WC="0.8666667" CC="600001" />
          </TextLine>
          <TextLine ID="P8_TL00011" HPOS="195" VPOS="828" WIDTH="1518" HEIGHT="50">
            <String ID="P8_S00074" HPOS="195" VPOS="831" WIDTH="76" HEIGHT="38" STYLEREFS="StyleId-1" CONTENT="has" WC="0.803333342" CC="005" />
            <SP ID="P8_SP00064" WIDTH="0" HPOS="0" VPOS="0" />
            <String ID="P8_S00075" HPOS="312" VPOS="832" WIDTH="210" HEIGHT="38" STYLEREFS="StyleId-1" CONTENT="travelled" WC="0.924444437" CC="000105000" />
            <SP ID="P8_SP00065" WIDTH="0" HPOS="0" VPOS="0" />
            <String ID="P8_S00076" HPOS="572" VPOS="831" WIDTH="276" HEIGHT="47" STYLEREFS="StyleId-1" CONTENT="extensively" WC="0.8809091" CC="000000000310" />
            <SP ID="P8_SP00066" WIDTH="0" HPOS="0" VPOS="0" />
            <String ID="P8_S00077" HPOS="894" VPOS="843" WIDTH="103" HEIGHT="35" STYLEREFS="StyleId-1" CONTENT="over" WC="1" CC="0000" />
            <SP ID="P8_SP00067" WIDTH="0" HPOS="0" VPOS="0" />
            <String ID="P8_S00078" HPOS="1030" VPOS="831" WIDTH="77" HEIGHT="47" STYLEREFS="StyleId-1" CONTENT="her" WC="0.9266667" CC="002" />
            <SP ID="P8_SP00068" WIDTH="0" HPOS="0" VPOS="0" />
            <String ID="P8_S00079" HPOS="1145" VPOS="842" WIDTH="99" HEIGHT="36" STYLEREFS="StyleId-1" CONTENT="own" WC="0.873333335" CC="300" />
            <SP ID="P8_SP00069" WIDTH="0" HPOS="0" VPOS="0" />
            <String ID="P8_S00080" HPOS="1280" VPOS="834" WIDTH="189" HEIGHT="44" STYLEREFS="StyleId-1" CONTENT="country" WC="0.898571432" CC="0005010" />
            <SP ID="P8_SP00070" WIDTH="0" HPOS="0" VPOS="0" />
            <String ID="P8_S00081" HPOS="1512" VPOS="828" WIDTH="85" HEIGHT="50" STYLEREFS="StyleId-1" CONTENT="and" WC="1" CC="000" />
            <SP ID="P8_SP00071" WIDTH="0" HPOS="0" VPOS="0" />
            <String ID="P8_S00082" HPOS="1632" VPOS="828" WIDTH="81" HEIGHT="50" STYLEREFS="StyleId-1" CONTENT="has" WC="0.863333344" CC="004" />
          </TextLine>
          <TextLine ID="P8_TL00012" HPOS="193" VPOS="894" WIDTH="1348" HEIGHT="50">
            <String ID="P8_S00083" HPOS="193" VPOS="897" WIDTH="186" HEIGHT="47" STYLEREFS="StyleId-1" CONTENT="enjoyed" WC="0.8428571" CC="4010005" />
            <SP ID="P8_SP00072" WIDTH="0" HPOS="0" VPOS="0" />
            <String ID="P8_S00084" HPOS="400" VPOS="896" WIDTH="231" HEIGHT="48" STYLEREFS="StyleId-1" CONTENT="European" WC="0.88125" CC="00404000" />
            <SP ID="P8_SP00073" WIDTH="0" HPOS="0" VPOS="0" />
            <String ID="P8_S00085" HPOS="653" VPOS="903" WIDTH="122" HEIGHT="41" STYLEREFS="StyleId-1" CONTENT="tours" WC="0.738" CC="00670" />
            <SP ID="P8_SP00074" WIDTH="0" HPOS="0" VPOS="0" />
            <String ID="P8_S00086" HPOS="795" VPOS="897" WIDTH="45" HEIGHT="47" STYLEREFS="StyleId-1" CONTENT="in" WC="0.715" CC="14" />
            <SP ID="P8_SP00075" WIDTH="0" HPOS="0" VPOS="0" />
            <String ID="P8_S00087" HPOS="862" VPOS="908" WIDTH="216" HEIGHT="36" STYLEREFS="StyleId-1" CONTENT="company" WC="0.917142868" CC="0000050" />
            <SP ID="P8_SP00076" WIDTH="0" HPOS="0" VPOS="0" />
            <String ID="P8_S00088" HPOS="1098" VPOS="896" WIDTH="107" HEIGHT="48" STYLEREFS="StyleId-1" CONTENT="with" WC="1" CC="0000" />
            <SP ID="P8_SP00077" WIDTH="0" HPOS="0" VPOS="0" />
            <String ID="P8_S00089" HPOS="1227" VPOS="897" WIDTH="77" HEIGHT="47" STYLEREFS="StyleId-1" CONTENT="her" WC="0.92" CC="002" />
            <SP ID="P8_SP00078" WIDTH="0" HPOS="0" VPOS="0" />
            <String ID="P8_S00090" HPOS="1324" VPOS="894" WIDTH="217" HEIGHT="50" STYLEREFS="StyleId-1" CONTENT="husband." WC="0.82125" CC="05000404" />
          </TextLine>
          <TextLine ID="P8_TL00013" HPOS="276" VPOS="959" WIDTH="1436" HEIGHT="51">
            <String ID="P8_S00091" HPOS="276" VPOS="965" WIDTH="126" HEIGHT="44" STYLEREFS="StyleId-1" CONTENT="Now," WC="0.945" CC="1000" />
            <SP ID="P8_SP00079" WIDTH="0" HPOS="0" VPOS="0" />
            <String ID="P8_S00092" HPOS="420" VPOS="963" WIDTH="285" HEIGHT="47" STYLEREFS="StyleId-1" CONTENT="delightfully" WC="0.7758333" CC="0002100640110" />
            <SP ID="P8_SP00080" WIDTH="0" HPOS="0" VPOS="0" />
            <String ID="P8_S00093" HPOS="739" VPOS="963" WIDTH="168" HEIGHT="47" STYLEREFS="StyleId-1" CONTENT="located" WC="0.948571444" CC="3000000" />
            <SP ID="P8_SP00081" WIDTH="0" HPOS="0" VPOS="0" />
            <String ID="P8_S00094" HPOS="930" VPOS="962" WIDTH="44" HEIGHT="48" STYLEREFS="StyleId-1" CONTENT="in" WC="0.755" CC="40" />
            <SP ID="P8_SP00082" WIDTH="0" HPOS="0" VPOS="0" />
            <String ID="P8_S00095" HPOS="998" VPOS="975" WIDTH="23" HEIGHT="35" STYLEREFS="StyleId-1" CONTENT="a" WC="1" CC="0" />
            <SP ID="P8_SP00083" WIDTH="0" HPOS="0" VPOS="0" />
            <String ID="P8_S00096" HPOS="1037" VPOS="961" WIDTH="88" HEIGHT="49" STYLEREFS="StyleId-1" CONTENT="fine" WC="0.9575" CC="0010" />
            <SP ID="P8_SP00084" WIDTH="0" HPOS="0" VPOS="0" />
            <String ID="P8_S00097" HPOS="1140" VPOS="961" WIDTH="235" HEIGHT="49" STYLEREFS="StyleId-1" CONTENT="luxurious" WC="0.8933333" CC="150000020" />
            <SP ID="P8_SP00085" WIDTH="0" HPOS="0" VPOS="0" />
            <String ID="P8_S00098" HPOS="1408" VPOS="962" WIDTH="142" HEIGHT="48" STYLEREFS="StyleId-1" CONTENT="home," WC="0.914" CC="00012" />
            <SP ID="P8_SP00086" WIDTH="0" HPOS="0" VPOS="0" />
            <String ID="P8_S00099" HPOS="1577" VPOS="960" WIDTH="77" HEIGHT="50" STYLEREFS="StyleId-1" CONTENT="she" WC="0.8433333" CC="400" />
            <SP ID="P8_SP00087" WIDTH="0" HPOS="0" VPOS="0" />
            <String ID="P8_S00100" HPOS="1675" VPOS="959" WIDTH="37" HEIGHT="51" STYLEREFS="StyleId-1" CONTENT="is" WC="0.985" CC="00" />
          </TextLine>
          <TextLine ID="P8_TL00014" HPOS="197" VPOS="1024" WIDTH="1516" HEIGHT="52">
            <String ID="P8_S00101" HPOS="197" VPOS="1028" WIDTH="169" HEIGHT="47" STYLEREFS="StyleId-1" CONTENT="resting" WC="0.9042857" CC="0000060" />
            <SP ID="P8_SP00088" WIDTH="0" HPOS="0" VPOS="0" />
            <String ID="P8_S00102" HPOS="386" VPOS="1029" WIDTH="79" HEIGHT="46" STYLEREFS="StyleId-1" CONTENT="but" WC="0.7733333" CC="006" />
            <SP ID="P8_SP00089" WIDTH="0" HPOS="0" VPOS="0" />
            <String ID="P8_S00103" HPOS="486" VPOS="1034" WIDTH="78" HEIGHT="41" STYLEREFS="StyleId-1" CONTENT="not" WC="0.9166667" CC="200" />
            <SP ID="P8_SP00090" WIDTH="0" HPOS="0" VPOS="0" />
            <String ID="P8_S00104" HPOS="599" VPOS="1029" WIDTH="234" HEIGHT="47" STYLEREFS="StyleId-1" CONTENT="apathetic." WC="0.811" CC="5080000004" />
            <SP ID="P8_SP00091" WIDTH="0" HPOS="0" VPOS="0" />
            <String ID="P8_S00105" HPOS="895" VPOS="1028" WIDTH="87" HEIGHT="48" STYLEREFS="StyleId-1" CONTENT="She" WC="0.716666639" CC="404" />
            <SP ID="P8_SP00092" WIDTH="0" HPOS="0" VPOS="0" />
            <String ID="P8_S00106" HPOS="1018" VPOS="1027" WIDTH="36" HEIGHT="49" STYLEREFS="StyleId-1" CONTENT="is" WC="1" CC="00" />
            <SP ID="P8_SP00093" WIDTH="0" HPOS="0" VPOS="0" />
            <String ID="P8_S00107" HPOS="1076" VPOS="1027" WIDTH="161" HEIGHT="49" STYLEREFS="StyleId-1" CONTENT="always" WC="0.835" CC="018000" />
            <SP ID="P8_SP00094" WIDTH="0" HPOS="0" VPOS="0" />
            <String ID="P8_S00108" HPOS="1269" VPOS="1027" WIDTH="127" HEIGHT="49" STYLEREFS="StyleId-1" CONTENT="busy," WC="0.946" CC="00002" />
            <SP ID="P8_SP00095" WIDTH="0" HPOS="0" VPOS="0" />
            <String ID="P8_S00109" HPOS="1424" VPOS="1027" WIDTH="84" HEIGHT="49" STYLEREFS="StyleId-1" CONTENT="and" WC="0.82" CC="050" />
            <SP ID="P8_SP00096" WIDTH="0" HPOS="0" VPOS="0" />
            <String ID="P8_S00110" HPOS="1532" VPOS="1038" WIDTH="46" HEIGHT="38" STYLEREFS="StyleId-1" CONTENT="as" WC="0.895" CC="01" />
            <SP ID="P8_SP00097" WIDTH="0" HPOS="0" VPOS="0" />
            <String ID="P8_S00111" HPOS="1599" VPOS="1024" WIDTH="114" HEIGHT="52" STYLEREFS="StyleId-1" CONTENT="alive" WC="0.84" CC="05200" />
          </TextLine>
          <TextLine ID="P8_TL00015" HPOS="198" VPOS="1093" WIDTH="846" HEIGHT="48">
            <String ID="P8_S00112" HPOS="198" VPOS="1105" WIDTH="46" HEIGHT="27" STYLEREFS="StyleId-1" CONTENT="as" WC="0.435" CC="55" />
            <SP ID="P8_SP00098" WIDTH="0" HPOS="0" VPOS="0" />
            <String ID="P8_S00113" HPOS="265" VPOS="1106" WIDTH="99" HEIGHT="27" STYLEREFS="StyleId-1" CONTENT="ever" WC="0.9975" CC="0000" />
            <SP ID="P8_SP00099" WIDTH="0" HPOS="0" VPOS="0" />
            <String ID="P8_S00114" HPOS="383" VPOS="1099" WIDTH="45" HEIGHT="34" STYLEREFS="StyleId-1" CONTENT="to" WC="1" CC="00" />
            <SP ID="P8_SP00100" WIDTH="0" HPOS="0" VPOS="0" />
            <String ID="P8_S00115" HPOS="450" VPOS="1096" WIDTH="73" HEIGHT="37" STYLEREFS="StyleId-1" CONTENT="the" WC="1" CC="000" />
            <SP ID="P8_SP00101" WIDTH="0" HPOS="0" VPOS="0" />
            <String ID="P8_S00116" HPOS="544" VPOS="1094" WIDTH="105" HEIGHT="39" STYLEREFS="StyleId-1" CONTENT="vital" WC="0.952" CC="00002" />
            <SP ID="P8_SP00102" WIDTH="0" HPOS="0" VPOS="0" />
            <String ID="P8_S00117" HPOS="672" VPOS="1094" WIDTH="138" HEIGHT="39" STYLEREFS="StyleId-1" CONTENT="issues" WC="0.886666656" CC="300300" />
            <SP ID="P8_SP00103" WIDTH="0" HPOS="0" VPOS="0" />
            <String ID="P8_S00118" HPOS="832" VPOS="1093" WIDTH="46" HEIGHT="40" STYLEREFS="StyleId-1" CONTENT="of" WC="0.93" CC="01" />
            <SP ID="P8_SP00104" WIDTH="0" HPOS="0" VPOS="0" />
            <String ID="P8_S00119" HPOS="897" VPOS="1094" WIDTH="147" HEIGHT="47" STYLEREFS="StyleId-1" CONTENT="today." WC="0.946666658" CC="300000" />
          </TextLine>
          <TextLine ID="P8_TL00016" HPOS="279" VPOS="1156" WIDTH="1432" HEIGHT="51">
            <String ID="P8_S00120" HPOS="279" VPOS="1157" WIDTH="96" HEIGHT="41" STYLEREFS="StyleId-1" CONTENT="The" WC="1" CC="000" />
            <SP ID="P8_SP00105" WIDTH="0" HPOS="0" VPOS="0" />
            <String ID="P8_S00121" HPOS="394" VPOS="1165" WIDTH="120" HEIGHT="42" STYLEREFS="StyleId-1" CONTENT="story" WC="0.796" CC="20340" />
            <SP ID="P8_SP00106" WIDTH="0" HPOS="0" VPOS="0" />
            <String ID="P8_S00122" HPOS="548" VPOS="1159" WIDTH="46" HEIGHT="48" STYLEREFS="StyleId-1" CONTENT="of" WC="0.645" CC="06" />
            <SP ID="P8_SP00107" WIDTH="0" HPOS="0" VPOS="0" />
            <String ID="P8_S00123" HPOS="615" VPOS="1160" WIDTH="77" HEIGHT="47" STYLEREFS="StyleId-1" CONTENT="her" WC="0.9" CC="030" />
            <SP ID="P8_SP00108" WIDTH="0" HPOS="0" VPOS="0" />
            <String ID="P8_S00124" HPOS="711" VPOS="1159" WIDTH="76" HEIGHT="48" STYLEREFS="StyleId-1" CONTENT="life" WC="0.915" CC="0030" />
            <SP ID="P8_SP00109" WIDTH="0" HPOS="0" VPOS="0" />
            <String ID="P8_S00125" HPOS="821" VPOS="1159" WIDTH="85" HEIGHT="48" STYLEREFS="StyleId-1" CONTENT="and" WC="0.863333344" CC="040" />
            <SP ID="P8_SP00110" WIDTH="0" HPOS="0" VPOS="0" />
            <String ID="P8_S00126" HPOS="929" VPOS="1159" WIDTH="46" HEIGHT="48" STYLEREFS="StyleId-1" CONTENT="of" WC="0.975" CC="00" />
            <SP ID="P8_SP00111" WIDTH="0" HPOS="0" VPOS="0" />
            <String ID="P8_S00127" HPOS="1009" VPOS="1159" WIDTH="77" HEIGHT="48" STYLEREFS="StyleId-1" CONTENT="her" WC="0.72" CC="701" />
            <SP ID="P8_SP00112" WIDTH="0" HPOS="0" VPOS="0" />
            <String ID="P8_S00128" HPOS="1106" VPOS="1158" WIDTH="122" HEIGHT="49" STYLEREFS="StyleId-1" CONTENT="work" WC="0.9525" CC="0010" />
            <SP ID="P8_SP00113" WIDTH="0" HPOS="0" VPOS="0" />
            <String ID="P8_S00129" HPOS="1250" VPOS="1158" WIDTH="36" HEIGHT="49" STYLEREFS="StyleId-1" CONTENT="is" WC="0.67" CC="60" />
            <SP ID="P8_SP00114" WIDTH="0" HPOS="0" VPOS="0" />
            <String ID="P8_S00130" HPOS="1320" VPOS="1158" WIDTH="202" HEIGHT="49" STYLEREFS="StyleId-1" CONTENT="valuable" WC="0.76625" CC="010005020" />
            <SP ID="P8_SP00115" WIDTH="0" HPOS="0" VPOS="0" />
            <String ID="P8_S00131" HPOS="1557" VPOS="1157" WIDTH="67" HEIGHT="50" STYLEREFS="StyleId-1" CONTENT="for" WC="0.68" CC="323" />
            <SP ID="P8_SP00116" WIDTH="0" HPOS="0" VPOS="0" />
            <String ID="P8_S00132" HPOS="1646" VPOS="1156" WIDTH="65" HEIGHT="51" STYLEREFS="StyleId-1" CONTENT="in¬" WC="0.99333334" CC="000" />
          </TextLine>
          <TextLine ID="P8_TL00017" HPOS="196" VPOS="1223" WIDTH="1515" HEIGHT="49">
            <String ID="P8_S00133" HPOS="196" VPOS="1225" WIDTH="225" HEIGHT="47" STYLEREFS="StyleId-1" CONTENT="spiration," WC="0.88" CC="0000002061" />
            <SP ID="P8_SP00117" WIDTH="0" HPOS="0" VPOS="0" />
            <String ID="P8_S00134" HPOS="443" VPOS="1226" WIDTH="67" HEIGHT="46" STYLEREFS="StyleId-1" CONTENT="for" WC="0.853333354" CC="004" />
            <SP ID="P8_SP00118" WIDTH="0" HPOS="0" VPOS="0" />
            <String ID="P8_S00135" HPOS="531" VPOS="1225" WIDTH="252" HEIGHT="47" STYLEREFS="StyleId-1" CONTENT="emulation," WC="0.751" CC="0460005070" />
            <SP ID="P8_SP00119" WIDTH="0" HPOS="0" VPOS="0" />
            <String ID="P8_S00136" HPOS="805" VPOS="1225" WIDTH="67" HEIGHT="47" STYLEREFS="StyleId-1" CONTENT="for" WC="0.77" CC="105" />
            <SP ID="P8_SP00120" WIDTH="0" HPOS="0" VPOS="0" />
            <String ID="P8_S00137" HPOS="892" VPOS="1225" WIDTH="234" HEIGHT="47" STYLEREFS="StyleId-1" CONTENT="imitation." WC="0.814" CC="2020003064" />
            <SP ID="P8_SP00121" WIDTH="0" HPOS="0" VPOS="0" />
            <String ID="P8_S00138" HPOS="1187" VPOS="1224" WIDTH="119" HEIGHT="48" STYLEREFS="StyleId-1" CONTENT="Such" WC="0.8175" CC="4200" />
            <SP ID="P8_SP00122" WIDTH="0" HPOS="0" VPOS="0" />
            <String ID="P8_S00139" HPOS="1326" VPOS="1224" WIDTH="108" HEIGHT="48" STYLEREFS="StyleId-1" CONTENT="lives" WC="0.88" CC="06000" />
            <SP ID="P8_SP00123" WIDTH="0" HPOS="0" VPOS="0" />
            <String ID="P8_S00140" HPOS="1456" VPOS="1236" WIDTH="72" HEIGHT="36" STYLEREFS="StyleId-1" CONTENT="are" WC="0.9066667" CC="020" />
            <SP ID="P8_SP00124" WIDTH="0" HPOS="0" VPOS="0" />
            <String ID="P8_S00141" HPOS="1548" VPOS="1223" WIDTH="163" HEIGHT="49" STYLEREFS="StyleId-1" CONTENT="beacon" WC="0.8616667" CC="000026" />
          </TextLine>
          <TextLine ID="P8_TL00018" HPOS="198" VPOS="1287" WIDTH="1513" HEIGHT="50">
            <String ID="P8_S00142" HPOS="198" VPOS="1290" WIDTH="135" HEIGHT="47" STYLEREFS="StyleId-1" CONTENT="lights" WC="0.8666667" CC="520000" />
            <SP ID="P8_SP00125" WIDTH="0" HPOS="0" VPOS="0" />
            <String ID="P8_S00143" HPOS="383" VPOS="1290" WIDTH="302" HEIGHT="47" STYLEREFS="StyleId-1" CONTENT="illuminating" WC="0.670833349" CC="531004080590" />
            <SP ID="P8_SP00126" WIDTH="0" HPOS="0" VPOS="0" />
            <String ID="P8_S00144" HPOS="718" VPOS="1292" WIDTH="74" HEIGHT="45" STYLEREFS="StyleId-1" CONTENT="the" WC="1" CC="000" />
            <SP ID="P8_SP00127" WIDTH="0" HPOS="0" VPOS="0" />
            <String ID="P8_S00145" HPOS="823" VPOS="1296" WIDTH="154" HEIGHT="41" STYLEREFS="StyleId-1" CONTENT="wastes" WC="0.978333354" CC="000000" />
            <SP ID="P8_SP00128" WIDTH="0" HPOS="0" VPOS="0" />
            <String ID="P8_S00146" HPOS="1013" VPOS="1290" WIDTH="45" HEIGHT="47" STYLEREFS="StyleId-1" CONTENT="of" WC="0.875" CC="02" />
            <SP ID="P8_SP00129" WIDTH="0" HPOS="0" VPOS="0" />
            <String ID="P8_S00147" HPOS="1091" VPOS="1289" WIDTH="260" HEIGHT="48" STYLEREFS="StyleId-1" CONTENT="indecision." WC="0.815454543" CC="65000300003" />
            <SP ID="P8_SP00130" WIDTH="0" HPOS="0" VPOS="0" />
            <String ID="P8_S00148" HPOS="1431" VPOS="1287" WIDTH="127" HEIGHT="50" STYLEREFS="StyleId-1" CONTENT="They" WC="0.89" CC="0400" />
            <SP ID="P8_SP00131" WIDTH="0" HPOS="0" VPOS="0" />
            <String ID="P8_S00149" HPOS="1592" VPOS="1299" WIDTH="119" HEIGHT="38" STYLEREFS="StyleId-1" CONTENT="warn" WC="0.675" CC="0920" />
          </TextLine>
          <TextLine ID="P8_TL00019" HPOS="198" VPOS="1353" WIDTH="1512" HEIGHT="50">
            <String ID="P8_S00150" HPOS="198" VPOS="1355" WIDTH="171" HEIGHT="47" STYLEREFS="StyleId-1" CONTENT="against" WC="0.86" CC="0031400" />
            <SP ID="P8_SP00132" WIDTH="0" HPOS="0" VPOS="0" />
            <String ID="P8_S00151" HPOS="384" VPOS="1357" WIDTH="75" HEIGHT="45" STYLEREFS="StyleId-1" CONTENT="the" WC="1" CC="000" />
            <SP ID="P8_SP00133" WIDTH="0" HPOS="0" VPOS="0" />
            <String ID="P8_S00152" HPOS="481" VPOS="1356" WIDTH="104" HEIGHT="46" STYLEREFS="StyleId-1" CONTENT="fatal" WC="0.968" CC="10000" />
            <SP ID="P8_SP00134" WIDTH="0" HPOS="0" VPOS="0" />
            <String ID="P8_S00153" HPOS="607" VPOS="1356" WIDTH="222" HEIGHT="47" STYLEREFS="StyleId-1" CONTENT="frittering" WC="0.725" CC="3020000479" />
            <SP ID="P8_SP00135" WIDTH="0" HPOS="0" VPOS="0" />
            <String ID="P8_S00154" HPOS="856" VPOS="1369" WIDTH="122" HEIGHT="34" STYLEREFS="StyleId-1" CONTENT="away" WC="0.8825" CC="3010" />
            <SP ID="P8_SP00136" WIDTH="0" HPOS="0" VPOS="0" />
            <String ID="P8_S00155" HPOS="999" VPOS="1368" WIDTH="48" HEIGHT="35" STYLEREFS="StyleId-1" CONTENT="or" WC="0.915" CC="01" />
            <SP ID="P8_SP00137" WIDTH="0" HPOS="0" VPOS="0" />
            <String ID="P8_S00156" HPOS="1081" VPOS="1355" WIDTH="163" HEIGHT="48" STYLEREFS="StyleId-1" CONTENT="misuse" WC="0.885" CC="100005" />
            <SP ID="P8_SP00138" WIDTH="0" HPOS="0" VPOS="0" />
            <String ID="P8_S00157" HPOS="1257" VPOS="1355" WIDTH="46" HEIGHT="48" STYLEREFS="StyleId-1" CONTENT="of" WC="1" CC="00" />
            <SP ID="P8_SP00139" WIDTH="0" HPOS="0" VPOS="0" />
            <String ID="P8_S00158" HPOS="1315" VPOS="1367" WIDTH="159" HEIGHT="36" STYLEREFS="StyleId-1" CONTENT="power," WC="0.683333337" CC="700334" />
            <SP ID="P8_SP00140" WIDTH="0" HPOS="0" VPOS="0" />
            <String ID="P8_S00159" HPOS="1495" VPOS="1353" WIDTH="215" HEIGHT="50" STYLEREFS="StyleId-1" CONTENT="faculties," WC="0.906" CC="0000000072" />
          </TextLine>
          <TextLine ID="P8_TL00020" HPOS="200" VPOS="1419" WIDTH="1510" HEIGHT="50">
            <String ID="P8_S00160" HPOS="200" VPOS="1421" WIDTH="279" HEIGHT="47" STYLEREFS="StyleId-1" CONTENT="advantages," WC="0.9645454" CC="00000000021" />
            <SP ID="P8_SP00141" WIDTH="0" HPOS="0" VPOS="0" />
            <String ID="P8_S00161" HPOS="497" VPOS="1421" WIDTH="233" HEIGHT="48" STYLEREFS="StyleId-1" CONTENT="privileges" WC="0.853" CC="0020560000" />
            <SP ID="P8_SP00142" WIDTH="0" HPOS="0" VPOS="0" />
            <String ID="P8_S00162" HPOS="748" VPOS="1435" WIDTH="8" HEIGHT="34" STYLEREFS="StyleId-1" CONTENT=";" WC="1" CC="0" />
            <SP ID="P8_SP00143" WIDTH="0" HPOS="0" VPOS="0" />
            <String ID="P8_S00163" HPOS="773" VPOS="1422" WIDTH="104" HEIGHT="47" STYLEREFS="StyleId-1" CONTENT="they" WC="1" CC="0000" />
            <SP ID="P8_SP00144" WIDTH="0" HPOS="0" VPOS="0" />
            <String ID="P8_S00164" HPOS="898" VPOS="1421" WIDTH="137" HEIGHT="48" STYLEREFS="StyleId-1" CONTENT="direct" WC="0.831666648" CC="036000" />
            <SP ID="P8_SP00145" WIDTH="0" HPOS="0" VPOS="0" />
            <String ID="P8_S00165" HPOS="1050" VPOS="1422" WIDTH="76" HEIGHT="47" STYLEREFS="StyleId-1" CONTENT="the" WC="0.74" CC="700" />
            <SP ID="P8_SP00146" WIDTH="0" HPOS="0" VPOS="0" />
            <String ID="P8_S00166" HPOS="1141" VPOS="1433" WIDTH="154" HEIGHT="36" STYLEREFS="StyleId-1" CONTENT="course" WC="1" CC="000000" />
            <SP ID="P8_SP00147" WIDTH="0" HPOS="0" VPOS="0" />
            <String ID="P8_S00167" HPOS="1310" VPOS="1421" WIDTH="46" HEIGHT="48" STYLEREFS="StyleId-1" CONTENT="of" WC="0.805" CC="03" />
            <SP ID="P8_SP00148" WIDTH="0" HPOS="0" VPOS="0" />
            <String ID="P8_S00168" HPOS="1368" VPOS="1421" WIDTH="76" HEIGHT="48" STYLEREFS="StyleId-1" CONTENT="the" WC="1" CC="000" />
            <SP ID="P8_SP00149" WIDTH="0" HPOS="0" VPOS="0" />
            <String ID="P8_S00169" HPOS="1460" VPOS="1419" WIDTH="250" HEIGHT="50" STYLEREFS="StyleId-1" CONTENT="ambitious," WC="0.924" CC="0003000004" />
          </TextLine>
          <TextLine ID="P8_TL00021" HPOS="199" VPOS="1485" WIDTH="1509" HEIGHT="49">
            <String ID="P8_S00170" HPOS="199" VPOS="1487" WIDTH="169" HEIGHT="47" STYLEREFS="StyleId-1" CONTENT="though" WC="0.885" CC="060000" />
            <SP ID="P8_SP00150" WIDTH="0" HPOS="0" VPOS="0" />
            <String ID="P8_S00171" HPOS="391" VPOS="1486" WIDTH="175" HEIGHT="48" STYLEREFS="StyleId-1" CONTENT="untried" WC="0.834285736" CC="3602000" />
            <SP ID="P8_SP00151" WIDTH="0" HPOS="0" VPOS="0" />
            <String ID="P8_S00172" HPOS="599" VPOS="1487" WIDTH="188" HEIGHT="47" STYLEREFS="StyleId-1" CONTENT="towards" WC="1" CC="0000000" />
            <SP ID="P8_SP00152" WIDTH="0" HPOS="0" VPOS="0" />
            <String ID="P8_S00173" HPOS="809" VPOS="1488" WIDTH="74" HEIGHT="46" STYLEREFS="StyleId-1" CONTENT="the" WC="1" CC="000" />
            <SP ID="P8_SP00153" WIDTH="0" HPOS="0" VPOS="0" />
            <String ID="P8_S00174" HPOS="905" VPOS="1486" WIDTH="158" HEIGHT="48" STYLEREFS="StyleId-1" CONTENT="harbor" WC="0.9583333" CC="002000" />
            <SP ID="P8_SP00154" WIDTH="0" HPOS="0" VPOS="0" />
            <String ID="P8_S00175" HPOS="1085" VPOS="1486" WIDTH="46" HEIGHT="48" STYLEREFS="StyleId-1" CONTENT="of" WC="0.69" CC="32" />
            <SP ID="P8_SP00155" WIDTH="0" HPOS="0" VPOS="0" />
            <String ID="P8_S00176" HPOS="1164" VPOS="1485" WIDTH="267" HEIGHT="49" STYLEREFS="StyleId-1" CONTENT="systematic," WC="0.961818159" CC="00000000003" />
            <SP ID="P8_SP00156" WIDTH="0" HPOS="0" VPOS="0" />
            <String ID="P8_S00177" HPOS="1467" VPOS="1485" WIDTH="241" HEIGHT="49" STYLEREFS="StyleId-1" CONTENT="sustained," WC="0.874" CC="0100043002" />
          </TextLine>
          <TextLine ID="P8_TL00022" HPOS="196" VPOS="1551" WIDTH="1516" HEIGHT="40">
            <String ID="P8_S00178" HPOS="196" VPOS="1553" WIDTH="306" HEIGHT="38" STYLEREFS="StyleId-1" CONTENT="concentrated" WC="0.98" CC="000000010000" />
            <SP ID="P8_SP00157" WIDTH="0" HPOS="0" VPOS="0" />
            <String ID="P8_S00179" HPOS="536" VPOS="1553" WIDTH="229" HEIGHT="38" STYLEREFS="StyleId-1" CONTENT="endeavor." WC="0.99333334" CC="000000000" />
            <SP ID="P8_SP00158" WIDTH="0" HPOS="0" VPOS="0" />
            <String ID="P8_S00180" HPOS="829" VPOS="1554" WIDTH="51" HEIGHT="37" STYLEREFS="StyleId-1" CONTENT="In" WC="0.69" CC="06" />
            <SP ID="P8_SP00159" WIDTH="0" HPOS="0" VPOS="0" />
            <String ID="P8_S00181" HPOS="902" VPOS="1553" WIDTH="122" HEIGHT="38" STYLEREFS="StyleId-1" CONTENT="these" WC="1" CC="00000" />
            <SP ID="P8_SP00160" WIDTH="0" HPOS="0" VPOS="0" />
            <String ID="P8_S00182" HPOS="1056" VPOS="1553" WIDTH="165" HEIGHT="38" STYLEREFS="StyleId-1" CONTENT="havens" WC="0.82" CC="500040" />
            <SP ID="P8_SP00161" WIDTH="0" HPOS="0" VPOS="0" />
            <String ID="P8_S00183" HPOS="1242" VPOS="1564" WIDTH="73" HEIGHT="27" STYLEREFS="StyleId-1" CONTENT="are" WC="0.93" CC="020" />
            <SP ID="P8_SP00162" WIDTH="0" HPOS="0" VPOS="0" />
            <String ID="P8_S00184" HPOS="1333" VPOS="1557" WIDTH="46" HEIGHT="34" STYLEREFS="StyleId-1" CONTENT="to" WC="0.95" CC="01" />
            <SP ID="P8_SP00163" WIDTH="0" HPOS="0" VPOS="0" />
            <String ID="P8_S00185" HPOS="1398" VPOS="1551" WIDTH="53" HEIGHT="40" STYLEREFS="StyleId-1" CONTENT="be" WC="0.945" CC="10" />
            <SP ID="P8_SP00164" WIDTH="0" HPOS="0" VPOS="0" />
            <String ID="P8_S00186" HPOS="1488" VPOS="1551" WIDTH="137" HEIGHT="40" STYLEREFS="StyleId-1" CONTENT="found" WC="0.87" CC="20040" />
            <SP ID="P8_SP00165" WIDTH="0" HPOS="0" VPOS="0" />
            <String ID="P8_S00187" HPOS="1647" VPOS="1563" WIDTH="65" HEIGHT="28" STYLEREFS="StyleId-1" CONTENT="re¬" WC="1" CC="000" />
          </TextLine>
          <TextLine ID="P8_TL00023" HPOS="198" VPOS="1617" WIDTH="1515" HEIGHT="49">
            <String ID="P8_S00188" HPOS="198" VPOS="1618" WIDTH="141" HEIGHT="39" STYLEREFS="StyleId-1" CONTENT="wards" WC="0.788" CC="07300" />
            <SP ID="P8_SP00166" WIDTH="0" HPOS="0" VPOS="0" />
            <String ID="P8_S00189" HPOS="360" VPOS="1630" WIDTH="47" HEIGHT="27" STYLEREFS="StyleId-1" CONTENT="so" WC="1" CC="00" />
            <SP ID="P8_SP00167" WIDTH="0" HPOS="0" VPOS="0" />
            <String ID="P8_S00190" HPOS="444" VPOS="1618" WIDTH="155" HEIGHT="48" STYLEREFS="StyleId-1" CONTENT="ample," WC="0.595" CC="6510001" />
            <SP ID="P8_SP00168" WIDTH="0" HPOS="0" VPOS="0" />
            <String ID="P8_S00191" HPOS="626" VPOS="1630" WIDTH="48" HEIGHT="36" STYLEREFS="StyleId-1" CONTENT="so" WC="1" CC="00" />
            <SP ID="P8_SP00169" WIDTH="0" HPOS="0" VPOS="0" />
            <String ID="P8_S00192" HPOS="695" VPOS="1618" WIDTH="108" HEIGHT="48" STYLEREFS="StyleId-1" CONTENT="rich," WC="0.918" CC="01002" />
            <SP ID="P8_SP00170" WIDTH="0" HPOS="0" VPOS="0" />
            <String ID="P8_S00193" HPOS="821" VPOS="1630" WIDTH="47" HEIGHT="36" STYLEREFS="StyleId-1" CONTENT="so" WC="1" CC="00" />
            <SP ID="P8_SP00171" WIDTH="0" HPOS="0" VPOS="0" />
            <String ID="P8_S00194" HPOS="901" VPOS="1617" WIDTH="221" HEIGHT="49" STYLEREFS="StyleId-1" CONTENT="enduring" WC="0.7225" CC="000610410" />
            <SP ID="P8_SP00172" WIDTH="0" HPOS="0" VPOS="0" />
            <String ID="P8_S00195" HPOS="1138" VPOS="1629" WIDTH="46" HEIGHT="37" STYLEREFS="StyleId-1" CONTENT="as" WC="1" CC="00" />
            <SP ID="P8_SP00173" WIDTH="0" HPOS="0" VPOS="0" />
            <String ID="P8_S00196" HPOS="1205" VPOS="1623" WIDTH="45" HEIGHT="43" STYLEREFS="StyleId-1" CONTENT="to" WC="1" CC="00" />
            <SP ID="P8_SP00174" WIDTH="0" HPOS="0" VPOS="0" />
            <String ID="P8_S00197" HPOS="1283" VPOS="1617" WIDTH="114" HEIGHT="49" STYLEREFS="StyleId-1" CONTENT="fully" WC="0.772" CC="30060" />
            <SP ID="P8_SP00175" WIDTH="0" HPOS="0" VPOS="0" />
            <String ID="P8_S00198" HPOS="1431" VPOS="1621" WIDTH="282" HEIGHT="45" STYLEREFS="StyleId-1" CONTENT="compensate" WC="0.801" CC="0161020025" />
          </TextLine>
          <TextLine ID="P8_TL00024" HPOS="199" VPOS="1681" WIDTH="1516" HEIGHT="49">
            <String ID="P8_S00199" HPOS="199" VPOS="1683" WIDTH="66" HEIGHT="38" STYLEREFS="StyleId-1" CONTENT="for" WC="0.95" CC="100" />
            <SP ID="P8_SP00176" WIDTH="0" HPOS="0" VPOS="0" />
            <String ID="P8_S00200" HPOS="287" VPOS="1683" WIDTH="57" HEIGHT="38" STYLEREFS="StyleId-1" CONTENT="all" WC="0.93" CC="020" />
            <SP ID="P8_SP00177" WIDTH="0" HPOS="0" VPOS="0" />
            <String ID="P8_S00201" HPOS="360" VPOS="1684" WIDTH="96" HEIGHT="38" STYLEREFS="StyleId-1" CONTENT="that" WC="0.84" CC="0600" />
            <SP ID="P8_SP00178" WIDTH="0" HPOS="0" VPOS="0" />
            <String ID="P8_S00202" HPOS="485" VPOS="1688" WIDTH="118" HEIGHT="34" STYLEREFS="StyleId-1" CONTENT="must" WC="0.84" CC="0600" />
            <SP ID="P8_SP00179" WIDTH="0" HPOS="0" VPOS="0" />
            <String ID="P8_S00203" HPOS="631" VPOS="1683" WIDTH="54" HEIGHT="39" STYLEREFS="StyleId-1" CONTENT="be" WC="0.665" CC="60" />
            <SP ID="P8_SP00180" WIDTH="0" HPOS="0" VPOS="0" />
            <String ID="P8_S00204" HPOS="705" VPOS="1683" WIDTH="128" HEIGHT="47" STYLEREFS="StyleId-1" CONTENT="done," WC="0.622" CC="00774" />
            <SP ID="P8_SP00181" WIDTH="0" HPOS="0" VPOS="0" />
            <String ID="P8_S00205" HPOS="853" VPOS="1688" WIDTH="118" HEIGHT="42" STYLEREFS="StyleId-1" CONTENT="must" WC="0.53" CC="81000" />
            <SP ID="P8_SP00182" WIDTH="0" HPOS="0" VPOS="0" />
            <String ID="P8_S00206" HPOS="985" VPOS="1683" WIDTH="54" HEIGHT="47" STYLEREFS="StyleId-1" CONTENT="be" WC="1" CC="00" />
            <SP ID="P8_SP00183" WIDTH="0" HPOS="0" VPOS="0" />
            <String ID="P8_S00207" HPOS="1070" VPOS="1683" WIDTH="212" HEIGHT="47" STYLEREFS="StyleId-1" CONTENT="endured," WC="0.835" CC="06003003" />
            <SP ID="P8_SP00184" WIDTH="0" HPOS="0" VPOS="0" />
            <String ID="P8_S00208" HPOS="1313" VPOS="1682" WIDTH="45" HEIGHT="48" STYLEREFS="StyleId-1" CONTENT="in" WC="0.74" CC="05" />
            <SP ID="P8_SP00185" WIDTH="0" HPOS="0" VPOS="0" />
            <String ID="P8_S00209" HPOS="1381" VPOS="1682" WIDTH="205" HEIGHT="48" STYLEREFS="StyleId-1" CONTENT="securing" WC="0.815" CC="000000410" />
            <SP ID="P8_SP00186" WIDTH="0" HPOS="0" VPOS="0" />
            <String ID="P8_S00210" HPOS="1600" VPOS="1681" WIDTH="115" HEIGHT="49" STYLEREFS="StyleId-1" CONTENT="their" WC="1" CC="00000" />
          </TextLine>
          <TextLine ID="P8_TL00025" HPOS="199" VPOS="1748" WIDTH="270" HEIGHT="39">
            <String ID="P8_S00211" HPOS="199" VPOS="1748" WIDTH="270" HEIGHT="39" STYLEREFS="StyleId-1" CONTENT="attainment." WC="0.831818163" CC="70003000303" />
          </TextLine>
          <TextLine ID="P8_TL00026" HPOS="1040" VPOS="1841" WIDTH="556" HEIGHT="41">
            <String ID="P8_S00212" HPOS="1040" VPOS="1841" WIDTH="265" HEIGHT="34" STYLEREFS="StyleId-0" CONTENT="MARITCHA" WC="0.67375" CC="00716046" />
            <SP ID="P8_SP00187" WIDTH="0" HPOS="0" VPOS="0" />
            <String ID="P8_S00213" HPOS="1336" VPOS="1841" WIDTH="53" HEIGHT="34" STYLEREFS="StyleId-0" CONTENT="R." WC="0.6" CC="80" />
            <SP ID="P8_SP00188" WIDTH="0" HPOS="0" VPOS="0" />
            <String ID="P8_S00214" HPOS="1423" VPOS="1841" WIDTH="173" HEIGHT="41" STYLEREFS="StyleId-0" CONTENT="l,YONS," WC="0.6242857" CC="8300806" />
          </TextLine>
          <TextLine ID="P8_TL00027" HPOS="1143" VPOS="1902" WIDTH="456" HEIGHT="46">
            <String ID="P8_S00215" HPOS="1143" VPOS="1902" WIDTH="275" HEIGHT="46" STYLEREFS="StyleId-0" CONTENT="Brooklyn," WC="0.5555556" CC="670089170" />
            <SP ID="P8_SP00189" WIDTH="0" HPOS="0" VPOS="0" />
            <String ID="P8_S00216" HPOS="1449" VPOS="1902" WIDTH="58" HEIGHT="46" STYLEREFS="StyleId-0" CONTENT="N." WC="0.815" CC="12" />
            <SP ID="P8_SP00190" WIDTH="0" HPOS="0" VPOS="0" />
            <String ID="P8_S00217" HPOS="1540" VPOS="1902" WIDTH="59" HEIGHT="46" STYLEREFS="StyleId-0" CONTENT="Y." WC="0.715" CC="14" />
          </TextLine>
        </TextBlock>
      </PrintSpace>
    </Page>
  </Layout>
</alto>