<?xml version="1.0" encoding="utf-8"?>
<alto xmlns:xlink="http://www.w3.org/1999/xlink" xmlns:xsi="http://www.w3.org/2001/XMLSchema-instance" xsi:schemaLocation="http://www.loc.gov/standards/alto/ns-v2# http://www.loc.gov/standards/alto/alto-v2.0.xsd" xmlns="http://www.loc.gov/standards/alto/ns-v2#">
  <Description>
    <MeasurementUnit>pixel</MeasurementUnit>
    <sourceImageInformation>
      <fileName>0000013.tif</fileName>
    </sourceImageInformation>
    <OCRProcessing ID="Processing">
      <ocrProcessingStep>
        <processingStepSettings>Image Resolution:400</processingStepSettings>
        <processingSoftware>
          <softwareCreator>I2S Kirtas</softwareCreator>
          <softwareName>Limb</softwareName>
          <softwareVersion>1.0</softwareVersion>
          <applicationDescription>Abbyy10 OCR Engine</applicationDescription>
        </processingSoftware>
      </ocrProcessingStep>
    </OCRProcessing>
  </Description>
  <Styles>
    <TextStyle ID="StyleId-0" FONTSIZE="8" FONTFAMILY="Times New Roman" />
    <TextStyle ID="StyleId-1" FONTSIZE="9" FONTFAMILY="Times New Roman" />
  </Styles>
  <Layout>
    <Page ID="P13" PHYSICAL_IMG_NR="13" HEIGHT="2800" WIDTH="1900" ACCURACY="0.8448876" QUALITY_DETAIL="329 words, 1633 chars, 1397 with recognition greater than 50% (85.55%)">
      <TopMargin ID="P13_TM00001" HPOS="0" VPOS="0" WIDTH="1900" HEIGHT="264" />
      <LeftMargin ID="P13_LM00001" HPOS="0" VPOS="264" WIDTH="177" HEIGHT="2268" />
      <RightMargin ID="P13_RM00001" HPOS="1736" VPOS="264" WIDTH="164" HEIGHT="2268" />
      <BottomMargin ID="P13_BM00001" HPOS="0" VPOS="2532" WIDTH="1900" HEIGHT="268" />
      <PrintSpace ID="P13_PS00001" HPOS="177" VPOS="264" WIDTH="1559" HEIGHT="2268">
        <TextBlock ID="P13_TB00001" HPOS="656" VPOS="261" WIDTH="582" HEIGHT="54">
          <TextLine ID="P13_TL00001" HPOS="664" VPOS="269" WIDTH="566" HEIGHT="38">
            <String ID="P13_S00001" HPOS="664" VPOS="269" WIDTH="200" HEIGHT="36" STYLEREFS="StyleId-0" CONTENT="WOMAN" WC="0.658" CC="45502" />
            <SP ID="P13_SP00001" WIDTH="0" HPOS="0" VPOS="0" />
            <String ID="P13_S00002" HPOS="883" VPOS="270" WIDTH="57" HEIGHT="36" STYLEREFS="StyleId-0" CONTENT="IN" WC="0.73" CC="50" />
            <SP ID="P13_SP00002" WIDTH="0" HPOS="0" VPOS="0" />
            <String ID="P13_S00003" HPOS="971" VPOS="271" WIDTH="259" HEIGHT="36" STYLEREFS="StyleId-0" CONTENT="MEDICINE" WC="0.7475" CC="00577000" />
          </TextLine>
        </TextBlock>
        <TextBlock ID="P13_TB00002" HPOS="1665" VPOS="263" WIDTH="56" HEIGHT="50">
          <TextLine ID="P13_TL00002" HPOS="1673" VPOS="271" WIDTH="40" HEIGHT="34">
            <String ID="P13_S00004" HPOS="1673" VPOS="271" WIDTH="40" HEIGHT="34" STYLEREFS="StyleId-0" CONTENT="11" WC="0.875" CC="11" />
          </TextLine>
        </TextBlock>
        <TextBlock ID="P13_TB00003" HPOS="177" VPOS="379" WIDTH="1559" HEIGHT="2153">
          <TextLine ID="P13_TL00003" HPOS="189" VPOS="387" WIDTH="1527" HEIGHT="43">
            <String ID="P13_S00005" HPOS="189" VPOS="397" WIDTH="172" HEIGHT="28" STYLEREFS="StyleId-1" CONTENT="women" WC="0.724" CC="03512" />
            <SP ID="P13_SP00003" WIDTH="0" HPOS="0" VPOS="0" />
            <String ID="P13_S00006" HPOS="385" VPOS="385" WIDTH="255" HEIGHT="49" STYLEREFS="StyleId-1" CONTENT="physicians" WC="0.862" CC="0200002026" />
            <SP ID="P13_SP00004" WIDTH="0" HPOS="0" VPOS="0" />
            <String ID="P13_S00007" HPOS="670" VPOS="387" WIDTH="286" HEIGHT="48" STYLEREFS="StyleId-1" CONTENT="thoroughly," WC="0.668181837" CC="06020777104" />
            <SP ID="P13_SP00005" WIDTH="0" HPOS="0" VPOS="0" />
            <String ID="P13_S00008" HPOS="982" VPOS="388" WIDTH="114" HEIGHT="47" STYLEREFS="StyleId-1" CONTENT="until" WC="0.646" CC="66004" />
            <SP ID="P13_SP00006" WIDTH="0" HPOS="0" VPOS="0" />
            <String ID="P13_S00009" HPOS="1116" VPOS="389" WIDTH="97" HEIGHT="46" STYLEREFS="StyleId-1" CONTENT="well" WC="0.62" CC="6062" />
            <SP ID="P13_SP00007" WIDTH="0" HPOS="0" VPOS="0" />
            <String ID="P13_S00010" HPOS="1235" VPOS="401" WIDTH="56" HEIGHT="34" STYLEREFS="StyleId-1" CONTENT="on" WC="0.985" CC="00" />
            <SP ID="P13_SP00008" WIDTH="0" HPOS="0" VPOS="0" />
            <String ID="P13_S00011" HPOS="1319" VPOS="388" WIDTH="47" HEIGHT="47" STYLEREFS="StyleId-1" CONTENT="in" WC="0.585" CC="43" />
            <SP ID="P13_SP00009" WIDTH="0" HPOS="0" VPOS="0" />
            <String ID="P13_S00012" HPOS="1406" VPOS="388" WIDTH="74" HEIGHT="47" STYLEREFS="StyleId-1" CONTENT="the" WC="0.75333333" CC="061" />
            <SP ID="P13_SP00010" WIDTH="0" HPOS="0" VPOS="0" />
            <String ID="P13_S00013" HPOS="1498" VPOS="387" WIDTH="218" HEIGHT="48" STYLEREFS="StyleId-1" CONTENT=".fifteenth" WC="0.884" CC="4000000600" />
          </TextLine>
          <TextLine ID="P13_TL00004" HPOS="188" VPOS="452" WIDTH="1526" HEIGHT="40">
            <String ID="P13_S00014" HPOS="188" VPOS="457" WIDTH="205" HEIGHT="42" STYLEREFS="StyleId-1" CONTENT="century." WC="0.81" CC="00415300" />
            <SP ID="P13_SP00011" WIDTH="0" HPOS="0" VPOS="0" />
            <String ID="P13_S00015" HPOS="454" VPOS="450" WIDTH="97" HEIGHT="49" STYLEREFS="StyleId-1" CONTENT="The" WC="0.75666666" CC="700" />
            <SP ID="P13_SP00012" WIDTH="0" HPOS="0" VPOS="0" />
            <String ID="P13_S00016" HPOS="581" VPOS="458" WIDTH="172" HEIGHT="41" STYLEREFS="StyleId-1" CONTENT="custom" WC="0.831666648" CC="050004" />
            <SP ID="P13_SP00013" WIDTH="0" HPOS="0" VPOS="0" />
            <String ID="P13_S00017" HPOS="775" VPOS="465" WIDTH="139" HEIGHT="34" STYLEREFS="StyleId-1" CONTENT="seems" WC="0.962" CC="00100" />
            <SP ID="P13_SP00014" WIDTH="0" HPOS="0" VPOS="0" />
            <String ID="P13_S00018" HPOS="937" VPOS="454" WIDTH="90" HEIGHT="45" STYLEREFS="StyleId-1" CONTENT="also" WC="0.865" CC="0500" />
            <SP ID="P13_SP00015" WIDTH="0" HPOS="0" VPOS="0" />
            <String ID="P13_S00019" HPOS="1048" VPOS="459" WIDTH="45" HEIGHT="40" STYLEREFS="StyleId-1" CONTENT="to" WC="0.885" CC="20" />
            <SP ID="P13_SP00016" WIDTH="0" HPOS="0" VPOS="0" />
            <String ID="P13_S00020" HPOS="1115" VPOS="456" WIDTH="110" HEIGHT="43" STYLEREFS="StyleId-1" CONTENT="have" WC="0.85" CC="6000" />
            <SP ID="P13_SP00017" WIDTH="0" HPOS="0" VPOS="0" />
            <String ID="P13_S00021" HPOS="1245" VPOS="454" WIDTH="108" HEIGHT="45" STYLEREFS="StyleId-1" CONTENT="been" WC="0.6025" CC="8007" />
            <SP ID="P13_SP00018" WIDTH="0" HPOS="0" VPOS="0" />
            <String ID="P13_S00022" HPOS="1375" VPOS="453" WIDTH="263" HEIGHT="46" STYLEREFS="StyleId-1" CONTENT="transferred" WC="0.8636364" CC="03040001005" />
            <SP ID="P13_SP00019" WIDTH="0" HPOS="0" VPOS="0" />
            <String ID="P13_S00023" HPOS="1669" VPOS="458" WIDTH="45" HEIGHT="41" STYLEREFS="StyleId-1" CONTENT="to" WC="1" CC="00" />
          </TextLine>
          <TextLine ID="P13_TL00005" HPOS="191" VPOS="519" WIDTH="1523" HEIGHT="45">
            <String ID="P13_S00024" HPOS="191" VPOS="518" WIDTH="181" HEIGHT="47" STYLEREFS="StyleId-1" CONTENT="Naples," WC="0.94" CC="0040000" />
            <SP ID="P13_SP00020" WIDTH="0" HPOS="0" VPOS="0" />
            <String ID="P13_S00025" HPOS="398" VPOS="519" WIDTH="91" HEIGHT="46" STYLEREFS="StyleId-1" CONTENT="and" WC="0.66" CC="054" />
            <SP ID="P13_SP00021" WIDTH="0" HPOS="0" VPOS="0" />
            <String ID="P13_S00026" HPOS="516" VPOS="517" WIDTH="184" HEIGHT="48" STYLEREFS="StyleId-1" CONTENT="licenses" WC="0.89125" CC="00010006" />
            <SP ID="P13_SP00022" WIDTH="0" HPOS="0" VPOS="0" />
            <String ID="P13_S00027" HPOS="721" VPOS="523" WIDTH="45" HEIGHT="42" STYLEREFS="StyleId-1" CONTENT="to" WC="0.975" CC="00" />
            <SP ID="P13_SP00023" WIDTH="0" HPOS="0" VPOS="0" />
            <String ID="P13_S00028" HPOS="783" VPOS="519" WIDTH="189" HEIGHT="47" STYLEREFS="StyleId-1" CONTENT="practice" WC="0.78" CC="95000200" />
            <SP ID="P13_SP00024" WIDTH="0" HPOS="0" VPOS="0" />
            <String ID="P13_S00029" HPOS="992" VPOS="532" WIDTH="112" HEIGHT="34" STYLEREFS="StyleId-1" CONTENT="were" WC="0.8875" CC="0040" />
            <SP ID="P13_SP00025" WIDTH="0" HPOS="0" VPOS="0" />
            <String ID="P13_S00030" HPOS="1117" VPOS="521" WIDTH="144" HEIGHT="45" STYLEREFS="StyleId-1" CONTENT="issued" WC="0.84" CC="100602" />
            <SP ID="P13_SP00026" WIDTH="0" HPOS="0" VPOS="0" />
            <String ID="P13_S00031" HPOS="1302" VPOS="525" WIDTH="48" HEIGHT="41" STYLEREFS="StyleId-1" CONTENT="to" WC="0.63" CC="07" />
            <SP ID="P13_SP00027" WIDTH="0" HPOS="0" VPOS="0" />
            <String ID="P13_S00032" HPOS="1380" VPOS="532" WIDTH="170" HEIGHT="34" STYLEREFS="StyleId-1" CONTENT="women" WC="0.868" CC="00600" />
            <SP ID="P13_SP00028" WIDTH="0" HPOS="0" VPOS="0" />
            <String ID="P13_S00033" HPOS="1589" VPOS="519" WIDTH="125" HEIGHT="47" STYLEREFS="StyleId-1" CONTENT="grad¬" WC="0.486" CC="103903" />
          </TextLine>
          <TextLine ID="P13_TL00006" HPOS="190" VPOS="585" WIDTH="1522" HEIGHT="43">
            <String ID="P13_S00034" HPOS="190" VPOS="589" WIDTH="141" HEIGHT="34" STYLEREFS="StyleId-1" CONTENT="uates." WC="0.8233333" CC="620010" />
            <SP ID="P13_SP00029" WIDTH="0" HPOS="0" VPOS="0" />
            <String ID="P13_S00035" HPOS="392" VPOS="584" WIDTH="186" HEIGHT="39" STYLEREFS="StyleId-1" CONTENT="Salerno" WC="0.58" CC="6330672" />
            <SP ID="P13_SP00030" WIDTH="0" HPOS="0" VPOS="0" />
            <String ID="P13_S00036" HPOS="607" VPOS="584" WIDTH="250" HEIGHT="39" STYLEREFS="StyleId-1" CONTENT="influenced" WC="0.67" CC="31044008010" />
            <SP ID="P13_SP00031" WIDTH="0" HPOS="0" VPOS="0" />
            <String ID="P13_S00037" HPOS="906" VPOS="586" WIDTH="200" HEIGHT="46" STYLEREFS="StyleId-1" CONTENT="Bologna" WC="0.468571424" CC="70701084" />
            <SP ID="P13_SP00032" WIDTH="0" HPOS="0" VPOS="0" />
            <String ID="P13_S00038" HPOS="1144" VPOS="586" WIDTH="85" HEIGHT="46" STYLEREFS="StyleId-1" CONTENT="and" WC="0.39" CC="890" />
            <SP ID="P13_SP00033" WIDTH="0" HPOS="0" VPOS="0" />
            <String ID="P13_S00039" HPOS="1270" VPOS="587" WIDTH="75" HEIGHT="45" STYLEREFS="StyleId-1" CONTENT="the" WC="0.686666667" CC="360" />
            <SP ID="P13_SP00034" WIDTH="0" HPOS="0" VPOS="0" />
            <String ID="P13_S00040" HPOS="1385" VPOS="586" WIDTH="128" HEIGHT="46" STYLEREFS="StyleId-1" CONTENT="north" WC="0.784" CC="80200" />
            <SP ID="P13_SP00035" WIDTH="0" HPOS="0" VPOS="0" />
            <String ID="P13_S00041" HPOS="1555" VPOS="585" WIDTH="157" HEIGHT="47" STYLEREFS="StyleId-1" CONTENT="Italian" WC="0.5757143" CC="7074406" />
          </TextLine>
          <TextLine ID="P13_TL00007" HPOS="188" VPOS="650" WIDTH="1521" HEIGHT="42">
            <String ID="P13_S00042" HPOS="188" VPOS="649" WIDTH="283" HEIGHT="40" STYLEREFS="StyleId-1" CONTENT="universities" WC="0.7708333" CC="732005016000" />
            <SP ID="P13_SP00036" WIDTH="0" HPOS="0" VPOS="0" />
            <String ID="P13_S00043" HPOS="512" VPOS="650" WIDTH="241" HEIGHT="48" STYLEREFS="StyleId-1" CONTENT="prfoundly" WC="0.942222238" CC="010003000" />
            <SP ID="P13_SP00037" WIDTH="0" HPOS="0" VPOS="0" />
            <String ID="P13_S00044" HPOS="775" VPOS="650" WIDTH="46" HEIGHT="48" STYLEREFS="StyleId-1" CONTENT="in" WC="1" CC="00" />
            <SP ID="P13_SP00038" WIDTH="0" HPOS="0" VPOS="0" />
            <String ID="P13_S00045" HPOS="844" VPOS="651" WIDTH="56" HEIGHT="47" STYLEREFS="StyleId-1" CONTENT="all" WC="0.7633333" CC="043" />
            <SP ID="P13_SP00039" WIDTH="0" HPOS="0" VPOS="0" />
            <String ID="P13_S00046" HPOS="923" VPOS="650" WIDTH="213" HEIGHT="48" STYLEREFS="StyleId-1" CONTENT="branches" WC="0.82125" CC="02450001" />
            <SP ID="P13_SP00040" WIDTH="0" HPOS="0" VPOS="0" />
            <String ID="P13_S00047" HPOS="1158" VPOS="651" WIDTH="45" HEIGHT="47" STYLEREFS="StyleId-1" CONTENT="of" WC="0.845" CC="03" />
            <SP ID="P13_SP00041" WIDTH="0" HPOS="0" VPOS="0" />
            <String ID="P13_S00048" HPOS="1225" VPOS="651" WIDTH="212" HEIGHT="47" STYLEREFS="StyleId-1" CONTENT="medicine" WC="0.955" CC="30000000" />
            <SP ID="P13_SP00042" WIDTH="0" HPOS="0" VPOS="0" />
            <String ID="P13_S00049" HPOS="1458" VPOS="651" WIDTH="85" HEIGHT="47" STYLEREFS="StyleId-1" CONTENT="and" WC="0.95" CC="010" />
            <SP ID="P13_SP00043" WIDTH="0" HPOS="0" VPOS="0" />
            <String ID="P13_S00050" HPOS="1573" VPOS="650" WIDTH="136" HEIGHT="48" STYLEREFS="StyleId-1" CONTENT="medi¬" WC="0.998" CC="00000" />
          </TextLine>
          <TextLine ID="P13_TL00008" HPOS="191" VPOS="717" WIDTH="1522" HEIGHT="44">
            <String ID="P13_S00051" HPOS="191" VPOS="717" WIDTH="67" HEIGHT="38" STYLEREFS="StyleId-1" CONTENT="cal" WC="1" CC="000" />
            <SP ID="P13_SP00044" WIDTH="0" HPOS="0" VPOS="0" />
            <String ID="P13_S00052" HPOS="279" VPOS="715" WIDTH="249" HEIGHT="48" STYLEREFS="StyleId-1" CONTENT="education," WC="0.768" CC="00500001052" />
            <SP ID="P13_SP00045" WIDTH="0" HPOS="0" VPOS="0" />
            <String ID="P13_S00053" HPOS="557" VPOS="716" WIDTH="286" HEIGHT="47" STYLEREFS="StyleId-1" CONTENT="particularly" WC="0.8066667" CC="013040150007" />
            <SP ID="P13_SP00046" WIDTH="0" HPOS="0" VPOS="0" />
            <String ID="P13_S00054" HPOS="865" VPOS="716" WIDTH="46" HEIGHT="47" STYLEREFS="StyleId-1" CONTENT="in" WC="0.815" CC="30" />
            <SP ID="P13_SP00047" WIDTH="0" HPOS="0" VPOS="0" />
            <String ID="P13_S00055" HPOS="933" VPOS="728" WIDTH="198" HEIGHT="36" STYLEREFS="StyleId-1" CONTENT="surgery," WC="0.7225" CC="421100300" />
            <SP ID="P13_SP00048" WIDTH="0" HPOS="0" VPOS="0" />
            <String ID="P13_S00056" HPOS="1156" VPOS="717" WIDTH="85" HEIGHT="47" STYLEREFS="StyleId-1" CONTENT="and" WC="0.9" CC="030" />
            <SP ID="P13_SP00049" WIDTH="0" HPOS="0" VPOS="0" />
            <String ID="P13_S00057" HPOS="1257" VPOS="718" WIDTH="75" HEIGHT="46" STYLEREFS="StyleId-1" CONTENT="the" WC="0.66" CC="360" />
            <SP ID="P13_SP00050" WIDTH="0" HPOS="0" VPOS="0" />
            <String ID="P13_S00058" HPOS="1354" VPOS="716" WIDTH="185" HEIGHT="48" STYLEREFS="StyleId-1" CONTENT="practice" WC="0.68375" CC="100009400" />
            <SP ID="P13_SP00051" WIDTH="0" HPOS="0" VPOS="0" />
            <String ID="P13_S00059" HPOS="1571" VPOS="715" WIDTH="46" HEIGHT="49" STYLEREFS="StyleId-1" CONTENT="of" WC="0.75" CC="05" />
            <SP ID="P13_SP00052" WIDTH="0" HPOS="0" VPOS="0" />
            <String ID="P13_S00060" HPOS="1656" VPOS="715" WIDTH="57" HEIGHT="49" STYLEREFS="StyleId-1" CONTENT="al¬" WC="1" CC="000" />
          </TextLine>
          <TextLine ID="P13_TL00009" HPOS="191" VPOS="783" WIDTH="1522" HEIGHT="42">
            <String ID="P13_S00061" HPOS="191" VPOS="782" WIDTH="167" HEIGHT="47" STYLEREFS="StyleId-1" CONTENT="lowing" WC="0.63" CC="0004610" />
            <SP ID="P13_SP00053" WIDTH="0" HPOS="0" VPOS="0" />
            <String ID="P13_S00062" HPOS="379" VPOS="783" WIDTH="111" HEIGHT="46" STYLEREFS="StyleId-1" CONTENT="such" WC="0.82" CC="3400" />
            <SP ID="P13_SP00054" WIDTH="0" HPOS="0" VPOS="0" />
            <String ID="P13_S00063" HPOS="512" VPOS="794" WIDTH="170" HEIGHT="35" STYLEREFS="StyleId-1" CONTENT="women" WC="0.716" CC="00607" />
            <SP ID="P13_SP00055" WIDTH="0" HPOS="0" VPOS="0" />
            <String ID="P13_S00064" HPOS="705" VPOS="794" WIDTH="47" HEIGHT="35" STYLEREFS="StyleId-1" CONTENT="as" WC="1" CC="00" />
            <SP ID="P13_SP00056" WIDTH="0" HPOS="0" VPOS="0" />
            <String ID="P13_S00065" HPOS="774" VPOS="782" WIDTH="165" HEIGHT="47" STYLEREFS="StyleId-1" CONTENT="wished" WC="0.9" CC="060000" />
            <SP ID="P13_SP00057" WIDTH="0" HPOS="0" VPOS="0" />
            <String ID="P13_S00066" HPOS="962" VPOS="788" WIDTH="45" HEIGHT="41" STYLEREFS="StyleId-1" CONTENT="to" WC="1" CC="00" />
            <SP ID="P13_SP00058" WIDTH="0" HPOS="0" VPOS="0" />
            <String ID="P13_S00067" HPOS="1047" VPOS="782" WIDTH="187" HEIGHT="47" STYLEREFS="StyleId-1" CONTENT="practice" WC="0.92875" CC="01000400" />
            <SP ID="P13_SP00059" WIDTH="0" HPOS="0" VPOS="0" />
            <String ID="P13_S00068" HPOS="1273" VPOS="781" WIDTH="214" HEIGHT="48" STYLEREFS="StyleId-1" CONTENT="medicine" WC="0.87" CC="100000000" />
            <SP ID="P13_SP00060" WIDTH="0" HPOS="0" VPOS="0" />
            <String ID="P13_S00069" HPOS="1526" VPOS="793" WIDTH="47" HEIGHT="36" STYLEREFS="StyleId-1" CONTENT="or" WC="0.75" CC="05" />
            <SP ID="P13_SP00061" WIDTH="0" HPOS="0" VPOS="0" />
            <String ID="P13_S00070" HPOS="1621" VPOS="793" WIDTH="92" HEIGHT="36" STYLEREFS="StyleId-1" CONTENT="sur¬" WC="0.88" CC="0300" />
          </TextLine>
          <TextLine ID="P13_TL00010" HPOS="191" VPOS="850" WIDTH="1523" HEIGHT="40">
            <String ID="P13_S00071" HPOS="191" VPOS="861" WIDTH="123" HEIGHT="35" STYLEREFS="StyleId-1" CONTENT="gery," WC="0.75" CC="100200" />
            <SP ID="P13_SP00062" WIDTH="0" HPOS="0" VPOS="0" />
            <String ID="P13_S00072" HPOS="340" VPOS="853" WIDTH="46" HEIGHT="43" STYLEREFS="StyleId-1" CONTENT="to" WC="1" CC="00" />
            <SP ID="P13_SP00063" WIDTH="0" HPOS="0" VPOS="0" />
            <String ID="P13_S00073" HPOS="408" VPOS="853" WIDTH="121" HEIGHT="43" STYLEREFS="StyleId-1" CONTENT="enter" WC="0.774" CC="44002" />
            <SP ID="P13_SP00064" WIDTH="0" HPOS="0" VPOS="0" />
            <String ID="P13_S00074" HPOS="551" VPOS="848" WIDTH="76" HEIGHT="48" STYLEREFS="StyleId-1" CONTENT="the" WC="1" CC="000" />
            <SP ID="P13_SP00065" WIDTH="0" HPOS="0" VPOS="0" />
            <String ID="P13_S00075" HPOS="648" VPOS="847" WIDTH="244" HEIGHT="49" STYLEREFS="StyleId-1" CONTENT="university" WC="0.879" CC="3500200000" />
            <SP ID="P13_SP00066" WIDTH="0" HPOS="0" VPOS="0" />
            <String ID="P13_S00076" HPOS="914" VPOS="848" WIDTH="183" HEIGHT="48" STYLEREFS="StyleId-1" CONTENT="medical" WC="0.9557143" CC="0003000" />
            <SP ID="P13_SP00067" WIDTH="0" HPOS="0" VPOS="0" />
            <String ID="P13_S00077" HPOS="1119" VPOS="847" WIDTH="184" HEIGHT="49" STYLEREFS="StyleId-1" CONTENT="schools." WC="0.92" CC="00600000" />
            <SP ID="P13_SP00068" WIDTH="0" HPOS="0" VPOS="0" />
            <String ID="P13_S00078" HPOS="1364" VPOS="845" WIDTH="109" HEIGHT="51" STYLEREFS="StyleId-1" CONTENT="This" WC="0.815" CC="7000" />
            <SP ID="P13_SP00069" WIDTH="0" HPOS="0" VPOS="0" />
            <String ID="P13_S00079" HPOS="1495" VPOS="846" WIDTH="36" HEIGHT="50" STYLEREFS="StyleId-1" CONTENT="is" WC="0.985" CC="00" />
            <SP ID="P13_SP00070" WIDTH="0" HPOS="0" VPOS="0" />
            <String ID="P13_S00080" HPOS="1571" VPOS="858" WIDTH="143" HEIGHT="38" STYLEREFS="StyleId-1" CONTENT="exem¬" WC="0.926" CC="00003" />
          </TextLine>
          <TextLine ID="P13_TL00011" HPOS="192" VPOS="915" WIDTH="1520" HEIGHT="42">
            <String ID="P13_S00081" HPOS="192" VPOS="914" WIDTH="150" HEIGHT="49" STYLEREFS="StyleId-1" CONTENT="plified" WC="0.8042857" CC="7050000" />
            <SP ID="P13_SP00071" WIDTH="0" HPOS="0" VPOS="0" />
            <String ID="P13_S00082" HPOS="358" VPOS="914" WIDTH="45" HEIGHT="49" STYLEREFS="StyleId-1" CONTENT="in" WC="0.67" CC="06" />
            <SP ID="P13_SP00072" WIDTH="0" HPOS="0" VPOS="0" />
            <String ID="P13_S00083" HPOS="427" VPOS="915" WIDTH="73" HEIGHT="48" STYLEREFS="StyleId-1" CONTENT="the" WC="0.966666639" CC="010" />
            <SP ID="P13_SP00073" WIDTH="0" HPOS="0" VPOS="0" />
            <String ID="P13_S00084" HPOS="522" VPOS="926" WIDTH="99" HEIGHT="37" STYLEREFS="StyleId-1" CONTENT="case" WC="1" CC="0000" />
            <SP ID="P13_SP00074" WIDTH="0" HPOS="0" VPOS="0" />
            <String ID="P13_S00085" HPOS="642" VPOS="913" WIDTH="46" HEIGHT="50" STYLEREFS="StyleId-1" CONTENT="of" WC="0.85" CC="02" />
            <SP ID="P13_SP00075" WIDTH="0" HPOS="0" VPOS="0" />
            <String ID="P13_S00086" HPOS="706" VPOS="913" WIDTH="257" HEIGHT="50" STYLEREFS="StyleId-1" CONTENT="Mondino's" WC="0.9688889" CC="002000000" />
            <SP ID="P13_SP00076" WIDTH="0" HPOS="0" VPOS="0" />
            <String ID="P13_S00087" HPOS="986" VPOS="913" WIDTH="204" HEIGHT="50" STYLEREFS="StyleId-1" CONTENT="assistant" WC="0.8622222" CC="000070130" />
            <SP ID="P13_SP00077" WIDTH="0" HPOS="0" VPOS="0" />
            <String ID="P13_S00088" HPOS="1212" VPOS="913" WIDTH="47" HEIGHT="50" STYLEREFS="StyleId-1" CONTENT="in" WC="1" CC="00" />
            <SP ID="P13_SP00078" WIDTH="0" HPOS="0" VPOS="0" />
            <String ID="P13_S00089" HPOS="1280" VPOS="918" WIDTH="218" HEIGHT="45" STYLEREFS="StyleId-1" CONTENT="anatomy," WC="0.77" CC="08000090" />
            <SP ID="P13_SP00079" WIDTH="0" HPOS="0" VPOS="0" />
            <String ID="P13_S00090" HPOS="1517" VPOS="911" WIDTH="195" HEIGHT="52" STYLEREFS="StyleId-1" CONTENT="Allesan-" WC="0.84" CC="00000722" />
          </TextLine>
          <TextLine ID="P13_TL00012" HPOS="193" VPOS="981" WIDTH="1520" HEIGHT="39">
            <String ID="P13_S00091" HPOS="193" VPOS="981" WIDTH="80" HEIGHT="38" STYLEREFS="StyleId-1" CONTENT="dra" WC="0.8466667" CC="003" />
            <SP ID="P13_SP00080" WIDTH="0" HPOS="0" VPOS="0" />
            <String ID="P13_S00092" HPOS="293" VPOS="979" WIDTH="169" HEIGHT="41" STYLEREFS="StyleId-1" CONTENT="Giliani" WC="0.8414286" CC="6002020" />
            <SP ID="P13_SP00081" WIDTH="0" HPOS="0" VPOS="0" />
            <String ID="P13_S00093" HPOS="483" VPOS="993" WIDTH="7" HEIGHT="33" STYLEREFS="StyleId-1" CONTENT=";" WC="1" CC="0" />
            <SP ID="P13_SP00082" WIDTH="0" HPOS="0" VPOS="0" />
            <String ID="P13_S00094" HPOS="525" VPOS="980" WIDTH="174" HEIGHT="46" STYLEREFS="StyleId-1" CONTENT="though" WC="0.811666667" CC="002080" />
            <SP ID="P13_SP00083" WIDTH="0" HPOS="0" VPOS="0" />
            <String ID="P13_S00095" HPOS="720" VPOS="979" WIDTH="122" HEIGHT="47" STYLEREFS="StyleId-1" CONTENT="there" WC="0.87" CC="06000" />
            <SP ID="P13_SP00084" WIDTH="0" HPOS="0" VPOS="0" />
            <String ID="P13_S00096" HPOS="864" VPOS="991" WIDTH="71" HEIGHT="35" STYLEREFS="StyleId-1" CONTENT="are" WC="0.9533333" CC="010" />
            <SP ID="P13_SP00085" WIDTH="0" HPOS="0" VPOS="0" />
            <String ID="P13_S00097" HPOS="955" VPOS="979" WIDTH="147" HEIGHT="47" STYLEREFS="StyleId-1" CONTENT="others" WC="0.973333359" CC="000010" />
            <SP ID="P13_SP00086" WIDTH="0" HPOS="0" VPOS="0" />
            <String ID="P13_S00098" HPOS="1123" VPOS="979" WIDTH="145" HEIGHT="47" STYLEREFS="StyleId-1" CONTENT="whose" WC="0.712" CC="83030" />
            <SP ID="P13_SP00087" WIDTH="0" HPOS="0" VPOS="0" />
            <String ID="P13_S00099" HPOS="1289" VPOS="990" WIDTH="147" HEIGHT="36" STYLEREFS="StyleId-1" CONTENT="names" WC="0.868" CC="60000" />
            <SP ID="P13_SP00088" WIDTH="0" HPOS="0" VPOS="0" />
            <String ID="P13_S00100" HPOS="1478" VPOS="990" WIDTH="70" HEIGHT="36" STYLEREFS="StyleId-1" CONTENT="are" WC="0.92" CC="020" />
            <SP ID="P13_SP00089" WIDTH="0" HPOS="0" VPOS="0" />
            <String ID="P13_S00101" HPOS="1596" VPOS="989" WIDTH="117" HEIGHT="37" STYLEREFS="StyleId-1" CONTENT="men¬" WC="0.795" CC="4201" />
          </TextLine>
          <TextLine ID="P13_TL00013" HPOS="192" VPOS="1045" WIDTH="1522" HEIGHT="41">
            <String ID="P13_S00102" HPOS="192" VPOS="1046" WIDTH="152" HEIGHT="39" STYLEREFS="StyleId-1" CONTENT="tioned" WC="0.965" CC="000200" />
            <SP ID="P13_SP00090" WIDTH="0" HPOS="0" VPOS="0" />
            <String ID="P13_S00103" HPOS="366" VPOS="1045" WIDTH="45" HEIGHT="40" STYLEREFS="StyleId-1" CONTENT="in" WC="1" CC="00" />
            <SP ID="P13_SP00091" WIDTH="0" HPOS="0" VPOS="0" />
            <String ID="P13_S00104" HPOS="436" VPOS="1045" WIDTH="184" HEIGHT="46" STYLEREFS="StyleId-1" CONTENT="history." WC="0.91375" CC="02000004" />
            <SP ID="P13_SP00092" WIDTH="0" HPOS="0" VPOS="0" />
            <String ID="P13_S00105" HPOS="682" VPOS="1042" WIDTH="216" HEIGHT="49" STYLEREFS="StyleId-1" CONTENT="Through" WC="1" CC="0000000" />
            <SP ID="P13_SP00093" WIDTH="0" HPOS="0" VPOS="0" />
            <String ID="P13_S00106" HPOS="937" VPOS="1045" WIDTH="74" HEIGHT="46" STYLEREFS="StyleId-1" CONTENT="the" WC="1" CC="000" />
            <SP ID="P13_SP00094" WIDTH="0" HPOS="0" VPOS="0" />
            <String ID="P13_S00107" HPOS="1042" VPOS="1043" WIDTH="217" HEIGHT="48" STYLEREFS="StyleId-1" CONTENT="influence" WC="0.7677778" CC="005550400" />
            <SP ID="P13_SP00095" WIDTH="0" HPOS="0" VPOS="0" />
            <String ID="P13_S00108" HPOS="1298" VPOS="1043" WIDTH="45" HEIGHT="48" STYLEREFS="StyleId-1" CONTENT="of" WC="0.75" CC="05" />
            <SP ID="P13_SP00096" WIDTH="0" HPOS="0" VPOS="0" />
            <String ID="P13_S00109" HPOS="1384" VPOS="1043" WIDTH="73" HEIGHT="48" STYLEREFS="StyleId-1" CONTENT="the" WC="1" CC="000" />
            <SP ID="P13_SP00097" WIDTH="0" HPOS="0" VPOS="0" />
            <String ID="P13_S00110" HPOS="1516" VPOS="1041" WIDTH="93" HEIGHT="50" STYLEREFS="StyleId-1" CONTENT="first" WC="1" CC="00000" />
            <SP ID="P13_SP00098" WIDTH="0" HPOS="0" VPOS="0" />
            <String ID="P13_S00111" HPOS="1630" VPOS="1042" WIDTH="84" HEIGHT="49" STYLEREFS="StyleId-1" CONTENT="and" WC="0.716666639" CC="080" />
          </TextLine>
          <TextLine ID="P13_TL00014" HPOS="192" VPOS="1112" WIDTH="1525" HEIGHT="41">
            <String ID="P13_S00112" HPOS="192" VPOS="1117" WIDTH="126" HEIGHT="43" STYLEREFS="StyleId-1" CONTENT="great" WC="0.758" CC="102000" />
            <SP ID="P13_SP00099" WIDTH="0" HPOS="0" VPOS="0" />
            <String ID="P13_S00113" HPOS="339" VPOS="1111" WIDTH="247" HEIGHT="49" STYLEREFS="StyleId-1" CONTENT="university" WC="0.835" CC="0013000109" />
            <SP ID="P13_SP00100" WIDTH="0" HPOS="0" VPOS="0" />
            <String ID="P13_S00114" HPOS="614" VPOS="1110" WIDTH="47" HEIGHT="50" STYLEREFS="StyleId-1" CONTENT="in" WC="0.79" CC="04" />
            <SP ID="P13_SP00101" WIDTH="0" HPOS="0" VPOS="0" />
            <String ID="P13_S00115" HPOS="676" VPOS="1110" WIDTH="131" HEIGHT="50" STYLEREFS="StyleId-1" CONTENT="Italy," WC="0.685" CC="309202" />
            <SP ID="P13_SP00102" WIDTH="0" HPOS="0" VPOS="0" />
            <String ID="P13_S00116" HPOS="829" VPOS="1109" WIDTH="210" HEIGHT="51" STYLEREFS="StyleId-1" CONTENT="feminine" WC="0.55375" CC="20857570" />
            <SP ID="P13_SP00103" WIDTH="0" HPOS="0" VPOS="0" />
            <String ID="P13_S00117" HPOS="1050" VPOS="1108" WIDTH="233" HEIGHT="52" STYLEREFS="StyleId-1" CONTENT="education" WC="0.641111135" CC="006080448" />
            <SP ID="P13_SP00104" WIDTH="0" HPOS="0" VPOS="0" />
            <String ID="P13_S00118" HPOS="1296" VPOS="1108" WIDTH="203" HEIGHT="52" STYLEREFS="StyleId-1" CONTENT="obtained" WC="0.82" CC="03600300" />
            <SP ID="P13_SP00105" WIDTH="0" HPOS="0" VPOS="0" />
            <String ID="P13_S00119" HPOS="1521" VPOS="1120" WIDTH="25" HEIGHT="40" STYLEREFS="StyleId-1" CONTENT="a" WC="1" CC="0" />
            <SP ID="P13_SP00106" WIDTH="0" HPOS="0" VPOS="0" />
            <String ID="P13_S00120" HPOS="1565" VPOS="1113" WIDTH="152" HEIGHT="47" STYLEREFS="StyleId-1" CONTENT="strong" WC="0.8066667" CC="000470" />
          </TextLine>
          <TextLine ID="P13_TL00015" HPOS="194" VPOS="1177" WIDTH="1516" HEIGHT="41">
            <String ID="P13_S00121" HPOS="194" VPOS="1177" WIDTH="218" HEIGHT="47" STYLEREFS="StyleId-1" CONTENT="foothold," WC="0.7644445" CC="000910603" />
            <SP ID="P13_SP00107" WIDTH="0" HPOS="0" VPOS="0" />
            <String ID="P13_S00122" HPOS="440" VPOS="1177" WIDTH="86" HEIGHT="47" STYLEREFS="StyleId-1" CONTENT="and" WC="0.793333352" CC="060" />
            <SP ID="P13_SP00108" WIDTH="0" HPOS="0" VPOS="0" />
            <String ID="P13_S00123" HPOS="550" VPOS="1175" WIDTH="107" HEIGHT="49" STYLEREFS="StyleId-1" CONTENT="with" WC="0.8725" CC="0005" />
            <SP ID="P13_SP00109" WIDTH="0" HPOS="0" VPOS="0" />
            <String ID="P13_S00124" HPOS="679" VPOS="1176" WIDTH="75" HEIGHT="48" STYLEREFS="StyleId-1" CONTENT="the" WC="1" CC="000" />
            <SP ID="P13_SP00110" WIDTH="0" HPOS="0" VPOS="0" />
            <String ID="P13_S00125" HPOS="786" VPOS="1175" WIDTH="169" HEIGHT="49" STYLEREFS="StyleId-1" CONTENT="further" WC="0.9257143" CC="3000001" />
            <SP ID="P13_SP00111" WIDTH="0" HPOS="0" VPOS="0" />
            <String ID="P13_S00126" HPOS="995" VPOS="1174" WIDTH="304" HEIGHT="50" STYLEREFS="StyleId-1" CONTENT="development" WC="0.9145455" CC="00006003000" />
            <SP ID="P13_SP00112" WIDTH="0" HPOS="0" VPOS="0" />
            <String ID="P13_S00127" HPOS="1338" VPOS="1173" WIDTH="46" HEIGHT="51" STYLEREFS="StyleId-1" CONTENT="of" WC="0.79" CC="04" />
            <SP ID="P13_SP00113" WIDTH="0" HPOS="0" VPOS="0" />
            <String ID="P13_S00128" HPOS="1423" VPOS="1172" WIDTH="287" HEIGHT="52" STYLEREFS="StyleId-1" CONTENT="universities," WC="0.88846153" CC="0800010003000" />
          </TextLine>
          <TextLine ID="P13_TL00016" HPOS="197" VPOS="1243" WIDTH="1518" HEIGHT="32">
            <String ID="P13_S00129" HPOS="197" VPOS="1243" WIDTH="214" HEIGHT="41" STYLEREFS="StyleId-1" CONTENT="feminine" WC="0.82125" CC="40010160" />
            <SP ID="P13_SP00114" WIDTH="0" HPOS="0" VPOS="0" />
            <String ID="P13_S00130" HPOS="432" VPOS="1242" WIDTH="233" HEIGHT="42" STYLEREFS="StyleId-1" CONTENT="education" WC="0.7788889" CC="705000007" />
            <SP ID="P13_SP00115" WIDTH="0" HPOS="0" VPOS="0" />
            <String ID="P13_S00131" HPOS="688" VPOS="1253" WIDTH="121" HEIGHT="31" STYLEREFS="StyleId-1" CONTENT="came" WC="0.91" CC="0300" />
            <SP ID="P13_SP00116" WIDTH="0" HPOS="0" VPOS="0" />
            <String ID="P13_S00132" HPOS="830" VPOS="1246" WIDTH="45" HEIGHT="38" STYLEREFS="StyleId-1" CONTENT="to" WC="1" CC="00" />
            <SP ID="P13_SP00117" WIDTH="0" HPOS="0" VPOS="0" />
            <String ID="P13_S00133" HPOS="894" VPOS="1240" WIDTH="55" HEIGHT="44" STYLEREFS="StyleId-1" CONTENT="be" WC="1" CC="00" />
            <SP ID="P13_SP00118" WIDTH="0" HPOS="0" VPOS="0" />
            <String ID="P13_S00134" HPOS="968" VPOS="1240" WIDTH="75" HEIGHT="44" STYLEREFS="StyleId-1" CONTENT="the" WC="1" CC="000" />
            <SP ID="P13_SP00119" WIDTH="0" HPOS="0" VPOS="0" />
            <String ID="P13_S00135" HPOS="1064" VPOS="1239" WIDTH="107" HEIGHT="45" STYLEREFS="StyleId-1" CONTENT="rule." WC="0.932" CC="10100" />
            <SP ID="P13_SP00120" WIDTH="0" HPOS="0" VPOS="0" />
            <String ID="P13_S00136" HPOS="1232" VPOS="1237" WIDTH="110" HEIGHT="47" STYLEREFS="StyleId-1" CONTENT="This" WC="1" CC="0000" />
            <SP ID="P13_SP00121" WIDTH="0" HPOS="0" VPOS="0" />
            <String ID="P13_S00137" HPOS="1357" VPOS="1238" WIDTH="93" HEIGHT="46" STYLEREFS="StyleId-1" CONTENT="rule" WC="0.9075" CC="0300" />
            <SP ID="P13_SP00122" WIDTH="0" HPOS="0" VPOS="0" />
            <String ID="P13_S00138" HPOS="1470" VPOS="1240" WIDTH="77" HEIGHT="44" STYLEREFS="StyleId-1" CONTENT="has" WC="1" CC="000" />
            <SP ID="P13_SP00123" WIDTH="0" HPOS="0" VPOS="0" />
            <String ID="P13_S00139" HPOS="1579" VPOS="1237" WIDTH="136" HEIGHT="47" STYLEREFS="StyleId-1" CONTENT="main¬" WC="0.854" CC="00213" />
          </TextLine>
          <TextLine ID="P13_TL00017" HPOS="194" VPOS="1309" WIDTH="1522" HEIGHT="39">
            <String ID="P13_S00140" HPOS="195" VPOS="1310" WIDTH="150" HEIGHT="39" STYLEREFS="StyleId-1" CONTENT="tained" WC="0.858333349" CC="060200" />
            <SP ID="P13_SP00124" WIDTH="0" HPOS="0" VPOS="0" />
            <String ID="P13_S00141" HPOS="367" VPOS="1308" WIDTH="121" HEIGHT="41" STYLEREFS="StyleId-1" CONTENT="itself" WC="0.74" CC="401063" />
            <SP ID="P13_SP00125" WIDTH="0" HPOS="0" VPOS="0" />
            <String ID="P13_S00142" HPOS="508" VPOS="1307" WIDTH="57" HEIGHT="42" STYLEREFS="StyleId-1" CONTENT="all" WC="0.62" CC="902" />
            <SP ID="P13_SP00126" WIDTH="0" HPOS="0" VPOS="0" />
            <String ID="P13_S00143" HPOS="586" VPOS="1308" WIDTH="131" HEIGHT="41" STYLEREFS="StyleId-1" CONTENT="down" WC="1" CC="0000" />
            <SP ID="P13_SP00127" WIDTH="0" HPOS="0" VPOS="0" />
            <String ID="P13_S00144" HPOS="739" VPOS="1307" WIDTH="75" HEIGHT="42" STYLEREFS="StyleId-1" CONTENT="the" WC="1" CC="000" />
            <SP ID="P13_SP00128" WIDTH="0" HPOS="0" VPOS="0" />
            <String ID="P13_S00145" HPOS="835" VPOS="1305" WIDTH="219" HEIGHT="44" STYLEREFS="StyleId-1" CONTENT="centuries" WC="0.7911111" CC="000453600" />
            <SP ID="P13_SP00129" WIDTH="0" HPOS="0" VPOS="0" />
            <String ID="P13_S00146" HPOS="1075" VPOS="1305" WIDTH="45" HEIGHT="44" STYLEREFS="StyleId-1" CONTENT="in" WC="0.955" CC="00" />
            <SP ID="P13_SP00130" WIDTH="0" HPOS="0" VPOS="0" />
            <String ID="P13_S00147" HPOS="1143" VPOS="1304" WIDTH="130" HEIGHT="47" STYLEREFS="StyleId-1" CONTENT="Italy," WC="0.95" CC="000300" />
            <SP ID="P13_SP00131" WIDTH="0" HPOS="0" VPOS="0" />
            <String ID="P13_S00148" HPOS="1301" VPOS="1316" WIDTH="46" HEIGHT="35" STYLEREFS="StyleId-1" CONTENT="so" WC="1" CC="00" />
            <SP ID="P13_SP00132" WIDTH="0" HPOS="0" VPOS="0" />
            <String ID="P13_S00149" HPOS="1368" VPOS="1304" WIDTH="96" HEIGHT="47" STYLEREFS="StyleId-1" CONTENT="that" WC="1" CC="0000" />
            <SP ID="P13_SP00133" WIDTH="0" HPOS="0" VPOS="0" />
            <String ID="P13_S00150" HPOS="1484" VPOS="1304" WIDTH="121" HEIGHT="47" STYLEREFS="StyleId-1" CONTENT="there" WC="1" CC="00000" />
            <SP ID="P13_SP00134" WIDTH="0" HPOS="0" VPOS="0" />
            <String ID="P13_S00151" HPOS="1638" VPOS="1303" WIDTH="78" HEIGHT="48" STYLEREFS="StyleId-1" CONTENT="has" WC="0.78" CC="015" />
          </TextLine>
          <TextLine ID="P13_TL00018" HPOS="196" VPOS="1374" WIDTH="1520" HEIGHT="40">
            <String ID="P13_S00152" HPOS="196" VPOS="1381" WIDTH="78" HEIGHT="34" STYLEREFS="StyleId-1" CONTENT="not" WC="0.78" CC="600" />
            <SP ID="P13_SP00135" WIDTH="0" HPOS="0" VPOS="0" />
            <String ID="P13_S00153" HPOS="295" VPOS="1375" WIDTH="109" HEIGHT="40" STYLEREFS="StyleId-1" CONTENT="been" WC="0.945" CC="0002" />
            <SP ID="P13_SP00136" WIDTH="0" HPOS="0" VPOS="0" />
            <String ID="P13_S00154" HPOS="427" VPOS="1387" WIDTH="24" HEIGHT="28" STYLEREFS="StyleId-1" CONTENT="a" WC="1" CC="0" />
            <SP ID="P13_SP00137" WIDTH="0" HPOS="0" VPOS="0" />
            <String ID="P13_S00155" HPOS="472" VPOS="1373" WIDTH="142" HEIGHT="47" STYLEREFS="StyleId-1" CONTENT="single" WC="0.795" CC="034040" />
            <SP ID="P13_SP00138" WIDTH="0" HPOS="0" VPOS="0" />
            <String ID="P13_S00156" HPOS="635" VPOS="1377" WIDTH="186" HEIGHT="43" STYLEREFS="StyleId-1" CONTENT="century" WC="0.922857165" CC="0010400" />
            <SP ID="P13_SP00139" WIDTH="0" HPOS="0" VPOS="0" />
            <String ID="P13_S00157" HPOS="843" VPOS="1370" WIDTH="120" HEIGHT="50" STYLEREFS="StyleId-1" CONTENT="since" WC="0.976" CC="01000" />
            <SP ID="P13_SP00140" WIDTH="0" HPOS="0" VPOS="0" />
            <String ID="P13_S00158" HPOS="985" VPOS="1371" WIDTH="74" HEIGHT="49" STYLEREFS="StyleId-1" CONTENT="the" WC="1" CC="000" />
            <SP ID="P13_SP00141" WIDTH="0" HPOS="0" VPOS="0" />
            <String ID="P13_S00159" HPOS="1080" VPOS="1369" WIDTH="184" HEIGHT="51" STYLEREFS="StyleId-1" CONTENT="twelfth," WC="0.9425" CC="00004000" />
            <SP ID="P13_SP00142" WIDTH="0" HPOS="0" VPOS="0" />
            <String ID="P13_S00160" HPOS="1311" VPOS="1369" WIDTH="44" HEIGHT="51" STYLEREFS="StyleId-1" CONTENT="in" WC="0.67" CC="51" />
            <SP ID="P13_SP00143" WIDTH="0" HPOS="0" VPOS="0" />
            <String ID="P13_S00161" HPOS="1397" VPOS="1368" WIDTH="142" HEIGHT="52" STYLEREFS="StyleId-1" CONTENT="which" WC="0.624" CC="06506" />
            <SP ID="P13_SP00144" WIDTH="0" HPOS="0" VPOS="0" />
            <String ID="P13_S00162" HPOS="1595" VPOS="1368" WIDTH="121" HEIGHT="52" STYLEREFS="StyleId-1" CONTENT="there" WC="1" CC="00000" />
          </TextLine>
          <TextLine ID="P13_TL00019" HPOS="198" VPOS="1440" WIDTH="1516" HEIGHT="38">
            <String ID="P13_S00163" HPOS="198" VPOS="1443" WIDTH="111" HEIGHT="38" STYLEREFS="StyleId-1" CONTENT="have" WC="0.9325" CC="2000" />
            <SP ID="P13_SP00145" WIDTH="0" HPOS="0" VPOS="0" />
            <String ID="P13_S00164" HPOS="331" VPOS="1445" WIDTH="78" HEIGHT="36" STYLEREFS="StyleId-1" CONTENT="not" WC="0.933333337" CC="200" />
            <SP ID="P13_SP00146" WIDTH="0" HPOS="0" VPOS="0" />
            <String ID="P13_S00165" HPOS="430" VPOS="1440" WIDTH="109" HEIGHT="41" STYLEREFS="StyleId-1" CONTENT="been" WC="1" CC="0000" />
            <SP ID="P13_SP00147" WIDTH="0" HPOS="0" VPOS="0" />
            <String ID="P13_S00166" HPOS="560" VPOS="1450" WIDTH="85" HEIGHT="31" STYLEREFS="StyleId-1" CONTENT="one" WC="0.7633333" CC="070" />
            <SP ID="P13_SP00148" WIDTH="0" HPOS="0" VPOS="0" />
            <String ID="P13_S00167" HPOS="667" VPOS="1450" WIDTH="48" HEIGHT="31" STYLEREFS="StyleId-1" CONTENT="or" WC="0.91" CC="01" />
            <SP ID="P13_SP00149" WIDTH="0" HPOS="0" VPOS="0" />
            <String ID="P13_S00168" HPOS="737" VPOS="1449" WIDTH="118" HEIGHT="32" STYLEREFS="StyleId-1" CONTENT="more" WC="0.9375" CC="0020" />
            <SP ID="P13_SP00150" WIDTH="0" HPOS="0" VPOS="0" />
            <String ID="P13_S00169" HPOS="876" VPOS="1435" WIDTH="324" HEIGHT="47" STYLEREFS="StyleId-1" CONTENT="distinguished" WC="0.925384641" CC="0000000400500" />
            <SP ID="P13_SP00151" WIDTH="0" HPOS="0" VPOS="0" />
            <String ID="P13_S00170" HPOS="1231" VPOS="1446" WIDTH="167" HEIGHT="36" STYLEREFS="StyleId-1" CONTENT="women" WC="0.816" CC="00900" />
            <SP ID="P13_SP00152" WIDTH="0" HPOS="0" VPOS="0" />
            <String ID="P13_S00171" HPOS="1435" VPOS="1434" WIDTH="193" HEIGHT="48" STYLEREFS="StyleId-1" CONTENT="teachers" WC="0.98875" CC="00000000" />
            <SP ID="P13_SP00153" WIDTH="0" HPOS="0" VPOS="0" />
            <String ID="P13_S00172" HPOS="1670" VPOS="1433" WIDTH="44" HEIGHT="49" STYLEREFS="StyleId-1" CONTENT="in" WC="0.515" CC="36" />
          </TextLine>
          <TextLine ID="P13_TL00020" HPOS="195" VPOS="1506" WIDTH="623" HEIGHT="37">
            <String ID="P13_S00173" HPOS="195" VPOS="1509" WIDTH="77" HEIGHT="38" STYLEREFS="StyleId-1" CONTENT="the" WC="1" CC="000" />
            <SP ID="P13_SP00154" WIDTH="0" HPOS="0" VPOS="0" />
            <String ID="P13_S00174" HPOS="293" VPOS="1505" WIDTH="157" HEIGHT="42" STYLEREFS="StyleId-1" CONTENT="Italian" WC="0.8242857" CC="0200306" />
            <SP ID="P13_SP00155" WIDTH="0" HPOS="0" VPOS="0" />
            <String ID="P13_S00175" HPOS="476" VPOS="1503" WIDTH="277" HEIGHT="44" STYLEREFS="StyleId-1" CONTENT="universities" WC="0.8875" CC="500012030000" />
            <SP ID="P13_SP00156" WIDTH="0" HPOS="0" VPOS="0" />
            <String ID="P13_S00176" HPOS="772" VPOS="1503" WIDTH="46" HEIGHT="44" STYLEREFS="StyleId-1" CONTENT="&quot;." WC="0.62" CC="70" />
          </TextLine>
          <TextLine ID="P13_TL00021" HPOS="281" VPOS="1569" WIDTH="1433" HEIGHT="41">
            <String ID="P13_S00177" HPOS="281" VPOS="1572" WIDTH="169" HEIGHT="45" STYLEREFS="StyleId-1" CONTENT="Walsh," WC="1" CC="000000" />
            <SP ID="P13_SP00157" WIDTH="0" HPOS="0" VPOS="0" />
            <String ID="P13_S00178" HPOS="478" VPOS="1570" WIDTH="45" HEIGHT="47" STYLEREFS="StyleId-1" CONTENT="in" WC="0.695" CC="06" />
            <SP ID="P13_SP00158" WIDTH="0" HPOS="0" VPOS="0" />
            <String ID="P13_S00179" HPOS="554" VPOS="1568" WIDTH="216" HEIGHT="49" STYLEREFS="StyleId-1" CONTENT="speaking" WC="0.77625" CC="000012310" />
            <SP ID="P13_SP00159" WIDTH="0" HPOS="0" VPOS="0" />
            <String ID="P13_S00180" HPOS="790" VPOS="1567" WIDTH="45" HEIGHT="50" STYLEREFS="StyleId-1" CONTENT="of" WC="0.905" CC="01" />
            <SP ID="P13_SP00160" WIDTH="0" HPOS="0" VPOS="0" />
            <String ID="P13_S00181" HPOS="857" VPOS="1567" WIDTH="74" HEIGHT="50" STYLEREFS="StyleId-1" CONTENT="the" WC="1" CC="000" />
            <SP ID="P13_SP00161" WIDTH="0" HPOS="0" VPOS="0" />
            <String ID="P13_S00182" HPOS="952" VPOS="1564" WIDTH="274" HEIGHT="53" STYLEREFS="StyleId-1" CONTENT="educational" WC="0.9209091" CC="00203000002" />
            <SP ID="P13_SP00162" WIDTH="0" HPOS="0" VPOS="0" />
            <String ID="P13_S00183" HPOS="1262" VPOS="1563" WIDTH="318" HEIGHT="54" STYLEREFS="StyleId-1" CONTENT="opportunities" WC="0.770769238" CC="0005300530209" />
            <SP ID="P13_SP00163" WIDTH="0" HPOS="0" VPOS="0" />
            <String ID="P13_S00184" HPOS="1621" VPOS="1568" WIDTH="93" HEIGHT="49" STYLEREFS="StyleId-1" CONTENT="out¬" WC="0.9625" CC="0100" />
          </TextLine>
          <TextLine ID="P13_TL00022" HPOS="194" VPOS="1630" WIDTH="1524" HEIGHT="46">
            <String ID="P13_S00185" HPOS="194" VPOS="1638" WIDTH="96" HEIGHT="39" STYLEREFS="StyleId-1" CONTENT="side" WC="0.645" CC="7520" />
            <SP ID="P13_SP00164" WIDTH="0" HPOS="0" VPOS="0" />
            <String ID="P13_S00186" HPOS="310" VPOS="1637" WIDTH="48" HEIGHT="40" STYLEREFS="StyleId-1" CONTENT="of" WC="1" CC="00" />
            <SP ID="P13_SP00165" WIDTH="0" HPOS="0" VPOS="0" />
            <String ID="P13_S00187" HPOS="378" VPOS="1637" WIDTH="131" HEIGHT="46" STYLEREFS="StyleId-1" CONTENT="Italy," WC="0.7633333" CC="109003" />
            <SP ID="P13_SP00166" WIDTH="0" HPOS="0" VPOS="0" />
            <String ID="P13_S00188" HPOS="534" VPOS="1646" WIDTH="102" HEIGHT="37" STYLEREFS="StyleId-1" CONTENT="says" WC="0.7675" CC="0090" />
            <SP ID="P13_SP00167" WIDTH="0" HPOS="0" VPOS="0" />
            <String ID="P13_S00189" HPOS="655" VPOS="1648" WIDTH="9" HEIGHT="35" STYLEREFS="StyleId-1" CONTENT=":" WC="0.66" CC="3" />
            <SP ID="P13_SP00168" WIDTH="0" HPOS="0" VPOS="0" />
            <String ID="P13_S00190" HPOS="694" VPOS="1627" WIDTH="88" HEIGHT="56" STYLEREFS="StyleId-1" CONTENT="&quot;in" WC="0.65" CC="720" />
            <SP ID="P13_SP00169" WIDTH="0" HPOS="0" VPOS="0" />
            <String ID="P13_S00191" HPOS="803" VPOS="1632" WIDTH="112" HEIGHT="51" STYLEREFS="StyleId-1" CONTENT="spite" WC="0.924" CC="00300" />
            <SP ID="P13_SP00170" WIDTH="0" HPOS="0" VPOS="0" />
            <String ID="P13_S00192" HPOS="935" VPOS="1631" WIDTH="47" HEIGHT="52" STYLEREFS="StyleId-1" CONTENT="of" WC="0.81" CC="03" />
            <SP ID="P13_SP00171" WIDTH="0" HPOS="0" VPOS="0" />
            <String ID="P13_S00193" HPOS="996" VPOS="1632" WIDTH="74" HEIGHT="51" STYLEREFS="StyleId-1" CONTENT="the" WC="1" CC="000" />
            <SP ID="P13_SP00172" WIDTH="0" HPOS="0" VPOS="0" />
            <String ID="P13_S00194" HPOS="1089" VPOS="1630" WIDTH="183" HEIGHT="53" STYLEREFS="StyleId-1" CONTENT="absence" WC="0.9128571" CC="6000000" />
            <SP ID="P13_SP00173" WIDTH="0" HPOS="0" VPOS="0" />
            <String ID="P13_S00195" HPOS="1292" VPOS="1629" WIDTH="45" HEIGHT="54" STYLEREFS="StyleId-1" CONTENT="of" WC="0.92" CC="01" />
            <SP ID="P13_SP00174" WIDTH="0" HPOS="0" VPOS="0" />
            <String ID="P13_S00196" HPOS="1371" VPOS="1628" WIDTH="152" HEIGHT="55" STYLEREFS="StyleId-1" CONTENT="formal" WC="0.745" CC="201335" />
            <SP ID="P13_SP00175" WIDTH="0" HPOS="0" VPOS="0" />
            <String ID="P13_S00197" HPOS="1562" VPOS="1639" WIDTH="155" HEIGHT="44" STYLEREFS="StyleId-1" CONTENT="oppor¬" WC="0.535" CC="594322" />
          </TextLine>
          <TextLine ID="P13_TL00023" HPOS="196" VPOS="1700" WIDTH="1517" HEIGHT="35">
            <String ID="P13_S00198" HPOS="196" VPOS="1703" WIDTH="185" HEIGHT="41" STYLEREFS="StyleId-1" CONTENT="tunities" WC="0.9325" CC="00410000" />
            <SP ID="P13_SP00176" WIDTH="0" HPOS="0" VPOS="0" />
            <String ID="P13_S00199" HPOS="403" VPOS="1702" WIDTH="67" HEIGHT="42" STYLEREFS="StyleId-1" CONTENT="for" WC="0.816666663" CC="401" />
            <SP ID="P13_SP00177" WIDTH="0" HPOS="0" VPOS="0" />
            <String ID="P13_S00200" HPOS="491" VPOS="1700" WIDTH="212" HEIGHT="44" STYLEREFS="StyleId-1" CONTENT="feminine" WC="0.885" CC="40000500" />
            <SP ID="P13_SP00178" WIDTH="0" HPOS="0" VPOS="0" />
            <String ID="P13_S00201" HPOS="724" VPOS="1698" WIDTH="232" HEIGHT="46" STYLEREFS="StyleId-1" CONTENT="education" WC="0.8055556" CC="007040004" />
            <SP ID="P13_SP00179" WIDTH="0" HPOS="0" VPOS="0" />
            <String ID="P13_S00202" HPOS="980" VPOS="1697" WIDTH="44" HEIGHT="47" STYLEREFS="StyleId-1" CONTENT="in" WC="0.7" CC="14" />
            <SP ID="P13_SP00180" WIDTH="0" HPOS="0" VPOS="0" />
            <String ID="P13_S00203" HPOS="1067" VPOS="1694" WIDTH="213" HEIGHT="50" STYLEREFS="StyleId-1" CONTENT="medicine" WC="0.9425" CC="02000100" />
            <SP ID="P13_SP00181" WIDTH="0" HPOS="0" VPOS="0" />
            <String ID="P13_S00204" HPOS="1321" VPOS="1700" WIDTH="43" HEIGHT="44" STYLEREFS="StyleId-1" CONTENT="at" WC="1" CC="00" />
            <SP ID="P13_SP00182" WIDTH="0" HPOS="0" VPOS="0" />
            <String ID="P13_S00205" HPOS="1403" VPOS="1694" WIDTH="74" HEIGHT="50" STYLEREFS="StyleId-1" CONTENT="the" WC="1" CC="000" />
            <SP ID="P13_SP00183" WIDTH="0" HPOS="0" VPOS="0" />
            <String ID="P13_S00206" HPOS="1512" VPOS="1694" WIDTH="201" HEIGHT="50" STYLEREFS="StyleId-1" CONTENT="Western" WC="0.84" CC="0000703" />
          </TextLine>
          <TextLine ID="P13_TL00024" HPOS="198" VPOS="1765" WIDTH="1515" HEIGHT="39">
            <String ID="P13_S00207" HPOS="198" VPOS="1768" WIDTH="295" HEIGHT="43" STYLEREFS="StyleId-1" CONTENT="universities," WC="0.840769231" CC="3430000052001" />
            <SP ID="P13_SP00184" WIDTH="0" HPOS="0" VPOS="0" />
            <String ID="P13_S00208" HPOS="521" VPOS="1780" WIDTH="24" HEIGHT="31" STYLEREFS="StyleId-1" CONTENT="a" WC="1" CC="0" />
            <SP ID="P13_SP00185" WIDTH="0" HPOS="0" VPOS="0" />
            <String ID="P13_S00209" HPOS="560" VPOS="1764" WIDTH="166" HEIGHT="47" STYLEREFS="StyleId-1" CONTENT="certain" WC="0.9657143" CC="0200000" />
            <SP ID="P13_SP00186" WIDTH="0" HPOS="0" VPOS="0" />
            <String ID="P13_S00210" HPOS="751" VPOS="1768" WIDTH="179" HEIGHT="43" STYLEREFS="StyleId-1" CONTENT="ainonnt" WC="0.697142839" CC="0610940" />
            <SP ID="P13_SP00187" WIDTH="0" HPOS="0" VPOS="0" />
            <String ID="P13_S00211" HPOS="952" VPOS="1762" WIDTH="45" HEIGHT="49" STYLEREFS="StyleId-1" CONTENT="of" WC="0.785" CC="04" />
            <SP ID="P13_SP00188" WIDTH="0" HPOS="0" VPOS="0" />
            <String ID="P13_S00212" HPOS="1018" VPOS="1759" WIDTH="212" HEIGHT="52" STYLEREFS="StyleId-1" CONTENT="scientific" WC="0.762" CC="0740704000" />
            <SP ID="P13_SP00189" WIDTH="0" HPOS="0" VPOS="0" />
            <String ID="P13_S00213" HPOS="1272" VPOS="1759" WIDTH="259" HEIGHT="52" STYLEREFS="StyleId-1" CONTENT="knowledge" WC="0.7488889" CC="170040090" />
            <SP ID="P13_SP00190" WIDTH="0" HPOS="0" VPOS="0" />
            <String ID="P13_S00214" HPOS="1565" VPOS="1757" WIDTH="46" HEIGHT="54" STYLEREFS="StyleId-1" CONTENT="of" WC="0.6" CC="34" />
            <SP ID="P13_SP00191" WIDTH="0" HPOS="0" VPOS="0" />
            <String ID="P13_S00215" HPOS="1650" VPOS="1758" WIDTH="63" HEIGHT="53" STYLEREFS="StyleId-0" CONTENT="dir" WC="0.686666667" CC="017" />
          </TextLine>
          <TextLine ID="P13_TL00025" HPOS="197" VPOS="1831" WIDTH="1521" HEIGHT="40">
            <String ID="P13_S00216" HPOS="198" VPOS="1847" WIDTH="143" HEIGHT="29" STYLEREFS="StyleId-1" CONTENT="seases" WC="0.873333335" CC="410100" />
            <SP ID="P13_SP00192" WIDTH="0" HPOS="0" VPOS="0" />
            <String ID="P13_S00217" HPOS="362" VPOS="1846" WIDTH="47" HEIGHT="30" STYLEREFS="StyleId-1" CONTENT="as" WC="1" CC="00" />
            <SP ID="P13_SP00193" WIDTH="0" HPOS="0" VPOS="0" />
            <String ID="P13_S00218" HPOS="430" VPOS="1833" WIDTH="95" HEIGHT="43" STYLEREFS="StyleId-1" CONTENT="well" WC="0.9225" CC="0003" />
            <SP ID="P13_SP00194" WIDTH="0" HPOS="0" VPOS="0" />
            <String ID="P13_S00219" HPOS="547" VPOS="1844" WIDTH="47" HEIGHT="32" STYLEREFS="StyleId-1" CONTENT="as" WC="1" CC="00" />
            <SP ID="P13_SP00195" WIDTH="0" HPOS="0" VPOS="0" />
            <String ID="P13_S00220" HPOS="622" VPOS="1829" WIDTH="202" HEIGHT="47" STYLEREFS="StyleId-1" CONTENT="valuable" WC="0.8275" CC="00405310" />
            <SP ID="P13_SP00196" WIDTH="0" HPOS="0" VPOS="0" />
            <String ID="P13_S00221" HPOS="846" VPOS="1827" WIDTH="205" HEIGHT="49" STYLEREFS="StyleId-1" CONTENT="practical" WC="0.802222252" CC="020005044" />
            <SP ID="P13_SP00197" WIDTH="0" HPOS="0" VPOS="0" />
            <String ID="P13_S00222" HPOS="1071" VPOS="1825" WIDTH="194" HEIGHT="51" STYLEREFS="StyleId-1" CONTENT="training" WC="0.79125" CC="00370500" />
            <SP ID="P13_SP00198" WIDTH="0" HPOS="0" VPOS="0" />
            <String ID="P13_S00223" HPOS="1285" VPOS="1825" WIDTH="46" HEIGHT="51" STYLEREFS="StyleId-1" CONTENT="in" WC="0.645" CC="70" />
            <SP ID="P13_SP00199" WIDTH="0" HPOS="0" VPOS="0" />
            <String ID="P13_S00224" HPOS="1352" VPOS="1824" WIDTH="75" HEIGHT="52" STYLEREFS="StyleId-1" CONTENT="the" WC="0.99333334" CC="000" />
            <SP ID="P13_SP00200" WIDTH="0" HPOS="0" VPOS="0" />
            <String ID="P13_S00225" HPOS="1454" VPOS="1836" WIDTH="96" HEIGHT="40" STYLEREFS="StyleId-1" CONTENT="care" WC="1" CC="0000" />
            <SP ID="P13_SP00201" WIDTH="0" HPOS="0" VPOS="0" />
            <String ID="P13_S00226" HPOS="1569" VPOS="1823" WIDTH="47" HEIGHT="53" STYLEREFS="StyleId-1" CONTENT="of" WC="1" CC="00" />
            <SP ID="P13_SP00202" WIDTH="0" HPOS="0" VPOS="0" />
            <String ID="P13_S00227" HPOS="1642" VPOS="1823" WIDTH="76" HEIGHT="53" STYLEREFS="StyleId-1" CONTENT="the" WC="1" CC="000" />
          </TextLine>
          <TextLine ID="P13_TL00026" HPOS="198" VPOS="1896" WIDTH="1517" HEIGHT="44">
            <String ID="P13_S00228" HPOS="198" VPOS="1901" WIDTH="154" HEIGHT="47" STYLEREFS="StyleId-1" CONTENT="ailing," WC="0.6957143" CC="7310503" />
            <SP ID="P13_SP00203" WIDTH="0" HPOS="0" VPOS="0" />
            <String ID="P13_S00229" HPOS="387" VPOS="1911" WIDTH="88" HEIGHT="37" STYLEREFS="StyleId-1" CONTENT="was" WC="0.75" CC="070" />
            <SP ID="P13_SP00204" WIDTH="0" HPOS="0" VPOS="0" />
            <String ID="P13_S00230" HPOS="497" VPOS="1903" WIDTH="76" HEIGHT="45" STYLEREFS="StyleId-1" CONTENT="not" WC="1" CC="000" />
            <SP ID="P13_SP00205" WIDTH="0" HPOS="0" VPOS="0" />
            <String ID="P13_S00231" HPOS="596" VPOS="1895" WIDTH="214" HEIGHT="53" STYLEREFS="StyleId-1" CONTENT="wanting." WC="0.67625" CC="08703501" />
            <SP ID="P13_SP00206" WIDTH="0" HPOS="0" VPOS="0" />
            <String ID="P13_S00232" HPOS="871" VPOS="1892" WIDTH="95" HEIGHT="56" STYLEREFS="StyleId-1" CONTENT="The" WC="1" CC="000" />
            <SP ID="P13_SP00207" WIDTH="0" HPOS="0" VPOS="0" />
            <String ID="P13_S00233" HPOS="987" VPOS="1891" WIDTH="183" HEIGHT="57" STYLEREFS="StyleId-1" CONTENT="medical" WC="0.8685714" CC="0004005" />
            <SP ID="P13_SP00208" WIDTH="0" HPOS="0" VPOS="0" />
            <String ID="P13_S00234" HPOS="1195" VPOS="1889" WIDTH="254" HEIGHT="59" STYLEREFS="StyleId-1" CONTENT="knowledge" WC="1" CC="000000000" />
            <SP ID="P13_SP00209" WIDTH="0" HPOS="0" VPOS="0" />
            <String ID="P13_S00235" HPOS="1470" VPOS="1888" WIDTH="45" HEIGHT="60" STYLEREFS="StyleId-1" CONTENT="of" WC="0.99" CC="00" />
            <SP ID="P13_SP00210" WIDTH="0" HPOS="0" VPOS="0" />
            <String ID="P13_S00236" HPOS="1535" VPOS="1888" WIDTH="75" HEIGHT="60" STYLEREFS="StyleId-1" CONTENT="the" WC="0.79" CC="600" />
            <SP ID="P13_SP00211" WIDTH="0" HPOS="0" VPOS="0" />
            <String ID="P13_S00237" HPOS="1630" VPOS="1900" WIDTH="85" HEIGHT="48" STYLEREFS="StyleId-1" CONTENT="wo¬" WC="0.8233333" CC="014" />
          </TextLine>
          <TextLine ID="P13_TL00027" HPOS="198" VPOS="1961" WIDTH="1516" HEIGHT="40">
            <String ID="P13_S00238" HPOS="198" VPOS="1979" WIDTH="101" HEIGHT="28" STYLEREFS="StyleId-1" CONTENT="men" WC="0.6766667" CC="900" />
            <SP ID="P13_SP00212" WIDTH="0" HPOS="0" VPOS="0" />
            <String ID="P13_S00239" HPOS="321" VPOS="1965" WIDTH="47" HEIGHT="42" STYLEREFS="StyleId-1" CONTENT="of" WC="0.77" CC="03" />
            <SP ID="P13_SP00213" WIDTH="0" HPOS="0" VPOS="0" />
            <String ID="P13_S00240" HPOS="392" VPOS="1965" WIDTH="224" HEIGHT="42" STYLEREFS="StyleId-1" CONTENT="Northern" WC="0.8825" CC="20000006" />
            <SP ID="P13_SP00214" WIDTH="0" HPOS="0" VPOS="0" />
            <String ID="P13_S00241" HPOS="633" VPOS="1961" WIDTH="183" HEIGHT="46" STYLEREFS="StyleId-1" CONTENT="France," WC="0.7057143" CC="7006060" />
            <SP ID="P13_SP00215" WIDTH="0" HPOS="0" VPOS="0" />
            <String ID="P13_S00242" HPOS="855" VPOS="1959" WIDTH="222" HEIGHT="48" STYLEREFS="StyleId-1" CONTENT="Germany" WC="0.828571439" CC="4000700" />
            <SP ID="P13_SP00216" WIDTH="0" HPOS="0" VPOS="0" />
            <String ID="P13_S00243" HPOS="1117" VPOS="1956" WIDTH="85" HEIGHT="51" STYLEREFS="StyleId-1" CONTENT="and" WC="0.92" CC="020" />
            <SP ID="P13_SP00217" WIDTH="0" HPOS="0" VPOS="0" />
            <String ID="P13_S00244" HPOS="1243" VPOS="1954" WIDTH="217" HEIGHT="53" STYLEREFS="StyleId-1" CONTENT="England," WC="0.7525" CC="66000600" />
            <SP ID="P13_SP00218" WIDTH="0" HPOS="0" VPOS="0" />
            <String ID="P13_S00245" HPOS="1501" VPOS="1954" WIDTH="213" HEIGHT="53" STYLEREFS="StyleId-1" CONTENT="however," WC="0.92875" CC="50000000" />
          </TextLine>
          <TextLine ID="P13_TL00028" HPOS="198" VPOS="2026" WIDTH="1518" HEIGHT="45">
            <String ID="P13_S00246" HPOS="198" VPOS="2032" WIDTH="175" HEIGHT="47" STYLEREFS="StyleId-1" CONTENT="though" WC="0.748333335" CC="572000" />
            <SP ID="P13_SP00219" WIDTH="0" HPOS="0" VPOS="0" />
            <String ID="P13_S00247" HPOS="405" VPOS="2031" WIDTH="34" HEIGHT="48" STYLEREFS="StyleId-1" CONTENT="it" WC="0.885" CC="20" />
            <SP ID="P13_SP00220" WIDTH="0" HPOS="0" VPOS="0" />
            <String ID="P13_S00248" HPOS="460" VPOS="2030" WIDTH="76" HEIGHT="49" STYLEREFS="StyleId-1" CONTENT="did" WC="1" CC="000" />
            <SP ID="P13_SP00221" WIDTH="0" HPOS="0" VPOS="0" />
            <String ID="P13_S00249" HPOS="559" VPOS="2033" WIDTH="77" HEIGHT="46" STYLEREFS="StyleId-1" CONTENT="not" WC="0.83" CC="400" />
            <SP ID="P13_SP00222" WIDTH="0" HPOS="0" VPOS="0" />
            <String ID="P13_S00250" HPOS="657" VPOS="2026" WIDTH="167" HEIGHT="53" STYLEREFS="StyleId-1" CONTENT="receive" WC="0.95" CC="3000000" />
            <SP ID="P13_SP00223" WIDTH="0" HPOS="0" VPOS="0" />
            <String ID="P13_S00251" HPOS="844" VPOS="2025" WIDTH="74" HEIGHT="54" STYLEREFS="StyleId-1" CONTENT="the" WC="1" CC="000" />
            <SP ID="P13_SP00224" WIDTH="0" HPOS="0" VPOS="0" />
            <String ID="P13_S00252" HPOS="939" VPOS="2030" WIDTH="141" HEIGHT="49" STYLEREFS="StyleId-1" CONTENT="stamp" WC="0.822" CC="26000" />
            <SP ID="P13_SP00225" WIDTH="0" HPOS="0" VPOS="0" />
            <String ID="P13_S00253" HPOS="1103" VPOS="2021" WIDTH="46" HEIGHT="58" STYLEREFS="StyleId-1" CONTENT="of" WC="0.735" CC="05" />
            <SP ID="P13_SP00226" WIDTH="0" HPOS="0" VPOS="0" />
            <String ID="P13_S00254" HPOS="1170" VPOS="2034" WIDTH="23" HEIGHT="45" STYLEREFS="StyleId-1" CONTENT="a" WC="1" CC="0" />
            <SP ID="P13_SP00227" WIDTH="0" HPOS="0" VPOS="0" />
            <String ID="P13_S00255" HPOS="1214" VPOS="2020" WIDTH="154" HEIGHT="59" STYLEREFS="StyleId-1" CONTENT="formal" WC="0.936666667" CC="300000" />
            <SP ID="P13_SP00228" WIDTH="0" HPOS="0" VPOS="0" />
            <String ID="P13_S00256" HPOS="1409" VPOS="2019" WIDTH="155" HEIGHT="60" STYLEREFS="StyleId-1" CONTENT="degree" WC="0.798333347" CC="008200" />
            <SP ID="P13_SP00229" WIDTH="0" HPOS="0" VPOS="0" />
            <String ID="P13_S00257" HPOS="1605" VPOS="2018" WIDTH="111" HEIGHT="61" STYLEREFS="StyleId-1" CONTENT="from" WC="0.6075" CC="5046" />
          </TextLine>
          <TextLine ID="P13_TL00029" HPOS="199" VPOS="2090" WIDTH="1513" HEIGHT="45">
            <String ID="P13_S00258" HPOS="199" VPOS="2099" WIDTH="76" HEIGHT="40" STYLEREFS="StyleId-1" CONTENT="the" WC="1" CC="000" />
            <SP ID="P13_SP00230" WIDTH="0" HPOS="0" VPOS="0" />
            <String ID="P13_S00259" HPOS="291" VPOS="2095" WIDTH="271" HEIGHT="47" STYLEREFS="StyleId-1" CONTENT="University," WC="0.9309091" CC="05001000000" />
            <SP ID="P13_SP00231" WIDTH="0" HPOS="0" VPOS="0" />
            <String ID="P13_S00260" HPOS="588" VPOS="2094" WIDTH="86" HEIGHT="48" STYLEREFS="StyleId-1" CONTENT="and" WC="0.85" CC="040" />
            <SP ID="P13_SP00232" WIDTH="0" HPOS="0" VPOS="0" />
            <String ID="P13_S00261" HPOS="698" VPOS="2093" WIDTH="75" HEIGHT="49" STYLEREFS="StyleId-1" CONTENT="the" WC="0.9633333" CC="010" />
            <SP ID="P13_SP00233" WIDTH="0" HPOS="0" VPOS="0" />
            <String ID="P13_S00262" HPOS="794" VPOS="2088" WIDTH="256" HEIGHT="54" STYLEREFS="StyleId-1" CONTENT="distinction" WC="0.81" CC="03250300006" />
            <SP ID="P13_SP00234" WIDTH="0" HPOS="0" VPOS="0" />
            <String ID="P13_S00263" HPOS="1086" VPOS="2087" WIDTH="45" HEIGHT="55" STYLEREFS="StyleId-1" CONTENT="of" WC="0.86" CC="02" />
            <SP ID="P13_SP00235" WIDTH="0" HPOS="0" VPOS="0" />
            <String ID="P13_S00264" HPOS="1170" VPOS="2099" WIDTH="25" HEIGHT="43" STYLEREFS="StyleId-1" CONTENT="a" WC="1" CC="0" />
            <SP ID="P13_SP00236" WIDTH="0" HPOS="0" VPOS="0" />
            <String ID="P13_S00265" HPOS="1224" VPOS="2085" WIDTH="161" HEIGHT="57" STYLEREFS="StyleId-1" CONTENT="license" WC="0.931428552" CC="2000100" />
            <SP ID="P13_SP00237" WIDTH="0" HPOS="0" VPOS="0" />
            <String ID="P13_S00266" HPOS="1424" VPOS="2090" WIDTH="45" HEIGHT="52" STYLEREFS="StyleId-1" CONTENT="to" WC="0.945" CC="01" />
            <SP ID="P13_SP00238" WIDTH="0" HPOS="0" VPOS="0" />
            <String ID="P13_S00267" HPOS="1510" VPOS="2082" WIDTH="202" HEIGHT="60" STYLEREFS="StyleId-1" CONTENT="practice," WC="0.8055556" CC="730040002" />
          </TextLine>
          <TextLine ID="P13_TL00030" HPOS="199" VPOS="2157" WIDTH="1078" HEIGHT="45">
            <String ID="P13_S00268" HPOS="199" VPOS="2176" WIDTH="91" HEIGHT="29" STYLEREFS="StyleId-1" CONTENT="was" WC="0.813333333" CC="005" />
            <SP ID="P13_SP00239" WIDTH="0" HPOS="0" VPOS="0" />
            <String ID="P13_S00269" HPOS="310" VPOS="2175" WIDTH="118" HEIGHT="30" STYLEREFS="StyleId-1" CONTENT="none" WC="0.575" CC="6351" />
            <SP ID="P13_SP00240" WIDTH="0" HPOS="0" VPOS="0" />
            <String ID="P13_S00270" HPOS="447" VPOS="2162" WIDTH="77" HEIGHT="43" STYLEREFS="StyleId-1" CONTENT="the" WC="0.9433333" CC="100" />
            <SP ID="P13_SP00241" WIDTH="0" HPOS="0" VPOS="0" />
            <String ID="P13_S00271" HPOS="542" VPOS="2160" WIDTH="86" HEIGHT="45" STYLEREFS="StyleId-1" CONTENT="less" WC="0.8975" CC="4000" />
            <SP ID="P13_SP00242" WIDTH="0" HPOS="0" VPOS="0" />
            <String ID="P13_S00272" HPOS="648" VPOS="2157" WIDTH="220" HEIGHT="48" STYLEREFS="StyleId-1" CONTENT="thorough" WC="0.895" CC="00200005" />
            <SP ID="P13_SP00243" WIDTH="0" HPOS="0" VPOS="0" />
            <String ID="P13_S00273" HPOS="890" VPOS="2156" WIDTH="86" HEIGHT="49" STYLEREFS="StyleId-1" CONTENT="and" WC="0.81" CC="050" />
            <SP ID="P13_SP00244" WIDTH="0" HPOS="0" VPOS="0" />
            <String ID="P13_S00274" HPOS="998" VPOS="2151" WIDTH="278" HEIGHT="54" STYLEREFS="StyleId-1" CONTENT="extensive.&quot;" WC="0.75636363" CC="70006010047" />
          </TextLine>
          <TextLine ID="P13_TL00031" HPOS="282" VPOS="2221" WIDTH="1440" HEIGHT="45">
            <String ID="P13_S00275" HPOS="282" VPOS="2228" WIDTH="111" HEIGHT="41" STYLEREFS="StyleId-1" CONTENT="This" WC="0.9775" CC="0000" />
            <SP ID="P13_SP00245" WIDTH="0" HPOS="0" VPOS="0" />
            <String ID="P13_S00276" HPOS="414" VPOS="2227" WIDTH="169" HEIGHT="46" STYLEREFS="StyleId-1" CONTENT="history" WC="0.8957143" CC="0100500" />
            <SP ID="P13_SP00246" WIDTH="0" HPOS="0" VPOS="0" />
            <String ID="P13_S00277" HPOS="605" VPOS="2225" WIDTH="45" HEIGHT="48" STYLEREFS="StyleId-1" CONTENT="of" WC="0.865" CC="02" />
            <SP ID="P13_SP00247" WIDTH="0" HPOS="0" VPOS="0" />
            <String ID="P13_S00278" HPOS="671" VPOS="2224" WIDTH="74" HEIGHT="49" STYLEREFS="StyleId-1" CONTENT="the" WC="0.776666641" CC="060" />
            <SP ID="P13_SP00248" WIDTH="0" HPOS="0" VPOS="0" />
            <String ID="P13_S00279" HPOS="775" VPOS="2220" WIDTH="212" HEIGHT="53" STYLEREFS="StyleId-1" CONTENT="medieval" WC="0.9325" CC="01010010" />
            <SP ID="P13_SP00249" WIDTH="0" HPOS="0" VPOS="0" />
            <String ID="P13_S00280" HPOS="1009" VPOS="2230" WIDTH="167" HEIGHT="43" STYLEREFS="StyleId-1" CONTENT="women" WC="0.82" CC="03050" />
            <SP ID="P13_SP00250" WIDTH="0" HPOS="0" VPOS="0" />
            <String ID="P13_S00281" HPOS="1216" VPOS="2215" WIDTH="250" HEIGHT="58" STYLEREFS="StyleId-1" CONTENT="physicians" WC="0.928" CC="0000001060" />
            <SP ID="P13_SP00251" WIDTH="0" HPOS="0" VPOS="0" />
            <String ID="P13_S00282" HPOS="1486" VPOS="2214" WIDTH="145" HEIGHT="59" STYLEREFS="StyleId-1" CONTENT="would" WC="0.868" CC="00320" />
            <SP ID="P13_SP00252" WIDTH="0" HPOS="0" VPOS="0" />
            <String ID="P13_S00283" HPOS="1667" VPOS="2213" WIDTH="55" HEIGHT="60" STYLEREFS="StyleId-1" CONTENT="be" WC="0.985" CC="00" />
          </TextLine>
          <TextLine ID="P13_TL00032" HPOS="198" VPOS="2287" WIDTH="1520" HEIGHT="48">
            <String ID="P13_S00284" HPOS="198" VPOS="2295" WIDTH="124" HEIGHT="49" STYLEREFS="StyleId-1" CONTENT="quite" WC="0.832" CC="35000" />
            <SP ID="P13_SP00253" WIDTH="0" HPOS="0" VPOS="0" />
            <String ID="P13_S00285" HPOS="344" VPOS="2292" WIDTH="265" HEIGHT="52" STYLEREFS="StyleId-1" CONTENT="incomplete" WC="0.918" CC="0000402000" />
            <SP ID="P13_SP00254" WIDTH="0" HPOS="0" VPOS="0" />
            <String ID="P13_S00286" HPOS="638" VPOS="2289" WIDTH="188" HEIGHT="55" STYLEREFS="StyleId-1" CONTENT="without" WC="0.87" CC="0006020" />
            <SP ID="P13_SP00255" WIDTH="0" HPOS="0" VPOS="0" />
            <String ID="P13_S00287" HPOS="842" VPOS="2300" WIDTH="24" HEIGHT="44" STYLEREFS="StyleId-1" CONTENT="a" WC="1" CC="0" />
            <SP ID="P13_SP00256" WIDTH="0" HPOS="0" VPOS="0" />
            <String ID="P13_S00288" HPOS="887" VPOS="2286" WIDTH="122" HEIGHT="58" STYLEREFS="StyleId-1" CONTENT="short" WC="0.842" CC="43000" />
            <SP ID="P13_SP00257" WIDTH="0" HPOS="0" VPOS="0" />
            <String ID="P13_S00289" HPOS="1032" VPOS="2282" WIDTH="151" HEIGHT="62" STYLEREFS="StyleId-1" CONTENT="sketch" WC="0.7783333" CC="0000310" />
            <SP ID="P13_SP00258" WIDTH="0" HPOS="0" VPOS="0" />
            <String ID="P13_S00290" HPOS="1206" VPOS="2281" WIDTH="46" HEIGHT="63" STYLEREFS="StyleId-1" CONTENT="of" WC="0.995" CC="00" />
            <SP ID="P13_SP00259" WIDTH="0" HPOS="0" VPOS="0" />
            <String ID="P13_S00291" HPOS="1285" VPOS="2281" WIDTH="73" HEIGHT="63" STYLEREFS="StyleId-1" CONTENT="the" WC="0.8933333" CC="030" />
            <SP ID="P13_SP00260" WIDTH="0" HPOS="0" VPOS="0" />
            <String ID="P13_S00292" HPOS="1393" VPOS="2280" WIDTH="76" HEIGHT="64" STYLEREFS="StyleId-1" CONTENT="life" WC="0.6925" CC="0560" />
            <SP ID="P13_SP00261" WIDTH="0" HPOS="0" VPOS="0" />
            <String ID="P13_S00293" HPOS="1490" VPOS="2280" WIDTH="85" HEIGHT="64" STYLEREFS="StyleId-1" CONTENT="and" WC="0.93" CC="020" />
            <SP ID="P13_SP00262" WIDTH="0" HPOS="0" VPOS="0" />
            <String ID="P13_S00294" HPOS="1596" VPOS="2278" WIDTH="122" HEIGHT="66" STYLEREFS="StyleId-1" CONTENT="work" WC="0.6125" CC="0068" />
          </TextLine>
          <TextLine ID="P13_TL00033" HPOS="197" VPOS="2352" WIDTH="1520" HEIGHT="41">
            <String ID="P13_S00295" HPOS="198" VPOS="2362" WIDTH="49" HEIGHT="40" STYLEREFS="StyleId-1" CONTENT="of" WC="0.98" CC="00" />
            <SP ID="P13_SP00263" WIDTH="0" HPOS="0" VPOS="0" />
            <String ID="P13_S00296" HPOS="266" VPOS="2374" WIDTH="84" HEIGHT="28" STYLEREFS="StyleId-1" CONTENT="one" WC="1" CC="000" />
            <SP ID="P13_SP00264" WIDTH="0" HPOS="0" VPOS="0" />
            <String ID="P13_S00297" HPOS="370" VPOS="2359" WIDTH="48" HEIGHT="43" STYLEREFS="StyleId-1" CONTENT="of" WC="0.645" CC="07" />
            <SP ID="P13_SP00265" WIDTH="0" HPOS="0" VPOS="0" />
            <String ID="P13_S00298" HPOS="438" VPOS="2359" WIDTH="57" HEIGHT="43" STYLEREFS="StyleId-1" CONTENT="its" WC="0.923333347" CC="200" />
            <SP ID="P13_SP00266" WIDTH="0" HPOS="0" VPOS="0" />
            <String ID="P13_S00299" HPOS="518" VPOS="2362" WIDTH="113" HEIGHT="40" STYLEREFS="StyleId-1" CONTENT="most" WC="0.81" CC="2005" />
            <SP ID="P13_SP00267" WIDTH="0" HPOS="0" VPOS="0" />
            <String ID="P13_S00300" HPOS="652" VPOS="2352" WIDTH="270" HEIGHT="50" STYLEREFS="StyleId-1" CONTENT="remarkable" WC="0.832" CC="4000106040" />
            <SP ID="P13_SP00268" WIDTH="0" HPOS="0" VPOS="0" />
            <String ID="P13_S00301" HPOS="943" VPOS="2362" WIDTH="184" HEIGHT="40" STYLEREFS="StyleId-1" CONTENT="women," WC="0.983333349" CC="000001" />
            <SP ID="P13_SP00269" WIDTH="0" HPOS="0" VPOS="0" />
            <String ID="P13_S00302" HPOS="1151" VPOS="2349" WIDTH="97" HEIGHT="53" STYLEREFS="StyleId-1" CONTENT="that" WC="0.6875" CC="0705" />
            <SP ID="P13_SP00270" WIDTH="0" HPOS="0" VPOS="0" />
            <String ID="P13_S00303" HPOS="1263" VPOS="2346" WIDTH="47" HEIGHT="56" STYLEREFS="StyleId-1" CONTENT="of" WC="0.81" CC="03" />
            <SP ID="P13_SP00271" WIDTH="0" HPOS="0" VPOS="0" />
            <String ID="P13_S00304" HPOS="1329" VPOS="2346" WIDTH="74" HEIGHT="56" STYLEREFS="StyleId-1" CONTENT="the" WC="0.81" CC="050" />
            <SP ID="P13_SP00272" WIDTH="0" HPOS="0" VPOS="0" />
            <String ID="P13_S00305" HPOS="1430" VPOS="2345" WIDTH="168" HEIGHT="57" STYLEREFS="StyleId-1" CONTENT="Abbess" WC="0.815" CC="041050" />
            <SP ID="P13_SP00273" WIDTH="0" HPOS="0" VPOS="0" />
            <String ID="P13_S00306" HPOS="1619" VPOS="2344" WIDTH="98" HEIGHT="58" STYLEREFS="StyleId-1" CONTENT="Hil-" WC="1" CC="0000" />
          </TextLine>
          <TextLine ID="P13_TL00034" HPOS="197" VPOS="2417" WIDTH="1518" HEIGHT="50">
            <String ID="P13_S00307" HPOS="197" VPOS="2426" WIDTH="207" HEIGHT="49" STYLEREFS="StyleId-1" CONTENT="degarde." WC="0.7625" CC="50900004" />
            <SP ID="P13_SP00274" WIDTH="0" HPOS="0" VPOS="0" />
            <String ID="P13_S00308" HPOS="466" VPOS="2422" WIDTH="96" HEIGHT="53" STYLEREFS="StyleId-1" CONTENT="The" WC="0.9633333" CC="010" />
            <SP ID="P13_SP00275" WIDTH="0" HPOS="0" VPOS="0" />
            <String ID="P13_S00309" HPOS="597" VPOS="2419" WIDTH="150" HEIGHT="56" STYLEREFS="StyleId-1" CONTENT="record" WC="0.9683333" CC="100000" />
            <SP ID="P13_SP00276" WIDTH="0" HPOS="0" VPOS="0" />
            <String ID="P13_S00310" HPOS="771" VPOS="2430" WIDTH="46" HEIGHT="45" STYLEREFS="StyleId-1" CONTENT="as" WC="0.9" CC="20" />
            <SP ID="P13_SP00277" WIDTH="0" HPOS="0" VPOS="0" />
            <String ID="P13_S00311" HPOS="837" VPOS="2417" WIDTH="130" HEIGHT="58" STYLEREFS="StyleId-1" CONTENT="given" WC="0.954" CC="00002" />
            <SP ID="P13_SP00278" WIDTH="0" HPOS="0" VPOS="0" />
            <String ID="P13_S00312" HPOS="990" VPOS="2415" WIDTH="47" HEIGHT="60" STYLEREFS="StyleId-1" CONTENT="of" WC="0.7" CC="06" />
            <SP ID="P13_SP00279" WIDTH="0" HPOS="0" VPOS="0" />
            <String ID="P13_S00313" HPOS="1071" VPOS="2413" WIDTH="88" HEIGHT="62" STYLEREFS="StyleId-1" CONTENT="this" WC="0.7575" CC="1530" />
            <SP ID="P13_SP00280" WIDTH="0" HPOS="0" VPOS="0" />
            <String ID="P13_S00314" HPOS="1181" VPOS="2424" WIDTH="170" HEIGHT="51" STYLEREFS="StyleId-1" CONTENT="woman" WC="0.872" CC="00105" />
            <SP ID="P13_SP00281" WIDTH="0" HPOS="0" VPOS="0" />
            <String ID="P13_S00315" HPOS="1374" VPOS="2410" WIDTH="36" HEIGHT="65" STYLEREFS="StyleId-1" CONTENT="is" WC="0.885" CC="20" />
            <SP ID="P13_SP00282" WIDTH="0" HPOS="0" VPOS="0" />
            <String ID="P13_S00316" HPOS="1446" VPOS="2424" WIDTH="45" HEIGHT="51" STYLEREFS="StyleId-1" CONTENT="as" WC="0.975" CC="00" />
            <SP ID="P13_SP00283" WIDTH="0" HPOS="0" VPOS="0" />
            <String ID="P13_S00317" HPOS="1514" VPOS="2410" WIDTH="169" HEIGHT="65" STYLEREFS="StyleId-1" CONTENT="follows" WC="0.6785714" CC="3620540" />
            <SP ID="P13_SP00284" WIDTH="0" HPOS="0" VPOS="0" />
            <String ID="P13_S00318" HPOS="1707" VPOS="2422" WIDTH="8" HEIGHT="53" STYLEREFS="StyleId-1" CONTENT=";" WC="0.17" CC="8" />
          </TextLine>
          <TextLine ID="P13_TL00035" HPOS="204" VPOS="2483" WIDTH="1514" HEIGHT="41">
            <String ID="P13_S00319" HPOS="204" VPOS="2487" WIDTH="10" HEIGHT="16" STYLEREFS="StyleId-1" CONTENT="'" WC="0.55" CC="4" />
            <SP ID="P13_SP00285" WIDTH="0" HPOS="0" VPOS="0" />
            <String ID="P13_S00320" HPOS="226" VPOS="2486" WIDTH="110" HEIGHT="46" STYLEREFS="StyleId-1" CONTENT="'The" WC="0.72" CC="4060" />
            <SP ID="P13_SP00286" WIDTH="0" HPOS="0" VPOS="0" />
            <String ID="P13_S00321" HPOS="357" VPOS="2491" WIDTH="76" HEIGHT="41" STYLEREFS="StyleId-1" CONTENT="life" WC="0.785" CC="3130" />
            <SP ID="P13_SP00287" WIDTH="0" HPOS="0" VPOS="0" />
            <String ID="P13_S00322" HPOS="449" VPOS="2489" WIDTH="46" HEIGHT="43" STYLEREFS="StyleId-1" CONTENT="of" WC="0.805" CC="03" />
            <SP ID="P13_SP00288" WIDTH="0" HPOS="0" VPOS="0" />
            <String ID="P13_S00323" HPOS="516" VPOS="2489" WIDTH="75" HEIGHT="43" STYLEREFS="StyleId-1" CONTENT="the" WC="0.783333361" CC="140" />
            <SP ID="P13_SP00289" WIDTH="0" HPOS="0" VPOS="0" />
            <String ID="P13_S00324" HPOS="604" VPOS="2486" WIDTH="169" HEIGHT="46" STYLEREFS="StyleId-1" CONTENT="Abbess" WC="0.935" CC="003000" />
            <SP ID="P13_SP00290" WIDTH="0" HPOS="0" VPOS="0" />
            <String ID="P13_S00325" HPOS="794" VPOS="2481" WIDTH="270" HEIGHT="51" STYLEREFS="StyleId-1" CONTENT="Hildegarde" WC="0.824" CC="3040009000" />
            <SP ID="P13_SP00291" WIDTH="0" HPOS="0" VPOS="0" />
            <String ID="P13_S00326" HPOS="1079" VPOS="2479" WIDTH="36" HEIGHT="53" STYLEREFS="StyleId-1" CONTENT="is" WC="1" CC="00" />
            <SP ID="P13_SP00292" WIDTH="0" HPOS="0" VPOS="0" />
            <String ID="P13_S00327" HPOS="1135" VPOS="2478" WIDTH="171" HEIGHT="54" STYLEREFS="StyleId-1" CONTENT="worthy" WC="0.728333354" CC="900060" />
            <SP ID="P13_SP00293" WIDTH="0" HPOS="0" VPOS="0" />
            <String ID="P13_S00328" HPOS="1319" VPOS="2477" WIDTH="45" HEIGHT="55" STYLEREFS="StyleId-1" CONTENT="of" WC="0.805" CC="03" />
            <SP ID="P13_SP00294" WIDTH="0" HPOS="0" VPOS="0" />
            <String ID="P13_S00329" HPOS="1382" VPOS="2475" WIDTH="336" HEIGHT="57" STYLEREFS="StyleId-1" CONTENT="consideration," WC="0.7192857" CC="00713001702275" />
          </TextLine>
        </TextBlock>
      </PrintSpace>
    </Page>
  </Layout>
</alto>