<?xml version="1.0" encoding="utf-8"?>
<alto xmlns:xlink="http://www.w3.org/1999/xlink" xmlns:xsi="http://www.w3.org/2001/XMLSchema-instance" xsi:schemaLocation="http://www.loc.gov/standards/alto/ns-v2# http://www.loc.gov/standards/alto/alto-v2.0.xsd" xmlns="http://www.loc.gov/standards/alto/ns-v2#">
  <Description>
    <MeasurementUnit>pixel</MeasurementUnit>
    <sourceImageInformation>
      <fileName>0000022.tif</fileName>
    </sourceImageInformation>
    <OCRProcessing ID="Processing">
      <ocrProcessingStep>
        <processingStepSettings>Image Resolution:400</processingStepSettings>
        <processingSoftware>
          <softwareCreator>I2S Kirtas</softwareCreator>
          <softwareName>Limb</softwareName>
          <softwareVersion>1.0</softwareVersion>
          <applicationDescription>Abbyy10 OCR Engine</applicationDescription>
        </processingSoftware>
      </ocrProcessingStep>
    </OCRProcessing>
  </Description>
  <Styles>
    <TextStyle ID="StyleId-0" FONTSIZE="8" FONTFAMILY="Times New Roman" />
    <TextStyle ID="StyleId-1" FONTSIZE="9" FONTFAMILY="Times New Roman" />
    <TextStyle ID="StyleId-2" FONTSIZE="10" FONTFAMILY="Times New Roman" />
  </Styles>
  <Layout>
    <Page ID="P22" PHYSICAL_IMG_NR="22" HEIGHT="2799" WIDTH="1899" ACCURACY="0.7350486" QUALITY_DETAIL="318 words, 1641 chars, 1172 with recognition greater than 50% (71.42%)">
      <TopMargin ID="P22_TM00001" HPOS="0" VPOS="0" WIDTH="1899" HEIGHT="290" />
      <LeftMargin ID="P22_LM00001" HPOS="0" VPOS="290" WIDTH="147" HEIGHT="2244" />
      <RightMargin ID="P22_RM00001" HPOS="1735" VPOS="290" WIDTH="164" HEIGHT="2244" />
      <BottomMargin ID="P22_BM00001" HPOS="0" VPOS="2534" WIDTH="1899" HEIGHT="265" />
      <PrintSpace ID="P22_PS00001" HPOS="147" VPOS="290" WIDTH="1588" HEIGHT="2244">
        <TextBlock ID="P22_TB00001" HPOS="156" VPOS="303" WIDTH="58" HEIGHT="49">
          <TextLine ID="P22_TL00001" HPOS="164" VPOS="311" WIDTH="42" HEIGHT="33">
            <String ID="P22_S00001" HPOS="164" VPOS="311" WIDTH="42" HEIGHT="33" STYLEREFS="StyleId-0" CONTENT="18" WC="0.615" CC="25" />
          </TextLine>
        </TextBlock>
        <TextBlock ID="P22_TB00002" HPOS="624" VPOS="280" WIDTH="583" HEIGHT="49">
          <TextLine ID="P22_TL00002" HPOS="633" VPOS="291" WIDTH="565" HEIGHT="30">
            <String ID="P22_S00002" HPOS="633" VPOS="293" WIDTH="200" HEIGHT="38" STYLEREFS="StyleId-0" CONTENT="WOMAN" WC="0.838" CC="07000" />
            <SP ID="P22_SP00001" WIDTH="0" HPOS="0" VPOS="0" />
            <String ID="P22_S00003" HPOS="859" VPOS="290" WIDTH="56" HEIGHT="41" STYLEREFS="StyleId-0" CONTENT="IN" WC="1" CC="00" />
            <SP ID="P22_SP00002" WIDTH="0" HPOS="0" VPOS="0" />
            <String ID="P22_S00004" HPOS="939" VPOS="280" WIDTH="259" HEIGHT="51" STYLEREFS="StyleId-0" CONTENT="MEDICINE" WC="0.82125" CC="02631000" />
          </TextLine>
        </TextBlock>
        <TextBlock ID="P22_TB00003" HPOS="149" VPOS="407" WIDTH="1586" HEIGHT="2127">
          <TextLine ID="P22_TL00003" HPOS="164" VPOS="415" WIDTH="1521" HEIGHT="23">
            <String ID="P22_S00005" HPOS="165" VPOS="424" WIDTH="106" HEIGHT="40" STYLEREFS="StyleId-1" CONTENT="with" WC="0.87" CC="0500" />
            <SP ID="P22_SP00003" WIDTH="0" HPOS="0" VPOS="0" />
            <String ID="P22_S00006" HPOS="291" VPOS="420" WIDTH="114" HEIGHT="44" STYLEREFS="StyleId-1" CONTENT="their" WC="0.694" CC="14044" />
            <SP ID="P22_SP00004" WIDTH="0" HPOS="0" VPOS="0" />
            <String ID="P22_S00007" HPOS="438" VPOS="419" WIDTH="149" HEIGHT="45" STYLEREFS="StyleId-1" CONTENT="sisters" WC="0.7942857" CC="0606020" />
            <SP ID="P22_SP00005" WIDTH="0" HPOS="0" VPOS="0" />
            <String ID="P22_S00008" HPOS="608" VPOS="414" WIDTH="45" HEIGHT="50" STYLEREFS="StyleId-1" CONTENT="in" WC="0.435" CC="65" />
            <SP ID="P22_SP00006" WIDTH="0" HPOS="0" VPOS="0" />
            <String ID="P22_S00009" HPOS="674" VPOS="411" WIDTH="147" HEIGHT="53" STYLEREFS="StyleId-1" CONTENT="white," WC="0.8283333" CC="044001" />
            <SP ID="P22_SP00007" WIDTH="0" HPOS="0" VPOS="0" />
            <String ID="P22_S00010" HPOS="855" VPOS="407" WIDTH="86" HEIGHT="57" STYLEREFS="StyleId-1" CONTENT="and" WC="0.706666648" CC="062" />
            <SP ID="P22_SP00008" WIDTH="0" HPOS="0" VPOS="0" />
            <String ID="P22_S00011" HPOS="982" VPOS="403" WIDTH="45" HEIGHT="61" STYLEREFS="StyleId-1" CONTENT="in" WC="0.355" CC="66" />
            <SP ID="P22_SP00009" WIDTH="0" HPOS="0" VPOS="0" />
            <String ID="P22_S00012" HPOS="1061" VPOS="412" WIDTH="120" HEIGHT="52" STYLEREFS="StyleId-1" CONTENT="some" WC="0.86" CC="0050" />
            <SP ID="P22_SP00010" WIDTH="0" HPOS="0" VPOS="0" />
            <String ID="P22_S00013" HPOS="1220" VPOS="396" WIDTH="222" HEIGHT="68" STYLEREFS="StyleId-1" CONTENT="instances" WC="0.66" CC="560357011" />
            <SP ID="P22_SP00011" WIDTH="0" HPOS="0" VPOS="0" />
            <String ID="P22_S00014" HPOS="1473" VPOS="388" WIDTH="128" HEIGHT="76" STYLEREFS="StyleId-1" CONTENT="have," WC="0.734" CC="60006" />
            <SP ID="P22_SP00012" WIDTH="0" HPOS="0" VPOS="0" />
            <String ID="P22_S00015" HPOS="1638" VPOS="395" WIDTH="46" HEIGHT="69" STYLEREFS="StyleId-1" CONTENT="as" WC="0.755" CC="40" />
          </TextLine>
          <TextLine ID="P22_TL00004" HPOS="164" VPOS="482" WIDTH="1330" HEIGHT="29">
            <String ID="P22_S00016" HPOS="165" VPOS="490" WIDTH="213" HEIGHT="43" STYLEREFS="StyleId-1" CONTENT="students," WC="0.74777776" CC="305408000" />
            <SP ID="P22_SP00013" WIDTH="0" HPOS="0" VPOS="0" />
            <String ID="P22_S00017" HPOS="399" VPOS="482" WIDTH="163" HEIGHT="51" STYLEREFS="StyleId-1" CONTENT="carried" WC="0.8428571" CC="0460000" />
            <SP ID="P22_SP00014" WIDTH="0" HPOS="0" VPOS="0" />
            <String ID="P22_S00018" HPOS="579" VPOS="480" WIDTH="60" HEIGHT="53" STYLEREFS="StyleId-1" CONTENT="off" WC="0.933333337" CC="011" />
            <SP ID="P22_SP00015" WIDTH="0" HPOS="0" VPOS="0" />
            <String ID="P22_S00019" HPOS="657" VPOS="478" WIDTH="75" HEIGHT="55" STYLEREFS="StyleId-1" CONTENT="the" WC="0.9533333" CC="100" />
            <SP ID="P22_SP00016" WIDTH="0" HPOS="0" VPOS="0" />
            <String ID="P22_S00020" HPOS="750" VPOS="475" WIDTH="176" HEIGHT="58" STYLEREFS="StyleId-1" CONTENT="highest" WC="0.68" CC="0662006" />
            <SP ID="P22_SP00017" WIDTH="0" HPOS="0" VPOS="0" />
            <String ID="P22_S00021" HPOS="942" VPOS="471" WIDTH="160" HEIGHT="62" STYLEREFS="StyleId-1" CONTENT="honors" WC="0.87166667" CC="003201" />
            <SP ID="P22_SP00018" WIDTH="0" HPOS="0" VPOS="0" />
            <String ID="P22_S00022" HPOS="1123" VPOS="463" WIDTH="47" HEIGHT="70" STYLEREFS="StyleId-1" CONTENT="of" WC="0.72" CC="05" />
            <SP ID="P22_SP00019" WIDTH="0" HPOS="0" VPOS="0" />
            <String ID="P22_S00023" HPOS="1189" VPOS="460" WIDTH="115" HEIGHT="73" STYLEREFS="StyleId-1" CONTENT="their" WC="0.888" CC="20011" />
            <SP ID="P22_SP00020" WIDTH="0" HPOS="0" VPOS="0" />
            <String ID="P22_S00024" HPOS="1318" VPOS="458" WIDTH="176" HEIGHT="75" STYLEREFS="StyleId-1" CONTENT="classes." WC="0.8425" CC="05070000" />
          </TextLine>
          <TextLine ID="P22_TL00005" HPOS="247" VPOS="544" WIDTH="1437" HEIGHT="27">
            <String ID="P22_S00025" HPOS="247" VPOS="550" WIDTH="249" HEIGHT="45" STYLEREFS="StyleId-1" CONTENT="Returning" WC="0.533333361" CC="540706467" />
            <SP ID="P22_SP00021" WIDTH="0" HPOS="0" VPOS="0" />
            <String ID="P22_S00026" HPOS="516" VPOS="555" WIDTH="46" HEIGHT="40" STYLEREFS="StyleId-1" CONTENT="to" WC="1" CC="00" />
            <SP ID="P22_SP00022" WIDTH="0" HPOS="0" VPOS="0" />
            <String ID="P22_S00027" HPOS="574" VPOS="546" WIDTH="75" HEIGHT="49" STYLEREFS="StyleId-1" CONTENT="the" WC="1" CC="000" />
            <SP ID="P22_SP00023" WIDTH="0" HPOS="0" VPOS="0" />
            <String ID="P22_S00028" HPOS="661" VPOS="541" WIDTH="153" HEIGHT="54" STYLEREFS="StyleId-1" CONTENT="Editor" WC="0.775" CC="604001" />
            <SP ID="P22_SP00024" WIDTH="0" HPOS="0" VPOS="0" />
            <String ID="P22_S00029" HPOS="827" VPOS="539" WIDTH="46" HEIGHT="56" STYLEREFS="StyleId-1" CONTENT="of" WC="0.735" CC="05" />
            <SP ID="P22_SP00025" WIDTH="0" HPOS="0" VPOS="0" />
            <String ID="P22_S00030" HPOS="894" VPOS="531" WIDTH="127" HEIGHT="64" STYLEREFS="StyleId-1" CONTENT="&quot;The" WC="0.51" CC="7704" />
            <SP ID="P22_SP00026" WIDTH="0" HPOS="0" VPOS="0" />
            <String ID="P22_S00031" HPOS="1055" VPOS="528" WIDTH="188" HEIGHT="67" STYLEREFS="StyleId-1" CONTENT="Medical" WC="0.8414286" CC="0500005" />
            <SP ID="P22_SP00027" WIDTH="0" HPOS="0" VPOS="0" />
            <String ID="P22_S00032" HPOS="1261" VPOS="521" WIDTH="232" HEIGHT="74" STYLEREFS="StyleId-1" CONTENT="Review&quot;," WC="0.615" CC="00570970" />
            <SP ID="P22_SP00028" WIDTH="0" HPOS="0" VPOS="0" />
            <String ID="P22_S00033" HPOS="1513" VPOS="521" WIDTH="56" HEIGHT="74" STYLEREFS="StyleId-1" CONTENT="he" WC="1" CC="00" />
            <SP ID="P22_SP00029" WIDTH="0" HPOS="0" VPOS="0" />
            <String ID="P22_S00034" HPOS="1583" VPOS="528" WIDTH="100" HEIGHT="67" STYLEREFS="StyleId-1" CONTENT="con¬" WC="0.8725" CC="0022" />
          </TextLine>
          <TextLine ID="P22_TL00006" HPOS="162" VPOS="613" WIDTH="1522" HEIGHT="23">
            <String ID="P22_S00035" HPOS="162" VPOS="621" WIDTH="146" HEIGHT="39" STYLEREFS="StyleId-1" CONTENT="tinues" WC="0.788333356" CC="005700" />
            <SP ID="P22_SP00030" WIDTH="0" HPOS="0" VPOS="0" />
            <String ID="P22_S00036" HPOS="412" VPOS="610" WIDTH="26" HEIGHT="50" STYLEREFS="StyleId-1" CONTENT="&quot;" WC="0.24" CC="7" />
            <SP ID="P22_SP00031" WIDTH="0" HPOS="0" VPOS="0" />
            <String ID="P22_S00037" HPOS="465" VPOS="613" WIDTH="95" HEIGHT="47" STYLEREFS="StyleId-1" CONTENT="The" WC="0.75666666" CC="700" />
            <SP ID="P22_SP00032" WIDTH="0" HPOS="0" VPOS="0" />
            <String ID="P22_S00038" HPOS="579" VPOS="612" WIDTH="173" HEIGHT="48" STYLEREFS="StyleId-1" CONTENT="present" WC="0.8242857" CC="1300060" />
            <SP ID="P22_SP00033" WIDTH="0" HPOS="0" VPOS="0" />
            <String ID="P22_S00039" HPOS="764" VPOS="610" WIDTH="139" HEIGHT="50" STYLEREFS="StyleId-1" CONTENT="status" WC="0.665" CC="508050" />
            <SP ID="P22_SP00034" WIDTH="0" HPOS="0" VPOS="0" />
            <String ID="P22_S00040" HPOS="919" VPOS="601" WIDTH="47" HEIGHT="59" STYLEREFS="StyleId-1" CONTENT="of" WC="0.74" CC="04" />
            <SP ID="P22_SP00035" WIDTH="0" HPOS="0" VPOS="0" />
            <String ID="P22_S00041" HPOS="976" VPOS="596" WIDTH="182" HEIGHT="64" STYLEREFS="StyleId-1" CONTENT="medical" WC="0.807142854" CC="1213004" />
            <SP ID="P22_SP00036" WIDTH="0" HPOS="0" VPOS="0" />
            <String ID="P22_S00042" HPOS="1176" VPOS="590" WIDTH="233" HEIGHT="70" STYLEREFS="StyleId-1" CONTENT="education" WC="0.75555557" CC="000060825" />
            <SP ID="P22_SP00037" WIDTH="0" HPOS="0" VPOS="0" />
            <String ID="P22_S00043" HPOS="1429" VPOS="587" WIDTH="69" HEIGHT="73" STYLEREFS="StyleId-1" CONTENT="for" WC="0.7633333" CC="330" />
            <SP ID="P22_SP00038" WIDTH="0" HPOS="0" VPOS="0" />
            <String ID="P22_S00044" HPOS="1513" VPOS="593" WIDTH="170" HEIGHT="67" STYLEREFS="StyleId-1" CONTENT="women" WC="0.706" CC="02606" />
          </TextLine>
          <TextLine ID="P22_TL00007" HPOS="167" VPOS="677" WIDTH="1521" HEIGHT="24">
            <String ID="P22_S00045" HPOS="168" VPOS="688" WIDTH="46" HEIGHT="37" STYLEREFS="StyleId-1" CONTENT="in" WC="0.815" CC="03" />
            <SP ID="P22_SP00039" WIDTH="0" HPOS="0" VPOS="0" />
            <String ID="P22_S00046" HPOS="235" VPOS="686" WIDTH="75" HEIGHT="39" STYLEREFS="StyleId-1" CONTENT="the" WC="1" CC="000" />
            <SP ID="P22_SP00040" WIDTH="0" HPOS="0" VPOS="0" />
            <String ID="P22_S00047" HPOS="329" VPOS="681" WIDTH="162" HEIGHT="44" STYLEREFS="StyleId-1" CONTENT="United" WC="0.8566667" CC="260000" />
            <SP ID="P22_SP00041" WIDTH="0" HPOS="0" VPOS="0" />
            <String ID="P22_S00048" HPOS="512" VPOS="679" WIDTH="142" HEIGHT="46" STYLEREFS="StyleId-1" CONTENT="States" WC="0.813333333" CC="200062" />
            <SP ID="P22_SP00042" WIDTH="0" HPOS="0" VPOS="0" />
            <String ID="P22_S00049" HPOS="674" VPOS="672" WIDTH="119" HEIGHT="53" STYLEREFS="StyleId-1" CONTENT="gives" WC="0.654" CC="06630" />
            <SP ID="P22_SP00043" WIDTH="0" HPOS="0" VPOS="0" />
            <String ID="P22_S00050" HPOS="815" VPOS="668" WIDTH="218" HEIGHT="57" STYLEREFS="StyleId-1" CONTENT="evidence," WC="0.7966667" CC="0040010003" />
            <SP ID="P22_SP00044" WIDTH="0" HPOS="0" VPOS="0" />
            <String ID="P22_S00051" HPOS="1061" VPOS="674" WIDTH="44" HEIGHT="51" STYLEREFS="StyleId-1" CONTENT="as" WC="0.805" CC="03" />
            <SP ID="P22_SP00045" WIDTH="0" HPOS="0" VPOS="0" />
            <String ID="P22_S00052" HPOS="1126" VPOS="661" WIDTH="67" HEIGHT="64" STYLEREFS="StyleId-1" CONTENT="far" WC="0.9433333" CC="100" />
            <SP ID="P22_SP00046" WIDTH="0" HPOS="0" VPOS="0" />
            <String ID="P22_S00053" HPOS="1213" VPOS="670" WIDTH="47" HEIGHT="55" STYLEREFS="StyleId-1" CONTENT="as" WC="1" CC="00" />
            <SP ID="P22_SP00047" WIDTH="0" HPOS="0" VPOS="0" />
            <String ID="P22_S00054" HPOS="1288" VPOS="653" WIDTH="185" HEIGHT="72" STYLEREFS="StyleId-1" CONTENT="medical" WC="0.79285717" CC="5002006" />
            <SP ID="P22_SP00048" WIDTH="0" HPOS="0" VPOS="0" />
            <String ID="P22_S00055" HPOS="1514" VPOS="647" WIDTH="174" HEIGHT="78" STYLEREFS="StyleId-1" CONTENT="schools" WC="0.8657143" CC="0040040" />
          </TextLine>
          <TextLine ID="P22_TL00008" HPOS="169" VPOS="744" WIDTH="1512" HEIGHT="22">
            <String ID="P22_S00056" HPOS="169" VPOS="764" WIDTH="71" HEIGHT="26" STYLEREFS="StyleId-1" CONTENT="are" WC="0.88" CC="030" />
            <SP ID="P22_SP00049" WIDTH="0" HPOS="0" VPOS="0" />
            <String ID="P22_S00057" HPOS="261" VPOS="743" WIDTH="256" HEIGHT="47" STYLEREFS="StyleId-1" CONTENT="concerned," WC="0.877" CC="0070000004" />
            <SP ID="P22_SP00050" WIDTH="0" HPOS="0" VPOS="0" />
            <String ID="P22_S00058" HPOS="542" VPOS="743" WIDTH="96" HEIGHT="47" STYLEREFS="StyleId-1" CONTENT="that" WC="1" CC="0000" />
            <SP ID="P22_SP00051" WIDTH="0" HPOS="0" VPOS="0" />
            <String ID="P22_S00059" HPOS="659" VPOS="740" WIDTH="121" HEIGHT="50" STYLEREFS="StyleId-1" CONTENT="there" WC="0.63" CC="90035" />
            <SP ID="P22_SP00052" WIDTH="0" HPOS="0" VPOS="0" />
            <String ID="P22_S00060" HPOS="802" VPOS="736" WIDTH="36" HEIGHT="54" STYLEREFS="StyleId-1" CONTENT="is" WC="0.99" CC="00" />
            <SP ID="P22_SP00053" WIDTH="0" HPOS="0" VPOS="0" />
            <String ID="P22_S00061" HPOS="860" VPOS="744" WIDTH="56" HEIGHT="46" STYLEREFS="StyleId-1" CONTENT="no" WC="0.64" CC="70" />
            <SP ID="P22_SP00054" WIDTH="0" HPOS="0" VPOS="0" />
            <String ID="P22_S00062" HPOS="938" VPOS="731" WIDTH="98" HEIGHT="59" STYLEREFS="StyleId-1" CONTENT="lack" WC="0.865" CC="4100" />
            <SP ID="P22_SP00055" WIDTH="0" HPOS="0" VPOS="0" />
            <String ID="P22_S00063" HPOS="1058" VPOS="728" WIDTH="46" HEIGHT="62" STYLEREFS="StyleId-1" CONTENT="of" WC="0.725" CC="05" />
            <SP ID="P22_SP00056" WIDTH="0" HPOS="0" VPOS="0" />
            <String ID="P22_S00064" HPOS="1125" VPOS="721" WIDTH="291" HEIGHT="69" STYLEREFS="StyleId-1" CONTENT="opportunity" WC="0.6727273" CC="034650600010" />
            <SP ID="P22_SP00057" WIDTH="0" HPOS="0" VPOS="0" />
            <String ID="P22_S00065" HPOS="1436" VPOS="718" WIDTH="69" HEIGHT="72" STYLEREFS="StyleId-1" CONTENT="for" WC="0.7033333" CC="322" />
            <SP ID="P22_SP00058" WIDTH="0" HPOS="0" VPOS="0" />
            <String ID="P22_S00066" HPOS="1536" VPOS="724" WIDTH="145" HEIGHT="66" STYLEREFS="StyleId-1" CONTENT="secur¬" WC="0.78" CC="300054" />
          </TextLine>
          <TextLine ID="P22_TL00009" HPOS="170" VPOS="810" WIDTH="1517" HEIGHT="23">
            <String ID="P22_S00067" HPOS="170" VPOS="818" WIDTH="78" HEIGHT="44" STYLEREFS="StyleId-1" CONTENT="ing" WC="0.426666677" CC="0710" />
            <SP ID="P22_SP00059" WIDTH="0" HPOS="0" VPOS="0" />
            <String ID="P22_S00068" HPOS="268" VPOS="828" WIDTH="25" HEIGHT="34" STYLEREFS="StyleId-1" CONTENT="a" WC="0.99" CC="0" />
            <SP ID="P22_SP00060" WIDTH="0" HPOS="0" VPOS="0" />
            <String ID="P22_S00069" HPOS="312" VPOS="810" WIDTH="183" HEIGHT="52" STYLEREFS="StyleId-1" CONTENT="medical" WC="0.62" CC="0806065" />
            <SP ID="P22_SP00061" WIDTH="0" HPOS="0" VPOS="0" />
            <String ID="P22_S00070" HPOS="515" VPOS="802" WIDTH="248" HEIGHT="60" STYLEREFS="StyleId-1" CONTENT="education." WC="0.483" CC="0085977580" />
            <SP ID="P22_SP00062" WIDTH="0" HPOS="0" VPOS="0" />
            <String ID="P22_S00071" HPOS="792" VPOS="811" WIDTH="3" HEIGHT="51" STYLEREFS="StyleId-1" CONTENT="1" WC="1" CC="0" />
            <SP ID="P22_SP00063" WIDTH="0" HPOS="0" VPOS="0" />
            <String ID="P22_S00072" HPOS="828" VPOS="802" WIDTH="52" HEIGHT="60" STYLEREFS="StyleId-1" CONTENT="In" WC="0.645" CC="15" />
            <SP ID="P22_SP00064" WIDTH="0" HPOS="0" VPOS="0" />
            <String ID="P22_S00073" HPOS="905" VPOS="800" WIDTH="105" HEIGHT="62" STYLEREFS="StyleId-1" CONTENT="1909" WC="0.77" CC="0440" />
            <SP ID="P22_SP00065" WIDTH="0" HPOS="0" VPOS="0" />
            <String ID="P22_S00074" HPOS="1032" VPOS="796" WIDTH="123" HEIGHT="66" STYLEREFS="StyleId-1" CONTENT="there" WC="0.652" CC="47050" />
            <SP ID="P22_SP00066" WIDTH="0" HPOS="0" VPOS="0" />
            <String ID="P22_S00075" HPOS="1194" VPOS="801" WIDTH="115" HEIGHT="61" STYLEREFS="StyleId-1" CONTENT="were" WC="0.69" CC="5700" />
            <SP ID="P22_SP00067" WIDTH="0" HPOS="0" VPOS="0" />
            <String ID="P22_S00076" HPOS="1347" VPOS="782" WIDTH="236" HEIGHT="80" STYLEREFS="StyleId-1" CONTENT="ninty-orie" WC="0.762" CC="0400400770" />
            <SP ID="P22_SP00068" WIDTH="0" HPOS="0" VPOS="0" />
            <String ID="P22_S00077" HPOS="1616" VPOS="791" WIDTH="70" HEIGHT="71" STYLEREFS="StyleId-1" CONTENT="co¬" WC="1" CC="000" />
          </TextLine>
          <TextLine ID="P22_TL00010" HPOS="169" VPOS="874" WIDTH="1521" HEIGHT="21">
            <String ID="P22_S00078" HPOS="170" VPOS="877" WIDTH="273" HEIGHT="43" STYLEREFS="StyleId-1" CONTENT="educational" WC="0.8681818" CC="00650020000" />
            <SP ID="P22_SP00069" WIDTH="0" HPOS="0" VPOS="0" />
            <String ID="P22_S00079" HPOS="482" VPOS="873" WIDTH="184" HEIGHT="47" STYLEREFS="StyleId-1" CONTENT="schools," WC="0.7425" CC="11710350" />
            <SP ID="P22_SP00070" WIDTH="0" HPOS="0" VPOS="0" />
            <String ID="P22_S00080" HPOS="694" VPOS="868" WIDTH="84" HEIGHT="52" STYLEREFS="StyleId-1" CONTENT="and" WC="0.87" CC="030" />
            <SP ID="P22_SP00071" WIDTH="0" HPOS="0" VPOS="0" />
            <String ID="P22_S00081" HPOS="798" VPOS="868" WIDTH="122" HEIGHT="52" STYLEREFS="StyleId-1" CONTENT="three" WC="0.896" CC="00500" />
            <SP ID="P22_SP00072" WIDTH="0" HPOS="0" VPOS="0" />
            <String ID="P22_S00082" HPOS="939" VPOS="857" WIDTH="300" HEIGHT="63" STYLEREFS="StyleId-1" CONTENT="distinctively" WC="0.640769243" CC="0500082068078" />
            <SP ID="P22_SP00073" WIDTH="0" HPOS="0" VPOS="0" />
            <String ID="P22_S00083" HPOS="1262" VPOS="850" WIDTH="211" HEIGHT="70" STYLEREFS="StyleId-1" CONTENT="women's" WC="0.767142832" CC="9000600" />
            <SP ID="P22_SP00074" WIDTH="0" HPOS="0" VPOS="0" />
            <String ID="P22_S00084" HPOS="1505" VPOS="844" WIDTH="185" HEIGHT="76" STYLEREFS="StyleId-1" CONTENT="triedical" WC="0.5366667" CC="785706060" />
          </TextLine>
          <TextLine ID="P22_TL00011" HPOS="172" VPOS="940" WIDTH="1517" HEIGHT="23">
            <String ID="P22_S00085" HPOS="172" VPOS="946" WIDTH="199" HEIGHT="45" STYLEREFS="StyleId-1" CONTENT="colleges." WC="0.692222238" CC="0055110004" />
            <SP ID="P22_SP00075" WIDTH="0" HPOS="0" VPOS="0" />
            <String ID="P22_S00086" HPOS="434" VPOS="938" WIDTH="142" HEIGHT="53" STYLEREFS="StyleId-1" CONTENT="There" WC="0.884" CC="00130" />
            <SP ID="P22_SP00076" WIDTH="0" HPOS="0" VPOS="0" />
            <String ID="P22_S00087" HPOS="610" VPOS="947" WIDTH="111" HEIGHT="44" STYLEREFS="StyleId-1" CONTENT="\vere" WC="0.552" CC="710400" />
            <SP ID="P22_SP00077" WIDTH="0" HPOS="0" VPOS="0" />
            <String ID="P22_S00088" HPOS="737" VPOS="937" WIDTH="101" HEIGHT="54" STYLEREFS="StyleId-1" CONTENT="ovSr" WC="0.645" CC="0085" />
            <SP ID="P22_SP00078" WIDTH="0" HPOS="0" VPOS="0" />
            <String ID="P22_S00089" HPOS="860" VPOS="930" WIDTH="103" HEIGHT="61" STYLEREFS="StyleId-1" CONTENT="nine" WC="0.4425" CC="6248" />
            <SP ID="P22_SP00079" WIDTH="0" HPOS="0" VPOS="0" />
            <String ID="P22_S00090" HPOS="984" VPOS="924" WIDTH="199" HEIGHT="67" STYLEREFS="StyleId-1" CONTENT="hundred" WC="0.767142832" CC="0580200" />
            <SP ID="P22_SP00080" WIDTH="0" HPOS="0" VPOS="0" />
            <String ID="P22_S00091" HPOS="1207" VPOS="919" WIDTH="200" HEIGHT="72" STYLEREFS="StyleId-1" CONTENT="students" WC="0.85125" CC="00003600" />
            <SP ID="P22_SP00081" WIDTH="0" HPOS="0" VPOS="0" />
            <String ID="P22_S00092" HPOS="1436" VPOS="915" WIDTH="47" HEIGHT="76" STYLEREFS="StyleId-1" CONTENT="in" WC="0.475" CC="46" />
            <SP ID="P22_SP00082" WIDTH="0" HPOS="0" VPOS="0" />
            <String ID="P22_S00093" HPOS="1520" VPOS="910" WIDTH="169" HEIGHT="81" STYLEREFS="StyleId-1" CONTENT="attend¬" WC="0.9085714" CC="0000600" />
          </TextLine>
          <TextLine ID="P22_TL00012" HPOS="173" VPOS="1006" WIDTH="1520" HEIGHT="18">
            <String ID="P22_S00094" HPOS="173" VPOS="1022" WIDTH="106" HEIGHT="28" STYLEREFS="StyleId-1" CONTENT="ance" WC="0.745" CC="4500" />
            <SP ID="P22_SP00083" WIDTH="0" HPOS="0" VPOS="0" />
            <String ID="P22_S00095" HPOS="299" VPOS="1008" WIDTH="86" HEIGHT="42" STYLEREFS="StyleId-1" CONTENT="and" WC="0.75666666" CC="070" />
            <SP ID="P22_SP00084" WIDTH="0" HPOS="0" VPOS="0" />
            <String ID="P22_S00096" HPOS="414" VPOS="1017" WIDTH="119" HEIGHT="33" STYLEREFS="StyleId-1" CONTENT="more" WC="0.7775" CC="1007" />
            <SP ID="P22_SP00085" WIDTH="0" HPOS="0" VPOS="0" />
            <String ID="P22_S00097" HPOS="551" VPOS="1005" WIDTH="105" HEIGHT="45" STYLEREFS="StyleId-1" CONTENT="than" WC="0.575" CC="0906" />
            <SP ID="P22_SP00086" WIDTH="0" HPOS="0" VPOS="0" />
            <String ID="P22_S00098" HPOS="687" VPOS="1011" WIDTH="83" HEIGHT="39" STYLEREFS="StyleId-1" CONTENT="one" WC="0.66" CC="072" />
            <SP ID="P22_SP00087" WIDTH="0" HPOS="0" VPOS="0" />
            <String ID="P22_S00099" HPOS="809" VPOS="993" WIDTH="201" HEIGHT="57" STYLEREFS="StyleId-1" CONTENT="hundred" WC="0.59" CC="6550370" />
            <SP ID="P22_SP00088" WIDTH="0" HPOS="0" VPOS="0" />
            <String ID="P22_S00100" HPOS="1033" VPOS="990" WIDTH="86" HEIGHT="60" STYLEREFS="StyleId-1" CONTENT="and" WC="0.50333333" CC="950" />
            <SP ID="P22_SP00089" WIDTH="0" HPOS="0" VPOS="0" />
            <String ID="P22_S00101" HPOS="1131" VPOS="988" WIDTH="109" HEIGHT="62" STYLEREFS="StyleId-1" CONTENT="fifty" WC="0.786" CC="00404" />
            <SP ID="P22_SP00090" WIDTH="0" HPOS="0" VPOS="0" />
            <String ID="P22_S00102" HPOS="1252" VPOS="984" WIDTH="235" HEIGHT="66" STYLEREFS="StyleId-1" CONTENT="graduates" WC="0.686666667" CC="10410030000" />
            <SP ID="P22_SP00091" WIDTH="0" HPOS="0" VPOS="0" />
            <String ID="P22_S00103" HPOS="1529" VPOS="978" WIDTH="164" HEIGHT="72" STYLEREFS="StyleId-1" CONTENT="during" WC="0.75" CC="022450" />
          </TextLine>
          <TextLine ID="P22_TL00013" HPOS="174" VPOS="1071" WIDTH="1515" HEIGHT="22">
            <String ID="P22_S00104" HPOS="175" VPOS="1077" WIDTH="93" HEIGHT="38" STYLEREFS="StyleId-1" CONTENT="that" WC="0.8475" CC="0060" />
            <SP ID="P22_SP00092" WIDTH="0" HPOS="0" VPOS="0" />
            <String ID="P22_S00105" HPOS="282" VPOS="1085" WIDTH="115" HEIGHT="36" STYLEREFS="StyleId-1" CONTENT="year." WC="0.792" CC="04050" />
            <SP ID="P22_SP00093" WIDTH="0" HPOS="0" VPOS="0" />
            <String ID="P22_S00106" HPOS="442" VPOS="1067" WIDTH="284" HEIGHT="54" STYLEREFS="StyleId-1" CONTENT="Apparently," WC="0.8272727" CC="00806020001" />
            <SP ID="P22_SP00094" WIDTH="0" HPOS="0" VPOS="0" />
            <String ID="P22_S00107" HPOS="741" VPOS="1064" WIDTH="74" HEIGHT="57" STYLEREFS="StyleId-1" CONTENT="the" WC="0.66" CC="091" />
            <SP ID="P22_SP00095" WIDTH="0" HPOS="0" VPOS="0" />
            <String ID="P22_S00108" HPOS="831" VPOS="1058" WIDTH="233" HEIGHT="63" STYLEREFS="StyleId-1" CONTENT="exteiision" WC="0.649" CC="3070770045" />
            <SP ID="P22_SP00096" WIDTH="0" HPOS="0" VPOS="0" />
            <String ID="P22_S00109" HPOS="1077" VPOS="1054" WIDTH="48" HEIGHT="67" STYLEREFS="StyleId-1" CONTENT="of" WC="0.56" CC="53" />
            <SP ID="P22_SP00097" WIDTH="0" HPOS="0" VPOS="0" />
            <String ID="P22_S00110" HPOS="1135" VPOS="1051" WIDTH="159" HEIGHT="70" STYLEREFS="StyleId-1" CONTENT="special" WC="0.86" CC="3000006" />
            <SP ID="P22_SP00098" WIDTH="0" HPOS="0" VPOS="0" />
            <String ID="P22_S00111" HPOS="1313" VPOS="1046" WIDTH="184" HEIGHT="75" STYLEREFS="StyleId-1" CONTENT="medical" WC="0.802857161" CC="0007006" />
            <SP ID="P22_SP00099" WIDTH="0" HPOS="0" VPOS="0" />
            <String ID="P22_S00112" HPOS="1512" VPOS="1041" WIDTH="177" HEIGHT="80" STYLEREFS="StyleId-1" CONTENT="schools" WC="0.872857153" CC="0060200" />
          </TextLine>
          <TextLine ID="P22_TL00014" HPOS="175" VPOS="1137" WIDTH="1519" HEIGHT="19">
            <String ID="P22_S00113" HPOS="175" VPOS="1142" WIDTH="67" HEIGHT="37" STYLEREFS="StyleId-1" CONTENT="for" WC="0.813333333" CC="301" />
            <SP ID="P22_SP00100" WIDTH="0" HPOS="0" VPOS="0" />
            <String ID="P22_S00114" HPOS="282" VPOS="1149" WIDTH="167" HEIGHT="30" STYLEREFS="StyleId-1" CONTENT="women" WC="0.698" CC="00806" />
            <SP ID="P22_SP00101" WIDTH="0" HPOS="0" VPOS="0" />
            <String ID="P22_S00115" HPOS="491" VPOS="1134" WIDTH="35" HEIGHT="45" STYLEREFS="StyleId-1" CONTENT="is" WC="1" CC="00" />
            <SP ID="P22_SP00102" WIDTH="0" HPOS="0" VPOS="0" />
            <String ID="P22_S00116" HPOS="568" VPOS="1137" WIDTH="304" HEIGHT="42" STYLEREFS="StyleId-1" CONTENT="unnecessary." WC="0.7083333" CC="035075054200" />
            <SP ID="P22_SP00103" WIDTH="0" HPOS="0" VPOS="0" />
            <String ID="P22_S00117" HPOS="935" VPOS="1121" WIDTH="97" HEIGHT="58" STYLEREFS="StyleId-1" CONTENT="The" WC="1" CC="000" />
            <SP ID="P22_SP00104" WIDTH="0" HPOS="0" VPOS="0" />
            <String ID="P22_S00118" HPOS="1067" VPOS="1125" WIDTH="122" HEIGHT="54" STYLEREFS="StyleId-1" CONTENT="great" WC="0.948" CC="00200" />
            <SP ID="P22_SP00105" WIDTH="0" HPOS="0" VPOS="0" />
            <String ID="P22_S00119" HPOS="1225" VPOS="1116" WIDTH="109" HEIGHT="63" STYLEREFS="StyleId-1" CONTENT="need" WC="0.7575" CC="5400" />
            <SP ID="P22_SP00106" WIDTH="0" HPOS="0" VPOS="0" />
            <String ID="P22_S00120" HPOS="1358" VPOS="1119" WIDTH="44" HEIGHT="60" STYLEREFS="StyleId-1" CONTENT="at" WC="1" CC="00" />
            <SP ID="P22_SP00107" WIDTH="0" HPOS="0" VPOS="0" />
            <String ID="P22_S00121" HPOS="1421" VPOS="1113" WIDTH="76" HEIGHT="66" STYLEREFS="StyleId-1" CONTENT="the" WC="0.77" CC="060" />
            <SP ID="P22_SP00108" WIDTH="0" HPOS="0" VPOS="0" />
            <String ID="P22_S00122" HPOS="1519" VPOS="1112" WIDTH="175" HEIGHT="67" STYLEREFS="StyleId-1" CONTENT="present" WC="0.97" CC="0200000" />
          </TextLine>
          <TextLine ID="P22_TL00015" HPOS="178" VPOS="1202" WIDTH="1511" HEIGHT="20">
            <String ID="P22_S00123" HPOS="178" VPOS="1205" WIDTH="104" HEIGHT="39" STYLEREFS="StyleId-1" CONTENT="time" WC="0.535" CC="2257" />
            <SP ID="P22_SP00109" WIDTH="0" HPOS="0" VPOS="0" />
            <String ID="P22_S00124" HPOS="301" VPOS="1204" WIDTH="38" HEIGHT="40" STYLEREFS="StyleId-1" CONTENT="is" WC="0.94" CC="01" />
            <SP ID="P22_SP00110" WIDTH="0" HPOS="0" VPOS="0" />
            <String ID="P22_S00125" HPOS="361" VPOS="1200" WIDTH="191" HEIGHT="48" STYLEREFS="StyleId-1" CONTENT="equality" WC="0.9075" CC="20310000" />
            <SP ID="P22_SP00111" WIDTH="0" HPOS="0" VPOS="0" />
            <String ID="P22_S00126" HPOS="574" VPOS="1197" WIDTH="45" HEIGHT="51" STYLEREFS="StyleId-1" CONTENT="of" WC="0.515" CC="45" />
            <SP ID="P22_SP00112" WIDTH="0" HPOS="0" VPOS="0" />
            <String ID="P22_S00127" HPOS="639" VPOS="1191" WIDTH="285" HEIGHT="57" STYLEREFS="StyleId-1" CONTENT="o^pdrtunity" WC="0.7690909" CC="09080007000" />
            <SP ID="P22_SP00113" WIDTH="0" HPOS="0" VPOS="0" />
            <String ID="P22_S00128" HPOS="947" VPOS="1189" WIDTH="66" HEIGHT="59" STYLEREFS="StyleId-1" CONTENT="for" WC="0.7033333" CC="800" />
            <SP ID="P22_SP00114" WIDTH="0" HPOS="0" VPOS="0" />
            <String ID="P22_S00129" HPOS="1033" VPOS="1183" WIDTH="189" HEIGHT="65" STYLEREFS="StyleId-1" CONTENT="hospital" WC="0.905" CC="00106000" />
            <SP ID="P22_SP00115" WIDTH="0" HPOS="0" VPOS="0" />
            <String ID="P22_S00130" HPOS="1241" VPOS="1180" WIDTH="178" HEIGHT="68" STYLEREFS="StyleId-1" CONTENT="service." WC="0.7825" CC="30291000" />
            <SP ID="P22_SP00116" WIDTH="0" HPOS="0" VPOS="0" />
            <String ID="P22_S00131" HPOS="1459" VPOS="1173" WIDTH="229" HEIGHT="75" STYLEREFS="StyleId-1" CONTENT="Recently," WC="0.896666646" CC="000000504" />
          </TextLine>
          <TextLine ID="P22_TL00016" HPOS="176" VPOS="1269" WIDTH="1521" HEIGHT="18">
            <String ID="P22_S00132" HPOS="177" VPOS="1271" WIDTH="110" HEIGHT="38" STYLEREFS="StyleId-1" CONTENT="after" WC="0.852" CC="03400" />
            <SP ID="P22_SP00117" WIDTH="0" HPOS="0" VPOS="0" />
            <String ID="P22_S00133" HPOS="306" VPOS="1269" WIDTH="108" HEIGHT="44" STYLEREFS="StyleId-1" CONTENT="long" WC="0.6375" CC="00410" />
            <SP ID="P22_SP00118" WIDTH="0" HPOS="0" VPOS="0" />
            <String ID="P22_S00134" HPOS="427" VPOS="1262" WIDTH="259" HEIGHT="51" STYLEREFS="StyleId-1" CONTENT="discussion," WC="0.74727273" CC="00905103061" />
            <SP ID="P22_SP00119" WIDTH="0" HPOS="0" VPOS="0" />
            <String ID="P22_S00135" HPOS="712" VPOS="1265" WIDTH="86" HEIGHT="48" STYLEREFS="StyleId-1" CONTENT="two" WC="0.9266667" CC="002" />
            <SP ID="P22_SP00120" WIDTH="0" HPOS="0" VPOS="0" />
            <String ID="P22_S00136" HPOS="818" VPOS="1264" WIDTH="169" HEIGHT="49" STYLEREFS="StyleId-1" CONTENT="women" WC="0.72" CC="07006" />
            <SP ID="P22_SP00121" WIDTH="0" HPOS="0" VPOS="0" />
            <String ID="P22_S00137" HPOS="1002" VPOS="1264" WIDTH="113" HEIGHT="49" STYLEREFS="StyleId-1" CONTENT="were" WC="0.7525" CC="9000" />
            <SP ID="P22_SP00122" WIDTH="0" HPOS="0" VPOS="0" />
            <String ID="P22_S00138" HPOS="1135" VPOS="1246" WIDTH="212" HEIGHT="67" STYLEREFS="StyleId-1" CONTENT="admitted" WC="0.80625" CC="00143600" />
            <SP ID="P22_SP00123" WIDTH="0" HPOS="0" VPOS="0" />
            <String ID="P22_S00139" HPOS="1370" VPOS="1256" WIDTH="47" HEIGHT="57" STYLEREFS="StyleId-1" CONTENT="as" WC="0.5" CC="100" />
            <SP ID="P22_SP00124" WIDTH="0" HPOS="0" VPOS="0" />
            <String ID="P22_S00140" HPOS="1438" VPOS="1243" WIDTH="195" HEIGHT="70" STYLEREFS="StyleId-1" CONTENT="internes" WC="0.66" CC="55224600" />
            <SP ID="P22_SP00125" WIDTH="0" HPOS="0" VPOS="0" />
            <String ID="P22_S00141" HPOS="1652" VPOS="1242" WIDTH="45" HEIGHT="71" STYLEREFS="StyleId-1" CONTENT="at" WC="0.705" CC="41" />
          </TextLine>
          <TextLine ID="P22_TL00017" HPOS="181" VPOS="1335" WIDTH="489" HEIGHT="38">
            <String ID="P22_S00142" HPOS="181" VPOS="1335" WIDTH="204" HEIGHT="40" STYLEREFS="StyleId-1" CONTENT="Bellevue" WC="0.74875" CC="50400054" />
            <SP ID="P22_SP00126" WIDTH="0" HPOS="0" VPOS="0" />
            <String ID="P22_S00143" HPOS="415" VPOS="1326" WIDTH="255" HEIGHT="49" STYLEREFS="StyleId-1" CONTENT="Hospital.&quot;" WC="0.594" CC="30700610047" />
          </TextLine>
          <TextLine ID="P22_TL00018" HPOS="263" VPOS="1398" WIDTH="1431" HEIGHT="20">
            <String ID="P22_S00144" HPOS="263" VPOS="1398" WIDTH="132" HEIGHT="48" STYLEREFS="StyleId-1" CONTENT="Quite" WC="0.66" CC="104200" />
            <SP ID="P22_SP00127" WIDTH="0" HPOS="0" VPOS="0" />
            <String ID="P22_S00145" HPOS="406" VPOS="1394" WIDTH="208" HEIGHT="52" STYLEREFS="StyleId-1" CONTENT="recently," WC="0.7455556" CC="200050680" />
            <SP ID="P22_SP00128" WIDTH="0" HPOS="0" VPOS="0" />
            <String ID="P22_S00146" HPOS="631" VPOS="1393" WIDTH="21" HEIGHT="53" STYLEREFS="StyleId-1" CONTENT="I" WC="1" CC="0" />
            <SP ID="P22_SP00129" WIDTH="0" HPOS="0" VPOS="0" />
            <String ID="P22_S00147" HPOS="665" VPOS="1391" WIDTH="110" HEIGHT="55" STYLEREFS="StyleId-1" CONTENT="have" WC="0.715" CC="3070" />
            <SP ID="P22_SP00130" WIDTH="0" HPOS="0" VPOS="0" />
            <String ID="P22_S00148" HPOS="789" VPOS="1385" WIDTH="177" HEIGHT="61" STYLEREFS="StyleId-1" CONTENT="learned" WC="0.72" CC="2400650" />
            <SP ID="P22_SP00131" WIDTH="0" HPOS="0" VPOS="0" />
            <String ID="P22_S00149" HPOS="979" VPOS="1384" WIDTH="96" HEIGHT="62" STYLEREFS="StyleId-1" CONTENT="that" WC="1" CC="0000" />
            <SP ID="P22_SP00132" WIDTH="0" HPOS="0" VPOS="0" />
            <String ID="P22_S00150" HPOS="1093" VPOS="1394" WIDTH="24" HEIGHT="52" STYLEREFS="StyleId-1" CONTENT="a" WC="1" CC="0" />
            <SP ID="P22_SP00133" WIDTH="0" HPOS="0" VPOS="0" />
            <String ID="P22_S00151" HPOS="1137" VPOS="1377" WIDTH="174" HEIGHT="69" STYLEREFS="StyleId-1" CONTENT="colored" WC="0.807142854" CC="0403500" />
            <SP ID="P22_SP00134" WIDTH="0" HPOS="0" VPOS="0" />
            <String ID="P22_S00152" HPOS="1332" VPOS="1385" WIDTH="155" HEIGHT="61" STYLEREFS="StyleId-1" CONTENT="young" WC="0.68" CC="02760" />
            <SP ID="P22_SP00135" WIDTH="0" HPOS="0" VPOS="0" />
            <String ID="P22_S00153" HPOS="1506" VPOS="1381" WIDTH="187" HEIGHT="65" STYLEREFS="StyleId-1" CONTENT="woman," WC="0.526666641" CC="10010062" />
          </TextLine>
          <TextLine ID="P22_TL00019" HPOS="185" VPOS="1464" WIDTH="1516" HEIGHT="16">
            <String ID="P22_S00154" HPOS="185" VPOS="1465" WIDTH="108" HEIGHT="38" STYLEREFS="StyleId-1" CONTENT="Miss" WC="0.8475" CC="0600" />
            <SP ID="P22_SP00136" WIDTH="0" HPOS="0" VPOS="0" />
            <String ID="P22_S00155" HPOS="309" VPOS="1460" WIDTH="184" HEIGHT="43" STYLEREFS="StyleId-1" CONTENT="Isabella" WC="0.875" CC="00030150" />
            <SP ID="P22_SP00137" WIDTH="0" HPOS="0" VPOS="0" />
            <String ID="P22_S00156" HPOS="506" VPOS="1454" WIDTH="259" HEIGHT="49" STYLEREFS="StyleId-1" CONTENT="Vanderwal" WC="0.7" CC="4900010003" />
            <SP ID="P22_SP00138" WIDTH="0" HPOS="0" VPOS="0" />
            <String ID="P22_S00157" HPOS="786" VPOS="1453" WIDTH="99" HEIGHT="50" STYLEREFS="StyleId-1" CONTENT="who" WC="0.476666659" CC="807" />
            <SP ID="P22_SP00139" WIDTH="0" HPOS="0" VPOS="0" />
            <String ID="P22_S00158" HPOS="896" VPOS="1450" WIDTH="39" HEIGHT="53" STYLEREFS="StyleId-1" CONTENT="is" WC="0.585" CC="80" />
            <SP ID="P22_SP00140" WIDTH="0" HPOS="0" VPOS="0" />
            <String ID="P22_S00159" HPOS="956" VPOS="1458" WIDTH="100" HEIGHT="45" STYLEREFS="StyleId-1" CONTENT="now" WC="0.193333328" CC="6107" />
            <SP ID="P22_SP00141" WIDTH="0" HPOS="0" VPOS="0" />
            <String ID="P22_S00160" HPOS="1076" VPOS="1459" WIDTH="26" HEIGHT="44" STYLEREFS="StyleId-1" CONTENT="a" WC="1" CC="0" />
            <SP ID="P22_SP00142" WIDTH="0" HPOS="0" VPOS="0" />
            <String ID="P22_S00161" HPOS="1113" VPOS="1444" WIDTH="157" HEIGHT="59" STYLEREFS="StyleId-1" CONTENT="Junior" WC="0.62833333" CC="077520" />
            <SP ID="P22_SP00143" WIDTH="0" HPOS="0" VPOS="0" />
            <String ID="P22_S00162" HPOS="1290" VPOS="1442" WIDTH="46" HEIGHT="61" STYLEREFS="StyleId-1" CONTENT="in" WC="0.745" CC="50" />
            <SP ID="P22_SP00144" WIDTH="0" HPOS="0" VPOS="0" />
            <String ID="P22_S00163" HPOS="1358" VPOS="1441" WIDTH="77" HEIGHT="62" STYLEREFS="StyleId-1" CONTENT="the" WC="0.69" CC="161" />
            <SP ID="P22_SP00145" WIDTH="0" HPOS="0" VPOS="0" />
            <String ID="P22_S00164" HPOS="1446" VPOS="1440" WIDTH="111" HEIGHT="63" STYLEREFS="StyleId-1" CONTENT="New" WC="0.81" CC="500" />
            <SP ID="P22_SP00146" WIDTH="0" HPOS="0" VPOS="0" />
            <String ID="P22_S00165" HPOS="1576" VPOS="1435" WIDTH="125" HEIGHT="68" STYLEREFS="StyleId-1" CONTENT="York" WC="0.785" CC="0430" />
          </TextLine>
          <TextLine ID="P22_TL00020" HPOS="186" VPOS="1529" WIDTH="1518" HEIGHT="18">
            <String ID="P22_S00166" HPOS="187" VPOS="1527" WIDTH="185" HEIGHT="41" STYLEREFS="StyleId-1" CONTENT="Medical" WC="0.9057143" CC="0000006" />
            <SP ID="P22_SP00147" WIDTH="0" HPOS="0" VPOS="0" />
            <String ID="P22_S00167" HPOS="392" VPOS="1525" WIDTH="176" HEIGHT="45" STYLEREFS="StyleId-1" CONTENT="College" WC="0.725714266" CC="01000070" />
            <SP ID="P22_SP00148" WIDTH="0" HPOS="0" VPOS="0" />
            <String ID="P22_S00168" HPOS="580" VPOS="1521" WIDTH="85" HEIGHT="49" STYLEREFS="StyleId-1" CONTENT="and" WC="1" CC="000" />
            <SP ID="P22_SP00149" WIDTH="0" HPOS="0" VPOS="0" />
            <String ID="P22_S00169" HPOS="682" VPOS="1517" WIDTH="203" HEIGHT="53" STYLEREFS="StyleId-1" CONTENT="Hospital" WC="0.6825" CC="47602004" />
            <SP ID="P22_SP00150" WIDTH="0" HPOS="0" VPOS="0" />
            <String ID="P22_S00170" HPOS="905" VPOS="1515" WIDTH="68" HEIGHT="55" STYLEREFS="StyleId-1" CONTENT="for" WC="0.22" CC="6107" />
            <SP ID="P22_SP00151" WIDTH="0" HPOS="0" VPOS="0" />
            <String ID="P22_S00171" HPOS="992" VPOS="1514" WIDTH="200" HEIGHT="56" STYLEREFS="StyleId-1" CONTENT="Women," WC="0.841666639" CC="009000" />
            <SP ID="P22_SP00152" WIDTH="0" HPOS="0" VPOS="0" />
            <String ID="P22_S00172" HPOS="1210" VPOS="1510" WIDTH="79" HEIGHT="60" STYLEREFS="StyleId-1" CONTENT="has" WC="0.6666667" CC="360" />
            <SP ID="P22_SP00153" WIDTH="0" HPOS="0" VPOS="0" />
            <String ID="P22_S00173" HPOS="1310" VPOS="1507" WIDTH="107" HEIGHT="63" STYLEREFS="StyleId-1" CONTENT="been" WC="0.6825" CC="6006" />
            <SP ID="P22_SP00154" WIDTH="0" HPOS="0" VPOS="0" />
            <String ID="P22_S00174" HPOS="1431" VPOS="1502" WIDTH="211" HEIGHT="68" STYLEREFS="StyleId-1" CONTENT="admitted" WC="0.80875" CC="70250000" />
            <SP ID="P22_SP00155" WIDTH="0" HPOS="0" VPOS="0" />
            <String ID="P22_S00175" HPOS="1657" VPOS="1510" WIDTH="47" HEIGHT="60" STYLEREFS="StyleId-1" CONTENT="as" WC="0.905" CC="10" />
          </TextLine>
          <TextLine ID="P22_TL00021" HPOS="187" VPOS="1593" WIDTH="1313" HEIGHT="23">
            <String ID="P22_S00176" HPOS="187" VPOS="1607" WIDTH="55" HEIGHT="26" STYLEREFS="StyleId-1" CONTENT="an" WC="0.325" CC="103" />
            <SP ID="P22_SP00156" WIDTH="0" HPOS="0" VPOS="0" />
            <String ID="P22_S00177" HPOS="263" VPOS="1593" WIDTH="168" HEIGHT="40" STYLEREFS="StyleId-1" CONTENT="interrie" WC="0.8575" CC="04000330" />
            <SP ID="P22_SP00157" WIDTH="0" HPOS="0" VPOS="0" />
            <String ID="P22_S00178" HPOS="448" VPOS="1590" WIDTH="92" HEIGHT="43" STYLEREFS="StyleId-1" CONTENT="into" WC="0.6225" CC="3361" />
            <SP ID="P22_SP00158" WIDTH="0" HPOS="0" VPOS="0" />
            <String ID="P22_S00179" HPOS="561" VPOS="1587" WIDTH="77" HEIGHT="46" STYLEREFS="StyleId-1" CONTENT="the" WC="0.686666667" CC="009" />
            <SP ID="P22_SP00159" WIDTH="0" HPOS="0" VPOS="0" />
            <String ID="P22_S00180" HPOS="665" VPOS="1582" WIDTH="242" HEIGHT="51" STYLEREFS="StyleId-1" CONTENT="Mkternity" WC="0.646666646" CC="0100817500" />
            <SP ID="P22_SP00160" WIDTH="0" HPOS="0" VPOS="0" />
            <String ID="P22_S00181" HPOS="928" VPOS="1577" WIDTH="206" HEIGHT="56" STYLEREFS="StyleId-1" CONTENT="Hospital" WC="0.66625" CC="71005660" />
            <SP ID="P22_SP00161" WIDTH="0" HPOS="0" VPOS="0" />
            <String ID="P22_S00182" HPOS="1156" VPOS="1575" WIDTH="45" HEIGHT="58" STYLEREFS="StyleId-1" CONTENT="in" WC="0.525" CC="54" />
            <SP ID="P22_SP00162" WIDTH="0" HPOS="0" VPOS="0" />
            <String ID="P22_S00183" HPOS="1226" VPOS="1575" WIDTH="110" HEIGHT="58" STYLEREFS="StyleId-1" CONTENT="New" WC="0.453333348" CC="538" />
            <SP ID="P22_SP00163" WIDTH="0" HPOS="0" VPOS="0" />
            <String ID="P22_S00184" HPOS="1360" VPOS="1569" WIDTH="140" HEIGHT="64" STYLEREFS="StyleId-1" CONTENT="York." WC="0.862" CC="20004" />
          </TextLine>
          <TextLine ID="P22_TL00022" HPOS="269" VPOS="1656" WIDTH="1434" HEIGHT="20">
            <String ID="P22_S00185" HPOS="269" VPOS="1656" WIDTH="96" HEIGHT="40" STYLEREFS="StyleId-1" CONTENT="The" WC="0.683333337" CC="090" />
            <SP ID="P22_SP00164" WIDTH="0" HPOS="0" VPOS="0" />
            <String ID="P22_S00186" HPOS="383" VPOS="1655" WIDTH="140" HEIGHT="41" STYLEREFS="StyleId-1" CONTENT="editor" WC="0.798333347" CC="005060" />
            <SP ID="P22_SP00165" WIDTH="0" HPOS="0" VPOS="0" />
            <String ID="P22_S00187" HPOS="543" VPOS="1652" WIDTH="136" HEIGHT="44" STYLEREFS="StyleId-1" CONTENT="above" WC="0.432" CC="86670" />
            <SP ID="P22_SP00166" WIDTH="0" HPOS="0" VPOS="0" />
            <String ID="P22_S00188" HPOS="697" VPOS="1647" WIDTH="178" HEIGHT="49" STYLEREFS="StyleId-1" CONTENT="quoted," WC="0.7871429" CC="6610001" />
            <SP ID="P22_SP00167" WIDTH="0" HPOS="0" VPOS="0" />
            <String ID="P22_S00189" HPOS="893" VPOS="1655" WIDTH="131" HEIGHT="41" STYLEREFS="StyleId-1" CONTENT="urges" WC="0.728" CC="76000" />
            <SP ID="P22_SP00168" WIDTH="0" HPOS="0" VPOS="0" />
            <String ID="P22_S00190" HPOS="1043" VPOS="1643" WIDTH="76" HEIGHT="53" STYLEREFS="StyleId-1" CONTENT="the" WC="0.7966667" CC="006" />
            <SP ID="P22_SP00169" WIDTH="0" HPOS="0" VPOS="0" />
            <String ID="P22_S00191" HPOS="1151" VPOS="1639" WIDTH="183" HEIGHT="57" STYLEREFS="StyleId-1" CONTENT="medical" WC="0.6414286" CC="6006506" />
            <SP ID="P22_SP00170" WIDTH="0" HPOS="0" VPOS="0" />
            <String ID="P22_S00192" HPOS="1375" VPOS="1646" WIDTH="171" HEIGHT="50" STYLEREFS="StyleId-1" CONTENT="women" WC="0.706" CC="01606" />
            <SP ID="P22_SP00171" WIDTH="0" HPOS="0" VPOS="0" />
            <String ID="P22_S00193" HPOS="1564" VPOS="1637" WIDTH="45" HEIGHT="59" STYLEREFS="StyleId-1" CONTENT="to" WC="1" CC="00" />
            <SP ID="P22_SP00172" WIDTH="0" HPOS="0" VPOS="0" />
            <String ID="P22_S00194" HPOS="1630" VPOS="1631" WIDTH="72" HEIGHT="65" STYLEREFS="StyleId-1" CONTENT="de¬" WC="1" CC="000" />
          </TextLine>
          <TextLine ID="P22_TL00023" HPOS="187" VPOS="1723" WIDTH="1519" HEIGHT="19">
            <String ID="P22_S00195" HPOS="188" VPOS="1722" WIDTH="131" HEIGHT="41" STYLEREFS="StyleId-1" CONTENT="mand" WC="0.8225" CC="7000" />
            <SP ID="P22_SP00173" WIDTH="0" HPOS="0" VPOS="0" />
            <String ID="P22_S00196" HPOS="342" VPOS="1718" WIDTH="233" HEIGHT="45" STYLEREFS="StyleId-1" CONTENT="admission" WC="0.5044444" CC="898600037" />
            <SP ID="P22_SP00174" WIDTH="0" HPOS="0" VPOS="0" />
            <String ID="P22_S00197" HPOS="595" VPOS="1722" WIDTH="45" HEIGHT="41" STYLEREFS="StyleId-1" CONTENT="to" WC="0.875" CC="02" />
            <SP ID="P22_SP00175" WIDTH="0" HPOS="0" VPOS="0" />
            <String ID="P22_S00198" HPOS="661" VPOS="1710" WIDTH="271" HEIGHT="53" STYLEREFS="StyleId-1" CONTENT="interneship" WC="0.8872727" CC="04001020400" />
            <SP ID="P22_SP00176" WIDTH="0" HPOS="0" VPOS="0" />
            <String ID="P22_S00199" HPOS="954" VPOS="1709" WIDTH="45" HEIGHT="54" STYLEREFS="StyleId-1" CONTENT="in" WC="0.38" CC="48" />
            <SP ID="P22_SP00177" WIDTH="0" HPOS="0" VPOS="0" />
            <String ID="P22_S00200" HPOS="1020" VPOS="1709" WIDTH="76" HEIGHT="54" STYLEREFS="StyleId-1" CONTENT="the" WC="1" CC="000" />
            <SP ID="P22_SP00178" WIDTH="0" HPOS="0" VPOS="0" />
            <String ID="P22_S00201" HPOS="1117" VPOS="1702" WIDTH="213" HEIGHT="61" STYLEREFS="StyleId-1" CONTENT="hospitals" WC="0.8144444" CC="000800017" />
            <SP ID="P22_SP00179" WIDTH="0" HPOS="0" VPOS="0" />
            <String ID="P22_S00202" HPOS="1360" VPOS="1701" WIDTH="47" HEIGHT="62" STYLEREFS="StyleId-1" CONTENT="of" WC="0.81" CC="03" />
            <SP ID="P22_SP00180" WIDTH="0" HPOS="0" VPOS="0" />
            <String ID="P22_S00203" HPOS="1421" VPOS="1700" WIDTH="75" HEIGHT="63" STYLEREFS="StyleId-1" CONTENT="the" WC="0.51" CC="733" />
            <SP ID="P22_SP00181" WIDTH="0" HPOS="0" VPOS="0" />
            <String ID="P22_S00204" HPOS="1516" VPOS="1702" WIDTH="190" HEIGHT="61" STYLEREFS="StyleId-1" CONTENT="country" WC="0.562857151" CC="2936008" />
          </TextLine>
          <TextLine ID="P22_TL00024" HPOS="185" VPOS="1783" WIDTH="1518" HEIGHT="24">
            <String ID="P22_S00205" HPOS="185" VPOS="1801" WIDTH="46" HEIGHT="27" STYLEREFS="StyleId-1" CONTENT="as" WC="1" CC="00" />
            <SP ID="P22_SP00182" WIDTH="0" HPOS="0" VPOS="0" />
            <String ID="P22_S00206" HPOS="279" VPOS="1786" WIDTH="114" HEIGHT="42" STYLEREFS="StyleId-1" CONTENT="their" WC="0.516" CC="08267" />
            <SP ID="P22_SP00183" WIDTH="0" HPOS="0" VPOS="0" />
            <String ID="P22_S00207" HPOS="432" VPOS="1784" WIDTH="132" HEIGHT="46" STYLEREFS="StyleId-1" CONTENT="right," WC="0.675" CC="609003" />
            <SP ID="P22_SP00184" WIDTH="0" HPOS="0" VPOS="0" />
            <String ID="P22_S00208" HPOS="627" VPOS="1780" WIDTH="85" HEIGHT="50" STYLEREFS="StyleId-1" CONTENT="and" WC="0.71" CC="170" />
            <SP ID="P22_SP00185" WIDTH="0" HPOS="0" VPOS="0" />
            <String ID="P22_S00209" HPOS="753" VPOS="1789" WIDTH="98" HEIGHT="41" STYLEREFS="StyleId-1" CONTENT="says" WC="0.92" CC="0003" />
            <SP ID="P22_SP00186" WIDTH="0" HPOS="0" VPOS="0" />
            <String ID="P22_S00210" HPOS="873" VPOS="1788" WIDTH="95" HEIGHT="42" STYLEREFS="StyleId-1" CONTENT=":—■" WC="0.27" CC="597" />
            <SP ID="P22_SP00187" WIDTH="0" HPOS="0" VPOS="0" />
            <String ID="P22_S00211" HPOS="1003" VPOS="1767" WIDTH="178" HEIGHT="63" STYLEREFS="StyleId-1" CONTENT="&quot;There" WC="0.706666648" CC="700620" />
            <SP ID="P22_SP00188" WIDTH="0" HPOS="0" VPOS="0" />
            <String ID="P22_S00212" HPOS="1227" VPOS="1778" WIDTH="71" HEIGHT="52" STYLEREFS="StyleId-1" CONTENT="are" WC="0.6666667" CC="0100" />
            <SP ID="P22_SP00189" WIDTH="0" HPOS="0" VPOS="0" />
            <String ID="P22_S00213" HPOS="1342" VPOS="1780" WIDTH="58" HEIGHT="50" STYLEREFS="StyleId-1" CONTENT="no" WC="0.635" CC="60" />
            <SP ID="P22_SP00190" WIDTH="0" HPOS="0" VPOS="0" />
            <String ID="P22_S00214" HPOS="1448" VPOS="1765" WIDTH="255" HEIGHT="65" STYLEREFS="StyleId-1" CONTENT="arguments" WC="0.6677778" CC="007570540" />
          </TextLine>
          <TextLine ID="P22_TL00025" HPOS="192" VPOS="1853" WIDTH="1516" HEIGHT="20">
            <String ID="P22_S00215" HPOS="192" VPOS="1852" WIDTH="171" HEIGHT="47" STYLEREFS="StyleId-1" CONTENT="against" WC="0.472857147" CC="51054640" />
            <SP ID="P22_SP00191" WIDTH="0" HPOS="0" VPOS="0" />
            <String ID="P22_S00216" HPOS="403" VPOS="1850" WIDTH="73" HEIGHT="49" STYLEREFS="StyleId-1" CONTENT="the" WC="0.7733333" CC="060" />
            <SP ID="P22_SP00192" WIDTH="0" HPOS="0" VPOS="0" />
            <String ID="P22_S00217" HPOS="516" VPOS="1845" WIDTH="235" HEIGHT="54" STYLEREFS="StyleId-1" CONTENT="admission" WC="0.803333342" CC="600400212" />
            <SP ID="P22_SP00193" WIDTH="0" HPOS="0" VPOS="0" />
            <String ID="P22_S00218" HPOS="791" VPOS="1842" WIDTH="46" HEIGHT="57" STYLEREFS="StyleId-1" CONTENT="of" WC="0.415" CC="65" />
            <SP ID="P22_SP00194" WIDTH="0" HPOS="0" VPOS="0" />
            <String ID="P22_S00219" HPOS="876" VPOS="1849" WIDTH="169" HEIGHT="50" STYLEREFS="StyleId-1" CONTENT="women" WC="0.872" CC="00006" />
            <SP ID="P22_SP00195" WIDTH="0" HPOS="0" VPOS="0" />
            <String ID="P22_S00220" HPOS="1079" VPOS="1834" WIDTH="255" HEIGHT="65" STYLEREFS="StyleId-1" CONTENT="physicians" WC="0.658" CC="0700505097" />
            <SP ID="P22_SP00196" WIDTH="0" HPOS="0" VPOS="0" />
            <String ID="P22_S00221" HPOS="1368" VPOS="1844" WIDTH="49" HEIGHT="55" STYLEREFS="StyleId-1" CONTENT="as" WC="1" CC="00" />
            <SP ID="P22_SP00197" WIDTH="0" HPOS="0" VPOS="0" />
            <String ID="P22_S00222" HPOS="1448" VPOS="1830" WIDTH="194" HEIGHT="69" STYLEREFS="StyleId-1" CONTENT="internes" WC="0.79" CC="05004700" />
            <SP ID="P22_SP00198" WIDTH="0" HPOS="0" VPOS="0" />
            <String ID="P22_S00223" HPOS="1662" VPOS="1825" WIDTH="45" HEIGHT="74" STYLEREFS="StyleId-1" CONTENT="in" WC="0.67" CC="33" />
          </TextLine>
          <TextLine ID="P22_TL00026" HPOS="194" VPOS="1918" WIDTH="1516" HEIGHT="18">
            <String ID="P22_S00224" HPOS="194" VPOS="1915" WIDTH="224" HEIGHT="49" STYLEREFS="StyleId-1" CONTENT="hospitals," WC="0.642" CC="6702760401" />
            <SP ID="P22_SP00199" WIDTH="0" HPOS="0" VPOS="0" />
            <String ID="P22_S00225" HPOS="438" VPOS="1912" WIDTH="144" HEIGHT="52" STYLEREFS="StyleId-1" CONTENT="which" WC="0.608" CC="30609" />
            <SP ID="P22_SP00200" WIDTH="0" HPOS="0" VPOS="0" />
            <String ID="P22_S00226" HPOS="600" VPOS="1921" WIDTH="113" HEIGHT="43" STYLEREFS="StyleId-1" CONTENT="were" WC="0.75" CC="10000" />
            <SP ID="P22_SP00201" WIDTH="0" HPOS="0" VPOS="0" />
            <String ID="P22_S00227" HPOS="735" VPOS="1913" WIDTH="77" HEIGHT="51" STYLEREFS="StyleId-1" CONTENT="not" WC="0.853333354" CC="210" />
            <SP ID="P22_SP00202" WIDTH="0" HPOS="0" VPOS="0" />
            <String ID="P22_S00228" HPOS="843" VPOS="1905" WIDTH="141" HEIGHT="59" STYLEREFS="StyleId-1" CONTENT="raised" WC="0.896666646" CC="005000" />
            <SP ID="P22_SP00203" WIDTH="0" HPOS="0" VPOS="0" />
            <String ID="P22_S00229" HPOS="1006" VPOS="1902" WIDTH="173" HEIGHT="62" STYLEREFS="StyleId-1" CONTENT="against" WC="0.91" CC="0000510" />
            <SP ID="P22_SP00204" WIDTH="0" HPOS="0" VPOS="0" />
            <String ID="P22_S00230" HPOS="1200" VPOS="1900" WIDTH="119" HEIGHT="64" STYLEREFS="StyleId-1" CONTENT="their" WC="0.708" CC="00346" />
            <SP ID="P22_SP00205" WIDTH="0" HPOS="0" VPOS="0" />
            <String ID="P22_S00231" HPOS="1341" VPOS="1895" WIDTH="238" HEIGHT="69" STYLEREFS="StyleId-1" CONTENT="admission" WC="0.8055556" CC="061400230" />
            <SP ID="P22_SP00206" WIDTH="0" HPOS="0" VPOS="0" />
            <String ID="P22_S00232" HPOS="1616" VPOS="1892" WIDTH="94" HEIGHT="72" STYLEREFS="StyleId-1" CONTENT="into" WC="0.65" CC="7501" />
          </TextLine>
          <TextLine ID="P22_TL00027" HPOS="195" VPOS="1981" WIDTH="1516" HEIGHT="21">
            <String ID="P22_S00233" HPOS="195" VPOS="1983" WIDTH="75" HEIGHT="39" STYLEREFS="StyleId-1" CONTENT="the" WC="0.78" CC="060" />
            <SP ID="P22_SP00207" WIDTH="0" HPOS="0" VPOS="0" />
            <String ID="P22_S00234" HPOS="285" VPOS="1978" WIDTH="182" HEIGHT="44" STYLEREFS="StyleId-1" CONTENT="medical" WC="0.732857168" CC="6003080" />
            <SP ID="P22_SP00208" WIDTH="0" HPOS="0" VPOS="0" />
            <String ID="P22_S00235" HPOS="482" VPOS="1974" WIDTH="277" HEIGHT="50" STYLEREFS="StyleId-1" CONTENT="profession/" WC="0.74727273" CC="060400050010" />
            <SP ID="P22_SP00209" WIDTH="0" HPOS="0" VPOS="0" />
            <String ID="P22_S00236" HPOS="769" VPOS="1973" WIDTH="8" HEIGHT="51" STYLEREFS="StyleId-1" CONTENT="'" WC="0.57" CC="4" />
            <SP ID="P22_SP00210" WIDTH="0" HPOS="0" VPOS="0" />
            <String ID="P22_S00237" HPOS="812" VPOS="1973" WIDTH="71" HEIGHT="51" STYLEREFS="StyleId-1" CONTENT="He" WC="0.775" CC="40" />
            <SP ID="P22_SP00211" WIDTH="0" HPOS="0" VPOS="0" />
            <String ID="P22_S00238" HPOS="895" VPOS="1968" WIDTH="188" HEIGHT="56" STYLEREFS="StyleId-1" CONTENT="heartily" WC="0.6525" CC="00970470" />
            <SP ID="P22_SP00212" WIDTH="0" HPOS="0" VPOS="0" />
            <String ID="P22_S00239" HPOS="1106" VPOS="1963" WIDTH="253" HEIGHT="61" STYLEREFS="StyleId-1" CONTENT="commends" WC="0.875" CC="00900000" />
            <SP ID="P22_SP00213" WIDTH="0" HPOS="0" VPOS="0" />
            <String ID="P22_S00240" HPOS="1380" VPOS="1963" WIDTH="77" HEIGHT="61" STYLEREFS="StyleId-1" CONTENT="the" WC="0.973333359" CC="000" />
            <SP ID="P22_SP00214" WIDTH="0" HPOS="0" VPOS="0" />
            <String ID="P22_S00241" HPOS="1471" VPOS="1971" WIDTH="171" HEIGHT="53" STYLEREFS="StyleId-1" CONTENT="women" WC="0.364" CC="106474" />
            <SP ID="P22_SP00215" WIDTH="0" HPOS="0" VPOS="0" />
            <String ID="P22_S00242" HPOS="1664" VPOS="1954" WIDTH="47" HEIGHT="70" STYLEREFS="StyleId-1" CONTENT="of" WC="0.575" CC="16" />
          </TextLine>
          <TextLine ID="P22_TL00028" HPOS="197" VPOS="2048" WIDTH="1516" HEIGHT="20">
            <String ID="P22_S00243" HPOS="197" VPOS="2048" WIDTH="78" HEIGHT="38" STYLEREFS="StyleId-1" CONTENT="the" WC="0.766666651" CC="060" />
            <SP ID="P22_SP00216" WIDTH="0" HPOS="0" VPOS="0" />
            <String ID="P22_S00244" HPOS="300" VPOS="2049" WIDTH="190" HEIGHT="40" STYLEREFS="StyleId-1" CONTENT="country'" WC="0.68375" CC="70346003" />
            <SP ID="P22_SP00217" WIDTH="0" HPOS="0" VPOS="0" />
            <String ID="P22_S00245" HPOS="525" VPOS="2043" WIDTH="68" HEIGHT="46" STYLEREFS="StyleId-1" CONTENT="for" WC="0.716666639" CC="403" />
            <SP ID="P22_SP00218" WIDTH="0" HPOS="0" VPOS="0" />
            <String ID="P22_S00246" HPOS="634" VPOS="2041" WIDTH="75" HEIGHT="48" STYLEREFS="StyleId-1" CONTENT="the" WC="0.783333361" CC="060" />
            <SP ID="P22_SP00219" WIDTH="0" HPOS="0" VPOS="0" />
            <String ID="P22_S00247" HPOS="735" VPOS="2036" WIDTH="178" HEIGHT="53" STYLEREFS="StyleId-1" CONTENT="nbtable" WC="0.6357143" CC="10800070" />
            <SP ID="P22_SP00220" WIDTH="0" HPOS="0" VPOS="0" />
            <String ID="P22_S00248" HPOS="945" VPOS="2045" WIDTH="174" HEIGHT="44" STYLEREFS="StyleId-1" CONTENT="success" WC="0.702857137" CC="3500506" />
            <SP ID="P22_SP00221" WIDTH="0" HPOS="0" VPOS="0" />
            <String ID="P22_S00249" HPOS="1159" VPOS="2033" WIDTH="122" HEIGHT="56" STYLEREFS="StyleId-1" CONTENT="they," WC="0.942" CC="00002" />
            <SP ID="P22_SP00222" WIDTH="0" HPOS="0" VPOS="0" />
            <String ID="P22_S00250" HPOS="1319" VPOS="2041" WIDTH="45" HEIGHT="48" STYLEREFS="StyleId-1" CONTENT="as" WC="1" CC="00" />
            <SP ID="P22_SP00223" WIDTH="0" HPOS="0" VPOS="0" />
            <String ID="P22_S00251" HPOS="1387" VPOS="2040" WIDTH="25" HEIGHT="49" STYLEREFS="StyleId-1" CONTENT="a" WC="0.89" CC="1" />
            <SP ID="P22_SP00224" WIDTH="0" HPOS="0" VPOS="0" />
            <String ID="P22_S00252" HPOS="1445" VPOS="2025" WIDTH="129" HEIGHT="64" STYLEREFS="StyleId-1" CONTENT="class," WC="0.875" CC="040003" />
            <SP ID="P22_SP00225" WIDTH="0" HPOS="0" VPOS="0" />
            <String ID="P22_S00253" HPOS="1599" VPOS="2024" WIDTH="113" HEIGHT="65" STYLEREFS="StyleId-1" CONTENT="have" WC="0.83" CC="6000" />
          </TextLine>
          <TextLine ID="P22_TL00029" HPOS="198" VPOS="2110" WIDTH="1516" HEIGHT="25">
            <String ID="P22_S00254" HPOS="198" VPOS="2110" WIDTH="208" HEIGHT="40" STYLEREFS="StyleId-1" CONTENT="achieved" WC="0.83875" CC="30710000" />
            <SP ID="P22_SP00226" WIDTH="0" HPOS="0" VPOS="0" />
            <String ID="P22_S00255" HPOS="427" VPOS="2108" WIDTH="46" HEIGHT="42" STYLEREFS="StyleId-1" CONTENT="in" WC="0.71" CC="05" />
            <SP ID="P22_SP00227" WIDTH="0" HPOS="0" VPOS="0" />
            <String ID="P22_S00256" HPOS="494" VPOS="2106" WIDTH="114" HEIGHT="46" STYLEREFS="StyleId-1" CONTENT="spite" WC="0.798" CC="00405" />
            <SP ID="P22_SP00228" WIDTH="0" HPOS="0" VPOS="0" />
            <String ID="P22_S00257" HPOS="626" VPOS="2104" WIDTH="47" HEIGHT="48" STYLEREFS="StyleId-1" CONTENT="of" WC="0.74" CC="50" />
            <SP ID="P22_SP00229" WIDTH="0" HPOS="0" VPOS="0" />
            <String ID="P22_S00258" HPOS="693" VPOS="2102" WIDTH="88" HEIGHT="50" STYLEREFS="StyleId-1" CONTENT="this" WC="0.75" CC="00100" />
            <SP ID="P22_SP00230" WIDTH="0" HPOS="0" VPOS="0" />
            <String ID="P22_S00259" HPOS="812" VPOS="2100" WIDTH="378" HEIGHT="52" STYLEREFS="StyleId-1" CONTENT="embarrassment," WC="0.7278572" CC="025005700100600" />
            <SP ID="P22_SP00231" WIDTH="0" HPOS="0" VPOS="0" />
            <String ID="P22_S00260" HPOS="1212" VPOS="2096" WIDTH="85" HEIGHT="56" STYLEREFS="StyleId-1" CONTENT="and" WC="0.463333338" CC="861" />
            <SP ID="P22_SP00232" WIDTH="0" HPOS="0" VPOS="0" />
            <String ID="P22_S00261" HPOS="1339" VPOS="2105" WIDTH="183" HEIGHT="47" STYLEREFS="StyleId-1" CONTENT="says:—" WC="0.85" CC="000009" />
            <SP ID="P22_SP00233" WIDTH="0" HPOS="0" VPOS="0" />
            <String ID="P22_S00262" HPOS="1553" VPOS="2083" WIDTH="161" HEIGHT="69" STYLEREFS="StyleId-1" CONTENT="&quot;They" WC="0.492" CC="40659" />
          </TextLine>
          <TextLine ID="P22_TL00030" HPOS="197" VPOS="2176" WIDTH="1519" HEIGHT="24">
            <String ID="P22_S00263" HPOS="198" VPOS="2175" WIDTH="158" HEIGHT="41" STYLEREFS="StyleId-1" CONTENT="should" WC="0.673333347" CC="064610" />
            <SP ID="P22_SP00234" WIDTH="0" HPOS="0" VPOS="0" />
            <String ID="P22_S00264" HPOS="369" VPOS="2173" WIDTH="54" HEIGHT="43" STYLEREFS="StyleId-1" CONTENT="be" WC="0.815" CC="30" />
            <SP ID="P22_SP00235" WIDTH="0" HPOS="0" VPOS="0" />
            <String ID="P22_S00265" HPOS="438" VPOS="2169" WIDTH="254" HEIGHT="48" STYLEREFS="StyleId-1" CONTENT="recognized" WC="0.747" CC="6102072500" />
            <SP ID="P22_SP00236" WIDTH="0" HPOS="0" VPOS="0" />
            <String ID="P22_S00266" HPOS="707" VPOS="2167" WIDTH="47" HEIGHT="50" STYLEREFS="StyleId-1" CONTENT="in" WC="0.345" CC="67" />
            <SP ID="P22_SP00237" WIDTH="0" HPOS="0" VPOS="0" />
            <String ID="P22_S00267" HPOS="768" VPOS="2177" WIDTH="131" HEIGHT="40" STYLEREFS="StyleId-1" CONTENT="every" WC="0.792" CC="60300" />
            <SP ID="P22_SP00238" WIDTH="0" HPOS="0" VPOS="0" />
            <String ID="P22_S00268" HPOS="915" VPOS="2163" WIDTH="189" HEIGHT="54" STYLEREFS="StyleId-1" CONTENT="possible" WC="0.84" CC="20000055" />
            <SP ID="P22_SP00239" WIDTH="0" HPOS="0" VPOS="0" />
            <String ID="P22_S00269" HPOS="1116" VPOS="2174" WIDTH="111" HEIGHT="43" STYLEREFS="StyleId-1" CONTENT="way," WC="0.7725" CC="7001" />
            <SP ID="P22_SP00240" WIDTH="0" HPOS="0" VPOS="0" />
            <String ID="P22_S00270" HPOS="1246" VPOS="2160" WIDTH="83" HEIGHT="57" STYLEREFS="StyleId-1" CONTENT="and" WC="0.6433333" CC="190" />
            <SP ID="P22_SP00241" WIDTH="0" HPOS="0" VPOS="0" />
            <String ID="P22_S00271" HPOS="1346" VPOS="2156" WIDTH="225" HEIGHT="61" STYLEREFS="StyleId-1" CONTENT="shouldbe" WC="0.63875" CC="550060101" />
            <SP ID="P22_SP00242" WIDTH="0" HPOS="0" VPOS="0" />
            <String ID="P22_S00272" HPOS="1586" VPOS="2154" WIDTH="130" HEIGHT="63" STYLEREFS="StyleId-1" CONTENT="given" WC="0.45" CC="105057" />
          </TextLine>
          <TextLine ID="P22_TL00031" HPOS="197" VPOS="2238" WIDTH="1520" HEIGHT="23">
            <String ID="P22_S00273" HPOS="197" VPOS="2243" WIDTH="76" HEIGHT="38" STYLEREFS="StyleId-1" CONTENT="the" WC="0.67" CC="090" />
            <SP ID="P22_SP00243" WIDTH="0" HPOS="0" VPOS="0" />
            <String ID="P22_S00274" HPOS="294" VPOS="2236" WIDTH="149" HEIGHT="45" STYLEREFS="StyleId-1" CONTENT="fullest" WC="0.7157143" CC="6601400" />
            <SP ID="P22_SP00244" WIDTH="0" HPOS="0" VPOS="0" />
            <String ID="P22_S00275" HPOS="482" VPOS="2233" WIDTH="285" HEIGHT="50" STYLEREFS="StyleId-1" CONTENT="opportunity" WC="0.8036364" CC="100000074000" />
            <SP ID="P22_SP00245" WIDTH="0" HPOS="0" VPOS="0" />
            <String ID="P22_S00276" HPOS="781" VPOS="2238" WIDTH="45" HEIGHT="45" STYLEREFS="StyleId-1" CONTENT="to" WC="1" CC="00" />
            <SP ID="P22_SP00246" WIDTH="0" HPOS="0" VPOS="0" />
            <String ID="P22_S00277" HPOS="847" VPOS="2231" WIDTH="295" HEIGHT="52" STYLEREFS="StyleId-1" CONTENT="demonstrate" WC="0.6181818" CC="071006005084" />
            <SP ID="P22_SP00247" WIDTH="0" HPOS="0" VPOS="0" />
            <String ID="P22_S00278" HPOS="1162" VPOS="2225" WIDTH="116" HEIGHT="58" STYLEREFS="StyleId-1" CONTENT="their" WC="0.754" CC="00722" />
            <SP ID="P22_SP00248" WIDTH="0" HPOS="0" VPOS="0" />
            <String ID="P22_S00279" HPOS="1319" VPOS="2224" WIDTH="156" HEIGHT="59" STYLEREFS="StyleId-1" CONTENT="fitness" WC="0.702857137" CC="0088003" />
            <SP ID="P22_SP00249" WIDTH="0" HPOS="0" VPOS="0" />
            <String ID="P22_S00280" HPOS="1490" VPOS="2228" WIDTH="45" HEIGHT="55" STYLEREFS="StyleId-1" CONTENT="to" WC="1" CC="00" />
            <SP ID="P22_SP00250" WIDTH="0" HPOS="0" VPOS="0" />
            <String ID="P22_S00281" HPOS="1566" VPOS="2231" WIDTH="151" HEIGHT="52" STYLEREFS="StyleId-1" CONTENT="secure" WC="0.716666639" CC="011346" />
          </TextLine>
          <TextLine ID="P22_TL00032" HPOS="197" VPOS="2306" WIDTH="1521" HEIGHT="25">
            <String ID="P22_S00282" HPOS="197" VPOS="2308" WIDTH="76" HEIGHT="38" STYLEREFS="StyleId-1" CONTENT="the" WC="0.7" CC="071" />
            <SP ID="P22_SP00251" WIDTH="0" HPOS="0" VPOS="0" />
            <String ID="P22_S00283" HPOS="293" VPOS="2303" WIDTH="195" HEIGHT="45" STYLEREFS="StyleId-1" CONTENT="training" WC="0.47125" CC="0010364710" />
            <SP ID="P22_SP00252" WIDTH="0" HPOS="0" VPOS="0" />
            <String ID="P22_S00284" HPOS="501" VPOS="2313" WIDTH="49" HEIGHT="35" STYLEREFS="StyleId-1" CONTENT="so" WC="0.665" CC="06" />
            <SP ID="P22_SP00253" WIDTH="0" HPOS="0" VPOS="0" />
            <String ID="P22_S00285" HPOS="569" VPOS="2298" WIDTH="204" HEIGHT="50" STYLEREFS="StyleId-1" CONTENT="essential" WC="0.7588889" CC="004070306" />
            <SP ID="P22_SP00254" WIDTH="0" HPOS="0" VPOS="0" />
            <String ID="P22_S00286" HPOS="790" VPOS="2296" WIDTH="67" HEIGHT="52" STYLEREFS="StyleId-1" CONTENT="for" WC="0.6666667" CC="540" />
            <SP ID="P22_SP00255" WIDTH="0" HPOS="0" VPOS="0" />
            <String ID="P22_S00287" HPOS="878" VPOS="2296" WIDTH="76" HEIGHT="52" STYLEREFS="StyleId-1" CONTENT="the" WC="0.8833333" CC="030" />
            <SP ID="P22_SP00256" WIDTH="0" HPOS="0" VPOS="0" />
            <String ID="P22_S00288" HPOS="987" VPOS="2293" WIDTH="312" HEIGHT="55" STYLEREFS="StyleId-1" CONTENT="development" WC="0.442727268" CC="421060389187" />
            <SP ID="P22_SP00257" WIDTH="0" HPOS="0" VPOS="0" />
            <String ID="P22_S00289" HPOS="1316" VPOS="2289" WIDTH="48" HEIGHT="59" STYLEREFS="StyleId-1" CONTENT="of" WC="0.535" CC="44" />
            <SP ID="P22_SP00258" WIDTH="0" HPOS="0" VPOS="0" />
            <String ID="P22_S00290" HPOS="1384" VPOS="2288" WIDTH="115" HEIGHT="60" STYLEREFS="StyleId-1" CONTENT="their" WC="0.844" CC="07000" />
            <SP ID="P22_SP00259" WIDTH="0" HPOS="0" VPOS="0" />
            <String ID="P22_S00291" HPOS="1539" VPOS="2286" WIDTH="179" HEIGHT="62" STYLEREFS="StyleId-1" CONTENT="highest" WC="0.61" CC="60107003" />
          </TextLine>
          <TextLine ID="P22_TL00033" HPOS="201" VPOS="2372" WIDTH="1518" HEIGHT="19">
            <String ID="P22_S00292" HPOS="202" VPOS="2369" WIDTH="188" HEIGHT="51" STYLEREFS="StyleId-1" CONTENT="possible" WC="0.71375" CC="001000435" />
            <SP ID="P22_SP00260" WIDTH="0" HPOS="0" VPOS="0" />
            <String ID="P22_S00293" HPOS="412" VPOS="2366" WIDTH="283" HEIGHT="54" STYLEREFS="StyleId-1" CONTENT="attainments" WC="0.6554545" CC="000046077210" />
            <SP ID="P22_SP00261" WIDTH="0" HPOS="0" VPOS="0" />
            <String ID="P22_S00294" HPOS="726" VPOS="2362" WIDTH="46" HEIGHT="58" STYLEREFS="StyleId-1" CONTENT="in" WC="0.465" CC="37" />
            <SP ID="P22_SP00262" WIDTH="0" HPOS="0" VPOS="0" />
            <String ID="P22_S00295" HPOS="793" VPOS="2374" WIDTH="26" HEIGHT="46" STYLEREFS="StyleId-1" CONTENT="a" WC="0.37" CC="6" />
            <SP ID="P22_SP00263" WIDTH="0" HPOS="0" VPOS="0" />
            <String ID="P22_S00296" HPOS="851" VPOS="2358" WIDTH="244" HEIGHT="62" STYLEREFS="StyleId-1" CONTENT="profession" WC="0.677" CC="10005440106" />
            <SP ID="P22_SP00264" WIDTH="0" HPOS="0" VPOS="0" />
            <String ID="P22_S00297" HPOS="1130" VPOS="2357" WIDTH="145" HEIGHT="63" STYLEREFS="StyleId-1" CONTENT="which" WC="0.48" CC="59730" />
            <SP ID="P22_SP00265" WIDTH="0" HPOS="0" VPOS="0" />
            <String ID="P22_S00298" HPOS="1306" VPOS="2354" WIDTH="162" HEIGHT="66" STYLEREFS="StyleId-1" CONTENT="should" WC="0.72" CC="130056" />
            <SP ID="P22_SP00266" WIDTH="0" HPOS="0" VPOS="0" />
            <String ID="P22_S00299" HPOS="1499" VPOS="2366" WIDTH="57" HEIGHT="54" STYLEREFS="StyleId-1" CONTENT="no" WC="0.85" CC="30" />
            <SP ID="P22_SP00267" WIDTH="0" HPOS="0" VPOS="0" />
            <String ID="P22_S00300" HPOS="1596" VPOS="2362" WIDTH="123" HEIGHT="58" STYLEREFS="StyleId-1" CONTENT="more" WC="0.75" CC="6012" />
          </TextLine>
          <TextLine ID="P22_TL00034" HPOS="199" VPOS="2435" WIDTH="1516" HEIGHT="20">
            <String ID="P22_S00301" HPOS="199" VPOS="2434" WIDTH="226" HEIGHT="48" STYLEREFS="StyleId-1" CONTENT="recognize" WC="0.5988889" CC="2331107340" />
            <SP ID="P22_SP00268" WIDTH="0" HPOS="0" VPOS="0" />
            <String ID="P22_S00302" HPOS="445" VPOS="2444" WIDTH="79" HEIGHT="38" STYLEREFS="StyleId-1" CONTENT="sex" WC="0.913333356" CC="200" />
            <SP ID="P22_SP00269" WIDTH="0" HPOS="0" VPOS="0" />
            <String ID="P22_S00303" HPOS="543" VPOS="2427" WIDTH="253" HEIGHT="55" STYLEREFS="StyleId-1" CONTENT="differences" WC="0.614545465" CC="84005116462" />
            <SP ID="P22_SP00270" WIDTH="0" HPOS="0" VPOS="0" />
            <String ID="P22_S00304" HPOS="816" VPOS="2427" WIDTH="108" HEIGHT="55" STYLEREFS="StyleId-1" CONTENT="than" WC="0.7025" CC="0047" />
            <SP ID="P22_SP00271" WIDTH="0" HPOS="0" VPOS="0" />
            <String ID="P22_S00305" HPOS="946" VPOS="2425" WIDTH="75" HEIGHT="57" STYLEREFS="StyleId-1" CONTENT="the" WC="0.453333348" CC="6100" />
            <SP ID="P22_SP00272" WIDTH="0" HPOS="0" VPOS="0" />
            <String ID="P22_S00306" HPOS="1042" VPOS="2422" WIDTH="190" HEIGHT="60" STYLEREFS="StyleId-1" CONTENT="diseases" WC="0.75" CC="32070006" />
            <SP ID="P22_SP00273" WIDTH="0" HPOS="0" VPOS="0" />
            <String ID="P22_S00307" HPOS="1248" VPOS="2421" WIDTH="35" HEIGHT="61" STYLEREFS="StyleId-1" CONTENT="it" WC="0.8" CC="40" />
            <SP ID="P22_SP00274" WIDTH="0" HPOS="0" VPOS="0" />
            <String ID="P22_S00308" HPOS="1305" VPOS="2421" WIDTH="110" HEIGHT="61" STYLEREFS="StyleId-1" CONTENT="aims" WC="0.7975" CC="0250" />
            <SP ID="P22_SP00275" WIDTH="0" HPOS="0" VPOS="0" />
            <String ID="P22_S00309" HPOS="1429" VPOS="2426" WIDTH="46" HEIGHT="56" STYLEREFS="StyleId-1" CONTENT="to" WC="0.55" CC="90" />
            <SP ID="P22_SP00276" WIDTH="0" HPOS="0" VPOS="0" />
            <String ID="P22_S00310" HPOS="1488" VPOS="2415" WIDTH="227" HEIGHT="67" STYLEREFS="StyleId-1" CONTENT="combat.&quot;" WC="0.695" CC="01105734" />
          </TextLine>
          <TextLine ID="P22_TL00035" HPOS="287" VPOS="2499" WIDTH="1437" HEIGHT="28">
            <String ID="P22_S00311" HPOS="287" VPOS="2499" WIDTH="96" HEIGHT="40" STYLEREFS="StyleId-2" CONTENT="The" WC="0.543333352" CC="076" />
            <SP ID="P22_SP00277" WIDTH="0" HPOS="0" VPOS="0" />
            <String ID="P22_S00312" HPOS="403" VPOS="2502" WIDTH="112" HEIGHT="37" STYLEREFS="StyleId-2" CONTENT="most" WC="0.485" CC="55100" />
            <SP ID="P22_SP00278" WIDTH="0" HPOS="0" VPOS="0" />
            <String ID="P22_S00313" HPOS="540" VPOS="2499" WIDTH="148" HEIGHT="40" STYLEREFS="StyleId-2" CONTENT="recent" WC="0.92" CC="300100" />
            <SP ID="P22_SP00279" WIDTH="0" HPOS="0" VPOS="0" />
            <String ID="P22_S00314" HPOS="726" VPOS="2495" WIDTH="185" HEIGHT="44" STYLEREFS="StyleId-2" CONTENT="account" WC="0.82" CC="01000200" />
            <SP ID="P22_SP00280" WIDTH="0" HPOS="0" VPOS="0" />
            <String ID="P22_S00315" HPOS="931" VPOS="2490" WIDTH="46" HEIGHT="49" STYLEREFS="StyleId-2" CONTENT="of" WC="0.87" CC="02" />
            <SP ID="P22_SP00281" WIDTH="0" HPOS="0" VPOS="0" />
            <String ID="P22_S00316" HPOS="997" VPOS="2490" WIDTH="76" HEIGHT="49" STYLEREFS="StyleId-2" CONTENT="the" WC="0.8" CC="060" />
            <SP ID="P22_SP00282" WIDTH="0" HPOS="0" VPOS="0" />
            <String ID="P22_S00317" HPOS="1092" VPOS="2486" WIDTH="274" HEIGHT="53" STYLEREFS="StyleId-2" CONTENT="world-wide" WC="0.459" CC="10036748660" />
            <SP ID="P22_SP00283" WIDTH="0" HPOS="0" VPOS="0" />
            <String ID="P22_S00318" HPOS="1399" VPOS="2482" WIDTH="325" HEIGHT="57" STYLEREFS="StyleId-2" CONTENT="opportunities" WC="0.68923074" CC="5006806550300" />
          </TextLine>
        </TextBlock>
      </PrintSpace>
    </Page>
  </Layout>
</alto>