<?xml version="1.0" encoding="utf-8"?>
<alto xmlns:xlink="http://www.w3.org/1999/xlink" xmlns:xsi="http://www.w3.org/2001/XMLSchema-instance" xsi:schemaLocation="http://www.loc.gov/standards/alto/ns-v2# http://www.loc.gov/standards/alto/alto-v2.0.xsd" xmlns="http://www.loc.gov/standards/alto/ns-v2#">
  <Description>
    <MeasurementUnit>pixel</MeasurementUnit>
    <sourceImageInformation>
      <fileName>0000016.tif</fileName>
    </sourceImageInformation>
    <OCRProcessing ID="Processing">
      <ocrProcessingStep>
        <processingStepSettings>Image Resolution:400</processingStepSettings>
        <processingSoftware>
          <softwareCreator>I2S Kirtas</softwareCreator>
          <softwareName>Limb</softwareName>
          <softwareVersion>1.0</softwareVersion>
          <applicationDescription>Abbyy10 OCR Engine</applicationDescription>
        </processingSoftware>
      </ocrProcessingStep>
    </OCRProcessing>
  </Description>
  <Styles>
    <TextStyle ID="StyleId-0" FONTSIZE="8" FONTFAMILY="Times New Roman" />
    <TextStyle ID="StyleId-1" FONTSIZE="9" FONTFAMILY="Times New Roman" />
  </Styles>
  <Layout>
    <Page ID="P16" PHYSICAL_IMG_NR="16" HEIGHT="2811" WIDTH="1917" ACCURACY="0.8457304" QUALITY_DETAIL="321 words, 1643 chars, 1426 with recognition greater than 50% (86.79%)">
      <TopMargin ID="P16_TM00001" HPOS="0" VPOS="0" WIDTH="1917" HEIGHT="258" />
      <LeftMargin ID="P16_LM00001" HPOS="0" VPOS="258" WIDTH="182" HEIGHT="2283" />
      <RightMargin ID="P16_RM00001" HPOS="1716" VPOS="258" WIDTH="201" HEIGHT="2283" />
      <BottomMargin ID="P16_BM00001" HPOS="0" VPOS="2541" WIDTH="1917" HEIGHT="270" />
      <PrintSpace ID="P16_PS00001" HPOS="182" VPOS="258" WIDTH="1534" HEIGHT="2283">
        <TextBlock ID="P16_TB00001" HPOS="194" VPOS="263" WIDTH="59" HEIGHT="50">
          <TextLine ID="P16_TL00001" HPOS="202" VPOS="271" WIDTH="43" HEIGHT="34">
            <String ID="P16_S00001" HPOS="202" VPOS="271" WIDTH="43" HEIGHT="34" STYLEREFS="StyleId-0" CONTENT="14" WC="0.43" CC="64" />
          </TextLine>
        </TextBlock>
        <TextBlock ID="P16_TB00002" HPOS="697" VPOS="261" WIDTH="571" HEIGHT="58">
          <TextLine ID="P16_TL00002" HPOS="705" VPOS="269" WIDTH="555" HEIGHT="42">
            <String ID="P16_S00002" HPOS="705" VPOS="272" WIDTH="202" HEIGHT="37" STYLEREFS="StyleId-0" CONTENT="WOMAN" WC="0.904" CC="21000" />
            <SP ID="P16_SP00001" WIDTH="0" HPOS="0" VPOS="0" />
            <String ID="P16_S00003" HPOS="926" VPOS="272" WIDTH="56" HEIGHT="37" STYLEREFS="StyleId-0" CONTENT="IN" WC="1" CC="00" />
            <SP ID="P16_SP00002" WIDTH="0" HPOS="0" VPOS="0" />
            <String ID="P16_S00004" HPOS="1001" VPOS="271" WIDTH="259" HEIGHT="38" STYLEREFS="StyleId-0" CONTENT="MEDICINE" WC="0.91" CC="04110000" />
          </TextLine>
        </TextBlock>
        <TextBlock ID="P16_TB00003" HPOS="182" VPOS="370" WIDTH="1534" HEIGHT="2171">
          <TextLine ID="P16_TL00003" HPOS="262" VPOS="378" WIDTH="1457" HEIGHT="64">
            <String ID="P16_S00005" HPOS="262" VPOS="378" WIDTH="334" HEIGHT="57" STYLEREFS="StyleId-1" CONTENT="&quot;immediately" WC="0.865" CC="702003000020" />
            <SP ID="P16_SP00003" WIDTH="0" HPOS="0" VPOS="0" />
            <String ID="P16_S00006" HPOS="617" VPOS="388" WIDTH="110" HEIGHT="47" STYLEREFS="StyleId-1" CONTENT="after" WC="0.85" CC="03201" />
            <SP ID="P16_SP00004" WIDTH="0" HPOS="0" VPOS="0" />
            <String ID="P16_S00007" HPOS="744" VPOS="390" WIDTH="75" HEIGHT="45" STYLEREFS="StyleId-1" CONTENT="Dr." WC="0.37" CC="747" />
            <SP ID="P16_SP00005" WIDTH="0" HPOS="0" VPOS="0" />
            <String ID="P16_S00008" HPOS="839" VPOS="389" WIDTH="275" HEIGHT="46" STYLEREFS="StyleId-1" CONTENT="Blackwell's" WC="0.902727246" CC="60000000040" />
            <SP ID="P16_SP00006" WIDTH="0" HPOS="0" VPOS="0" />
            <String ID="P16_S00009" HPOS="1128" VPOS="387" WIDTH="262" HEIGHT="49" STYLEREFS="StyleId-1" CONTENT="graduation" WC="0.75" CC="7000470005" />
            <SP ID="P16_SP00007" WIDTH="0" HPOS="0" VPOS="0" />
            <String ID="P16_S00010" HPOS="1406" VPOS="400" WIDTH="24" HEIGHT="36" STYLEREFS="StyleId-1" CONTENT="a" WC="0.45" CC="5" />
            <SP ID="P16_SP00008" WIDTH="0" HPOS="0" VPOS="0" />
            <String ID="P16_S00011" HPOS="1447" VPOS="385" WIDTH="83" HEIGHT="51" STYLEREFS="StyleId-1" CONTENT="few" WC="0.836666644" CC="400" />
            <SP ID="P16_SP00009" WIDTH="0" HPOS="0" VPOS="0" />
            <String ID="P16_S00012" HPOS="1550" VPOS="398" WIDTH="169" HEIGHT="38" STYLEREFS="StyleId-1" CONTENT="women" WC="0.816" CC="00503" />
          </TextLine>
          <TextLine ID="P16_TL00004" HPOS="201" VPOS="444" WIDTH="1518" HEIGHT="60">
            <String ID="P16_S00013" HPOS="201" VPOS="464" WIDTH="111" HEIGHT="28" STYLEREFS="StyleId-1" CONTENT="were" WC="0.605" CC="9230" />
            <SP ID="P16_SP00010" WIDTH="0" HPOS="0" VPOS="0" />
            <String ID="P16_S00014" HPOS="346" VPOS="453" WIDTH="209" HEIGHT="39" STYLEREFS="StyleId-1" CONTENT="admitted" WC="0.78625" CC="80430000" />
            <SP ID="P16_SP00011" WIDTH="0" HPOS="0" VPOS="0" />
            <String ID="P16_S00015" HPOS="577" VPOS="453" WIDTH="93" HEIGHT="40" STYLEREFS="StyleId-1" CONTENT="into" WC="0.91" CC="0300" />
            <SP ID="P16_SP00012" WIDTH="0" HPOS="0" VPOS="0" />
            <String ID="P16_S00016" HPOS="710" VPOS="454" WIDTH="123" HEIGHT="39" STYLEREFS="StyleId-1" CONTENT="other" WC="0.89" CC="00400" />
            <SP ID="P16_SP00013" WIDTH="0" HPOS="0" VPOS="0" />
            <String ID="P16_S00017" HPOS="872" VPOS="454" WIDTH="182" HEIGHT="40" STYLEREFS="StyleId-1" CONTENT="medical" WC="0.922857165" CC="0000050" />
            <SP ID="P16_SP00014" WIDTH="0" HPOS="0" VPOS="0" />
            <String ID="P16_S00018" HPOS="1093" VPOS="454" WIDTH="205" HEIGHT="47" STYLEREFS="StyleId-1" CONTENT="colleges." WC="0.822222233" CC="0023010000" />
            <SP ID="P16_SP00015" WIDTH="0" HPOS="0" VPOS="0" />
            <String ID="P16_S00019" HPOS="1360" VPOS="455" WIDTH="101" HEIGHT="46" STYLEREFS="StyleId-1" CONTENT="But," WC="0.795" CC="6001" />
            <SP ID="P16_SP00016" WIDTH="0" HPOS="0" VPOS="0" />
            <String ID="P16_S00020" HPOS="1502" VPOS="466" WIDTH="48" HEIGHT="35" STYLEREFS="StyleId-1" CONTENT="so" WC="1" CC="00" />
            <SP ID="P16_SP00017" WIDTH="0" HPOS="0" VPOS="0" />
            <String ID="P16_S00021" HPOS="1586" VPOS="453" WIDTH="133" HEIGHT="48" STYLEREFS="StyleId-1" CONTENT="much" WC="0.405" CC="8905" />
          </TextLine>
          <TextLine ID="P16_TL00005" HPOS="200" VPOS="509" WIDTH="1517" HEIGHT="64">
            <String ID="P16_S00022" HPOS="200" VPOS="518" WIDTH="247" HEIGHT="47" STYLEREFS="StyleId-1" CONTENT="opposition" WC="0.761" CC="0250400505" />
            <SP ID="P16_SP00018" WIDTH="0" HPOS="0" VPOS="0" />
            <String ID="P16_S00023" HPOS="487" VPOS="531" WIDTH="87" HEIGHT="34" STYLEREFS="StyleId-1" CONTENT="was" WC="0.403333336" CC="980" />
            <SP ID="P16_SP00019" WIDTH="0" HPOS="0" VPOS="0" />
            <String ID="P16_S00024" HPOS="614" VPOS="519" WIDTH="190" HEIGHT="47" STYLEREFS="StyleId-1" CONTENT="brought" WC="0.65" CC="0009608" />
            <SP ID="P16_SP00020" WIDTH="0" HPOS="0" VPOS="0" />
            <String ID="P16_S00025" HPOS="839" VPOS="526" WIDTH="43" HEIGHT="40" STYLEREFS="StyleId-1" CONTENT="to" WC="1" CC="00" />
            <SP ID="P16_SP00021" WIDTH="0" HPOS="0" VPOS="0" />
            <String ID="P16_S00026" HPOS="924" VPOS="520" WIDTH="99" HEIGHT="46" STYLEREFS="StyleId-1" CONTENT="bear" WC="0.88" CC="0004" />
            <SP ID="P16_SP00022" WIDTH="0" HPOS="0" VPOS="0" />
            <String ID="P16_S00027" HPOS="1055" VPOS="520" WIDTH="58" HEIGHT="47" STYLEREFS="StyleId-1" CONTENT="by" WC="1" CC="00" />
            <SP ID="P16_SP00023" WIDTH="0" HPOS="0" VPOS="0" />
            <String ID="P16_S00028" HPOS="1154" VPOS="521" WIDTH="74" HEIGHT="46" STYLEREFS="StyleId-1" CONTENT="the" WC="0.803333342" CC="050" />
            <SP ID="P16_SP00024" WIDTH="0" HPOS="0" VPOS="0" />
            <String ID="P16_S00029" HPOS="1272" VPOS="519" WIDTH="185" HEIGHT="48" STYLEREFS="StyleId-1" CONTENT="medical" WC="0.917142868" CC="0004001" />
            <SP ID="P16_SP00025" WIDTH="0" HPOS="0" VPOS="0" />
            <String ID="P16_S00030" HPOS="1517" VPOS="518" WIDTH="200" HEIGHT="49" STYLEREFS="StyleId-1" CONTENT="societies" WC="0.834444463" CC="000205402" />
          </TextLine>
          <TextLine ID="P16_TL00006" HPOS="200" VPOS="576" WIDTH="1518" HEIGHT="62">
            <String ID="P16_S00031" HPOS="200" VPOS="583" WIDTH="170" HEIGHT="46" STYLEREFS="StyleId-1" CONTENT="against" WC="0.535714269" CC="71092300" />
            <SP ID="P16_SP00026" WIDTH="0" HPOS="0" VPOS="0" />
            <String ID="P16_S00032" HPOS="389" VPOS="585" WIDTH="75" HEIGHT="44" STYLEREFS="StyleId-1" CONTENT="the" WC="0.75666666" CC="070" />
            <SP ID="P16_SP00027" WIDTH="0" HPOS="0" VPOS="0" />
            <String ID="P16_S00033" HPOS="484" VPOS="584" WIDTH="187" HEIGHT="48" STYLEREFS="StyleId-1" CONTENT="colleges" WC="0.83125" CC="00600700" />
            <SP ID="P16_SP00028" WIDTH="0" HPOS="0" VPOS="0" />
            <String ID="P16_S00034" HPOS="692" VPOS="585" WIDTH="234" HEIGHT="47" STYLEREFS="StyleId-1" CONTENT="admitting" WC="0.873333335" CC="000400070" />
            <SP ID="P16_SP00029" WIDTH="0" HPOS="0" VPOS="0" />
            <String ID="P16_S00035" HPOS="945" VPOS="598" WIDTH="186" HEIGHT="34" STYLEREFS="StyleId-1" CONTENT="woman," WC="0.75" CC="900050" />
            <SP ID="P16_SP00030" WIDTH="0" HPOS="0" VPOS="0" />
            <String ID="P16_S00036" HPOS="1157" VPOS="585" WIDTH="96" HEIGHT="47" STYLEREFS="StyleId-1" CONTENT="that" WC="1" CC="0000" />
            <SP ID="P16_SP00031" WIDTH="0" HPOS="0" VPOS="0" />
            <String ID="P16_S00037" HPOS="1272" VPOS="586" WIDTH="78" HEIGHT="46" STYLEREFS="StyleId-1" CONTENT="the" WC="0.766666651" CC="007" />
            <SP ID="P16_SP00032" WIDTH="0" HPOS="0" VPOS="0" />
            <String ID="P16_S00038" HPOS="1369" VPOS="585" WIDTH="129" HEIGHT="47" STYLEREFS="StyleId-1" CONTENT="doors" WC="0.892" CC="00050" />
            <SP ID="P16_SP00033" WIDTH="0" HPOS="0" VPOS="0" />
            <String ID="P16_S00039" HPOS="1520" VPOS="584" WIDTH="47" HEIGHT="48" STYLEREFS="StyleId-1" CONTENT="of" WC="0.8" CC="04" />
            <SP ID="P16_SP00034" WIDTH="0" HPOS="0" VPOS="0" />
            <String ID="P16_S00040" HPOS="1595" VPOS="585" WIDTH="123" HEIGHT="47" STYLEREFS="StyleId-1" CONTENT="these" WC="0.95" CC="20000" />
          </TextLine>
          <TextLine ID="P16_TL00007" HPOS="199" VPOS="641" WIDTH="1518" HEIGHT="62">
            <String ID="P16_S00041" HPOS="199" VPOS="648" WIDTH="232" HEIGHT="46" STYLEREFS="StyleId-1" CONTENT="particular" WC="0.869" CC="0000503202" />
            <SP ID="P16_SP00035" WIDTH="0" HPOS="0" VPOS="0" />
            <String ID="P16_S00042" HPOS="453" VPOS="650" WIDTH="185" HEIGHT="45" STYLEREFS="StyleId-1" CONTENT="colleges" WC="0.95125" CC="00120000" />
            <SP ID="P16_SP00036" WIDTH="0" HPOS="0" VPOS="0" />
            <String ID="P16_S00043" HPOS="658" VPOS="663" WIDTH="112" HEIGHT="32" STYLEREFS="StyleId-1" CONTENT="were" WC="1" CC="0000" />
            <SP ID="P16_SP00037" WIDTH="0" HPOS="0" VPOS="0" />
            <String ID="P16_S00044" HPOS="790" VPOS="662" WIDTH="106" HEIGHT="33" STYLEREFS="StyleId-1" CONTENT="soon" WC="0.9475" CC="0011" />
            <SP ID="P16_SP00038" WIDTH="0" HPOS="0" VPOS="0" />
            <String ID="P16_S00045" HPOS="917" VPOS="651" WIDTH="145" HEIGHT="44" STYLEREFS="StyleId-1" CONTENT="closed" WC="0.81" CC="040600" />
            <SP ID="P16_SP00039" WIDTH="0" HPOS="0" VPOS="0" />
            <String ID="P16_S00046" HPOS="1104" VPOS="651" WIDTH="85" HEIGHT="44" STYLEREFS="StyleId-1" CONTENT="and" WC="0.73" CC="340" />
            <SP ID="P16_SP00040" WIDTH="0" HPOS="0" VPOS="0" />
            <String ID="P16_S00047" HPOS="1230" VPOS="651" WIDTH="123" HEIGHT="44" STYLEREFS="StyleId-1" CONTENT="these" WC="0.886" CC="05000" />
            <SP ID="P16_SP00041" WIDTH="0" HPOS="0" VPOS="0" />
            <String ID="P16_S00048" HPOS="1393" VPOS="650" WIDTH="324" HEIGHT="48" STYLEREFS="StyleId-1" CONTENT="opportunities" WC="0.8" CC="0801003500303" />
          </TextLine>
          <TextLine ID="P16_TL00008" HPOS="199" VPOS="707" WIDTH="1514" HEIGHT="54">
            <String ID="P16_S00049" HPOS="198" VPOS="725" WIDTH="112" HEIGHT="27" STYLEREFS="StyleId-1" CONTENT="were" WC="0.905" CC="0030" />
            <SP ID="P16_SP00042" WIDTH="0" HPOS="0" VPOS="0" />
            <String ID="P16_S00050" HPOS="329" VPOS="720" WIDTH="74" HEIGHT="33" STYLEREFS="StyleId-1" CONTENT="cut" WC="1" CC="000" />
            <SP ID="P16_SP00043" WIDTH="0" HPOS="0" VPOS="0" />
            <String ID="P16_S00051" HPOS="432" VPOS="714" WIDTH="74" HEIGHT="39" STYLEREFS="StyleId-1" CONTENT="off." WC="0.57" CC="6370" />
            <SP ID="P16_SP00044" WIDTH="0" HPOS="0" VPOS="0" />
            <String ID="P16_S00052" HPOS="568" VPOS="713" WIDTH="94" HEIGHT="40" STYLEREFS="StyleId-1" CONTENT="The" WC="0.5366667" CC="760" />
            <SP ID="P16_SP00045" WIDTH="0" HPOS="0" VPOS="0" />
            <String ID="P16_S00053" HPOS="683" VPOS="716" WIDTH="227" HEIGHT="38" STYLEREFS="StyleId-1" CONTENT="exclusion" WC="0.8833333" CC="020060000" />
            <SP ID="P16_SP00046" WIDTH="0" HPOS="0" VPOS="0" />
            <String ID="P16_S00054" HPOS="932" VPOS="716" WIDTH="46" HEIGHT="39" STYLEREFS="StyleId-1" CONTENT="of" WC="0.62" CC="34" />
            <SP ID="P16_SP00047" WIDTH="0" HPOS="0" VPOS="0" />
            <String ID="P16_S00055" HPOS="999" VPOS="728" WIDTH="169" HEIGHT="27" STYLEREFS="StyleId-1" CONTENT="women" WC="0.896" CC="00005" />
            <SP ID="P16_SP00048" WIDTH="0" HPOS="0" VPOS="0" />
            <String ID="P16_S00056" HPOS="1193" VPOS="716" WIDTH="111" HEIGHT="39" STYLEREFS="StyleId-1" CONTENT="from" WC="0.9525" CC="0100" />
            <SP ID="P16_SP00049" WIDTH="0" HPOS="0" VPOS="0" />
            <String ID="P16_S00057" HPOS="1327" VPOS="716" WIDTH="57" HEIGHT="39" STYLEREFS="StyleId-1" CONTENT="all" WC="0.76" CC="402" />
            <SP ID="P16_SP00050" WIDTH="0" HPOS="0" VPOS="0" />
            <String ID="P16_S00058" HPOS="1419" VPOS="716" WIDTH="185" HEIGHT="39" STYLEREFS="StyleId-1" CONTENT="medical" WC="0.8657143" CC="0000071" />
            <SP ID="P16_SP00051" WIDTH="0" HPOS="0" VPOS="0" />
            <String ID="P16_S00059" HPOS="1650" VPOS="716" WIDTH="63" HEIGHT="39" STYLEREFS="StyleId-1" CONTENT="in¬" WC="0.87" CC="300" />
          </TextLine>
          <TextLine ID="P16_TL00009" HPOS="196" VPOS="774" WIDTH="1513" HEIGHT="60">
            <String ID="P16_S00060" HPOS="196" VPOS="779" WIDTH="226" HEIGHT="39" STYLEREFS="StyleId-1" CONTENT="stitutions" WC="0.726" CC="7240506002" />
            <SP ID="P16_SP00052" WIDTH="0" HPOS="0" VPOS="0" />
            <String ID="P16_S00061" HPOS="443" VPOS="779" WIDTH="44" HEIGHT="39" STYLEREFS="StyleId-1" CONTENT="in" WC="0.665" CC="60" />
            <SP ID="P16_SP00053" WIDTH="0" HPOS="0" VPOS="0" />
            <String ID="P16_S00062" HPOS="518" VPOS="781" WIDTH="74" HEIGHT="38" STYLEREFS="StyleId-1" CONTENT="the" WC="1" CC="000" />
            <SP ID="P16_SP00054" WIDTH="0" HPOS="0" VPOS="0" />
            <String ID="P16_S00063" HPOS="620" VPOS="787" WIDTH="187" HEIGHT="42" STYLEREFS="StyleId-1" CONTENT="country" WC="0.7814286" CC="00050010" />
            <SP ID="P16_SP00055" WIDTH="0" HPOS="0" VPOS="0" />
            <String ID="P16_S00064" HPOS="847" VPOS="794" WIDTH="99" HEIGHT="35" STYLEREFS="StyleId-1" CONTENT="now" WC="0.99333334" CC="000" />
            <SP ID="P16_SP00056" WIDTH="0" HPOS="0" VPOS="0" />
            <String ID="P16_S00065" HPOS="993" VPOS="782" WIDTH="174" HEIGHT="47" STYLEREFS="StyleId-1" CONTENT="became" WC="0.876666665" CC="011031" />
            <SP ID="P16_SP00057" WIDTH="0" HPOS="0" VPOS="0" />
            <String ID="P16_S00066" HPOS="1217" VPOS="782" WIDTH="75" HEIGHT="47" STYLEREFS="StyleId-1" CONTENT="the" WC="1" CC="000" />
            <SP ID="P16_SP00058" WIDTH="0" HPOS="0" VPOS="0" />
            <String ID="P16_S00067" HPOS="1332" VPOS="782" WIDTH="155" HEIGHT="47" STYLEREFS="StyleId-1" CONTENT="settled" WC="0.9742857" CC="0001000" />
            <SP ID="P16_SP00059" WIDTH="0" HPOS="0" VPOS="0" />
            <String ID="P16_S00068" HPOS="1537" VPOS="782" WIDTH="172" HEIGHT="48" STYLEREFS="StyleId-1" CONTENT="policy;" WC="0.8414286" CC="0306001" />
          </TextLine>
          <TextLine ID="P16_TL00010" HPOS="196" VPOS="840" WIDTH="1512" HEIGHT="59">
            <String ID="P16_S00069" HPOS="196" VPOS="844" WIDTH="137" HEIGHT="38" STYLEREFS="StyleId-1" CONTENT="hence" WC="0.798" CC="40500" />
            <SP ID="P16_SP00060" WIDTH="0" HPOS="0" VPOS="0" />
            <String ID="P16_S00070" HPOS="353" VPOS="845" WIDTH="74" HEIGHT="38" STYLEREFS="StyleId-1" CONTENT="the" WC="1" CC="000" />
            <SP ID="P16_SP00061" WIDTH="0" HPOS="0" VPOS="0" />
            <String ID="P16_S00071" HPOS="448" VPOS="845" WIDTH="216" HEIGHT="47" STYLEREFS="StyleId-1" CONTENT="necessity" WC="0.9344444" CC="000023000" />
            <SP ID="P16_SP00062" WIDTH="0" HPOS="0" VPOS="0" />
            <String ID="P16_S00072" HPOS="677" VPOS="846" WIDTH="45" HEIGHT="46" STYLEREFS="StyleId-1" CONTENT="of" WC="0.905" CC="01" />
            <SP ID="P16_SP00063" WIDTH="0" HPOS="0" VPOS="0" />
            <String ID="P16_S00073" HPOS="743" VPOS="846" WIDTH="192" HEIGHT="48" STYLEREFS="StyleId-1" CONTENT="opening" WC="0.8057143" CC="00000310" />
            <SP ID="P16_SP00064" WIDTH="0" HPOS="0" VPOS="0" />
            <String ID="P16_S00074" HPOS="957" VPOS="859" WIDTH="57" HEIGHT="35" STYLEREFS="StyleId-1" CONTENT="up" WC="0.61" CC="07" />
            <SP ID="P16_SP00065" WIDTH="0" HPOS="0" VPOS="0" />
            <String ID="P16_S00075" HPOS="1032" VPOS="847" WIDTH="184" HEIGHT="47" STYLEREFS="StyleId-1" CONTENT="medical" WC="0.86" CC="0005040" />
            <SP ID="P16_SP00066" WIDTH="0" HPOS="0" VPOS="0" />
            <String ID="P16_S00076" HPOS="1237" VPOS="847" WIDTH="176" HEIGHT="47" STYLEREFS="StyleId-1" CONTENT="schools" WC="0.941428542" CC="0000004" />
            <SP ID="P16_SP00067" WIDTH="0" HPOS="0" VPOS="0" />
            <String ID="P16_S00077" HPOS="1434" VPOS="848" WIDTH="68" HEIGHT="46" STYLEREFS="StyleId-1" CONTENT="for" WC="0.8066667" CC="104" />
            <SP ID="P16_SP00068" WIDTH="0" HPOS="0" VPOS="0" />
            <String ID="P16_S00078" HPOS="1523" VPOS="860" WIDTH="186" HEIGHT="34" STYLEREFS="StyleId-1" CONTENT="women." WC="0.841666639" CC="000054" />
          </TextLine>
          <TextLine ID="P16_TL00011" HPOS="196" VPOS="907" WIDTH="1516" HEIGHT="56">
            <String ID="P16_S00079" HPOS="196" VPOS="908" WIDTH="51" HEIGHT="39" STYLEREFS="StyleId-1" CONTENT="In" WC="0.34" CC="67" />
            <SP ID="P16_SP00069" WIDTH="0" HPOS="0" VPOS="0" />
            <String ID="P16_S00080" HPOS="268" VPOS="910" WIDTH="88" HEIGHT="39" STYLEREFS="StyleId-1" CONTENT="this" WC="0.8925" CC="2002" />
            <SP ID="P16_SP00070" WIDTH="0" HPOS="0" VPOS="0" />
            <String ID="P16_S00081" HPOS="376" VPOS="912" WIDTH="161" HEIGHT="37" STYLEREFS="StyleId-1" CONTENT="Boston" WC="0.821666658" CC="604000" />
            <SP ID="P16_SP00071" WIDTH="0" HPOS="0" VPOS="0" />
            <String ID="P16_S00082" HPOS="578" VPOS="911" WIDTH="104" HEIGHT="38" STYLEREFS="StyleId-1" CONTENT="took" WC="0.83" CC="0303" />
            <SP ID="P16_SP00072" WIDTH="0" HPOS="0" VPOS="0" />
            <String ID="P16_S00083" HPOS="723" VPOS="912" WIDTH="74" HEIGHT="38" STYLEREFS="StyleId-1" CONTENT="the" WC="0.933333337" CC="200" />
            <SP ID="P16_SP00073" WIDTH="0" HPOS="0" VPOS="0" />
            <String ID="P16_S00084" HPOS="837" VPOS="913" WIDTH="95" HEIGHT="37" STYLEREFS="StyleId-1" CONTENT="lead" WC="1" CC="0000" />
            <SP ID="P16_SP00074" WIDTH="0" HPOS="0" VPOS="0" />
            <String ID="P16_S00085" HPOS="977" VPOS="913" WIDTH="45" HEIGHT="37" STYLEREFS="StyleId-1" CONTENT="in" WC="0.875" CC="20" />
            <SP ID="P16_SP00075" WIDTH="0" HPOS="0" VPOS="0" />
            <String ID="P16_S00086" HPOS="1067" VPOS="915" WIDTH="119" HEIGHT="37" STYLEREFS="StyleId-1" CONTENT="1850." WC="0.648" CC="84050" />
            <SP ID="P16_SP00076" WIDTH="0" HPOS="0" VPOS="0" />
            <String ID="P16_S00087" HPOS="1250" VPOS="914" WIDTH="52" HEIGHT="38" STYLEREFS="StyleId-1" CONTENT="In" WC="0.61" CC="43" />
            <SP ID="P16_SP00077" WIDTH="0" HPOS="0" VPOS="0" />
            <String ID="P16_S00088" HPOS="1339" VPOS="914" WIDTH="77" HEIGHT="38" STYLEREFS="StyleId-1" CONTENT="the" WC="1" CC="000" />
            <SP ID="P16_SP00078" WIDTH="0" HPOS="0" VPOS="0" />
            <String ID="P16_S00089" HPOS="1449" VPOS="924" WIDTH="119" HEIGHT="29" STYLEREFS="StyleId-1" CONTENT="same" WC="0.8625" CC="4001" />
            <SP ID="P16_SP00079" WIDTH="0" HPOS="0" VPOS="0" />
            <String ID="P16_S00090" HPOS="1611" VPOS="927" WIDTH="101" HEIGHT="36" STYLEREFS="StyleId-1" CONTENT="year" WC="0.9275" CC="0002" />
          </TextLine>
          <TextLine ID="P16_TL00012" HPOS="196" VPOS="971" WIDTH="1515" HEIGHT="59">
            <String ID="P16_S00091" HPOS="196" VPOS="975" WIDTH="304" HEIGHT="47" STYLEREFS="StyleId-1" CONTENT="Philadelphia" WC="0.800833344" CC="602100010540" />
            <SP ID="P16_SP00080" WIDTH="0" HPOS="0" VPOS="0" />
            <String ID="P16_S00092" HPOS="521" VPOS="976" WIDTH="215" HEIGHT="46" STYLEREFS="StyleId-1" CONTENT="followed." WC="0.891111135" CC="220050000" />
            <SP ID="P16_SP00081" WIDTH="0" HPOS="0" VPOS="0" />
            <String ID="P16_S00093" HPOS="799" VPOS="978" WIDTH="52" HEIGHT="44" STYLEREFS="StyleId-1" CONTENT="In" WC="0.82" CC="03" />
            <SP ID="P16_SP00082" WIDTH="0" HPOS="0" VPOS="0" />
            <String ID="P16_S00094" HPOS="870" VPOS="980" WIDTH="104" HEIGHT="42" STYLEREFS="StyleId-1" CONTENT="1854" WC="1" CC="0000" />
            <SP ID="P16_SP00083" WIDTH="0" HPOS="0" VPOS="0" />
            <String ID="P16_S00095" HPOS="991" VPOS="979" WIDTH="75" HEIGHT="43" STYLEREFS="StyleId-1" CONTENT="the" WC="1" CC="000" />
            <SP ID="P16_SP00084" WIDTH="0" HPOS="0" VPOS="0" />
            <String ID="P16_S00096" HPOS="1083" VPOS="978" WIDTH="233" HEIGHT="44" STYLEREFS="StyleId-1" CONTENT="Blackwell" WC="0.7822222" CC="630030005" />
            <SP ID="P16_SP00085" WIDTH="0" HPOS="0" VPOS="0" />
            <String ID="P16_S00097" HPOS="1337" VPOS="978" WIDTH="150" HEIGHT="44" STYLEREFS="StyleId-1" CONTENT="sisters" WC="1" CC="0000000" />
            <SP ID="P16_SP00086" WIDTH="0" HPOS="0" VPOS="0" />
            <String ID="P16_S00098" HPOS="1508" VPOS="979" WIDTH="203" HEIGHT="43" STYLEREFS="StyleId-1" CONTENT="obtained" WC="0.90625" CC="01004100" />
          </TextLine>
          <TextLine ID="P16_TL00013" HPOS="195" VPOS="1036" WIDTH="1515" HEIGHT="58">
            <String ID="P16_S00099" HPOS="195" VPOS="1052" WIDTH="25" HEIGHT="25" STYLEREFS="StyleId-1" CONTENT="a" WC="0.52" CC="4" />
            <SP ID="P16_SP00087" WIDTH="0" HPOS="0" VPOS="0" />
            <String ID="P16_S00100" HPOS="242" VPOS="1040" WIDTH="231" HEIGHT="40" STYLEREFS="StyleId-1" CONTENT="certificate" WC="0.885454535" CC="00400000070" />
            <SP ID="P16_SP00088" WIDTH="0" HPOS="0" VPOS="0" />
            <String ID="P16_S00101" HPOS="494" VPOS="1041" WIDTH="44" HEIGHT="39" STYLEREFS="StyleId-1" CONTENT="of" WC="0.91" CC="01" />
            <SP ID="P16_SP00089" WIDTH="0" HPOS="0" VPOS="0" />
            <String ID="P16_S00102" HPOS="561" VPOS="1041" WIDTH="321" HEIGHT="47" STYLEREFS="StyleId-1" CONTENT="incorporation" WC="0.82" CC="0300500380200" />
            <SP ID="P16_SP00090" WIDTH="0" HPOS="0" VPOS="0" />
            <String ID="P16_S00103" HPOS="905" VPOS="1043" WIDTH="66" HEIGHT="45" STYLEREFS="StyleId-1" CONTENT="for" WC="0.75333333" CC="700" />
            <SP ID="P16_SP00091" WIDTH="0" HPOS="0" VPOS="0" />
            <String ID="P16_S00104" HPOS="988" VPOS="1045" WIDTH="74" HEIGHT="43" STYLEREFS="StyleId-1" CONTENT="the" WC="0.6933333" CC="071" />
            <SP ID="P16_SP00092" WIDTH="0" HPOS="0" VPOS="0" />
            <String ID="P16_S00105" HPOS="1085" VPOS="1044" WIDTH="108" HEIGHT="44" STYLEREFS="StyleId-1" CONTENT="New" WC="0.85" CC="130" />
            <SP ID="P16_SP00093" WIDTH="0" HPOS="0" VPOS="0" />
            <String ID="P16_S00106" HPOS="1214" VPOS="1044" WIDTH="124" HEIGHT="44" STYLEREFS="StyleId-1" CONTENT="York" WC="0.5175" CC="5445" />
            <SP ID="P16_SP00094" WIDTH="0" HPOS="0" VPOS="0" />
            <String ID="P16_S00107" HPOS="1369" VPOS="1044" WIDTH="233" HEIGHT="48" STYLEREFS="StyleId-1" CONTENT="Infirmary" WC="0.603333354" CC="431139560" />
            <SP ID="P16_SP00095" WIDTH="0" HPOS="0" VPOS="0" />
            <String ID="P16_S00108" HPOS="1644" VPOS="1045" WIDTH="66" HEIGHT="47" STYLEREFS="StyleId-1" CONTENT="for" WC="0.6166667" CC="056" />
          </TextLine>
          <TextLine ID="P16_TL00014" HPOS="194" VPOS="1102" WIDTH="1515" HEIGHT="57">
            <String ID="P16_S00109" HPOS="194" VPOS="1106" WIDTH="184" HEIGHT="38" STYLEREFS="StyleId-1" CONTENT="Women" WC="0.944" CC="20000" />
            <SP ID="P16_SP00096" WIDTH="0" HPOS="0" VPOS="0" />
            <String ID="P16_S00110" HPOS="401" VPOS="1106" WIDTH="84" HEIGHT="38" STYLEREFS="StyleId-1" CONTENT="and" WC="0.766666651" CC="070" />
            <SP ID="P16_SP00097" WIDTH="0" HPOS="0" VPOS="0" />
            <String ID="P16_S00111" HPOS="517" VPOS="1107" WIDTH="222" HEIGHT="46" STYLEREFS="StyleId-1" CONTENT="Children," WC="0.9711111" CC="000200000" />
            <SP ID="P16_SP00098" WIDTH="0" HPOS="0" VPOS="0" />
            <String ID="P16_S00112" HPOS="794" VPOS="1109" WIDTH="83" HEIGHT="44" STYLEREFS="StyleId-1" CONTENT="and" WC="0.82" CC="050" />
            <SP ID="P16_SP00099" WIDTH="0" HPOS="0" VPOS="0" />
            <String ID="P16_S00113" HPOS="915" VPOS="1108" WIDTH="44" HEIGHT="45" STYLEREFS="StyleId-1" CONTENT="in" WC="0.495" CC="46" />
            <SP ID="P16_SP00100" WIDTH="0" HPOS="0" VPOS="0" />
            <String ID="P16_S00114" HPOS="1004" VPOS="1112" WIDTH="103" HEIGHT="41" STYLEREFS="StyleId-1" CONTENT="1868" WC="0.995" CC="0000" />
            <SP ID="P16_SP00101" WIDTH="0" HPOS="0" VPOS="0" />
            <String ID="P16_S00115" HPOS="1148" VPOS="1109" WIDTH="74" HEIGHT="44" STYLEREFS="StyleId-1" CONTENT="the" WC="1" CC="000" />
            <SP ID="P16_SP00102" WIDTH="0" HPOS="0" VPOS="0" />
            <String ID="P16_S00116" HPOS="1252" VPOS="1110" WIDTH="230" HEIGHT="43" STYLEREFS="StyleId-1" CONTENT="Woman's" WC="0.84" CC="0000640" />
            <SP ID="P16_SP00103" WIDTH="0" HPOS="0" VPOS="0" />
            <String ID="P16_S00117" HPOS="1522" VPOS="1111" WIDTH="187" HEIGHT="42" STYLEREFS="StyleId-1" CONTENT="Medical" WC="0.932857156" CC="0000004" />
          </TextLine>
          <TextLine ID="P16_TL00015" HPOS="193" VPOS="1168" WIDTH="1334" HEIGHT="56">
            <String ID="P16_S00118" HPOS="193" VPOS="1170" WIDTH="178" HEIGHT="47" STYLEREFS="StyleId-1" CONTENT="College" WC="0.8642857" CC="1007000" />
            <SP ID="P16_SP00104" WIDTH="0" HPOS="0" VPOS="0" />
            <String ID="P16_S00119" HPOS="392" VPOS="1171" WIDTH="45" HEIGHT="46" STYLEREFS="StyleId-1" CONTENT="of" WC="0.825" CC="03" />
            <SP ID="P16_SP00105" WIDTH="0" HPOS="0" VPOS="0" />
            <String ID="P16_S00120" HPOS="458" VPOS="1171" WIDTH="74" HEIGHT="46" STYLEREFS="StyleId-1" CONTENT="the" WC="1" CC="000" />
            <SP ID="P16_SP00106" WIDTH="0" HPOS="0" VPOS="0" />
            <String ID="P16_S00121" HPOS="562" VPOS="1173" WIDTH="108" HEIGHT="44" STYLEREFS="StyleId-1" CONTENT="New" WC="0.873333335" CC="300" />
            <SP ID="P16_SP00107" WIDTH="0" HPOS="0" VPOS="0" />
            <String ID="P16_S00122" HPOS="690" VPOS="1174" WIDTH="123" HEIGHT="43" STYLEREFS="StyleId-1" CONTENT="York" WC="0.915" CC="1020" />
            <SP ID="P16_SP00108" WIDTH="0" HPOS="0" VPOS="0" />
            <String ID="P16_S00123" HPOS="843" VPOS="1173" WIDTH="233" HEIGHT="48" STYLEREFS="StyleId-1" CONTENT="Infirmary" WC="0.924444437" CC="210010000" />
            <SP ID="P16_SP00109" WIDTH="0" HPOS="0" VPOS="0" />
            <String ID="P16_S00124" HPOS="1093" VPOS="1187" WIDTH="93" HEIGHT="34" STYLEREFS="StyleId-1" CONTENT="was" WC="0.92" CC="002" />
            <SP ID="P16_SP00110" WIDTH="0" HPOS="0" VPOS="0" />
            <String ID="P16_S00125" HPOS="1207" VPOS="1176" WIDTH="320" HEIGHT="45" STYLEREFS="StyleId-1" CONTENT="established.&quot;" WC="0.868461549" CC="0500300000007" />
          </TextLine>
          <TextLine ID="P16_TL00016" HPOS="278" VPOS="1235" WIDTH="1431" HEIGHT="54">
            <String ID="P16_S00126" HPOS="278" VPOS="1237" WIDTH="52" HEIGHT="36" STYLEREFS="StyleId-1" CONTENT="In" WC="0.65" CC="07" />
            <SP ID="P16_SP00111" WIDTH="0" HPOS="0" VPOS="0" />
            <String ID="P16_S00127" HPOS="354" VPOS="1238" WIDTH="118" HEIGHT="44" STYLEREFS="StyleId-1" CONTENT="1863," WC="0.832" CC="00061" />
            <SP ID="P16_SP00112" WIDTH="0" HPOS="0" VPOS="0" />
            <String ID="P16_S00128" HPOS="500" VPOS="1238" WIDTH="74" HEIGHT="44" STYLEREFS="StyleId-1" CONTENT="Dr." WC="0.64" CC="640" />
            <SP ID="P16_SP00113" WIDTH="0" HPOS="0" VPOS="0" />
            <String ID="P16_S00129" HPOS="596" VPOS="1236" WIDTH="228" HEIGHT="46" STYLEREFS="StyleId-1" CONTENT="Clemence" WC="0.87375" CC="34000200" />
            <SP ID="P16_SP00114" WIDTH="0" HPOS="0" VPOS="0" />
            <String ID="P16_S00130" HPOS="840" VPOS="1238" WIDTH="43" HEIGHT="44" STYLEREFS="StyleId-1" CONTENT="S." WC="0.585" CC="34" />
            <SP ID="P16_SP00115" WIDTH="0" HPOS="0" VPOS="0" />
            <String ID="P16_S00131" HPOS="925" VPOS="1240" WIDTH="165" HEIGHT="45" STYLEREFS="StyleId-1" CONTENT="Lozier," WC="0.86" CC="7000001" />
            <SP ID="P16_SP00116" WIDTH="0" HPOS="0" VPOS="0" />
            <String ID="P16_S00132" HPOS="1132" VPOS="1240" WIDTH="97" HEIGHT="45" STYLEREFS="StyleId-1" CONTENT="who" WC="0.50666666" CC="950" />
            <SP ID="P16_SP00117" WIDTH="0" HPOS="0" VPOS="0" />
            <String ID="P16_S00133" HPOS="1265" VPOS="1241" WIDTH="86" HEIGHT="44" STYLEREFS="StyleId-1" CONTENT="had" WC="1" CC="000" />
            <SP ID="P16_SP00118" WIDTH="0" HPOS="0" VPOS="0" />
            <String ID="P16_S00134" HPOS="1392" VPOS="1242" WIDTH="197" HEIGHT="43" STYLEREFS="StyleId-1" CONTENT="received" WC="0.935" CC="30001000" />
            <SP ID="P16_SP00119" WIDTH="0" HPOS="0" VPOS="0" />
            <String ID="P16_S00135" HPOS="1632" VPOS="1243" WIDTH="77" HEIGHT="42" STYLEREFS="StyleId-1" CONTENT="her" WC="0.813333333" CC="500" />
          </TextLine>
          <TextLine ID="P16_TL00017" HPOS="191" VPOS="1299" WIDTH="1516" HEIGHT="57">
            <String ID="P16_S00136" HPOS="191" VPOS="1300" WIDTH="184" HEIGHT="39" STYLEREFS="StyleId-1" CONTENT="medical" WC="0.95714283" CC="0003000" />
            <SP ID="P16_SP00120" WIDTH="0" HPOS="0" VPOS="0" />
            <String ID="P16_S00137" HPOS="391" VPOS="1302" WIDTH="229" HEIGHT="39" STYLEREFS="StyleId-1" CONTENT="education" WC="0.965555549" CC="000000003" />
            <SP ID="P16_SP00121" WIDTH="0" HPOS="0" VPOS="0" />
            <String ID="P16_S00138" HPOS="635" VPOS="1302" WIDTH="45" HEIGHT="39" STYLEREFS="StyleId-1" CONTENT="in" WC="0.565" CC="35" />
            <SP ID="P16_SP00122" WIDTH="0" HPOS="0" VPOS="0" />
            <String ID="P16_S00139" HPOS="702" VPOS="1303" WIDTH="225" HEIGHT="47" STYLEREFS="StyleId-1" CONTENT="Syracuse," WC="0.7888889" CC="503005104" />
            <SP ID="P16_SP00123" WIDTH="0" HPOS="0" VPOS="0" />
            <String ID="P16_S00140" HPOS="956" VPOS="1306" WIDTH="108" HEIGHT="44" STYLEREFS="StyleId-1" CONTENT="New" WC="1" CC="000" />
            <SP ID="P16_SP00124" WIDTH="0" HPOS="0" VPOS="0" />
            <String ID="P16_S00141" HPOS="1085" VPOS="1306" WIDTH="137" HEIGHT="46" STYLEREFS="StyleId-1" CONTENT="York," WC="0.976" CC="00100" />
            <SP ID="P16_SP00125" WIDTH="0" HPOS="0" VPOS="0" />
            <String ID="P16_S00142" HPOS="1247" VPOS="1306" WIDTH="134" HEIGHT="47" STYLEREFS="StyleId-1" CONTENT="being" WC="0.902" CC="00400" />
            <SP ID="P16_SP00126" WIDTH="0" HPOS="0" VPOS="0" />
            <String ID="P16_S00143" HPOS="1409" VPOS="1308" WIDTH="74" HEIGHT="45" STYLEREFS="StyleId-1" CONTENT="the" WC="1" CC="000" />
            <SP ID="P16_SP00127" WIDTH="0" HPOS="0" VPOS="0" />
            <String ID="P16_S00144" HPOS="1498" VPOS="1307" WIDTH="95" HEIGHT="46" STYLEREFS="StyleId-1" CONTENT="first" WC="0.97" CC="00010" />
            <SP ID="P16_SP00128" WIDTH="0" HPOS="0" VPOS="0" />
            <String ID="P16_S00145" HPOS="1623" VPOS="1309" WIDTH="84" HEIGHT="44" STYLEREFS="StyleId-1" CONTENT="and" WC="0.77" CC="060" />
          </TextLine>
          <TextLine ID="P16_TL00018" HPOS="191" VPOS="1364" WIDTH="1518" HEIGHT="58">
            <String ID="P16_S00146" HPOS="191" VPOS="1366" WIDTH="104" HEIGHT="48" STYLEREFS="StyleId-1" CONTENT="only" WC="0.775" CC="0530" />
            <SP ID="P16_SP00129" WIDTH="0" HPOS="0" VPOS="0" />
            <String ID="P16_S00147" HPOS="316" VPOS="1379" WIDTH="169" HEIGHT="35" STYLEREFS="StyleId-1" CONTENT="woman" WC="0.902" CC="01003" />
            <SP ID="P16_SP00130" WIDTH="0" HPOS="0" VPOS="0" />
            <String ID="P16_S00148" HPOS="506" VPOS="1373" WIDTH="44" HEIGHT="41" STYLEREFS="StyleId-1" CONTENT="to" WC="1" CC="00" />
            <SP ID="P16_SP00131" WIDTH="0" HPOS="0" VPOS="0" />
            <String ID="P16_S00149" HPOS="581" VPOS="1369" WIDTH="209" HEIGHT="45" STYLEREFS="StyleId-1" CONTENT="graduate" WC="0.60625" CC="104700090" />
            <SP ID="P16_SP00132" WIDTH="0" HPOS="0" VPOS="0" />
            <String ID="P16_S00150" HPOS="825" VPOS="1369" WIDTH="111" HEIGHT="45" STYLEREFS="StyleId-1" CONTENT="from" WC="0.765" CC="5400" />
            <SP ID="P16_SP00133" WIDTH="0" HPOS="0" VPOS="0" />
            <String ID="P16_S00151" HPOS="976" VPOS="1370" WIDTH="96" HEIGHT="44" STYLEREFS="StyleId-1" CONTENT="that" WC="1" CC="0000" />
            <SP ID="P16_SP00134" WIDTH="0" HPOS="0" VPOS="0" />
            <String ID="P16_S00152" HPOS="1111" VPOS="1371" WIDTH="178" HEIGHT="48" STYLEREFS="StyleId-1" CONTENT="college," WC="0.9375" CC="00500000" />
            <SP ID="P16_SP00135" WIDTH="0" HPOS="0" VPOS="0" />
            <String ID="P16_S00153" HPOS="1327" VPOS="1372" WIDTH="83" HEIGHT="47" STYLEREFS="StyleId-1" CONTENT="and" WC="0.776666641" CC="050" />
            <SP ID="P16_SP00136" WIDTH="0" HPOS="0" VPOS="0" />
            <String ID="P16_S00154" HPOS="1444" VPOS="1373" WIDTH="265" HEIGHT="48" STYLEREFS="StyleId-1" CONTENT="graduating" WC="0.615" CC="92000083310" />
          </TextLine>
          <TextLine ID="P16_TL00019" HPOS="190" VPOS="1430" WIDTH="1518" HEIGHT="55">
            <String ID="P16_S00155" HPOS="190" VPOS="1431" WIDTH="108" HEIGHT="39" STYLEREFS="StyleId-1" CONTENT="with" WC="0.965" CC="0100" />
            <SP ID="P16_SP00137" WIDTH="0" HPOS="0" VPOS="0" />
            <String ID="P16_S00156" HPOS="318" VPOS="1432" WIDTH="74" HEIGHT="38" STYLEREFS="StyleId-1" CONTENT="the" WC="1" CC="000" />
            <SP ID="P16_SP00138" WIDTH="0" HPOS="0" VPOS="0" />
            <String ID="P16_S00157" HPOS="413" VPOS="1432" WIDTH="175" HEIGHT="46" STYLEREFS="StyleId-1" CONTENT="highest" WC="0.938571453" CC="0400000" />
            <SP ID="P16_SP00139" WIDTH="0" HPOS="0" VPOS="0" />
            <String ID="P16_S00158" HPOS="609" VPOS="1433" WIDTH="140" HEIGHT="45" STYLEREFS="StyleId-1" CONTENT="honor" WC="0.706" CC="010301" />
            <SP ID="P16_SP00140" WIDTH="0" HPOS="0" VPOS="0" />
            <String ID="P16_S00159" HPOS="769" VPOS="1434" WIDTH="46" HEIGHT="44" STYLEREFS="StyleId-1" CONTENT="of" WC="0.445" CC="46" />
            <SP ID="P16_SP00141" WIDTH="0" HPOS="0" VPOS="0" />
            <String ID="P16_S00160" HPOS="843" VPOS="1435" WIDTH="75" HEIGHT="43" STYLEREFS="StyleId-1" CONTENT="the" WC="1" CC="000" />
            <SP ID="P16_SP00142" WIDTH="0" HPOS="0" VPOS="0" />
            <String ID="P16_S00161" HPOS="933" VPOS="1436" WIDTH="126" HEIGHT="45" STYLEREFS="StyleId-1" CONTENT="class," WC="0.813333333" CC="037000" />
            <SP ID="P16_SP00143" WIDTH="0" HPOS="0" VPOS="0" />
            <String ID="P16_S00162" HPOS="1086" VPOS="1436" WIDTH="194" HEIGHT="45" STYLEREFS="StyleId-1" CONTENT="founded" WC="0.79285717" CC="3225000" />
            <SP ID="P16_SP00144" WIDTH="0" HPOS="0" VPOS="0" />
            <String ID="P16_S00163" HPOS="1302" VPOS="1438" WIDTH="85" HEIGHT="43" STYLEREFS="StyleId-1" CONTENT="and" WC="0.8566667" CC="040" />
            <SP ID="P16_SP00145" WIDTH="0" HPOS="0" VPOS="0" />
            <String ID="P16_S00164" HPOS="1402" VPOS="1439" WIDTH="210" HEIGHT="42" STYLEREFS="StyleId-1" CONTENT="endowed" WC="0.9028571" CC="0600000" />
            <SP ID="P16_SP00146" WIDTH="0" HPOS="0" VPOS="0" />
            <String ID="P16_S00165" HPOS="1633" VPOS="1440" WIDTH="75" HEIGHT="41" STYLEREFS="StyleId-1" CONTENT="the" WC="0.966666639" CC="100" />
          </TextLine>
          <TextLine ID="P16_TL00020" HPOS="193" VPOS="1495" WIDTH="1512" HEIGHT="56">
            <String ID="P16_S00166" HPOS="193" VPOS="1497" WIDTH="109" HEIGHT="38" STYLEREFS="StyleId-1" CONTENT="New" WC="1" CC="000" />
            <SP ID="P16_SP00147" WIDTH="0" HPOS="0" VPOS="0" />
            <String ID="P16_S00167" HPOS="341" VPOS="1497" WIDTH="122" HEIGHT="38" STYLEREFS="StyleId-1" CONTENT="York" WC="1" CC="0000" />
            <SP ID="P16_SP00148" WIDTH="0" HPOS="0" VPOS="0" />
            <String ID="P16_S00168" HPOS="514" VPOS="1498" WIDTH="185" HEIGHT="38" STYLEREFS="StyleId-1" CONTENT="Medical" WC="1" CC="0000000" />
            <SP ID="P16_SP00149" WIDTH="0" HPOS="0" VPOS="0" />
            <String ID="P16_S00169" HPOS="736" VPOS="1499" WIDTH="176" HEIGHT="47" STYLEREFS="StyleId-1" CONTENT="College" WC="0.887142837" CC="2005000" />
            <SP ID="P16_SP00150" WIDTH="0" HPOS="0" VPOS="0" />
            <String ID="P16_S00170" HPOS="955" VPOS="1501" WIDTH="85" HEIGHT="45" STYLEREFS="StyleId-1" CONTENT="and" WC="0.793333352" CC="060" />
            <SP ID="P16_SP00151" WIDTH="0" HPOS="0" VPOS="0" />
            <String ID="P16_S00171" HPOS="1077" VPOS="1501" WIDTH="204" HEIGHT="47" STYLEREFS="StyleId-1" CONTENT="Hospital" WC="0.8475" CC="40304000" />
            <SP ID="P16_SP00152" WIDTH="0" HPOS="0" VPOS="0" />
            <String ID="P16_S00172" HPOS="1303" VPOS="1502" WIDTH="66" HEIGHT="46" STYLEREFS="StyleId-1" CONTENT="for" WC="0.79" CC="302" />
            <SP ID="P16_SP00153" WIDTH="0" HPOS="0" VPOS="0" />
            <String ID="P16_S00173" HPOS="1400" VPOS="1504" WIDTH="184" HEIGHT="44" STYLEREFS="StyleId-1" CONTENT="Women" WC="0.972" CC="00001" />
            <SP ID="P16_SP00154" WIDTH="0" HPOS="0" VPOS="0" />
            <String ID="P16_S00174" HPOS="1620" VPOS="1505" WIDTH="85" HEIGHT="43" STYLEREFS="StyleId-1" CONTENT="and" WC="0.576666653" CC="750" />
          </TextLine>
          <TextLine ID="P16_TL00021" HPOS="191" VPOS="1560" WIDTH="1514" HEIGHT="57">
            <String ID="P16_S00175" HPOS="191" VPOS="1561" WIDTH="221" HEIGHT="39" STYLEREFS="StyleId-1" CONTENT="Children." WC="0.7033333" CC="571000084" />
            <SP ID="P16_SP00155" WIDTH="0" HPOS="0" VPOS="0" />
            <String ID="P16_S00176" HPOS="476" VPOS="1564" WIDTH="74" HEIGHT="37" STYLEREFS="StyleId-1" CONTENT="Dr." WC="0.636666656" CC="514" />
            <SP ID="P16_SP00156" WIDTH="0" HPOS="0" VPOS="0" />
            <String ID="P16_S00177" HPOS="577" VPOS="1563" WIDTH="151" HEIGHT="44" STYLEREFS="StyleId-1" CONTENT="I,ozier" WC="0.6857143" CC="7700205" />
            <SP ID="P16_SP00157" WIDTH="0" HPOS="0" VPOS="0" />
            <String ID="P16_S00178" HPOS="748" VPOS="1576" WIDTH="89" HEIGHT="31" STYLEREFS="StyleId-1" CONTENT="was" WC="1" CC="000" />
            <SP ID="P16_SP00158" WIDTH="0" HPOS="0" VPOS="0" />
            <String ID="P16_S00179" HPOS="853" VPOS="1578" WIDTH="24" HEIGHT="29" STYLEREFS="StyleId-1" CONTENT="a" WC="1" CC="0" />
            <SP ID="P16_SP00159" WIDTH="0" HPOS="0" VPOS="0" />
            <String ID="P16_S00180" HPOS="897" VPOS="1565" WIDTH="324" HEIGHT="48" STYLEREFS="StyleId-1" CONTENT="distinguished" WC="0.906153858" CC="0300060002000" />
            <SP ID="P16_SP00160" WIDTH="0" HPOS="0" VPOS="0" />
            <String ID="P16_S00181" HPOS="1243" VPOS="1568" WIDTH="243" HEIGHT="47" STYLEREFS="StyleId-1" CONTENT="physician," WC="0.903" CC="0007002000" />
            <SP ID="P16_SP00161" WIDTH="0" HPOS="0" VPOS="0" />
            <String ID="P16_S00182" HPOS="1514" VPOS="1570" WIDTH="84" HEIGHT="45" STYLEREFS="StyleId-1" CONTENT="and" WC="1" CC="000" />
            <SP ID="P16_SP00162" WIDTH="0" HPOS="0" VPOS="0" />
            <String ID="P16_S00183" HPOS="1631" VPOS="1572" WIDTH="74" HEIGHT="43" STYLEREFS="StyleId-1" CONTENT="the" WC="0.973333359" CC="000" />
          </TextLine>
          <TextLine ID="P16_TL00022" HPOS="189" VPOS="1625" WIDTH="1516" HEIGHT="58">
            <String ID="P16_S00184" HPOS="189" VPOS="1625" WIDTH="94" HEIGHT="39" STYLEREFS="StyleId-1" CONTENT="first" WC="0.918" CC="00400" />
            <SP ID="P16_SP00163" WIDTH="0" HPOS="0" VPOS="0" />
            <String ID="P16_S00185" HPOS="306" VPOS="1639" WIDTH="165" HEIGHT="26" STYLEREFS="StyleId-1" CONTENT="woman" WC="0.926" CC="00003" />
            <SP ID="P16_SP00164" WIDTH="0" HPOS="0" VPOS="0" />
            <String ID="P16_S00186" HPOS="495" VPOS="1633" WIDTH="44" HEIGHT="33" STYLEREFS="StyleId-1" CONTENT="to" WC="0.9" CC="20" />
            <SP ID="P16_SP00165" WIDTH="0" HPOS="0" VPOS="0" />
            <String ID="P16_S00187" HPOS="561" VPOS="1628" WIDTH="188" HEIGHT="46" STYLEREFS="StyleId-1" CONTENT="perform" WC="0.8757143" CC="0012040" />
            <SP ID="P16_SP00166" WIDTH="0" HPOS="0" VPOS="0" />
            <String ID="P16_S00188" HPOS="772" VPOS="1641" WIDTH="23" HEIGHT="33" STYLEREFS="StyleId-1" CONTENT="a" WC="0.99" CC="0" />
            <SP ID="P16_SP00167" WIDTH="0" HPOS="0" VPOS="0" />
            <String ID="P16_S00189" HPOS="810" VPOS="1630" WIDTH="188" HEIGHT="47" STYLEREFS="StyleId-1" CONTENT="surgical" WC="0.9575" CC="01002000" />
            <SP ID="P16_SP00168" WIDTH="0" HPOS="0" VPOS="0" />
            <String ID="P16_S00190" HPOS="1015" VPOS="1632" WIDTH="224" HEIGHT="46" STYLEREFS="StyleId-1" CONTENT="operation" WC="0.8888889" CC="000100305" />
            <SP ID="P16_SP00169" WIDTH="0" HPOS="0" VPOS="0" />
            <String ID="P16_S00191" HPOS="1261" VPOS="1632" WIDTH="44" HEIGHT="46" STYLEREFS="StyleId-1" CONTENT="in" WC="0.75" CC="22" />
            <SP ID="P16_SP00170" WIDTH="0" HPOS="0" VPOS="0" />
            <String ID="P16_S00192" HPOS="1329" VPOS="1633" WIDTH="75" HEIGHT="45" STYLEREFS="StyleId-1" CONTENT="the" WC="0.98" CC="000" />
            <SP ID="P16_SP00171" WIDTH="0" HPOS="0" VPOS="0" />
            <String ID="P16_S00193" HPOS="1419" VPOS="1634" WIDTH="89" HEIGHT="48" STYLEREFS="StyleId-1" CONTENT="city" WC="0.875" CC="0500" />
            <SP ID="P16_SP00172" WIDTH="0" HPOS="0" VPOS="0" />
            <String ID="P16_S00194" HPOS="1529" VPOS="1635" WIDTH="47" HEIGHT="47" STYLEREFS="StyleId-1" CONTENT="of" WC="0.81" CC="11" />
            <SP ID="P16_SP00173" WIDTH="0" HPOS="0" VPOS="0" />
            <String ID="P16_S00195" HPOS="1597" VPOS="1636" WIDTH="108" HEIGHT="46" STYLEREFS="StyleId-1" CONTENT="New" WC="1" CC="000" />
          </TextLine>
          <TextLine ID="P16_TL00023" HPOS="189" VPOS="1690" WIDTH="1515" HEIGHT="58">
            <String ID="P16_S00196" HPOS="189" VPOS="1691" WIDTH="138" HEIGHT="38" STYLEREFS="StyleId-1" CONTENT="York." WC="0.874" CC="00401" />
            <SP ID="P16_SP00174" WIDTH="0" HPOS="0" VPOS="0" />
            <String ID="P16_S00197" HPOS="387" VPOS="1692" WIDTH="87" HEIGHT="39" STYLEREFS="StyleId-1" CONTENT="She" WC="0.9533333" CC="100" />
            <SP ID="P16_SP00175" WIDTH="0" HPOS="0" VPOS="0" />
            <String ID="P16_S00198" HPOS="495" VPOS="1705" WIDTH="86" HEIGHT="26" STYLEREFS="StyleId-1" CONTENT="was" WC="1" CC="000" />
            <SP ID="P16_SP00176" WIDTH="0" HPOS="0" VPOS="0" />
            <String ID="P16_S00199" HPOS="604" VPOS="1705" WIDTH="23" HEIGHT="27" STYLEREFS="StyleId-1" CONTENT="a" WC="1" CC="0" />
            <SP ID="P16_SP00177" WIDTH="0" HPOS="0" VPOS="0" />
            <String ID="P16_S00200" HPOS="647" VPOS="1705" WIDTH="189" HEIGHT="36" STYLEREFS="StyleId-1" CONTENT="surgeon" WC="0.9628571" CC="0000002" />
            <SP ID="P16_SP00178" WIDTH="0" HPOS="0" VPOS="0" />
            <String ID="P16_S00201" HPOS="859" VPOS="1695" WIDTH="56" HEIGHT="47" STYLEREFS="StyleId-1" CONTENT="by" WC="1" CC="00" />
            <SP ID="P16_SP00179" WIDTH="0" HPOS="0" VPOS="0" />
            <String ID="P16_S00202" HPOS="937" VPOS="1696" WIDTH="259" HEIGHT="48" STYLEREFS="StyleId-1" CONTENT="knowledge" WC="0.95" CC="040000000" />
            <SP ID="P16_SP00180" WIDTH="0" HPOS="0" VPOS="0" />
            <String ID="P16_S00203" HPOS="1218" VPOS="1698" WIDTH="87" HEIGHT="46" STYLEREFS="StyleId-1" CONTENT="and" WC="0.78" CC="060" />
            <SP ID="P16_SP00181" WIDTH="0" HPOS="0" VPOS="0" />
            <String ID="P16_S00204" HPOS="1316" VPOS="1698" WIDTH="59" HEIGHT="48" STYLEREFS="StyleId-1" CONTENT="by" WC="1" CC="00" />
            <SP ID="P16_SP00182" WIDTH="0" HPOS="0" VPOS="0" />
            <String ID="P16_S00205" HPOS="1409" VPOS="1706" WIDTH="168" HEIGHT="40" STYLEREFS="StyleId-1" CONTENT="nature." WC="0.8142857" CC="3050004" />
            <SP ID="P16_SP00183" WIDTH="0" HPOS="0" VPOS="0" />
            <String ID="P16_S00206" HPOS="1639" VPOS="1699" WIDTH="65" HEIGHT="47" STYLEREFS="StyleId-1" CONTENT="To" WC="0.63" CC="70" />
          </TextLine>
          <TextLine ID="P16_TL00024" HPOS="181" VPOS="1755" WIDTH="1522" HEIGHT="57">
            <String ID="P16_S00207" HPOS="181" VPOS="1755" WIDTH="134" HEIGHT="41" STYLEREFS="StyleId-1" CONTENT="know" WC="0.425" CC="53310" />
            <SP ID="P16_SP00184" WIDTH="0" HPOS="0" VPOS="0" />
            <String ID="P16_S00208" HPOS="330" VPOS="1757" WIDTH="87" HEIGHT="39" STYLEREFS="StyleId-1" CONTENT="this" WC="0.765" CC="0063" />
            <SP ID="P16_SP00185" WIDTH="0" HPOS="0" VPOS="0" />
            <String ID="P16_S00209" HPOS="438" VPOS="1758" WIDTH="200" HEIGHT="39" STYLEREFS="StyleId-1" CONTENT="cultured" WC="0.80375" CC="07402100" />
            <SP ID="P16_SP00186" WIDTH="0" HPOS="0" VPOS="0" />
            <String ID="P16_S00210" HPOS="660" VPOS="1759" WIDTH="222" HEIGHT="39" STYLEREFS="StyleId-1" CONTENT="Christian" WC="0.7977778" CC="400030405" />
            <SP ID="P16_SP00187" WIDTH="0" HPOS="0" VPOS="0" />
            <String ID="P16_S00211" HPOS="908" VPOS="1761" WIDTH="116" HEIGHT="47" STYLEREFS="StyleId-1" CONTENT="lady," WC="0.81" CC="00090" />
            <SP ID="P16_SP00188" WIDTH="0" HPOS="0" VPOS="0" />
            <String ID="P16_S00212" HPOS="1051" VPOS="1775" WIDTH="87" HEIGHT="33" STYLEREFS="StyleId-1" CONTENT="was" WC="1" CC="000" />
            <SP ID="P16_SP00189" WIDTH="0" HPOS="0" VPOS="0" />
            <String ID="P16_S00213" HPOS="1176" VPOS="1768" WIDTH="45" HEIGHT="40" STYLEREFS="StyleId-1" CONTENT="to" WC="1" CC="00" />
            <SP ID="P16_SP00190" WIDTH="0" HPOS="0" VPOS="0" />
            <String ID="P16_S00214" HPOS="1237" VPOS="1763" WIDTH="99" HEIGHT="45" STYLEREFS="StyleId-1" CONTENT="love" WC="1" CC="0000" />
            <SP ID="P16_SP00191" WIDTH="0" HPOS="0" VPOS="0" />
            <String ID="P16_S00215" HPOS="1356" VPOS="1764" WIDTH="93" HEIGHT="44" STYLEREFS="StyleId-1" CONTENT="her." WC="0.97" CC="0010" />
            <SP ID="P16_SP00192" WIDTH="0" HPOS="0" VPOS="0" />
            <String ID="P16_S00216" HPOS="1496" VPOS="1764" WIDTH="66" HEIGHT="44" STYLEREFS="StyleId-1" CONTENT="To" WC="1" CC="00" />
            <SP ID="P16_SP00193" WIDTH="0" HPOS="0" VPOS="0" />
            <String ID="P16_S00217" HPOS="1582" VPOS="1766" WIDTH="54" HEIGHT="42" STYLEREFS="StyleId-1" CONTENT="be" WC="1" CC="00" />
            <SP ID="P16_SP00194" WIDTH="0" HPOS="0" VPOS="0" />
            <String ID="P16_S00218" HPOS="1657" VPOS="1780" WIDTH="46" HEIGHT="28" STYLEREFS="StyleId-1" CONTENT="as" WC="0.52" CC="72" />
          </TextLine>
          <TextLine ID="P16_TL00025" HPOS="186" VPOS="1820" WIDTH="1516" HEIGHT="59">
            <String ID="P16_S00219" HPOS="186" VPOS="1821" WIDTH="191" HEIGHT="38" STYLEREFS="StyleId-1" CONTENT="sociated" WC="0.91125" CC="60000000" />
            <SP ID="P16_SP00195" WIDTH="0" HPOS="0" VPOS="0" />
            <String ID="P16_S00220" HPOS="393" VPOS="1821" WIDTH="120" HEIGHT="48" STYLEREFS="StyleId-1" CONTENT="with," WC="0.966" CC="01000" />
            <SP ID="P16_SP00196" WIDTH="0" HPOS="0" VPOS="0" />
            <String ID="P16_S00221" HPOS="541" VPOS="1823" WIDTH="85" HEIGHT="46" STYLEREFS="StyleId-1" CONTENT="and" WC="0.9766667" CC="000" />
            <SP ID="P16_SP00197" WIDTH="0" HPOS="0" VPOS="0" />
            <String ID="P16_S00222" HPOS="649" VPOS="1825" WIDTH="137" HEIGHT="44" STYLEREFS="StyleId-1" CONTENT="under" WC="0.88" CC="00006" />
            <SP ID="P16_SP00198" WIDTH="0" HPOS="0" VPOS="0" />
            <String ID="P16_S00223" HPOS="808" VPOS="1826" WIDTH="76" HEIGHT="43" STYLEREFS="StyleId-1" CONTENT="her" WC="0.966666639" CC="001" />
            <SP ID="P16_SP00199" WIDTH="0" HPOS="0" VPOS="0" />
            <String ID="P16_S00224" HPOS="924" VPOS="1825" WIDTH="231" HEIGHT="49" STYLEREFS="StyleId-1" CONTENT="influence," WC="0.631" CC="0167508071" />
            <SP ID="P16_SP00200" WIDTH="0" HPOS="0" VPOS="0" />
            <String ID="P16_S00225" HPOS="1202" VPOS="1840" WIDTH="87" HEIGHT="34" STYLEREFS="StyleId-1" CONTENT="was" WC="0.946666658" CC="000" />
            <SP ID="P16_SP00201" WIDTH="0" HPOS="0" VPOS="0" />
            <String ID="P16_S00226" HPOS="1330" VPOS="1841" WIDTH="55" HEIGHT="33" STYLEREFS="StyleId-1" CONTENT="an" WC="0.835" CC="03" />
            <SP ID="P16_SP00202" WIDTH="0" HPOS="0" VPOS="0" />
            <String ID="P16_S00227" HPOS="1425" VPOS="1830" WIDTH="277" HEIGHT="48" STYLEREFS="StyleId-1" CONTENT="inspiration." WC="0.8233333" CC="016010000074" />
          </TextLine>
          <TextLine ID="P16_TL00026" HPOS="190" VPOS="1885" WIDTH="1512" HEIGHT="59">
            <String ID="P16_S00228" HPOS="190" VPOS="1886" WIDTH="138" HEIGHT="46" STYLEREFS="StyleId-1" CONTENT="Being" WC="0.83" CC="10070" />
            <SP ID="P16_SP00203" WIDTH="0" HPOS="0" VPOS="0" />
            <String ID="P16_S00229" HPOS="350" VPOS="1900" WIDTH="23" HEIGHT="32" STYLEREFS="StyleId-1" CONTENT="a" WC="1" CC="0" />
            <SP ID="P16_SP00204" WIDTH="0" HPOS="0" VPOS="0" />
            <String ID="P16_S00230" HPOS="393" VPOS="1899" WIDTH="168" HEIGHT="33" STYLEREFS="StyleId-1" CONTENT="woman" WC="0.994" CC="00000" />
            <SP ID="P16_SP00205" WIDTH="0" HPOS="0" VPOS="0" />
            <String ID="P16_S00231" HPOS="593" VPOS="1888" WIDTH="44" HEIGHT="44" STYLEREFS="StyleId-1" CONTENT="of" WC="0.82" CC="03" />
            <SP ID="P16_SP00206" WIDTH="0" HPOS="0" VPOS="0" />
            <String ID="P16_S00232" HPOS="666" VPOS="1890" WIDTH="157" HEIGHT="42" STYLEREFS="StyleId-1" CONTENT="wealth" WC="0.9316667" CC="000400" />
            <SP ID="P16_SP00207" WIDTH="0" HPOS="0" VPOS="0" />
            <String ID="P16_S00233" HPOS="865" VPOS="1891" WIDTH="85" HEIGHT="41" STYLEREFS="StyleId-1" CONTENT="and" WC="0.816666663" CC="050" />
            <SP ID="P16_SP00208" WIDTH="0" HPOS="0" VPOS="0" />
            <String ID="P16_S00234" HPOS="985" VPOS="1898" WIDTH="120" HEIGHT="40" STYLEREFS="StyleId-1" CONTENT="great" WC="0.986" CC="00000" />
            <SP ID="P16_SP00209" WIDTH="0" HPOS="0" VPOS="0" />
            <String ID="P16_S00235" HPOS="1137" VPOS="1893" WIDTH="230" HEIGHT="49" STYLEREFS="StyleId-1" CONTENT="influence," WC="0.925" CC="0011004000" />
            <SP ID="P16_SP00210" WIDTH="0" HPOS="0" VPOS="0" />
            <String ID="P16_S00236" HPOS="1408" VPOS="1897" WIDTH="78" HEIGHT="45" STYLEREFS="StyleId-1" CONTENT="she" WC="0.826666653" CC="050" />
            <SP ID="P16_SP00211" WIDTH="0" HPOS="0" VPOS="0" />
            <String ID="P16_S00237" HPOS="1527" VPOS="1897" WIDTH="77" HEIGHT="45" STYLEREFS="StyleId-1" CONTENT="left" WC="0.605" CC="7026" />
            <SP ID="P16_SP00212" WIDTH="0" HPOS="0" VPOS="0" />
            <String ID="P16_S00238" HPOS="1645" VPOS="1910" WIDTH="57" HEIGHT="32" STYLEREFS="StyleId-1" CONTENT="no" WC="0.765" CC="40" />
          </TextLine>
          <TextLine ID="P16_TL00027" HPOS="185" VPOS="1949" WIDTH="1512" HEIGHT="63">
            <String ID="P16_S00239" HPOS="185" VPOS="1956" WIDTH="126" HEIGHT="33" STYLEREFS="StyleId-1" CONTENT="stone" WC="0.914" CC="00040" />
            <SP ID="P16_SP00213" WIDTH="0" HPOS="0" VPOS="0" />
            <String ID="P16_S00240" HPOS="329" VPOS="1953" WIDTH="217" HEIGHT="38" STYLEREFS="StyleId-1" CONTENT="unturned" WC="0.9125" CC="10000400" />
            <SP ID="P16_SP00214" WIDTH="0" HPOS="0" VPOS="0" />
            <String ID="P16_S00241" HPOS="568" VPOS="1959" WIDTH="45" HEIGHT="33" STYLEREFS="StyleId-1" CONTENT="to" WC="1" CC="00" />
            <SP ID="P16_SP00215" WIDTH="0" HPOS="0" VPOS="0" />
            <String ID="P16_S00242" HPOS="636" VPOS="1954" WIDTH="125" HEIGHT="39" STYLEREFS="StyleId-1" CONTENT="make" WC="0.855" CC="5000" />
            <SP ID="P16_SP00216" WIDTH="0" HPOS="0" VPOS="0" />
            <String ID="P16_S00243" HPOS="801" VPOS="1955" WIDTH="87" HEIGHT="39" STYLEREFS="StyleId-1" CONTENT="this" WC="0.9525" CC="0010" />
            <SP ID="P16_SP00217" WIDTH="0" HPOS="0" VPOS="0" />
            <String ID="P16_S00244" HPOS="921" VPOS="1955" WIDTH="328" HEIGHT="49" STYLEREFS="StyleId-1" CONTENT="college—(her" WC="0.9091667" CC="000010090000" />
            <SP ID="P16_SP00218" WIDTH="0" HPOS="0" VPOS="0" />
            <String ID="P16_S00245" HPOS="1280" VPOS="1959" WIDTH="164" HEIGHT="45" STYLEREFS="StyleId-1" CONTENT="heart's" WC="0.952857137" CC="0003000" />
            <SP ID="P16_SP00219" WIDTH="0" HPOS="0" VPOS="0" />
            <String ID="P16_S00246" HPOS="1485" VPOS="1959" WIDTH="212" HEIGHT="53" STYLEREFS="StyleId-1" CONTENT="delight)," WC="0.8155556" CC="000305043" />
          </TextLine>
          <TextLine ID="P16_TL00028" HPOS="185" VPOS="2015" WIDTH="1519" HEIGHT="59">
            <String ID="P16_S00247" HPOS="185" VPOS="2016" WIDTH="58" HEIGHT="38" STYLEREFS="StyleId-1" CONTENT="all" WC="0.51" CC="1004" />
            <SP ID="P16_SP00220" WIDTH="0" HPOS="0" VPOS="0" />
            <String ID="P16_S00248" HPOS="266" VPOS="2016" WIDTH="95" HEIGHT="39" STYLEREFS="StyleId-1" CONTENT="that" WC="1" CC="0000" />
            <SP ID="P16_SP00221" WIDTH="0" HPOS="0" VPOS="0" />
            <String ID="P16_S00249" HPOS="382" VPOS="2017" WIDTH="34" HEIGHT="38" STYLEREFS="StyleId-1" CONTENT="it" WC="0.94" CC="01" />
            <SP ID="P16_SP00222" WIDTH="0" HPOS="0" VPOS="0" />
            <String ID="P16_S00250" HPOS="437" VPOS="2018" WIDTH="156" HEIGHT="38" STYLEREFS="StyleId-1" CONTENT="should" WC="1" CC="000000" />
            <SP ID="P16_SP00223" WIDTH="0" HPOS="0" VPOS="0" />
            <String ID="P16_S00251" HPOS="616" VPOS="2018" WIDTH="53" HEIGHT="39" STYLEREFS="StyleId-1" CONTENT="be" WC="0.825" CC="30" />
            <SP ID="P16_SP00224" WIDTH="0" HPOS="0" VPOS="0" />
            <String ID="P16_S00252" HPOS="691" VPOS="2019" WIDTH="43" HEIGHT="38" STYLEREFS="StyleId-1" CONTENT="in" WC="0.82" CC="12" />
            <SP ID="P16_SP00225" WIDTH="0" HPOS="0" VPOS="0" />
            <String ID="P16_S00253" HPOS="758" VPOS="2020" WIDTH="75" HEIGHT="39" STYLEREFS="StyleId-1" CONTENT="the" WC="0.8833333" CC="300" />
            <SP ID="P16_SP00226" WIDTH="0" HPOS="0" VPOS="0" />
            <String ID="P16_S00254" HPOS="861" VPOS="2034" WIDTH="98" HEIGHT="35" STYLEREFS="StyleId-1" CONTENT="way" WC="1" CC="000" />
            <SP ID="P16_SP00227" WIDTH="0" HPOS="0" VPOS="0" />
            <String ID="P16_S00255" HPOS="999" VPOS="2022" WIDTH="46" HEIGHT="47" STYLEREFS="StyleId-1" CONTENT="of" WC="0.985" CC="00" />
            <SP ID="P16_SP00228" WIDTH="0" HPOS="0" VPOS="0" />
            <String ID="P16_S00256" HPOS="1085" VPOS="2024" WIDTH="268" HEIGHT="48" STYLEREFS="StyleId-1" CONTENT="equipment," WC="0.849" CC="0150000403" />
            <SP ID="P16_SP00229" WIDTH="0" HPOS="0" VPOS="0" />
            <String ID="P16_S00257" HPOS="1398" VPOS="2039" WIDTH="51" HEIGHT="33" STYLEREFS="StyleId-1" CONTENT="so" WC="0.505" CC="72" />
            <SP ID="P16_SP00230" WIDTH="0" HPOS="0" VPOS="0" />
            <String ID="P16_S00258" HPOS="1492" VPOS="2029" WIDTH="96" HEIGHT="43" STYLEREFS="StyleId-1" CONTENT="that" WC="1" CC="0000" />
            <SP ID="P16_SP00231" WIDTH="0" HPOS="0" VPOS="0" />
            <String ID="P16_S00259" HPOS="1628" VPOS="2030" WIDTH="76" HEIGHT="42" STYLEREFS="StyleId-1" CONTENT="the" WC="0.936666667" CC="001" />
          </TextLine>
          <TextLine ID="P16_TL00029" HPOS="184" VPOS="2080" WIDTH="1518" HEIGHT="60">
            <String ID="P16_S00260" HPOS="184" VPOS="2080" WIDTH="202" HEIGHT="40" STYLEREFS="StyleId-1" CONTENT="students" WC="0.74375" CC="27700300" />
            <SP ID="P16_SP00232" WIDTH="0" HPOS="0" VPOS="0" />
            <String ID="P16_S00261" HPOS="409" VPOS="2082" WIDTH="184" HEIGHT="47" STYLEREFS="StyleId-1" CONTENT="enjoyed" WC="0.9" CC="0070000" />
            <SP ID="P16_SP00233" WIDTH="0" HPOS="0" VPOS="0" />
            <String ID="P16_S00262" HPOS="612" VPOS="2085" WIDTH="75" HEIGHT="44" STYLEREFS="StyleId-1" CONTENT="the" WC="1" CC="000" />
            <SP ID="P16_SP00234" WIDTH="0" HPOS="0" VPOS="0" />
            <String ID="P16_S00263" HPOS="707" VPOS="2084" WIDTH="94" HEIGHT="45" STYLEREFS="StyleId-1" CONTENT="best" WC="1" CC="0000" />
            <SP ID="P16_SP00235" WIDTH="0" HPOS="0" VPOS="0" />
            <String ID="P16_S00264" HPOS="823" VPOS="2085" WIDTH="187" HEIGHT="47" STYLEREFS="StyleId-1" CONTENT="possible" WC="0.94125" CC="00202000" />
            <SP ID="P16_SP00236" WIDTH="0" HPOS="0" VPOS="0" />
            <String ID="P16_S00265" HPOS="1031" VPOS="2090" WIDTH="336" HEIGHT="48" STYLEREFS="StyleId-1" CONTENT="opportunities," WC="0.85" CC="06000002304004" />
            <SP ID="P16_SP00237" WIDTH="0" HPOS="0" VPOS="0" />
            <String ID="P16_S00266" HPOS="1393" VPOS="2091" WIDTH="107" HEIGHT="47" STYLEREFS="StyleId-1" CONTENT="both" WC="0.8175" CC="0007" />
            <SP ID="P16_SP00238" WIDTH="0" HPOS="0" VPOS="0" />
            <String ID="P16_S00267" HPOS="1514" VPOS="2094" WIDTH="188" HEIGHT="44" STYLEREFS="StyleId-1" CONTENT="theoret¬" WC="0.7925" CC="09006000" />
          </TextLine>
          <TextLine ID="P16_TL00030" HPOS="184" VPOS="2145" WIDTH="1520" HEIGHT="64">
            <String ID="P16_S00268" HPOS="184" VPOS="2146" WIDTH="86" HEIGHT="39" STYLEREFS="StyleId-1" CONTENT="ical" WC="0.7725" CC="8001" />
            <SP ID="P16_SP00239" WIDTH="0" HPOS="0" VPOS="0" />
            <String ID="P16_S00269" HPOS="311" VPOS="2147" WIDTH="84" HEIGHT="38" STYLEREFS="StyleId-1" CONTENT="and" WC="0.7866667" CC="060" />
            <SP ID="P16_SP00240" WIDTH="0" HPOS="0" VPOS="0" />
            <String ID="P16_S00270" HPOS="437" VPOS="2148" WIDTH="186" HEIGHT="39" STYLEREFS="StyleId-1" CONTENT="clinical." WC="0.927777767" CC="003000020" />
            <SP ID="P16_SP00241" WIDTH="0" HPOS="0" VPOS="0" />
            <String ID="P16_S00271" HPOS="685" VPOS="2148" WIDTH="95" HEIGHT="41" STYLEREFS="StyleId-1" CONTENT="The" WC="1" CC="000" />
            <SP ID="P16_SP00242" WIDTH="0" HPOS="0" VPOS="0" />
            <String ID="P16_S00272" HPOS="819" VPOS="2152" WIDTH="207" HEIGHT="39" STYLEREFS="StyleId-1" CONTENT="lecturers" WC="0.9222222" CC="000001005" />
            <SP ID="P16_SP00243" WIDTH="0" HPOS="0" VPOS="0" />
            <String ID="P16_S00273" HPOS="1068" VPOS="2153" WIDTH="44" HEIGHT="39" STYLEREFS="StyleId-1" CONTENT="in" WC="0.74" CC="05" />
            <SP ID="P16_SP00244" WIDTH="0" HPOS="0" VPOS="0" />
            <String ID="P16_S00274" HPOS="1154" VPOS="2155" WIDTH="115" HEIGHT="39" STYLEREFS="StyleId-1" CONTENT="their" WC="0.988" CC="00000" />
            <SP ID="P16_SP00245" WIDTH="0" HPOS="0" VPOS="0" />
            <String ID="P16_S00275" HPOS="1309" VPOS="2158" WIDTH="162" HEIGHT="46" STYLEREFS="StyleId-1" CONTENT="special" WC="0.8971428" CC="0060000" />
            <SP ID="P16_SP00246" WIDTH="0" HPOS="0" VPOS="0" />
            <String ID="P16_S00276" HPOS="1511" VPOS="2159" WIDTH="193" HEIGHT="49" STYLEREFS="StyleId-1" CONTENT="subjects" WC="0.91875" CC="00330000" />
          </TextLine>
          <TextLine ID="P16_TL00031" HPOS="182" VPOS="2211" WIDTH="1515" HEIGHT="63">
            <String ID="P16_S00277" HPOS="182" VPOS="2223" WIDTH="116" HEIGHT="28" STYLEREFS="StyleId-1" CONTENT="were" WC="0.72" CC="7030" />
            <SP ID="P16_SP00247" WIDTH="0" HPOS="0" VPOS="0" />
            <String ID="P16_S00278" HPOS="320" VPOS="2212" WIDTH="53" HEIGHT="39" STYLEREFS="StyleId-1" CONTENT="all" WC="0.92" CC="010" />
            <SP ID="P16_SP00248" WIDTH="0" HPOS="0" VPOS="0" />
            <String ID="P16_S00279" HPOS="399" VPOS="2212" WIDTH="93" HEIGHT="39" STYLEREFS="StyleId-1" CONTENT="able" WC="0.66" CC="0373" />
            <SP ID="P16_SP00249" WIDTH="0" HPOS="0" VPOS="0" />
            <String ID="P16_S00280" HPOS="514" VPOS="2226" WIDTH="115" HEIGHT="27" STYLEREFS="StyleId-1" CONTENT="men." WC="0.795" CC="0044" />
            <SP ID="P16_SP00250" WIDTH="0" HPOS="0" VPOS="0" />
            <String ID="P16_S00281" HPOS="693" VPOS="2217" WIDTH="51" HEIGHT="36" STYLEREFS="StyleId-1" CONTENT="In" WC="0.55" CC="35" />
            <SP ID="P16_SP00251" WIDTH="0" HPOS="0" VPOS="0" />
            <String ID="P16_S00282" HPOS="767" VPOS="2216" WIDTH="75" HEIGHT="39" STYLEREFS="StyleId-1" CONTENT="the" WC="0.983333349" CC="000" />
            <SP ID="P16_SP00252" WIDTH="0" HPOS="0" VPOS="0" />
            <String ID="P16_S00283" HPOS="863" VPOS="2216" WIDTH="191" HEIGHT="49" STYLEREFS="StyleId-1" CONTENT="subjects" WC="0.82125" CC="010040000" />
            <SP ID="P16_SP00253" WIDTH="0" HPOS="0" VPOS="0" />
            <String ID="P16_S00284" HPOS="1074" VPOS="2218" WIDTH="45" HEIGHT="47" STYLEREFS="StyleId-1" CONTENT="of" WC="0.76" CC="04" />
            <SP ID="P16_SP00254" WIDTH="0" HPOS="0" VPOS="0" />
            <String ID="P16_S00285" HPOS="1160" VPOS="2221" WIDTH="287" HEIGHT="50" STYLEREFS="StyleId-1" CONTENT="mineralogy," WC="0.555454552" CC="85716700902" />
            <SP ID="P16_SP00255" WIDTH="0" HPOS="0" VPOS="0" />
            <String ID="P16_S00286" HPOS="1495" VPOS="2226" WIDTH="202" HEIGHT="48" STYLEREFS="StyleId-1" CONTENT="geology," WC="0.7525" CC="000611001" />
          </TextLine>
          <TextLine ID="P16_TL00032" HPOS="183" VPOS="2276" WIDTH="1519" HEIGHT="58">
            <String ID="P16_S00287" HPOS="183" VPOS="2277" WIDTH="89" HEIGHT="38" STYLEREFS="StyleId-1" CONTENT="and" WC="0.65" CC="730" />
            <SP ID="P16_SP00256" WIDTH="0" HPOS="0" VPOS="0" />
            <String ID="P16_S00288" HPOS="293" VPOS="2277" WIDTH="249" HEIGHT="48" STYLEREFS="StyleId-1" CONTENT="chemistry," WC="0.91" CC="0700000100" />
            <SP ID="P16_SP00257" WIDTH="0" HPOS="0" VPOS="0" />
            <String ID="P16_S00289" HPOS="564" VPOS="2279" WIDTH="227" HEIGHT="48" STYLEREFS="StyleId-1" CONTENT="inorganic" WC="0.831111133" CC="300000740" />
            <SP ID="P16_SP00258" WIDTH="0" HPOS="0" VPOS="0" />
            <String ID="P16_S00290" HPOS="813" VPOS="2282" WIDTH="85" HEIGHT="45" STYLEREFS="StyleId-1" CONTENT="and" WC="0.43" CC="079" />
            <SP ID="P16_SP00259" WIDTH="0" HPOS="0" VPOS="0" />
            <String ID="P16_S00291" HPOS="919" VPOS="2284" WIDTH="193" HEIGHT="46" STYLEREFS="StyleId-1" CONTENT="organic," WC="0.8675" CC="00002502" />
            <SP ID="P16_SP00260" WIDTH="0" HPOS="0" VPOS="0" />
            <String ID="P16_S00292" HPOS="1152" VPOS="2285" WIDTH="77" HEIGHT="45" STYLEREFS="StyleId-1" CONTENT="she" WC="0.8" CC="600" />
            <SP ID="P16_SP00261" WIDTH="0" HPOS="0" VPOS="0" />
            <String ID="P16_S00293" HPOS="1271" VPOS="2286" WIDTH="206" HEIGHT="44" STYLEREFS="StyleId-1" CONTENT="obtained" WC="0.8575" CC="50004100" />
            <SP ID="P16_SP00262" WIDTH="0" HPOS="0" VPOS="0" />
            <String ID="P16_S00294" HPOS="1520" VPOS="2291" WIDTH="68" HEIGHT="39" STYLEREFS="StyleId-1" CONTENT="for" WC="0.88" CC="003" />
            <SP ID="P16_SP00263" WIDTH="0" HPOS="0" VPOS="0" />
            <String ID="P16_S00295" HPOS="1628" VPOS="2293" WIDTH="74" HEIGHT="38" STYLEREFS="StyleId-1" CONTENT="the" WC="0.913333356" CC="002" />
          </TextLine>
          <TextLine ID="P16_TL00033" HPOS="184" VPOS="2341" WIDTH="1520" HEIGHT="56">
            <String ID="P16_S00296" HPOS="184" VPOS="2341" WIDTH="201" HEIGHT="39" STYLEREFS="StyleId-1" CONTENT="students" WC="0.8125" CC="60800000" />
            <SP ID="P16_SP00264" WIDTH="0" HPOS="0" VPOS="0" />
            <String ID="P16_S00297" HPOS="407" VPOS="2344" WIDTH="255" HEIGHT="45" STYLEREFS="StyleId-1" CONTENT="permission" WC="0.964" CC="0000200100" />
            <SP ID="P16_SP00265" WIDTH="0" HPOS="0" VPOS="0" />
            <String ID="P16_S00298" HPOS="684" VPOS="2350" WIDTH="45" HEIGHT="39" STYLEREFS="StyleId-1" CONTENT="to" WC="1" CC="00" />
            <SP ID="P16_SP00266" WIDTH="0" HPOS="0" VPOS="0" />
            <String ID="P16_S00299" HPOS="751" VPOS="2347" WIDTH="150" HEIGHT="42" STYLEREFS="StyleId-1" CONTENT="attend" WC="0.9116667" CC="000050" />
            <SP ID="P16_SP00267" WIDTH="0" HPOS="0" VPOS="0" />
            <String ID="P16_S00300" HPOS="917" VPOS="2347" WIDTH="186" HEIGHT="42" STYLEREFS="StyleId-1" CONTENT="lectures" WC="0.82125" CC="20005600" />
            <SP ID="P16_SP00268" WIDTH="0" HPOS="0" VPOS="0" />
            <String ID="P16_S00301" HPOS="1119" VPOS="2351" WIDTH="140" HEIGHT="40" STYLEREFS="StyleId-1" CONTENT="under" WC="0.944" CC="02000" />
            <SP ID="P16_SP00269" WIDTH="0" HPOS="0" VPOS="0" />
            <String ID="P16_S00302" HPOS="1275" VPOS="2353" WIDTH="225" HEIGHT="40" STYLEREFS="StyleId-1" CONTENT="Professor" WC="0.8488889" CC="630300000" />
            <SP ID="P16_SP00270" WIDTH="0" HPOS="0" VPOS="0" />
            <String ID="P16_S00303" HPOS="1523" VPOS="2356" WIDTH="181" HEIGHT="41" STYLEREFS="StyleId-1" CONTENT="Charles" WC="0.72" CC="1651500" />
          </TextLine>
          <TextLine ID="P16_TL00034" HPOS="184" VPOS="2406" WIDTH="1514" HEIGHT="66">
            <String ID="P16_S00304" HPOS="184" VPOS="2407" WIDTH="148" HEIGHT="44" STYLEREFS="StyleId-1" CONTENT="Stone," WC="0.855" CC="300400" />
            <SP ID="P16_SP00271" WIDTH="0" HPOS="0" VPOS="0" />
            <String ID="P16_S00305" HPOS="358" VPOS="2420" WIDTH="83" HEIGHT="31" STYLEREFS="StyleId-1" CONTENT="one" WC="0.816666663" CC="050" />
            <SP ID="P16_SP00272" WIDTH="0" HPOS="0" VPOS="0" />
            <String ID="P16_S00306" HPOS="462" VPOS="2408" WIDTH="45" HEIGHT="43" STYLEREFS="StyleId-1" CONTENT="of" WC="0.96" CC="00" />
            <SP ID="P16_SP00273" WIDTH="0" HPOS="0" VPOS="0" />
            <String ID="P16_S00307" HPOS="527" VPOS="2409" WIDTH="75" HEIGHT="42" STYLEREFS="StyleId-1" CONTENT="the" WC="1" CC="000" />
            <SP ID="P16_SP00274" WIDTH="0" HPOS="0" VPOS="0" />
            <String ID="P16_S00308" HPOS="622" VPOS="2409" WIDTH="94" HEIGHT="42" STYLEREFS="StyleId-1" CONTENT="best" WC="0.9475" CC="2000" />
            <SP ID="P16_SP00275" WIDTH="0" HPOS="0" VPOS="0" />
            <String ID="P16_S00309" HPOS="737" VPOS="2411" WIDTH="212" HEIGHT="41" STYLEREFS="StyleId-1" CONTENT="scientific" WC="0.955" CC="0000301000" />
            <SP ID="P16_SP00276" WIDTH="0" HPOS="0" VPOS="0" />
            <String ID="P16_S00310" HPOS="972" VPOS="2413" WIDTH="207" HEIGHT="41" STYLEREFS="StyleId-1" CONTENT="lecturers" WC="0.95" CC="000022000" />
            <SP ID="P16_SP00277" WIDTH="0" HPOS="0" VPOS="0" />
            <String ID="P16_S00311" HPOS="1202" VPOS="2415" WIDTH="44" HEIGHT="39" STYLEREFS="StyleId-1" CONTENT="in" WC="0.81" CC="12" />
            <SP ID="P16_SP00278" WIDTH="0" HPOS="0" VPOS="0" />
            <String ID="P16_S00312" HPOS="1269" VPOS="2417" WIDTH="171" HEIGHT="49" STYLEREFS="StyleId-1" CONTENT="Cooper" WC="0.955" CC="000020" />
            <SP ID="P16_SP00279" WIDTH="0" HPOS="0" VPOS="0" />
            <String ID="P16_S00313" HPOS="1471" VPOS="2422" WIDTH="227" HEIGHT="50" STYLEREFS="StyleId-1" CONTENT="Institute," WC="0.726" CC="2510206053" />
          </TextLine>
          <TextLine ID="P16_TL00035" HPOS="184" VPOS="2471" WIDTH="1519" HEIGHT="60">
            <String ID="P16_S00314" HPOS="184" VPOS="2472" WIDTH="225" HEIGHT="48" STYLEREFS="StyleId-1" CONTENT="presiding" WC="0.704444468" CC="7400013010" />
            <SP ID="P16_SP00280" WIDTH="0" HPOS="0" VPOS="0" />
            <String ID="P16_S00315" HPOS="428" VPOS="2484" WIDTH="102" HEIGHT="36" STYLEREFS="StyleId-1" CONTENT="over" WC="0.835" CC="3003" />
            <SP ID="P16_SP00281" WIDTH="0" HPOS="0" VPOS="0" />
            <String ID="P16_S00316" HPOS="550" VPOS="2486" WIDTH="83" HEIGHT="34" STYLEREFS="StyleId-1" CONTENT="one" WC="0.9433333" CC="010" />
            <SP ID="P16_SP00282" WIDTH="0" HPOS="0" VPOS="0" />
            <String ID="P16_S00317" HPOS="654" VPOS="2475" WIDTH="46" HEIGHT="45" STYLEREFS="StyleId-1" CONTENT="of" WC="0.975" CC="00" />
            <SP ID="P16_SP00283" WIDTH="0" HPOS="0" VPOS="0" />
            <String ID="P16_S00318" HPOS="719" VPOS="2476" WIDTH="75" HEIGHT="44" STYLEREFS="StyleId-1" CONTENT="the" WC="1" CC="000" />
            <SP ID="P16_SP00284" WIDTH="0" HPOS="0" VPOS="0" />
            <String ID="P16_S00319" HPOS="822" VPOS="2476" WIDTH="333" HEIGHT="51" STYLEREFS="StyleId-1" CONTENT="best-equipped" WC="0.8453846" CC="00000115210000" />
            <SP ID="P16_SP00285" WIDTH="0" HPOS="0" VPOS="0" />
            <String ID="P16_S00320" HPOS="1176" VPOS="2482" WIDTH="212" HEIGHT="45" STYLEREFS="StyleId-1" CONTENT="chemical" WC="0.82125" CC="06001050" />
            <SP ID="P16_SP00286" WIDTH="0" HPOS="0" VPOS="0" />
            <String ID="P16_S00321" HPOS="1418" VPOS="2485" WIDTH="285" HEIGHT="44" STYLEREFS="StyleId-1" CONTENT="laboratories" WC="0.8383333" CC="060005000006" />
          </TextLine>
        </TextBlock>
      </PrintSpace>
    </Page>
  </Layout>
</alto>