<?xml version="1.0" encoding="utf-8"?>
<alto xmlns:xlink="http://www.w3.org/1999/xlink" xmlns:xsi="http://www.w3.org/2001/XMLSchema-instance" xsi:schemaLocation="http://www.loc.gov/standards/alto/ns-v2# http://www.loc.gov/standards/alto/alto-v2.0.xsd" xmlns="http://www.loc.gov/standards/alto/ns-v2#">
  <Description>
    <MeasurementUnit>pixel</MeasurementUnit>
    <sourceImageInformation>
      <fileName>0000010.tif</fileName>
    </sourceImageInformation>
    <OCRProcessing ID="Processing">
      <ocrProcessingStep>
        <processingStepSettings>Image Resolution:400</processingStepSettings>
        <processingSoftware>
          <softwareCreator>I2S Kirtas</softwareCreator>
          <softwareName>Limb</softwareName>
          <softwareVersion>1.0</softwareVersion>
          <applicationDescription>Abbyy10 OCR Engine</applicationDescription>
        </processingSoftware>
      </ocrProcessingStep>
    </OCRProcessing>
  </Description>
  <Styles>
    <TextStyle ID="StyleId-0" FONTSIZE="8" FONTFAMILY="Times New Roman" />
    <TextStyle ID="StyleId-1" FONTSIZE="9" FONTFAMILY="Times New Roman" />
  </Styles>
  <Layout>
    <Page ID="P10" PHYSICAL_IMG_NR="10" HEIGHT="2800" WIDTH="1900" ACCURACY="0.766265035" QUALITY_DETAIL="356 words, 1663 chars, 1262 with recognition greater than 50% (75.89%)">
      <TopMargin ID="P10_TM00001" HPOS="0" VPOS="0" WIDTH="1900" HEIGHT="270" />
      <LeftMargin ID="P10_LM00001" HPOS="0" VPOS="270" WIDTH="160" HEIGHT="2263" />
      <RightMargin ID="P10_RM00001" HPOS="1742" VPOS="270" WIDTH="158" HEIGHT="2263" />
      <BottomMargin ID="P10_BM00001" HPOS="0" VPOS="2533" WIDTH="1900" HEIGHT="267" />
      <PrintSpace ID="P10_PS00001" HPOS="160" VPOS="270" WIDTH="1582" HEIGHT="2263">
        <TextBlock ID="P10_TB00001" HPOS="189" VPOS="273" WIDTH="37" HEIGHT="48">
          <TextLine ID="P10_TL00001" HPOS="197" VPOS="281" WIDTH="21" HEIGHT="32">
            <String ID="P10_S00001" HPOS="197" VPOS="281" WIDTH="21" HEIGHT="32" STYLEREFS="StyleId-0" CONTENT="8" WC="1" CC="0" />
          </TextLine>
        </TextBlock>
        <TextBlock ID="P10_TB00002" HPOS="666" VPOS="266" WIDTH="576" HEIGHT="48">
          <TextLine ID="P10_TL00002" HPOS="674" VPOS="274" WIDTH="560" HEIGHT="32">
            <String ID="P10_S00002" HPOS="674" VPOS="275" WIDTH="202" HEIGHT="35" STYLEREFS="StyleId-0" CONTENT="WOMAN" WC="0.968" CC="00001" />
            <SP ID="P10_SP00001" WIDTH="0" HPOS="0" VPOS="0" />
            <String ID="P10_S00003" HPOS="896" VPOS="274" WIDTH="56" HEIGHT="36" STYLEREFS="StyleId-0" CONTENT="IN" WC="0.975" CC="00" />
            <SP ID="P10_SP00002" WIDTH="0" HPOS="0" VPOS="0" />
            <String ID="P10_S00004" HPOS="972" VPOS="270" WIDTH="262" HEIGHT="40" STYLEREFS="StyleId-0" CONTENT="MEDICINE" WC="0.9" CC="00100600" />
          </TextLine>
        </TextBlock>
        <TextBlock ID="P10_TB00003" HPOS="161" VPOS="381" WIDTH="1581" HEIGHT="2152">
          <TextLine ID="P10_TL00003" HPOS="282" VPOS="388" WIDTH="1433" HEIGHT="43">
            <String ID="P10_S00005" HPOS="282" VPOS="397" WIDTH="73" HEIGHT="36" STYLEREFS="StyleId-1" CONTENT="Dr." WC="0.923333347" CC="002" />
            <SP ID="P10_SP00003" WIDTH="0" HPOS="0" VPOS="0" />
            <String ID="P10_S00006" HPOS="381" VPOS="397" WIDTH="143" HEIGHT="44" STYLEREFS="StyleId-1" CONTENT="James" WC="0.972" CC="00100" />
            <SP ID="P10_SP00004" WIDTH="0" HPOS="0" VPOS="0" />
            <String ID="P10_S00007" HPOS="544" VPOS="395" WIDTH="38" HEIGHT="46" STYLEREFS="StyleId-1" CONTENT="J." WC="1" CC="00" />
            <SP ID="P10_SP00005" WIDTH="0" HPOS="0" VPOS="0" />
            <String ID="P10_S00008" HPOS="610" VPOS="393" WIDTH="166" HEIGHT="48" STYLEREFS="StyleId-1" CONTENT="Walsh," WC="0.87" CC="000060" />
            <SP ID="P10_SP00006" WIDTH="0" HPOS="0" VPOS="0" />
            <String ID="P10_S00009" HPOS="804" VPOS="392" WIDTH="156" HEIGHT="49" STYLEREFS="StyleId-1" CONTENT="author" WC="0.403333336" CC="8104741" />
            <SP ID="P10_SP00007" WIDTH="0" HPOS="0" VPOS="0" />
            <String ID="P10_S00010" HPOS="982" VPOS="391" WIDTH="45" HEIGHT="50" STYLEREFS="StyleId-1" CONTENT="of" WC="0.825" CC="03" />
            <SP ID="P10_SP00008" WIDTH="0" HPOS="0" VPOS="0" />
            <String ID="P10_S00011" HPOS="1040" VPOS="402" WIDTH="23" HEIGHT="39" STYLEREFS="StyleId-1" CONTENT="a" WC="1" CC="0" />
            <SP ID="P10_SP00009" WIDTH="0" HPOS="0" VPOS="0" />
            <String ID="P10_S00012" HPOS="1079" VPOS="393" WIDTH="146" HEIGHT="48" STYLEREFS="StyleId-1" CONTENT="recent" WC="0.8466667" CC="100052" />
            <SP ID="P10_SP00010" WIDTH="0" HPOS="0" VPOS="0" />
            <String ID="P10_S00013" HPOS="1238" VPOS="385" WIDTH="170" HEIGHT="56" STYLEREFS="StyleId-1" CONTENT="history" WC="0.7985714" CC="6400300" />
            <SP ID="P10_SP00011" WIDTH="0" HPOS="0" VPOS="0" />
            <String ID="P10_S00014" HPOS="1423" VPOS="382" WIDTH="43" HEIGHT="59" STYLEREFS="StyleId-1" CONTENT="of" WC="0.74" CC="05" />
            <SP ID="P10_SP00012" WIDTH="0" HPOS="0" VPOS="0" />
            <String ID="P10_S00015" HPOS="1484" VPOS="378" WIDTH="231" HEIGHT="63" STYLEREFS="StyleId-1" CONTENT="medicine," WC="0.7977778" CC="303102800" />
          </TextLine>
          <TextLine ID="P10_TL00004" HPOS="197" VPOS="450" WIDTH="1522" HEIGHT="47">
            <String ID="P10_S00016" HPOS="198" VPOS="461" WIDTH="194" HEIGHT="46" STYLEREFS="StyleId-1" CONTENT="entitled," WC="0.664444447" CC="680506020" />
            <SP ID="P10_SP00013" WIDTH="0" HPOS="0" VPOS="0" />
            <String ID="P10_S00017" HPOS="425" VPOS="455" WIDTH="118" HEIGHT="52" STYLEREFS="StyleId-1" CONTENT="&quot;Old" WC="0.6175" CC="7070" />
            <SP ID="P10_SP00014" WIDTH="0" HPOS="0" VPOS="0" />
            <String ID="P10_S00018" HPOS="584" VPOS="458" WIDTH="126" HEIGHT="49" STYLEREFS="StyleId-1" CONTENT="Time" WC="0.495" CC="7390" />
            <SP ID="P10_SP00015" WIDTH="0" HPOS="0" VPOS="0" />
            <String ID="P10_S00019" HPOS="735" VPOS="458" WIDTH="172" HEIGHT="49" STYLEREFS="StyleId-1" CONTENT="Makers" WC="0.7783333" CC="302502" />
            <SP ID="P10_SP00016" WIDTH="0" HPOS="0" VPOS="0" />
            <String ID="P10_S00020" HPOS="948" VPOS="456" WIDTH="45" HEIGHT="51" STYLEREFS="StyleId-1" CONTENT="of" WC="0.86" CC="02" />
            <SP ID="P10_SP00017" WIDTH="0" HPOS="0" VPOS="0" />
            <String ID="P10_S00021" HPOS="1031" VPOS="452" WIDTH="272" HEIGHT="55" STYLEREFS="StyleId-1" CONTENT="Medicine&quot;," WC="0.653" CC="0085038070" />
            <SP ID="P10_SP00018" WIDTH="0" HPOS="0" VPOS="0" />
            <String ID="P10_S00022" HPOS="1333" VPOS="461" WIDTH="127" HEIGHT="46" STYLEREFS="StyleId-1" CONTENT="says:" WC="0.75" CC="06230" />
            <SP ID="P10_SP00019" WIDTH="0" HPOS="0" VPOS="0" />
            <String ID="P10_S00023" HPOS="1511" VPOS="440" WIDTH="116" HEIGHT="67" STYLEREFS="StyleId-1" CONTENT="&quot;We" WC="0.74333334" CC="700" />
            <SP ID="P10_SP00020" WIDTH="0" HPOS="0" VPOS="0" />
            <String ID="P10_S00024" HPOS="1648" VPOS="457" WIDTH="71" HEIGHT="50" STYLEREFS="StyleId-1" CONTENT="are" WC="0.78" CC="600" />
          </TextLine>
          <TextLine ID="P10_TL00005" HPOS="197" VPOS="522" WIDTH="1522" HEIGHT="38">
            <String ID="P10_S00025" HPOS="197" VPOS="540" WIDTH="136" HEIGHT="31" STYLEREFS="StyleId-1" CONTENT="prone" WC="0.714" CC="52050" />
            <SP ID="P10_SP00021" WIDTH="0" HPOS="0" VPOS="0" />
            <String ID="P10_S00026" HPOS="354" VPOS="527" WIDTH="44" HEIGHT="44" STYLEREFS="StyleId-1" CONTENT="in" WC="1" CC="00" />
            <SP ID="P10_SP00022" WIDTH="0" HPOS="0" VPOS="0" />
            <String ID="P10_S00027" HPOS="421" VPOS="526" WIDTH="179" HEIGHT="45" STYLEREFS="StyleId-1" CONTENT="modern" WC="0.87" CC="000070" />
            <SP ID="P10_SP00023" WIDTH="0" HPOS="0" VPOS="0" />
            <String ID="P10_S00028" HPOS="622" VPOS="524" WIDTH="125" HEIGHT="47" STYLEREFS="StyleId-1" CONTENT="times" WC="0.806" CC="02007" />
            <SP ID="P10_SP00024" WIDTH="0" HPOS="0" VPOS="0" />
            <String ID="P10_S00029" HPOS="770" VPOS="528" WIDTH="43" HEIGHT="43" STYLEREFS="StyleId-1" CONTENT="to" WC="0.905" CC="01" />
            <SP ID="P10_SP00025" WIDTH="0" HPOS="0" VPOS="0" />
            <String ID="P10_S00030" HPOS="836" VPOS="522" WIDTH="129" HEIGHT="49" STYLEREFS="StyleId-1" CONTENT="think" WC="0.93" CC="00300" />
            <SP ID="P10_SP00026" WIDTH="0" HPOS="0" VPOS="0" />
            <String ID="P10_S00031" HPOS="987" VPOS="522" WIDTH="93" HEIGHT="49" STYLEREFS="StyleId-1" CONTENT="that" WC="0.845" CC="0024" />
            <SP ID="P10_SP00027" WIDTH="0" HPOS="0" VPOS="0" />
            <String ID="P10_S00032" HPOS="1102" VPOS="531" WIDTH="79" HEIGHT="40" STYLEREFS="StyleId-1" CONTENT="our" WC="0.453333348" CC="0106" />
            <SP ID="P10_SP00028" WIDTH="0" HPOS="0" VPOS="0" />
            <String ID="P10_S00033" HPOS="1198" VPOS="517" WIDTH="260" HEIGHT="54" STYLEREFS="StyleId-1" CONTENT="generation" WC="0.814" CC="7050000320" />
            <SP ID="P10_SP00029" WIDTH="0" HPOS="0" VPOS="0" />
            <String ID="P10_S00034" HPOS="1482" VPOS="513" WIDTH="36" HEIGHT="58" STYLEREFS="StyleId-1" CONTENT="is" WC="0.825" CC="30" />
            <SP ID="P10_SP00030" WIDTH="0" HPOS="0" VPOS="0" />
            <String ID="P10_S00035" HPOS="1539" VPOS="513" WIDTH="75" HEIGHT="58" STYLEREFS="StyleId-1" CONTENT="the" WC="0.74" CC="700" />
            <SP ID="P10_SP00031" WIDTH="0" HPOS="0" VPOS="0" />
            <String ID="P10_S00036" HPOS="1625" VPOS="511" WIDTH="94" HEIGHT="60" STYLEREFS="StyleId-1" CONTENT="first" WC="0.748" CC="00146" />
          </TextLine>
          <TextLine ID="P10_TL00006" HPOS="196" VPOS="588" WIDTH="1521" HEIGHT="40">
            <String ID="P10_S00037" HPOS="196" VPOS="599" WIDTH="45" HEIGHT="31" STYLEREFS="StyleId-1" CONTENT="to" WC="0.81" CC="30" />
            <SP ID="P10_SP00032" WIDTH="0" HPOS="0" VPOS="0" />
            <String ID="P10_S00038" HPOS="264" VPOS="592" WIDTH="104" HEIGHT="38" STYLEREFS="StyleId-1" CONTENT="offer" WC="0.878" CC="02202" />
            <SP ID="P10_SP00033" WIDTH="0" HPOS="0" VPOS="0" />
            <String ID="P10_S00039" HPOS="390" VPOS="598" WIDTH="44" HEIGHT="32" STYLEREFS="StyleId-1" CONTENT="to" WC="1" CC="00" />
            <SP ID="P10_SP00034" WIDTH="0" HPOS="0" VPOS="0" />
            <String ID="P10_S00040" HPOS="457" VPOS="603" WIDTH="167" HEIGHT="27" STYLEREFS="StyleId-1" CONTENT="women" WC="0.836" CC="00008" />
            <SP ID="P10_SP00035" WIDTH="0" HPOS="0" VPOS="0" />
            <String ID="P10_S00041" HPOS="639" VPOS="603" WIDTH="84" HEIGHT="33" STYLEREFS="StyleId-1" CONTENT="any" WC="0.82" CC="005" />
            <SP ID="P10_SP00036" WIDTH="0" HPOS="0" VPOS="0" />
            <String ID="P10_S00042" HPOS="737" VPOS="588" WIDTH="215" HEIGHT="48" STYLEREFS="StyleId-1" CONTENT="facilities," WC="0.82" CC="30034404000" />
            <SP ID="P10_SP00037" WIDTH="0" HPOS="0" VPOS="0" />
            <String ID="P10_S00043" HPOS="980" VPOS="600" WIDTH="47" HEIGHT="36" STYLEREFS="StyleId-1" CONTENT="or" WC="0.96" CC="00" />
            <SP ID="P10_SP00038" WIDTH="0" HPOS="0" VPOS="0" />
            <String ID="P10_S00044" HPOS="1044" VPOS="582" WIDTH="336" HEIGHT="54" STYLEREFS="StyleId-1" CONTENT="opportunities," WC="0.665" CC="052041065506000" />
            <SP ID="P10_SP00039" WIDTH="0" HPOS="0" VPOS="0" />
            <String ID="P10_S00045" HPOS="1400" VPOS="580" WIDTH="67" HEIGHT="56" STYLEREFS="StyleId-1" CONTENT="for" WC="0.826666653" CC="111" />
            <SP ID="P10_SP00040" WIDTH="0" HPOS="0" VPOS="0" />
            <String ID="P10_S00046" HPOS="1486" VPOS="577" WIDTH="231" HEIGHT="59" STYLEREFS="StyleId-1" CONTENT="education" WC="0.6677778" CC="008050527" />
          </TextLine>
          <TextLine ID="P10_TL00007" HPOS="198" VPOS="658" WIDTH="1518" HEIGHT="36">
            <String ID="P10_S00047" HPOS="198" VPOS="658" WIDTH="45" HEIGHT="37" STYLEREFS="StyleId-1" CONTENT="in" WC="0.425" CC="65" />
            <SP ID="P10_SP00041" WIDTH="0" HPOS="0" VPOS="0" />
            <String ID="P10_S00048" HPOS="265" VPOS="657" WIDTH="227" HEIGHT="39" STYLEREFS="StyleId-1" CONTENT="medicine." WC="0.876666665" CC="000001800" />
            <SP ID="P10_SP00042" WIDTH="0" HPOS="0" VPOS="0" />
            <String ID="P10_S00049" HPOS="554" VPOS="657" WIDTH="79" HEIGHT="39" STYLEREFS="StyleId-1" CONTENT="We" WC="1" CC="00" />
            <SP ID="P10_SP00043" WIDTH="0" HPOS="0" VPOS="0" />
            <String ID="P10_S00050" HPOS="656" VPOS="668" WIDTH="70" HEIGHT="28" STYLEREFS="StyleId-1" CONTENT="are" WC="1" CC="000" />
            <SP ID="P10_SP00044" WIDTH="0" HPOS="0" VPOS="0" />
            <String ID="P10_S00051" HPOS="744" VPOS="666" WIDTH="146" HEIGHT="35" STYLEREFS="StyleId-1" CONTENT="prone," WC="0.76" CC="502600" />
            <SP ID="P10_SP00045" WIDTH="0" HPOS="0" VPOS="0" />
            <String ID="P10_S00052" HPOS="910" VPOS="655" WIDTH="213" HEIGHT="46" STYLEREFS="StyleId-1" CONTENT="however," WC="0.97375" CC="02000000" />
            <SP ID="P10_SP00046" WIDTH="0" HPOS="0" VPOS="0" />
            <String ID="P10_S00053" HPOS="1143" VPOS="651" WIDTH="44" HEIGHT="50" STYLEREFS="StyleId-1" CONTENT="in" WC="0.455" CC="46" />
            <SP ID="P10_SP00047" WIDTH="0" HPOS="0" VPOS="0" />
            <String ID="P10_S00054" HPOS="1203" VPOS="650" WIDTH="73" HEIGHT="51" STYLEREFS="StyleId-1" CONTENT="the" WC="1" CC="000" />
            <SP ID="P10_SP00048" WIDTH="0" HPOS="0" VPOS="0" />
            <String ID="P10_S00055" HPOS="1293" VPOS="659" WIDTH="118" HEIGHT="42" STYLEREFS="StyleId-1" CONTENT="same" WC="0.99" CC="0000" />
            <SP ID="P10_SP00049" WIDTH="0" HPOS="0" VPOS="0" />
            <String ID="P10_S00056" HPOS="1432" VPOS="658" WIDTH="96" HEIGHT="43" STYLEREFS="StyleId-1" CONTENT="way" WC="0.723333359" CC="800" />
            <SP ID="P10_SP00050" WIDTH="0" HPOS="0" VPOS="0" />
            <String ID="P10_S00057" HPOS="1550" VPOS="650" WIDTH="44" HEIGHT="51" STYLEREFS="StyleId-1" CONTENT="to" WC="1" CC="00" />
            <SP ID="P10_SP00051" WIDTH="0" HPOS="0" VPOS="0" />
            <String ID="P10_S00058" HPOS="1616" VPOS="656" WIDTH="100" HEIGHT="45" STYLEREFS="StyleId-1" CONTENT="con¬" WC="0.7775" CC="0080" />
          </TextLine>
          <TextLine ID="P10_TL00008" HPOS="196" VPOS="720" WIDTH="1523" HEIGHT="38">
            <String ID="P10_S00059" HPOS="196" VPOS="724" WIDTH="115" HEIGHT="38" STYLEREFS="StyleId-1" CONTENT="sider" WC="0.73" CC="010003" />
            <SP ID="P10_SP00052" WIDTH="0" HPOS="0" VPOS="0" />
            <String ID="P10_S00060" HPOS="331" VPOS="724" WIDTH="95" HEIGHT="38" STYLEREFS="StyleId-1" CONTENT="that" WC="0.9625" CC="0001" />
            <SP ID="P10_SP00053" WIDTH="0" HPOS="0" VPOS="0" />
            <String ID="P10_S00061" HPOS="450" VPOS="735" WIDTH="22" HEIGHT="27" STYLEREFS="StyleId-1" CONTENT="a" WC="1" CC="0" />
            <SP ID="P10_SP00054" WIDTH="0" HPOS="0" VPOS="0" />
            <String ID="P10_S00062" HPOS="490" VPOS="721" WIDTH="181" HEIGHT="41" STYLEREFS="StyleId-1" CONTENT="number" WC="0.87833333" CC="501000" />
            <SP ID="P10_SP00055" WIDTH="0" HPOS="0" VPOS="0" />
            <String ID="P10_S00063" HPOS="693" VPOS="720" WIDTH="46" HEIGHT="42" STYLEREFS="StyleId-1" CONTENT="of" WC="0.68" CC="24" />
            <SP ID="P10_SP00056" WIDTH="0" HPOS="0" VPOS="0" />
            <String ID="P10_S00064" HPOS="758" VPOS="719" WIDTH="151" HEIGHT="45" STYLEREFS="StyleId-1" CONTENT="things" WC="0.615" CC="406470" />
            <SP ID="P10_SP00057" WIDTH="0" HPOS="0" VPOS="0" />
            <String ID="P10_S00065" HPOS="929" VPOS="719" WIDTH="96" HEIGHT="45" STYLEREFS="StyleId-1" CONTENT="that" WC="0.8025" CC="1600" />
            <SP ID="P10_SP00058" WIDTH="0" HPOS="0" VPOS="0" />
            <String ID="P10_S00066" HPOS="1049" VPOS="730" WIDTH="62" HEIGHT="34" STYLEREFS="StyleId-1" CONTENT="we" WC="1" CC="00" />
            <SP ID="P10_SP00059" WIDTH="0" HPOS="0" VPOS="0" />
            <String ID="P10_S00067" HPOS="1128" VPOS="728" WIDTH="71" HEIGHT="36" STYLEREFS="StyleId-1" CONTENT="are" WC="1" CC="000" />
            <SP ID="P10_SP00060" WIDTH="0" HPOS="0" VPOS="0" />
            <String ID="P10_S00068" HPOS="1215" VPOS="714" WIDTH="139" HEIGHT="50" STYLEREFS="StyleId-1" CONTENT="doing" WC="0.666" CC="40570" />
            <SP ID="P10_SP00061" WIDTH="0" HPOS="0" VPOS="0" />
            <String ID="P10_S00069" HPOS="1374" VPOS="724" WIDTH="71" HEIGHT="40" STYLEREFS="StyleId-1" CONTENT="are" WC="0.923333347" CC="020" />
            <SP ID="P10_SP00062" WIDTH="0" HPOS="0" VPOS="0" />
            <String ID="P10_S00070" HPOS="1468" VPOS="723" WIDTH="99" HEIGHT="41" STYLEREFS="StyleId-1" CONTENT="now" WC="0.7266667" CC="502" />
            <SP ID="P10_SP00063" WIDTH="0" HPOS="0" VPOS="0" />
            <String ID="P10_S00071" HPOS="1586" VPOS="709" WIDTH="133" HEIGHT="55" STYLEREFS="StyleId-1" CONTENT="being" WC="0.508" CC="205610" />
          </TextLine>
          <TextLine ID="P10_TL00009" HPOS="199" VPOS="786" WIDTH="1518" HEIGHT="35">
            <String ID="P10_S00072" HPOS="199" VPOS="790" WIDTH="112" HEIGHT="37" STYLEREFS="StyleId-1" CONTENT="done" WC="0.935" CC="0020" />
            <SP ID="P10_SP00064" WIDTH="0" HPOS="0" VPOS="0" />
            <String ID="P10_S00073" HPOS="333" VPOS="789" WIDTH="67" HEIGHT="38" STYLEREFS="StyleId-1" CONTENT="for" WC="0.74666667" CC="403" />
            <SP ID="P10_SP00065" WIDTH="0" HPOS="0" VPOS="0" />
            <String ID="P10_S00074" HPOS="421" VPOS="789" WIDTH="73" HEIGHT="38" STYLEREFS="StyleId-1" CONTENT="the" WC="0.9766667" CC="000" />
            <SP ID="P10_SP00066" WIDTH="0" HPOS="0" VPOS="0" />
            <String ID="P10_S00075" HPOS="516" VPOS="786" WIDTH="233" HEIGHT="43" STYLEREFS="StyleId-1" CONTENT="first,time." WC="0.9054545" CC="00200003004" />
            <SP ID="P10_SP00067" WIDTH="0" HPOS="0" VPOS="0" />
            <String ID="P10_S00076" HPOS="811" VPOS="785" WIDTH="61" HEIGHT="44" STYLEREFS="StyleId-1" CONTENT="As" WC="0.355" CC="210" />
            <SP ID="P10_SP00068" WIDTH="0" HPOS="0" VPOS="0" />
            <String ID="P10_S00077" HPOS="896" VPOS="797" WIDTH="23" HEIGHT="32" STYLEREFS="StyleId-1" CONTENT="a" WC="1" CC="0" />
            <SP ID="P10_SP00069" WIDTH="0" HPOS="0" VPOS="0" />
            <String ID="P10_S00078" HPOS="940" VPOS="788" WIDTH="154" HEIGHT="41" STYLEREFS="StyleId-1" CONTENT="matter" WC="0.6766667" CC="1090000" />
            <SP ID="P10_SP00070" WIDTH="0" HPOS="0" VPOS="0" />
            <String ID="P10_S00079" HPOS="1117" VPOS="782" WIDTH="45" HEIGHT="47" STYLEREFS="StyleId-1" CONTENT="of" WC="0.765" CC="04" />
            <SP ID="P10_SP00071" WIDTH="0" HPOS="0" VPOS="0" />
            <String ID="P10_S00080" HPOS="1185" VPOS="780" WIDTH="101" HEIGHT="49" STYLEREFS="StyleId-1" CONTENT="fact," WC="0.712" CC="210001" />
            <SP ID="P10_SP00072" WIDTH="0" HPOS="0" VPOS="0" />
            <String ID="P10_S00081" HPOS="1328" VPOS="778" WIDTH="33" HEIGHT="51" STYLEREFS="StyleId-1" CONTENT="it" WC="0.795" CC="40" />
            <SP ID="P10_SP00073" WIDTH="0" HPOS="0" VPOS="0" />
            <String ID="P10_S00082" HPOS="1401" VPOS="777" WIDTH="37" HEIGHT="52" STYLEREFS="StyleId-1" CONTENT="is" WC="0.74" CC="23" />
            <SP ID="P10_SP00074" WIDTH="0" HPOS="0" VPOS="0" />
            <String ID="P10_S00083" HPOS="1478" VPOS="775" WIDTH="239" HEIGHT="54" STYLEREFS="StyleId-1" CONTENT="extremely" WC="0.74333334" CC="050003066" />
          </TextLine>
          <TextLine ID="P10_TL00010" HPOS="198" VPOS="852" WIDTH="1521" HEIGHT="38">
            <String ID="P10_S00084" HPOS="198" VPOS="854" WIDTH="184" HEIGHT="38" STYLEREFS="StyleId-1" CONTENT="difficult" WC="0.8055556" CC="050000038" />
            <SP ID="P10_SP00075" WIDTH="0" HPOS="0" VPOS="0" />
            <String ID="P10_S00085" HPOS="402" VPOS="858" WIDTH="45" HEIGHT="34" STYLEREFS="StyleId-1" CONTENT="to" WC="0.845" CC="30" />
            <SP ID="P10_SP00076" WIDTH="0" HPOS="0" VPOS="0" />
            <String ID="P10_S00086" HPOS="469" VPOS="853" WIDTH="91" HEIGHT="39" STYLEREFS="StyleId-1" CONTENT="find" WC="0.805" CC="0070" />
            <SP ID="P10_SP00077" WIDTH="0" HPOS="0" VPOS="0" />
            <String ID="P10_S00087" HPOS="583" VPOS="865" WIDTH="84" HEIGHT="33" STYLEREFS="StyleId-1" CONTENT="any" WC="1" CC="000" />
            <SP ID="P10_SP00078" WIDTH="0" HPOS="0" VPOS="0" />
            <String ID="P10_S00088" HPOS="691" VPOS="851" WIDTH="237" HEIGHT="47" STYLEREFS="StyleId-1" CONTENT="important" WC="0.813333333" CC="000152070" />
            <SP ID="P10_SP00079" WIDTH="0" HPOS="0" VPOS="0" />
            <String ID="P10_S00089" HPOS="949" VPOS="852" WIDTH="263" HEIGHT="46" STYLEREFS="StyleId-1" CONTENT="movement," WC="0.73888886" CC="920000801" />
            <SP ID="P10_SP00080" WIDTH="0" HPOS="0" VPOS="0" />
            <String ID="P10_S00090" HPOS="1253" VPOS="858" WIDTH="49" HEIGHT="40" STYLEREFS="StyleId-1" CONTENT="or" WC="0.885" CC="01" />
            <SP ID="P10_SP00081" WIDTH="0" HPOS="0" VPOS="0" />
            <String ID="P10_S00091" HPOS="1322" VPOS="842" WIDTH="276" HEIGHT="56" STYLEREFS="StyleId-1" CONTENT="occupation," WC="0.695454538" CC="00047304463" />
            <SP ID="P10_SP00082" WIDTH="0" HPOS="0" VPOS="0" />
            <String ID="P10_S00092" HPOS="1624" VPOS="841" WIDTH="95" HEIGHT="57" STYLEREFS="StyleId-1" CONTENT="that" WC="0.6675" CC="0750" />
          </TextLine>
          <TextLine ID="P10_TL00011" HPOS="199" VPOS="918" WIDTH="1515" HEIGHT="38">
            <String ID="P10_S00093" HPOS="199" VPOS="920" WIDTH="36" HEIGHT="38" STYLEREFS="StyleId-1" CONTENT="is" WC="0.765" CC="40" />
            <SP ID="P10_SP00083" WIDTH="0" HPOS="0" VPOS="0" />
            <String ID="P10_S00094" HPOS="257" VPOS="925" WIDTH="76" HEIGHT="33" STYLEREFS="StyleId-1" CONTENT="not" WC="0.7966667" CC="600" />
            <SP ID="P10_SP00084" WIDTH="0" HPOS="0" VPOS="0" />
            <String ID="P10_S00095" HPOS="354" VPOS="919" WIDTH="161" HEIGHT="46" STYLEREFS="StyleId-1" CONTENT="merely" WC="0.696666658" CC="004760" />
            <SP ID="P10_SP00085" WIDTH="0" HPOS="0" VPOS="0" />
            <String ID="P10_S00096" HPOS="537" VPOS="931" WIDTH="23" HEIGHT="34" STYLEREFS="StyleId-1" CONTENT="a" WC="1" CC="0" />
            <SP ID="P10_SP00086" WIDTH="0" HPOS="0" VPOS="0" />
            <String ID="P10_S00097" HPOS="581" VPOS="916" WIDTH="229" HEIGHT="49" STYLEREFS="StyleId-1" CONTENT="repetition" WC="0.774" CC="10000342010" />
            <SP ID="P10_SP00087" WIDTH="0" HPOS="0" VPOS="0" />
            <String ID="P10_S00098" HPOS="835" VPOS="915" WIDTH="45" HEIGHT="50" STYLEREFS="StyleId-1" CONTENT="of" WC="0.89" CC="02" />
            <SP ID="P10_SP00088" WIDTH="0" HPOS="0" VPOS="0" />
            <String ID="P10_S00099" HPOS="901" VPOS="928" WIDTH="23" HEIGHT="37" STYLEREFS="StyleId-1" CONTENT="a" WC="1" CC="0" />
            <SP ID="P10_SP00089" WIDTH="0" HPOS="0" VPOS="0" />
            <String ID="P10_S00100" HPOS="946" VPOS="914" WIDTH="202" HEIGHT="51" STYLEREFS="StyleId-1" CONTENT="previous" WC="0.75375" CC="00194301" />
            <SP ID="P10_SP00090" WIDTH="0" HPOS="0" VPOS="0" />
            <String ID="P10_S00101" HPOS="1188" VPOS="912" WIDTH="179" HEIGHT="53" STYLEREFS="StyleId-1" CONTENT="interest" WC="0.81" CC="40006030" />
            <SP ID="P10_SP00091" WIDTH="0" HPOS="0" VPOS="0" />
            <String ID="P10_S00102" HPOS="1383" VPOS="910" WIDTH="46" HEIGHT="55" STYLEREFS="StyleId-1" CONTENT="of" WC="0.76" CC="04" />
            <SP ID="P10_SP00092" WIDTH="0" HPOS="0" VPOS="0" />
            <String ID="P10_S00103" HPOS="1450" VPOS="907" WIDTH="264" HEIGHT="58" STYLEREFS="StyleId-1" CONTENT="mankind&quot;." WC="0.784444451" CC="000308070" />
          </TextLine>
          <TextLine ID="P10_TL00012" HPOS="286" VPOS="978" WIDTH="1429" HEIGHT="41">
            <String ID="P10_S00104" HPOS="286" VPOS="978" WIDTH="128" HEIGHT="45" STYLEREFS="StyleId-1" CONTENT="&quot;The" WC="0.52" CC="7740" />
            <SP ID="P10_SP00093" WIDTH="0" HPOS="0" VPOS="0" />
            <String ID="P10_S00105" HPOS="435" VPOS="984" WIDTH="140" HEIGHT="39" STYLEREFS="StyleId-1" CONTENT="whole" WC="0.784" CC="07030" />
            <SP ID="P10_SP00094" WIDTH="0" HPOS="0" VPOS="0" />
            <String ID="P10_S00106" HPOS="597" VPOS="975" WIDTH="230" HEIGHT="48" STYLEREFS="StyleId-1" CONTENT="education" WC="0.7888889" CC="060000804" />
            <SP ID="P10_SP00095" WIDTH="0" HPOS="0" VPOS="0" />
            <String ID="P10_S00107" HPOS="849" VPOS="981" WIDTH="46" HEIGHT="42" STYLEREFS="StyleId-1" CONTENT="of" WC="0.885" CC="02" />
            <SP ID="P10_SP00096" WIDTH="0" HPOS="0" VPOS="0" />
            <String ID="P10_S00108" HPOS="913" VPOS="991" WIDTH="165" HEIGHT="32" STYLEREFS="StyleId-1" CONTENT="women" WC="0.876" CC="00006" />
            <SP ID="P10_SP00097" WIDTH="0" HPOS="0" VPOS="0" />
            <String ID="P10_S00109" HPOS="1101" VPOS="992" WIDTH="64" HEIGHT="31" STYLEREFS="StyleId-1" CONTENT="we" WC="1" CC="00" />
            <SP ID="P10_SP00098" WIDTH="0" HPOS="0" VPOS="0" />
            <String ID="P10_S00110" HPOS="1187" VPOS="989" WIDTH="73" HEIGHT="34" STYLEREFS="StyleId-1" CONTENT="are" WC="1" CC="000" />
            <SP ID="P10_SP00099" WIDTH="0" HPOS="0" VPOS="0" />
            <String ID="P10_S00111" HPOS="1280" VPOS="981" WIDTH="73" HEIGHT="42" STYLEREFS="StyleId-1" CONTENT="apt" WC="0.6533333" CC="604" />
            <SP ID="P10_SP00100" WIDTH="0" HPOS="0" VPOS="0" />
            <String ID="P10_S00112" HPOS="1370" VPOS="980" WIDTH="44" HEIGHT="43" STYLEREFS="StyleId-1" CONTENT="to" WC="0.56" CC="26" />
            <SP ID="P10_SP00101" WIDTH="0" HPOS="0" VPOS="0" />
            <String ID="P10_S00113" HPOS="1436" VPOS="974" WIDTH="129" HEIGHT="49" STYLEREFS="StyleId-1" CONTENT="think" WC="0.612" CC="04761" />
            <SP ID="P10_SP00102" WIDTH="0" HPOS="0" VPOS="0" />
            <String ID="P10_S00114" HPOS="1586" VPOS="973" WIDTH="47" HEIGHT="50" STYLEREFS="StyleId-1" CONTENT="of" WC="0.81" CC="30" />
            <SP ID="P10_SP00103" WIDTH="0" HPOS="0" VPOS="0" />
            <String ID="P10_S00115" HPOS="1671" VPOS="985" WIDTH="44" HEIGHT="38" STYLEREFS="StyleId-1" CONTENT="as" WC="0.65" CC="43" />
          </TextLine>
          <TextLine ID="P10_TL00013" HPOS="200" VPOS="1044" WIDTH="1516" HEIGHT="42">
            <String ID="P10_S00116" HPOS="200" VPOS="1051" WIDTH="194" HEIGHT="45" STYLEREFS="StyleId-1" CONTENT="modern," WC="0.834285736" CC="0000460" />
            <SP ID="P10_SP00104" WIDTH="0" HPOS="0" VPOS="0" />
            <String ID="P10_S00117" HPOS="421" VPOS="1049" WIDTH="240" HEIGHT="47" STYLEREFS="StyleId-1" CONTENT="forgetting" WC="0.692" CC="10210000249" />
            <SP ID="P10_SP00105" WIDTH="0" HPOS="0" VPOS="0" />
            <String ID="P10_S00118" HPOS="682" VPOS="1048" WIDTH="94" HEIGHT="48" STYLEREFS="StyleId-1" CONTENT="that" WC="0.815" CC="0700" />
            <SP ID="P10_SP00106" WIDTH="0" HPOS="0" VPOS="0" />
            <String ID="P10_S00119" HPOS="798" VPOS="1046" WIDTH="137" HEIGHT="50" STYLEREFS="StyleId-1" CONTENT="Plato," WC="0.705" CC="643003" />
            <SP ID="P10_SP00107" WIDTH="0" HPOS="0" VPOS="0" />
            <String ID="P10_S00120" HPOS="963" VPOS="1045" WIDTH="43" HEIGHT="51" STYLEREFS="StyleId-1" CONTENT="in" WC="0.205" CC="510" />
            <SP ID="P10_SP00108" WIDTH="0" HPOS="0" VPOS="0" />
            <String ID="P10_S00121" HPOS="1043" VPOS="1044" WIDTH="68" HEIGHT="52" STYLEREFS="StyleId-1" CONTENT="his" WC="0.766666651" CC="070" />
            <SP ID="P10_SP00109" WIDTH="0" HPOS="0" VPOS="0" />
            <String ID="P10_S00122" HPOS="1157" VPOS="1036" WIDTH="284" HEIGHT="60" STYLEREFS="StyleId-1" CONTENT="&quot;Republic&quot;" WC="0.76" CC="0400501507" />
            <SP ID="P10_SP00110" WIDTH="0" HPOS="0" VPOS="0" />
            <String ID="P10_S00123" HPOS="1469" VPOS="1039" WIDTH="180" HEIGHT="57" STYLEREFS="StyleId-1" CONTENT="insisted" WC="0.60625" CC="38656100" />
            <SP ID="P10_SP00111" WIDTH="0" HPOS="0" VPOS="0" />
            <String ID="P10_S00124" HPOS="1672" VPOS="1051" WIDTH="44" HEIGHT="45" STYLEREFS="StyleId-1" CONTENT="as" WC="0.74" CC="50" />
          </TextLine>
          <TextLine ID="P10_TL00014" HPOS="199" VPOS="1115" WIDTH="1518" HEIGHT="37">
            <String ID="P10_S00125" HPOS="199" VPOS="1116" WIDTH="244" HEIGHT="46" STYLEREFS="StyleId-1" CONTENT="absolutely" WC="0.733" CC="6060700050" />
            <SP ID="P10_SP00112" WIDTH="0" HPOS="0" VPOS="0" />
            <String ID="P10_S00126" HPOS="463" VPOS="1126" WIDTH="46" HEIGHT="36" STYLEREFS="StyleId-1" CONTENT="as" WC="0.61" CC="70" />
            <SP ID="P10_SP00113" WIDTH="0" HPOS="0" VPOS="0" />
            <String ID="P10_S00127" HPOS="531" VPOS="1127" WIDTH="88" HEIGHT="35" STYLEREFS="StyleId-1" CONTENT="any" WC="0.456666678" CC="1060" />
            <SP ID="P10_SP00114" WIDTH="0" HPOS="0" VPOS="0" />
            <String ID="P10_S00128" HPOS="640" VPOS="1112" WIDTH="194" HEIGHT="50" STYLEREFS="StyleId-1" CONTENT="feminist" WC="0.68375" CC="20345702" />
            <SP ID="P10_SP00115" WIDTH="0" HPOS="0" VPOS="0" />
            <String ID="P10_S00129" HPOS="855" VPOS="1111" WIDTH="46" HEIGHT="51" STYLEREFS="StyleId-1" CONTENT="of" WC="1" CC="00" />
            <SP ID="P10_SP00116" WIDTH="0" HPOS="0" VPOS="0" />
            <String ID="P10_S00130" HPOS="920" VPOS="1122" WIDTH="80" HEIGHT="40" STYLEREFS="StyleId-1" CONTENT="our" WC="0.5966667" CC="272" />
            <SP ID="P10_SP00117" WIDTH="0" HPOS="0" VPOS="0" />
            <String ID="P10_S00131" HPOS="1035" VPOS="1109" WIDTH="140" HEIGHT="53" STYLEREFS="StyleId-1" CONTENT="times," WC="0.928333342" CC="030010" />
            <SP ID="P10_SP00118" WIDTH="0" HPOS="0" VPOS="0" />
            <String ID="P10_S00132" HPOS="1221" VPOS="1108" WIDTH="96" HEIGHT="54" STYLEREFS="StyleId-1" CONTENT="that" WC="0.5225" CC="5760" />
            <SP ID="P10_SP00119" WIDTH="0" HPOS="0" VPOS="0" />
            <String ID="P10_S00133" HPOS="1356" VPOS="1118" WIDTH="168" HEIGHT="44" STYLEREFS="StyleId-1" CONTENT="women" WC="0.528" CC="06908" />
            <SP ID="P10_SP00120" WIDTH="0" HPOS="0" VPOS="0" />
            <String ID="P10_S00134" HPOS="1560" VPOS="1104" WIDTH="157" HEIGHT="58" STYLEREFS="StyleId-1" CONTENT="should" WC="0.6116667" CC="060664" />
          </TextLine>
          <TextLine ID="P10_TL00015" HPOS="200" VPOS="1181" WIDTH="1517" HEIGHT="36">
            <String ID="P10_S00135" HPOS="200" VPOS="1183" WIDTH="109" HEIGHT="38" STYLEREFS="StyleId-1" CONTENT="have" WC="0.715" CC="4060" />
            <SP ID="P10_SP00121" WIDTH="0" HPOS="0" VPOS="0" />
            <String ID="P10_S00136" HPOS="322" VPOS="1183" WIDTH="74" HEIGHT="38" STYLEREFS="StyleId-1" CONTENT="the" WC="0.76" CC="007" />
            <SP ID="P10_SP00122" WIDTH="0" HPOS="0" VPOS="0" />
            <String ID="P10_S00137" HPOS="413" VPOS="1192" WIDTH="116" HEIGHT="29" STYLEREFS="StyleId-1" CONTENT="same" WC="0.685" CC="2090" />
            <SP ID="P10_SP00123" WIDTH="0" HPOS="0" VPOS="0" />
            <String ID="P10_S00138" HPOS="546" VPOS="1177" WIDTH="319" HEIGHT="48" STYLEREFS="StyleId-1" CONTENT="opportunities" WC="0.83" CC="01000100820000" />
            <SP ID="P10_SP00124" WIDTH="0" HPOS="0" VPOS="0" />
            <String ID="P10_S00139" HPOS="879" VPOS="1177" WIDTH="66" HEIGHT="48" STYLEREFS="StyleId-1" CONTENT="for" WC="0.836666644" CC="400" />
            <SP ID="P10_SP00125" WIDTH="0" HPOS="0" VPOS="0" />
            <String ID="P10_S00140" HPOS="958" VPOS="1174" WIDTH="230" HEIGHT="51" STYLEREFS="StyleId-1" CONTENT="education" WC="0.7922222" CC="007000217" />
            <SP ID="P10_SP00126" WIDTH="0" HPOS="0" VPOS="0" />
            <String ID="P10_S00141" HPOS="1204" VPOS="1185" WIDTH="46" HEIGHT="40" STYLEREFS="StyleId-1" CONTENT="as" WC="0.87" CC="20" />
            <SP ID="P10_SP00127" WIDTH="0" HPOS="0" VPOS="0" />
            <String ID="P10_S00142" HPOS="1263" VPOS="1185" WIDTH="99" HEIGHT="40" STYLEREFS="StyleId-1" CONTENT="men" WC="0.476666659" CC="807" />
            <SP ID="P10_SP00128" WIDTH="0" HPOS="0" VPOS="0" />
            <String ID="P10_S00143" HPOS="1381" VPOS="1186" WIDTH="8" HEIGHT="39" STYLEREFS="StyleId-1" CONTENT=";" WC="1" CC="0" />
            <SP ID="P10_SP00129" WIDTH="0" HPOS="0" VPOS="0" />
            <String ID="P10_S00144" HPOS="1415" VPOS="1171" WIDTH="85" HEIGHT="54" STYLEREFS="StyleId-1" CONTENT="and" WC="0.393333346" CC="099" />
            <SP ID="P10_SP00130" WIDTH="0" HPOS="0" VPOS="0" />
            <String ID="P10_S00145" HPOS="1523" VPOS="1177" WIDTH="42" HEIGHT="48" STYLEREFS="StyleId-1" CONTENT="at" WC="0.65" CC="07" />
            <SP ID="P10_SP00131" WIDTH="0" HPOS="0" VPOS="0" />
            <String ID="P10_S00146" HPOS="1581" VPOS="1172" WIDTH="136" HEIGHT="53" STYLEREFS="StyleId-1" CONTENT="Rome" WC="0.6875" CC="5060" />
          </TextLine>
          <TextLine ID="P10_TL00016" HPOS="202" VPOS="1246" WIDTH="1511" HEIGHT="36">
            <String ID="P10_S00147" HPOS="202" VPOS="1254" WIDTH="43" HEIGHT="31" STYLEREFS="StyleId-1" CONTENT="at" WC="0.445" CC="64" />
            <SP ID="P10_SP00132" WIDTH="0" HPOS="0" VPOS="0" />
            <String ID="P10_S00148" HPOS="267" VPOS="1248" WIDTH="74" HEIGHT="37" STYLEREFS="StyleId-1" CONTENT="the" WC="0.85" CC="201" />
            <SP ID="P10_SP00133" WIDTH="0" HPOS="0" VPOS="0" />
            <String ID="P10_S00149" HPOS="361" VPOS="1246" WIDTH="83" HEIGHT="39" STYLEREFS="StyleId-1" CONTENT="end" WC="0.793333352" CC="060" />
            <SP ID="P10_SP00134" WIDTH="0" HPOS="0" VPOS="0" />
            <String ID="P10_S00150" HPOS="468" VPOS="1245" WIDTH="47" HEIGHT="40" STYLEREFS="StyleId-1" CONTENT="of" WC="0.755" CC="22" />
            <SP ID="P10_SP00135" WIDTH="0" HPOS="0" VPOS="0" />
            <String ID="P10_S00151" HPOS="535" VPOS="1245" WIDTH="75" HEIGHT="40" STYLEREFS="StyleId-1" CONTENT="the" WC="1" CC="000" />
            <SP ID="P10_SP00136" WIDTH="0" HPOS="0" VPOS="0" />
            <String ID="P10_S00152" HPOS="650" VPOS="1242" WIDTH="214" HEIGHT="48" STYLEREFS="StyleId-1" CONTENT="Republic" WC="0.67625" CC="90440033" />
            <SP ID="P10_SP00137" WIDTH="0" HPOS="0" VPOS="0" />
            <String ID="P10_S00153" HPOS="884" VPOS="1241" WIDTH="85" HEIGHT="49" STYLEREFS="StyleId-1" CONTENT="and" WC="0.7633333" CC="070" />
            <SP ID="P10_SP00138" WIDTH="0" HPOS="0" VPOS="0" />
            <String ID="P10_S00154" HPOS="993" VPOS="1243" WIDTH="75" HEIGHT="47" STYLEREFS="StyleId-1" CONTENT="the" WC="0.776666641" CC="060" />
            <SP ID="P10_SP00139" WIDTH="0" HPOS="0" VPOS="0" />
            <String ID="P10_S00155" HPOS="1088" VPOS="1238" WIDTH="248" HEIGHT="52" STYLEREFS="StyleId-1" CONTENT="beginning" WC="0.5311111" CC="0053465710" />
            <SP ID="P10_SP00140" WIDTH="0" HPOS="0" VPOS="0" />
            <String ID="P10_S00156" HPOS="1355" VPOS="1237" WIDTH="47" HEIGHT="53" STYLEREFS="StyleId-1" CONTENT="of" WC="0.355" CC="93" />
            <SP ID="P10_SP00141" WIDTH="0" HPOS="0" VPOS="0" />
            <String ID="P10_S00157" HPOS="1421" VPOS="1237" WIDTH="75" HEIGHT="53" STYLEREFS="StyleId-1" CONTENT="the" WC="0.793333352" CC="060" />
            <SP ID="P10_SP00142" WIDTH="0" HPOS="0" VPOS="0" />
            <String ID="P10_S00158" HPOS="1518" VPOS="1235" WIDTH="195" HEIGHT="55" STYLEREFS="StyleId-1" CONTENT="Empire," WC="0.545714259" CC="71057000" />
          </TextLine>
          <TextLine ID="P10_TL00017" HPOS="200" VPOS="1312" WIDTH="1516" HEIGHT="36">
            <String ID="P10_S00159" HPOS="200" VPOS="1325" WIDTH="167" HEIGHT="27" STYLEREFS="StyleId-1" CONTENT="women" WC="0.626" CC="93005" />
            <SP ID="P10_SP00143" WIDTH="0" HPOS="0" VPOS="0" />
            <String ID="P10_S00160" HPOS="390" VPOS="1310" WIDTH="208" HEIGHT="47" STYLEREFS="StyleId-1" CONTENT="occupied" WC="0.8725" CC="00060300" />
            <SP ID="P10_SP00144" WIDTH="0" HPOS="0" VPOS="0" />
            <String ID="P10_S00161" HPOS="621" VPOS="1322" WIDTH="103" HEIGHT="35" STYLEREFS="StyleId-1" CONTENT="very" WC="1" CC="0000" />
            <SP ID="P10_SP00145" WIDTH="0" HPOS="0" VPOS="0" />
            <String ID="P10_S00162" HPOS="747" VPOS="1308" WIDTH="131" HEIGHT="49" STYLEREFS="StyleId-1" CONTENT="much" WC="1" CC="0000" />
            <SP ID="P10_SP00146" WIDTH="0" HPOS="0" VPOS="0" />
            <String ID="P10_S00163" HPOS="899" VPOS="1308" WIDTH="74" HEIGHT="49" STYLEREFS="StyleId-1" CONTENT="the" WC="0.966666639" CC="001" />
            <SP ID="P10_SP00147" WIDTH="0" HPOS="0" VPOS="0" />
            <String ID="P10_S00164" HPOS="996" VPOS="1315" WIDTH="117" HEIGHT="42" STYLEREFS="StyleId-1" CONTENT="sa:me" WC="0.78" CC="03700" />
            <SP ID="P10_SP00148" WIDTH="0" HPOS="0" VPOS="0" />
            <String ID="P10_S00165" HPOS="1146" VPOS="1304" WIDTH="188" HEIGHT="53" STYLEREFS="StyleId-1" CONTENT="position" WC="0.7625" CC="40007007" />
            <SP ID="P10_SP00149" WIDTH="0" HPOS="0" VPOS="0" />
            <String ID="P10_S00166" HPOS="1373" VPOS="1303" WIDTH="44" HEIGHT="54" STYLEREFS="StyleId-1" CONTENT="in" WC="1" CC="00" />
            <SP ID="P10_SP00150" WIDTH="0" HPOS="0" VPOS="0" />
            <String ID="P10_S00167" HPOS="1459" VPOS="1302" WIDTH="131" HEIGHT="55" STYLEREFS="StyleId-1" CONTENT="social" WC="0.87" CC="000610" />
            <SP ID="P10_SP00151" WIDTH="0" HPOS="0" VPOS="0" />
            <String ID="P10_S00168" HPOS="1632" VPOS="1301" WIDTH="84" HEIGHT="56" STYLEREFS="StyleId-1" CONTENT="and" WC="1" CC="000" />
          </TextLine>
          <TextLine ID="P10_TL00018" HPOS="199" VPOS="1369" WIDTH="1260" HEIGHT="47">
            <String ID="P10_S00169" HPOS="199" VPOS="1369" WIDTH="181" HEIGHT="55" STYLEREFS="StyleId-1" CONTENT="literary" WC="0.78125" CC="72430000" />
            <SP ID="P10_SP00152" WIDTH="0" HPOS="0" VPOS="0" />
            <String ID="P10_S00170" HPOS="399" VPOS="1376" WIDTH="78" HEIGHT="48" STYLEREFS="StyleId-1" CONTENT="life" WC="0.6875" CC="4430" />
            <SP ID="P10_SP00153" WIDTH="0" HPOS="0" VPOS="0" />
            <String ID="P10_S00171" HPOS="498" VPOS="1389" WIDTH="45" HEIGHT="35" STYLEREFS="StyleId-1" CONTENT="as" WC="1" CC="00" />
            <SP ID="P10_SP00154" WIDTH="0" HPOS="0" VPOS="0" />
            <String ID="P10_S00172" HPOS="564" VPOS="1387" WIDTH="82" HEIGHT="37" STYLEREFS="StyleId-1" CONTENT="our" WC="0.6666667" CC="0100" />
            <SP ID="P10_SP00155" WIDTH="0" HPOS="0" VPOS="0" />
            <String ID="P10_S00173" HPOS="666" VPOS="1387" WIDTH="97" HEIGHT="37" STYLEREFS="StyleId-1" CONTENT="own" WC="0.8066667" CC="005" />
            <SP ID="P10_SP00156" WIDTH="0" HPOS="0" VPOS="0" />
            <String ID="P10_S00174" HPOS="787" VPOS="1385" WIDTH="168" HEIGHT="39" STYLEREFS="StyleId-1" CONTENT="women" WC="0.712" CC="001004" />
            <SP ID="P10_SP00157" WIDTH="0" HPOS="0" VPOS="0" />
            <String ID="P10_S00175" HPOS="978" VPOS="1373" WIDTH="47" HEIGHT="51" STYLEREFS="StyleId-1" CONTENT="Of" WC="0.38" CC="102" />
            <SP ID="P10_SP00158" WIDTH="0" HPOS="0" VPOS="0" />
            <String ID="P10_S00176" HPOS="1039" VPOS="1371" WIDTH="205" HEIGHT="53" STYLEREFS="StyleId-1" CONTENT="to-day.&quot;" WC="0.75" CC="00008047" />
            <SP ID="P10_SP00159" WIDTH="0" HPOS="0" VPOS="0" />
            <String ID="P10_S00177" HPOS="1441" VPOS="1373" WIDTH="17" HEIGHT="51" STYLEREFS="StyleId-1" CONTENT="*" WC="0.25" CC="7" />
          </TextLine>
          <TextLine ID="P10_TL00019" HPOS="283" VPOS="1442" WIDTH="1433" HEIGHT="37">
            <String ID="P10_S00178" HPOS="283" VPOS="1442" WIDTH="187" HEIGHT="46" STYLEREFS="StyleId-1" CONTENT="Coming" WC="0.733333349" CC="120650" />
            <SP ID="P10_SP00160" WIDTH="0" HPOS="0" VPOS="0" />
            <String ID="P10_S00179" HPOS="491" VPOS="1454" WIDTH="59" HEIGHT="34" STYLEREFS="StyleId-1" CONTENT="up" WC="0.785" CC="40" />
            <SP ID="P10_SP00161" WIDTH="0" HPOS="0" VPOS="0" />
            <String ID="P10_S00180" HPOS="573" VPOS="1447" WIDTH="44" HEIGHT="41" STYLEREFS="StyleId-1" CONTENT="to" WC="1" CC="00" />
            <SP ID="P10_SP00162" WIDTH="0" HPOS="0" VPOS="0" />
            <String ID="P10_S00181" HPOS="639" VPOS="1440" WIDTH="118" HEIGHT="48" STYLEREFS="StyleId-1" CONTENT="early" WC="0.848" CC="70000" />
            <SP ID="P10_SP00163" WIDTH="0" HPOS="0" VPOS="0" />
            <String ID="P10_S00182" HPOS="776" VPOS="1438" WIDTH="221" HEIGHT="50" STYLEREFS="StyleId-1" CONTENT="Christian" WC="0.75666666" CC="000550108" />
            <SP ID="P10_SP00164" WIDTH="0" HPOS="0" VPOS="0" />
            <String ID="P10_S00183" HPOS="1020" VPOS="1437" WIDTH="142" HEIGHT="51" STYLEREFS="StyleId-1" CONTENT="times," WC="0.923333347" CC="200010" />
            <SP ID="P10_SP00165" WIDTH="0" HPOS="0" VPOS="0" />
            <String ID="P10_S00184" HPOS="1183" VPOS="1435" WIDTH="162" HEIGHT="53" STYLEREFS="StyleId-1" CONTENT="during" WC="0.47" CC="0447510" />
            <SP ID="P10_SP00166" WIDTH="0" HPOS="0" VPOS="0" />
            <String ID="P10_S00185" HPOS="1365" VPOS="1435" WIDTH="75" HEIGHT="53" STYLEREFS="StyleId-1" CONTENT="the" WC="0.84" CC="040" />
            <SP ID="P10_SP00167" WIDTH="0" HPOS="0" VPOS="0" />
            <String ID="P10_S00186" HPOS="1461" VPOS="1433" WIDTH="149" HEIGHT="55" STYLEREFS="StyleId-1" CONTENT="fourth" WC="0.525" CC="4110533" />
            <SP ID="P10_SP00168" WIDTH="0" HPOS="0" VPOS="0" />
            <String ID="P10_S00187" HPOS="1632" VPOS="1433" WIDTH="84" HEIGHT="55" STYLEREFS="StyleId-1" CONTENT="and" WC="0.57" CC="660" />
          </TextLine>
          <TextLine ID="P10_TL00020" HPOS="198" VPOS="1509" WIDTH="1518" HEIGHT="36">
            <String ID="P10_S00188" HPOS="198" VPOS="1509" WIDTH="100" HEIGHT="39" STYLEREFS="StyleId-1" CONTENT="fifth" WC="0.934" CC="00300" />
            <SP ID="P10_SP00169" WIDTH="0" HPOS="0" VPOS="0" />
            <String ID="P10_S00189" HPOS="319" VPOS="1507" WIDTH="230" HEIGHT="46" STYLEREFS="StyleId-1" CONTENT="centuries," WC="0.753" CC="0060836000" />
            <SP ID="P10_SP00170" WIDTH="0" HPOS="0" VPOS="0" />
            <String ID="P10_S00190" HPOS="576" VPOS="1507" WIDTH="122" HEIGHT="46" STYLEREFS="StyleId-1" CONTENT="there" WC="0.958" CC="00020" />
            <SP ID="P10_SP00171" WIDTH="0" HPOS="0" VPOS="0" />
            <String ID="P10_S00191" HPOS="733" VPOS="1517" WIDTH="113" HEIGHT="36" STYLEREFS="StyleId-1" CONTENT="were" WC="0.7975" CC="8000" />
            <SP ID="P10_SP00172" WIDTH="0" HPOS="0" VPOS="0" />
            <String ID="P10_S00192" HPOS="869" VPOS="1516" WIDTH="131" HEIGHT="37" STYLEREFS="StyleId-1" CONTENT="many" WC="0.5575" CC="2870" />
            <SP ID="P10_SP00173" WIDTH="0" HPOS="0" VPOS="0" />
            <String ID="P10_S00193" HPOS="1022" VPOS="1501" WIDTH="324" HEIGHT="52" STYLEREFS="StyleId-1" CONTENT="distinguished" WC="0.7123077" CC="03602510053000" />
            <SP ID="P10_SP00174" WIDTH="0" HPOS="0" VPOS="0" />
            <String ID="P10_S00194" HPOS="1376" VPOS="1512" WIDTH="169" HEIGHT="41" STYLEREFS="StyleId-1" CONTENT="women" WC="0.658" CC="64006" />
            <SP ID="P10_SP00175" WIDTH="0" HPOS="0" VPOS="0" />
            <String ID="P10_S00195" HPOS="1568" VPOS="1499" WIDTH="147" HEIGHT="54" STYLEREFS="StyleId-1" CONTENT="physi¬" WC="0.625" CC="409061" />
          </TextLine>
          <TextLine ID="P10_TL00021" HPOS="200" VPOS="1575" WIDTH="1519" HEIGHT="34">
            <String ID="P10_S00196" HPOS="200" VPOS="1574" WIDTH="135" HEIGHT="46" STYLEREFS="StyleId-1" CONTENT="cians," WC="0.863333344" CC="240101" />
            <SP ID="P10_SP00176" WIDTH="0" HPOS="0" VPOS="0" />
            <String ID="P10_S00197" HPOS="363" VPOS="1573" WIDTH="83" HEIGHT="47" STYLEREFS="StyleId-1" CONTENT="and" WC="0.7866667" CC="060" />
            <SP ID="P10_SP00177" WIDTH="0" HPOS="0" VPOS="0" />
            <String ID="P10_S00198" HPOS="470" VPOS="1574" WIDTH="73" HEIGHT="46" STYLEREFS="StyleId-1" CONTENT="the" WC="0.686666667" CC="900" />
            <SP ID="P10_SP00178" WIDTH="0" HPOS="0" VPOS="0" />
            <String ID="P10_S00199" HPOS="565" VPOS="1584" WIDTH="148" HEIGHT="36" STYLEREFS="StyleId-1" CONTENT="names" WC="0.896" CC="50000" />
            <SP ID="P10_SP00179" WIDTH="0" HPOS="0" VPOS="0" />
            <String ID="P10_S00200" HPOS="735" VPOS="1571" WIDTH="45" HEIGHT="49" STYLEREFS="StyleId-1" CONTENT="of" WC="0.945" CC="01" />
            <SP ID="P10_SP00180" WIDTH="0" HPOS="0" VPOS="0" />
            <String ID="P10_S00201" HPOS="801" VPOS="1583" WIDTH="24" HEIGHT="37" STYLEREFS="StyleId-1" CONTENT="a" WC="1" CC="0" />
            <SP ID="P10_SP00181" WIDTH="0" HPOS="0" VPOS="0" />
            <String ID="P10_S00202" HPOS="841" VPOS="1570" WIDTH="83" HEIGHT="50" STYLEREFS="StyleId-1" CONTENT="few" WC="0.8466667" CC="400" />
            <SP ID="P10_SP00182" WIDTH="0" HPOS="0" VPOS="0" />
            <String ID="P10_S00203" HPOS="945" VPOS="1569" WIDTH="46" HEIGHT="51" STYLEREFS="StyleId-1" CONTENT="of" WC="0.83" CC="03" />
            <SP ID="P10_SP00183" WIDTH="0" HPOS="0" VPOS="0" />
            <String ID="P10_S00204" HPOS="1012" VPOS="1569" WIDTH="117" HEIGHT="51" STYLEREFS="StyleId-1" CONTENT="them" WC="0.7575" CC="5400" />
            <SP ID="P10_SP00184" WIDTH="0" HPOS="0" VPOS="0" />
            <String ID="P10_S00205" HPOS="1143" VPOS="1568" WIDTH="110" HEIGHT="52" STYLEREFS="StyleId-1" CONTENT="have" WC="0.855" CC="0500" />
            <SP ID="P10_SP00185" WIDTH="0" HPOS="0" VPOS="0" />
            <String ID="P10_S00206" HPOS="1264" VPOS="1567" WIDTH="108" HEIGHT="53" STYLEREFS="StyleId-1" CONTENT="been" WC="0.75" CC="00010" />
            <SP ID="P10_SP00186" WIDTH="0" HPOS="0" VPOS="0" />
            <String ID="P10_S00207" HPOS="1387" VPOS="1564" WIDTH="273" HEIGHT="56" STYLEREFS="StyleId-1" CONTENT="transmitted" WC="0.8081818" CC="06040010090" />
            <SP ID="P10_SP00187" WIDTH="0" HPOS="0" VPOS="0" />
            <String ID="P10_S00208" HPOS="1675" VPOS="1569" WIDTH="44" HEIGHT="51" STYLEREFS="StyleId-1" CONTENT="to" WC="1" CC="00" />
          </TextLine>
          <TextLine ID="P10_TL00022" HPOS="202" VPOS="1639" WIDTH="1518" HEIGHT="35">
            <String ID="P10_S00209" HPOS="202" VPOS="1652" WIDTH="67" HEIGHT="27" STYLEREFS="StyleId-1" CONTENT="us." WC="0.77" CC="600" />
            <SP ID="P10_SP00188" WIDTH="0" HPOS="0" VPOS="0" />
            <String ID="P10_S00210" HPOS="331" VPOS="1640" WIDTH="117" HEIGHT="39" STYLEREFS="StyleId-1" CONTENT="Such" WC="0.62" CC="5270" />
            <SP ID="P10_SP00189" WIDTH="0" HPOS="0" VPOS="0" />
            <String ID="P10_S00211" HPOS="471" VPOS="1651" WIDTH="47" HEIGHT="28" STYLEREFS="StyleId-1" CONTENT="as" WC="0.56" CC="35" />
            <SP ID="P10_SP00190" WIDTH="0" HPOS="0" VPOS="0" />
            <String ID="P10_S00212" HPOS="538" VPOS="1636" WIDTH="261" HEIGHT="45" STYLEREFS="StyleId-1" CONTENT="Theodosia," WC="0.831" CC="0003000750" />
            <SP ID="P10_SP00191" WIDTH="0" HPOS="0" VPOS="0" />
            <String ID="P10_S00213" HPOS="827" VPOS="1640" WIDTH="44" HEIGHT="41" STYLEREFS="StyleId-1" CONTENT="at" WC="0.515" CC="81" />
            <SP ID="P10_SP00192" WIDTH="0" HPOS="0" VPOS="0" />
            <String ID="P10_S00214" HPOS="890" VPOS="1637" WIDTH="154" HEIGHT="44" STYLEREFS="StyleId-1" CONTENT="Rome." WC="0.596" CC="92044" />
            <SP ID="P10_SP00193" WIDTH="0" HPOS="0" VPOS="0" />
            <String ID="P10_S00215" HPOS="1079" VPOS="1634" WIDTH="88" HEIGHT="47" STYLEREFS="StyleId-1" CONTENT="She" WC="0.8666667" CC="040" />
            <SP ID="P10_SP00194" WIDTH="0" HPOS="0" VPOS="0" />
            <String ID="P10_S00216" HPOS="1205" VPOS="1645" WIDTH="89" HEIGHT="36" STYLEREFS="StyleId-1" CONTENT="was" WC="0.106666669" CC="10106" />
            <SP ID="P10_SP00195" WIDTH="0" HPOS="0" VPOS="0" />
            <String ID="P10_S00217" HPOS="1334" VPOS="1630" WIDTH="269" HEIGHT="51" STYLEREFS="StyleId-1" CONTENT="remarkable" WC="0.785" CC="2050404040" />
            <SP ID="P10_SP00196" WIDTH="0" HPOS="0" VPOS="0" />
            <String ID="P10_S00218" HPOS="1642" VPOS="1634" WIDTH="78" HEIGHT="47" STYLEREFS="StyleId-1" CONTENT="not" WC="0.7266667" CC="700" />
          </TextLine>
          <TextLine ID="P10_TL00023" HPOS="199" VPOS="1706" WIDTH="1518" HEIGHT="36">
            <String ID="P10_S00219" HPOS="199" VPOS="1706" WIDTH="105" HEIGHT="47" STYLEREFS="StyleId-1" CONTENT="Only" WC="0.5075" CC="10450" />
            <SP ID="P10_SP00197" WIDTH="0" HPOS="0" VPOS="0" />
            <String ID="P10_S00220" HPOS="325" VPOS="1717" WIDTH="46" HEIGHT="36" STYLEREFS="StyleId-1" CONTENT="as" WC="1" CC="00" />
            <SP ID="P10_SP00198" WIDTH="0" HPOS="0" VPOS="0" />
            <String ID="P10_S00221" HPOS="393" VPOS="1717" WIDTH="24" HEIGHT="36" STYLEREFS="StyleId-1" CONTENT="a" WC="0.8" CC="2" />
            <SP ID="P10_SP00199" WIDTH="0" HPOS="0" VPOS="0" />
            <String ID="P10_S00222" HPOS="438" VPOS="1703" WIDTH="226" HEIGHT="50" STYLEREFS="StyleId-1" CONTENT="physician" WC="0.7722222" CC="070050502" />
            <SP ID="P10_SP00200" WIDTH="0" HPOS="0" VPOS="0" />
            <String ID="P10_S00223" HPOS="689" VPOS="1703" WIDTH="84" HEIGHT="50" STYLEREFS="StyleId-1" CONTENT="and" WC="0.586666644" CC="750" />
            <SP ID="P10_SP00201" WIDTH="0" HPOS="0" VPOS="0" />
            <String ID="P10_S00224" HPOS="796" VPOS="1711" WIDTH="202" HEIGHT="42" STYLEREFS="StyleId-1" CONTENT="surgeon," WC="0.61375" CC="641100052" />
            <SP ID="P10_SP00202" WIDTH="0" HPOS="0" VPOS="0" />
            <String ID="P10_S00225" HPOS="1024" VPOS="1699" WIDTH="79" HEIGHT="54" STYLEREFS="StyleId-1" CONTENT="but" WC="0.5966667" CC="470" />
            <SP ID="P10_SP00203" WIDTH="0" HPOS="0" VPOS="0" />
            <String ID="P10_S00226" HPOS="1127" VPOS="1699" WIDTH="89" HEIGHT="54" STYLEREFS="StyleId-1" CONTENT="also" WC="1" CC="0000" />
            <SP ID="P10_SP00204" WIDTH="0" HPOS="0" VPOS="0" />
            <String ID="P10_S00227" HPOS="1239" VPOS="1698" WIDTH="44" HEIGHT="55" STYLEREFS="StyleId-1" CONTENT="in" WC="0.48" CC="46" />
            <SP ID="P10_SP00205" WIDTH="0" HPOS="0" VPOS="0" />
            <String ID="P10_S00228" HPOS="1325" VPOS="1698" WIDTH="74" HEIGHT="55" STYLEREFS="StyleId-1" CONTENT="the" WC="0.63" CC="550" />
            <SP ID="P10_SP00206" WIDTH="0" HPOS="0" VPOS="0" />
            <String ID="P10_S00229" HPOS="1421" VPOS="1697" WIDTH="89" HEIGHT="56" STYLEREFS="StyleId-1" CONTENT="fact" WC="0.93" CC="2000" />
            <SP ID="P10_SP00207" WIDTH="0" HPOS="0" VPOS="0" />
            <String ID="P10_S00230" HPOS="1530" VPOS="1696" WIDTH="77" HEIGHT="57" STYLEREFS="StyleId-1" CONTENT="she" WC="0.776666641" CC="060" />
            <SP ID="P10_SP00208" WIDTH="0" HPOS="0" VPOS="0" />
            <String ID="P10_S00231" HPOS="1628" VPOS="1696" WIDTH="89" HEIGHT="57" STYLEREFS="StyleId-1" CONTENT="suf¬" WC="0.885" CC="0040" />
          </TextLine>
          <TextLine ID="P10_TL00024" HPOS="201" VPOS="1770" WIDTH="1518" HEIGHT="37">
            <String ID="P10_S00232" HPOS="201" VPOS="1771" WIDTH="119" HEIGHT="38" STYLEREFS="StyleId-1" CONTENT="fered" WC="1" CC="00000" />
            <SP ID="P10_SP00209" WIDTH="0" HPOS="0" VPOS="0" />
            <String ID="P10_S00233" HPOS="335" VPOS="1771" WIDTH="244" HEIGHT="45" STYLEREFS="StyleId-1" CONTENT="martydom" WC="0.8525" CC="29000000" />
            <SP ID="P10_SP00210" WIDTH="0" HPOS="0" VPOS="0" />
            <String ID="P10_S00234" HPOS="597" VPOS="1768" WIDTH="108" HEIGHT="48" STYLEREFS="StyleId-1" CONTENT="with" WC="0.7525" CC="8100" />
            <SP ID="P10_SP00211" WIDTH="0" HPOS="0" VPOS="0" />
            <String ID="P10_S00235" HPOS="721" VPOS="1768" WIDTH="124" HEIGHT="48" STYLEREFS="StyleId-1" CONTENT="other" WC="0.796" CC="00405" />
            <SP ID="P10_SP00212" WIDTH="0" HPOS="0" VPOS="0" />
            <String ID="P10_S00236" HPOS="862" VPOS="1765" WIDTH="245" HEIGHT="51" STYLEREFS="StyleId-1" CONTENT="Christians" WC="0.727" CC="3001531804" />
            <SP ID="P10_SP00213" WIDTH="0" HPOS="0" VPOS="0" />
            <String ID="P10_S00237" HPOS="1127" VPOS="1765" WIDTH="141" HEIGHT="51" STYLEREFS="StyleId-1" CONTENT="under" WC="0.684" CC="105000" />
            <SP ID="P10_SP00214" WIDTH="0" HPOS="0" VPOS="0" />
            <String ID="P10_S00238" HPOS="1288" VPOS="1764" WIDTH="77" HEIGHT="52" STYLEREFS="StyleId-1" CONTENT="the" WC="0.51" CC="860" />
            <SP ID="P10_SP00215" WIDTH="0" HPOS="0" VPOS="0" />
            <String ID="P10_S00239" HPOS="1385" VPOS="1761" WIDTH="214" HEIGHT="55" STYLEREFS="StyleId-1" CONTENT="Emperor" WC="0.7114286" CC="7800400" />
            <SP ID="P10_SP00216" WIDTH="0" HPOS="0" VPOS="0" />
            <String ID="P10_S00240" HPOS="1619" VPOS="1760" WIDTH="99" HEIGHT="56" STYLEREFS="StyleId-1" CONTENT="Dio¬" WC="0.61" CC="6503" />
          </TextLine>
          <TextLine ID="P10_TL00025" HPOS="202" VPOS="1835" WIDTH="1520" HEIGHT="39">
            <String ID="P10_S00241" HPOS="202" VPOS="1836" WIDTH="158" HEIGHT="39" STYLEREFS="StyleId-1" CONTENT="cletian" WC="0.79" CC="0006016" />
            <SP ID="P10_SP00217" WIDTH="0" HPOS="0" VPOS="0" />
            <String ID="P10_S00242" HPOS="370" VPOS="1866" WIDTH="22" HEIGHT="18" STYLEREFS="StyleId-1" CONTENT="v" WC="0" CC="10" />
            <SP ID="P10_SP00218" WIDTH="0" HPOS="0" VPOS="0" />
            <String ID="P10_S00243" HPOS="438" VPOS="1834" WIDTH="193" HEIGHT="50" STYLEREFS="StyleId-1" CONTENT="Eabiola," WC="0.84625" CC="100000100" />
            <SP ID="P10_SP00219" WIDTH="0" HPOS="0" VPOS="0" />
            <String ID="P10_S00244" HPOS="661" VPOS="1833" WIDTH="36" HEIGHT="51" STYLEREFS="StyleId-1" CONTENT="is" WC="0.715" CC="50" />
            <SP ID="P10_SP00220" WIDTH="0" HPOS="0" VPOS="0" />
            <String ID="P10_S00245" HPOS="719" VPOS="1833" WIDTH="129" HEIGHT="51" STYLEREFS="StyleId-1" CONTENT="noted" WC="0.88" CC="60000" />
            <SP ID="P10_SP00221" WIDTH="0" HPOS="0" VPOS="0" />
            <String ID="P10_S00246" HPOS="865" VPOS="1830" WIDTH="184" HEIGHT="54" STYLEREFS="StyleId-1" CONTENT="because" WC="0.832857132" CC="1009000" />
            <SP ID="P10_SP00222" WIDTH="0" HPOS="0" VPOS="0" />
            <String ID="P10_S00247" HPOS="1070" VPOS="1831" WIDTH="77" HEIGHT="53" STYLEREFS="StyleId-1" CONTENT="she" WC="0.88" CC="300" />
            <SP ID="P10_SP00223" WIDTH="0" HPOS="0" VPOS="0" />
            <String ID="P10_S00248" HPOS="1171" VPOS="1841" WIDTH="85" HEIGHT="43" STYLEREFS="StyleId-1" CONTENT="was" WC="0.456666678" CC="096" />
            <SP ID="P10_SP00224" WIDTH="0" HPOS="0" VPOS="0" />
            <String ID="P10_S00249" HPOS="1279" VPOS="1830" WIDTH="75" HEIGHT="54" STYLEREFS="StyleId-1" CONTENT="the" WC="1" CC="000" />
            <SP ID="P10_SP00225" WIDTH="0" HPOS="0" VPOS="0" />
            <String ID="P10_S00250" HPOS="1376" VPOS="1828" WIDTH="186" HEIGHT="56" STYLEREFS="StyleId-1" CONTENT="founder" WC="0.671428561" CC="00107005" />
            <SP ID="P10_SP00226" WIDTH="0" HPOS="0" VPOS="0" />
            <String ID="P10_S00251" HPOS="1584" VPOS="1827" WIDTH="44" HEIGHT="57" STYLEREFS="StyleId-1" CONTENT="of" WC="0.785" CC="12" />
            <SP ID="P10_SP00227" WIDTH="0" HPOS="0" VPOS="0" />
            <String ID="P10_S00252" HPOS="1648" VPOS="1827" WIDTH="74" HEIGHT="57" STYLEREFS="StyleId-1" CONTENT="the" WC="0.8" CC="060" />
          </TextLine>
          <TextLine ID="P10_TL00026" HPOS="200" VPOS="1901" WIDTH="1518" HEIGHT="36">
            <String ID="P10_S00253" HPOS="200" VPOS="1902" WIDTH="94" HEIGHT="38" STYLEREFS="StyleId-1" CONTENT="first" WC="0.774" CC="00208" />
            <SP ID="P10_SP00228" WIDTH="0" HPOS="0" VPOS="0" />
            <String ID="P10_S00254" HPOS="315" VPOS="1900" WIDTH="189" HEIGHT="47" STYLEREFS="StyleId-1" CONTENT="hospital" WC="0.73" CC="010010603" />
            <SP ID="P10_SP00229" WIDTH="0" HPOS="0" VPOS="0" />
            <String ID="P10_S00255" HPOS="528" VPOS="1899" WIDTH="45" HEIGHT="48" STYLEREFS="StyleId-1" CONTENT="in" WC="0.48" CC="46" />
            <SP ID="P10_SP00230" WIDTH="0" HPOS="0" VPOS="0" />
            <String ID="P10_S00256" HPOS="595" VPOS="1900" WIDTH="153" HEIGHT="47" STYLEREFS="StyleId-1" CONTENT="Rome." WC="0.954" CC="00002" />
            <SP ID="P10_SP00231" WIDTH="0" HPOS="0" VPOS="0" />
            <String ID="P10_S00257" HPOS="809" VPOS="1896" WIDTH="141" HEIGHT="51" STYLEREFS="StyleId-1" CONTENT="There" WC="1" CC="00000" />
            <SP ID="P10_SP00232" WIDTH="0" HPOS="0" VPOS="0" />
            <String ID="P10_S00258" HPOS="973" VPOS="1907" WIDTH="72" HEIGHT="40" STYLEREFS="StyleId-1" CONTENT="are" WC="0.61" CC="407" />
            <SP ID="P10_SP00233" WIDTH="0" HPOS="0" VPOS="0" />
            <String ID="P10_S00259" HPOS="1065" VPOS="1901" WIDTH="85" HEIGHT="46" STYLEREFS="StyleId-1" CONTENT="two" WC="1" CC="000" />
            <SP ID="P10_SP00234" WIDTH="0" HPOS="0" VPOS="0" />
            <String ID="P10_S00260" HPOS="1191" VPOS="1896" WIDTH="124" HEIGHT="51" STYLEREFS="StyleId-1" CONTENT="other" WC="0.808" CC="07002" />
            <SP ID="P10_SP00235" WIDTH="0" HPOS="0" VPOS="0" />
            <String ID="P10_S00261" HPOS="1337" VPOS="1905" WIDTH="150" HEIGHT="42" STYLEREFS="StyleId-1" CONTENT="names" WC="0.84" CC="60100" />
            <SP ID="P10_SP00236" WIDTH="0" HPOS="0" VPOS="0" />
            <String ID="P10_S00262" HPOS="1509" VPOS="1893" WIDTH="45" HEIGHT="54" STYLEREFS="StyleId-1" CONTENT="of" WC="1" CC="00" />
            <SP ID="P10_SP00237" WIDTH="0" HPOS="0" VPOS="0" />
            <String ID="P10_S00263" HPOS="1575" VPOS="1890" WIDTH="142" HEIGHT="57" STYLEREFS="StyleId-1" CONTENT="Greek" WC="0.552" CC="70077" />
          </TextLine>
          <TextLine ID="P10_TL00027" HPOS="201" VPOS="1962" WIDTH="1512" HEIGHT="42">
            <String ID="P10_S00264" HPOS="201" VPOS="1966" WIDTH="265" HEIGHT="48" STYLEREFS="StyleId-1" CONTENT="physicians," WC="0.6990909" CC="510051000820" />
            <SP ID="P10_SP00238" WIDTH="0" HPOS="0" VPOS="0" />
            <String ID="P10_S00265" HPOS="494" VPOS="1963" WIDTH="221" HEIGHT="51" STYLEREFS="StyleId-1" CONTENT="Origenia," WC="0.793333352" CC="030057100" />
            <SP ID="P10_SP00239" WIDTH="0" HPOS="0" VPOS="0" />
            <String ID="P10_S00266" HPOS="761" VPOS="1961" WIDTH="249" HEIGHT="53" STYLEREFS="StyleId-1" CONTENT="mentioned" WC="0.7977778" CC="007020800" />
            <SP ID="P10_SP00240" WIDTH="0" HPOS="0" VPOS="0" />
            <String ID="P10_S00267" HPOS="1033" VPOS="1961" WIDTH="56" HEIGHT="53" STYLEREFS="StyleId-1" CONTENT="by" WC="1" CC="00" />
            <SP ID="P10_SP00241" WIDTH="0" HPOS="0" VPOS="0" />
            <String ID="P10_S00268" HPOS="1111" VPOS="1961" WIDTH="73" HEIGHT="53" STYLEREFS="StyleId-1" CONTENT="the" WC="1" CC="000" />
            <SP ID="P10_SP00242" WIDTH="0" HPOS="0" VPOS="0" />
            <String ID="P10_S00269" HPOS="1205" VPOS="1965" WIDTH="123" HEIGHT="49" STYLEREFS="StyleId-1" CONTENT="great" WC="0.984" CC="00000" />
            <SP ID="P10_SP00243" WIDTH="0" HPOS="0" VPOS="0" />
            <String ID="P10_S00270" HPOS="1348" VPOS="1969" WIDTH="188" HEIGHT="45" STYLEREFS="StyleId-1" CONTENT="surgeon" WC="0.8471429" CC="0600004" />
            <SP ID="P10_SP00244" WIDTH="0" HPOS="0" VPOS="0" />
            <String ID="P10_S00271" HPOS="1560" VPOS="1951" WIDTH="153" HEIGHT="63" STYLEREFS="StyleId-1" CONTENT="Galen'," WC="0.561428547" CC="6780701" />
          </TextLine>
          <TextLine ID="P10_TL00028" HPOS="203" VPOS="2028" WIDTH="1517" HEIGHT="42">
            <String ID="P10_S00272" HPOS="203" VPOS="2032" WIDTH="84" HEIGHT="38" STYLEREFS="StyleId-1" CONTENT="and" WC="0.836666644" CC="040" />
            <SP ID="P10_SP00245" WIDTH="0" HPOS="0" VPOS="0" />
            <String ID="P10_S00273" HPOS="309" VPOS="2030" WIDTH="198" HEIGHT="47" STYLEREFS="StyleId-1" CONTENT="Aspasia," WC="0.95375" CC="00000002" />
            <SP ID="P10_SP00246" WIDTH="0" HPOS="0" VPOS="0" />
            <String ID="P10_S00274" HPOS="534" VPOS="2028" WIDTH="248" HEIGHT="49" STYLEREFS="StyleId-1" CONTENT="mentioned" WC="0.8833333" CC="005000500" />
            <SP ID="P10_SP00247" WIDTH="0" HPOS="0" VPOS="0" />
            <String ID="P10_S00275" HPOS="805" VPOS="2028" WIDTH="58" HEIGHT="49" STYLEREFS="StyleId-1" CONTENT="by" WC="1" CC="00" />
            <SP ID="P10_SP00248" WIDTH="0" HPOS="0" VPOS="0" />
            <String ID="P10_S00276" HPOS="885" VPOS="2026" WIDTH="170" HEIGHT="51" STYLEREFS="StyleId-1" CONTENT="Aetius," WC="0.8914286" CC="0000601" />
            <SP ID="P10_SP00249" WIDTH="0" HPOS="0" VPOS="0" />
            <String ID="P10_S00277" HPOS="1082" VPOS="2036" WIDTH="23" HEIGHT="41" STYLEREFS="StyleId-1" CONTENT="a" WC="1" CC="0" />
            <SP ID="P10_SP00250" WIDTH="0" HPOS="0" VPOS="0" />
            <String ID="P10_S00278" HPOS="1143" VPOS="2024" WIDTH="325" HEIGHT="53" STYLEREFS="StyleId-1" CONTENT="distinguished" WC="0.6484615" CC="0500358550038" />
            <SP ID="P10_SP00251" WIDTH="0" HPOS="0" VPOS="0" />
            <String ID="P10_S00279" HPOS="1490" VPOS="2016" WIDTH="229" HEIGHT="61" STYLEREFS="StyleId-1" CONTENT="physiciaii" WC="0.719" CC="3000350087" />
          </TextLine>
          <TextLine ID="P10_TL00029" HPOS="203" VPOS="2097" WIDTH="1517" HEIGHT="38">
            <String ID="P10_S00280" HPOS="203" VPOS="2097" WIDTH="85" HEIGHT="38" STYLEREFS="StyleId-1" CONTENT="and" WC="0.72" CC="430" />
            <SP ID="P10_SP00252" WIDTH="0" HPOS="0" VPOS="0" />
            <String ID="P10_S00281" HPOS="310" VPOS="2102" WIDTH="188" HEIGHT="40" STYLEREFS="StyleId-1" CONTENT="surgeon" WC="0.567142844" CC="47010008" />
            <SP ID="P10_SP00253" WIDTH="0" HPOS="0" VPOS="0" />
            <String ID="P10_S00282" HPOS="522" VPOS="2094" WIDTH="43" HEIGHT="48" STYLEREFS="StyleId-1" CONTENT="in" WC="0.945" CC="10" />
            <SP ID="P10_SP00254" WIDTH="0" HPOS="0" VPOS="0" />
            <String ID="P10_S00283" HPOS="588" VPOS="2094" WIDTH="68" HEIGHT="48" STYLEREFS="StyleId-1" CONTENT="his" WC="0.896666646" CC="030" />
            <SP ID="P10_SP00255" WIDTH="0" HPOS="0" VPOS="0" />
            <String ID="P10_S00284" HPOS="676" VPOS="2094" WIDTH="100" HEIGHT="48" STYLEREFS="StyleId-1" CONTENT="day." WC="1" CC="0000" />
            <SP ID="P10_SP00256" WIDTH="0" HPOS="0" VPOS="0" />
            <String ID="P10_S00285" HPOS="838" VPOS="2094" WIDTH="79" HEIGHT="48" STYLEREFS="StyleId-1" CONTENT="We" WC="1" CC="00" />
            <SP ID="P10_SP00257" WIDTH="0" HPOS="0" VPOS="0" />
            <String ID="P10_S00286" HPOS="939" VPOS="2093" WIDTH="109" HEIGHT="49" STYLEREFS="StyleId-1" CONTENT="have" WC="1" CC="0000" />
            <SP ID="P10_SP00258" WIDTH="0" HPOS="0" VPOS="0" />
            <String ID="P10_S00287" HPOS="1070" VPOS="2090" WIDTH="204" HEIGHT="52" STYLEREFS="StyleId-1" CONTENT="evidence" WC="0.7225" CC="06670300" />
            <SP ID="P10_SP00259" WIDTH="0" HPOS="0" VPOS="0" />
            <String ID="P10_S00288" HPOS="1297" VPOS="2091" WIDTH="175" HEIGHT="51" STYLEREFS="StyleId-1" CONTENT="enough" WC="0.5466667" CC="060496" />
            <SP ID="P10_SP00260" WIDTH="0" HPOS="0" VPOS="0" />
            <String ID="P10_S00289" HPOS="1511" VPOS="2093" WIDTH="48" HEIGHT="49" STYLEREFS="StyleId-1" CONTENT="to" WC="0.315" CC="67" />
            <SP ID="P10_SP00261" WIDTH="0" HPOS="0" VPOS="0" />
            <String ID="P10_S00290" HPOS="1600" VPOS="2089" WIDTH="120" HEIGHT="53" STYLEREFS="StyleId-1" CONTENT="show" WC="0.4075" CC="07610" />
          </TextLine>
          <TextLine ID="P10_TL00030" HPOS="202" VPOS="2159" WIDTH="1506" HEIGHT="40">
            <String ID="P10_S00291" HPOS="202" VPOS="2161" WIDTH="95" HEIGHT="39" STYLEREFS="StyleId-1" CONTENT="that" WC="0.4925" CC="61030" />
            <SP ID="P10_SP00262" WIDTH="0" HPOS="0" VPOS="0" />
            <String ID="P10_S00292" HPOS="318" VPOS="2160" WIDTH="144" HEIGHT="40" STYLEREFS="StyleId-1" CONTENT="Greek" WC="0.788" CC="01009" />
            <SP ID="P10_SP00263" WIDTH="0" HPOS="0" VPOS="0" />
            <String ID="P10_S00293" HPOS="484" VPOS="2168" WIDTH="166" HEIGHT="32" STYLEREFS="StyleId-1" CONTENT="Women" WC="0.844" CC="00106" />
            <SP ID="P10_SP00264" WIDTH="0" HPOS="0" VPOS="0" />
            <String ID="P10_S00294" HPOS="674" VPOS="2157" WIDTH="249" HEIGHT="48" STYLEREFS="StyleId-1" CONTENT="physicians" WC="0.777" CC="0000403076" />
            <SP ID="P10_SP00265" WIDTH="0" HPOS="0" VPOS="0" />
            <String ID="P10_S00295" HPOS="946" VPOS="2166" WIDTH="111" HEIGHT="39" STYLEREFS="StyleId-1" CONTENT="were" WC="0.4925" CC="8047" />
            <SP ID="P10_SP00266" WIDTH="0" HPOS="0" VPOS="0" />
            <String ID="P10_S00296" HPOS="1079" VPOS="2161" WIDTH="76" HEIGHT="44" STYLEREFS="StyleId-1" CONTENT="not" WC="0.7133333" CC="421" />
            <SP ID="P10_SP00267" WIDTH="0" HPOS="0" VPOS="0" />
            <String ID="P10_S00297" HPOS="1176" VPOS="2168" WIDTH="106" HEIGHT="37" STYLEREFS="StyleId-1" CONTENT="very" WC="0.825" CC="0007" />
            <SP ID="P10_SP00268" WIDTH="0" HPOS="0" VPOS="0" />
            <String ID="P10_S00298" HPOS="1309" VPOS="2168" WIDTH="111" HEIGHT="37" STYLEREFS="StyleId-1" CONTENT="rare." WC="0.624" CC="54800" />
            <SP ID="P10_SP00269" WIDTH="0" HPOS="0" VPOS="0" />
            <String ID="P10_S00299" HPOS="1701" VPOS="2147" WIDTH="7" HEIGHT="58" STYLEREFS="StyleId-1" CONTENT=";" WC="0.64" CC="3" />
          </TextLine>
          <TextLine ID="P10_TL00031" HPOS="284" VPOS="2209" WIDTH="1432" HEIGHT="46">
            <String ID="P10_S00300" HPOS="284" VPOS="2209" WIDTH="25" HEIGHT="15" STYLEREFS="StyleId-1" CONTENT="&quot;" WC="0.54" CC="4" />
            <SP ID="P10_SP00270" WIDTH="0" HPOS="0" VPOS="0" />
            <String ID="P10_S00301" HPOS="319" VPOS="2217" WIDTH="181" HEIGHT="37" STYLEREFS="StyleId-1" CONTENT="Women" WC="0.772" CC="40006" />
            <SP ID="P10_SP00271" WIDTH="0" HPOS="0" VPOS="0" />
            <String ID="P10_S00302" HPOS="524" VPOS="2226" WIDTH="159" HEIGHT="33" STYLEREFS="StyleId-1" CONTENT="among" WC="0.808" CC="01070" />
            <SP ID="P10_SP00272" WIDTH="0" HPOS="0" VPOS="0" />
            <String ID="P10_S00303" HPOS="704" VPOS="2214" WIDTH="74" HEIGHT="45" STYLEREFS="StyleId-1" CONTENT="the" WC="0.983333349" CC="000" />
            <SP ID="P10_SP00273" WIDTH="0" HPOS="0" VPOS="0" />
            <String ID="P10_S00304" HPOS="798" VPOS="2211" WIDTH="167" HEIGHT="48" STYLEREFS="StyleId-1" CONTENT="Greeks" WC="1" CC="000000" />
            <SP ID="P10_SP00274" WIDTH="0" HPOS="0" VPOS="0" />
            <String ID="P10_S00305" HPOS="988" VPOS="2211" WIDTH="83" HEIGHT="48" STYLEREFS="StyleId-1" CONTENT="and" WC="0.766666651" CC="070" />
            <SP ID="P10_SP00275" WIDTH="0" HPOS="0" VPOS="0" />
            <String ID="P10_S00306" HPOS="1096" VPOS="2212" WIDTH="192" HEIGHT="47" STYLEREFS="StyleId-1" CONTENT="Romans" WC="0.803333342" CC="000083" />
            <SP ID="P10_SP00276" WIDTH="0" HPOS="0" VPOS="0" />
            <String ID="P10_S00307" HPOS="1310" VPOS="2211" WIDTH="186" HEIGHT="48" STYLEREFS="StyleId-1" CONTENT="enjoyed" WC="0.7714286" CC="0740040" />
            <SP ID="P10_SP00277" WIDTH="0" HPOS="0" VPOS="0" />
            <String ID="P10_S00308" HPOS="1519" VPOS="2210" WIDTH="106" HEIGHT="49" STYLEREFS="StyleId-1" CONTENT="both" WC="0.67" CC="0606" />
            <SP ID="P10_SP00278" WIDTH="0" HPOS="0" VPOS="0" />
            <String ID="P10_S00309" HPOS="1641" VPOS="2221" WIDTH="75" HEIGHT="38" STYLEREFS="StyleId-1" CONTENT="en¬" WC="0.776666641" CC="060" />
          </TextLine>
          <TextLine ID="P10_TL00032" HPOS="203" VPOS="2271" WIDTH="1514" HEIGHT="38">
            <String ID="P10_S00310" HPOS="203" VPOS="2275" WIDTH="305" HEIGHT="41" STYLEREFS="StyleId-1" CONTENT="couragement" WC="0.573636353" CC="707001007363" />
            <SP ID="P10_SP00279" WIDTH="0" HPOS="0" VPOS="0" />
            <String ID="P10_S00311" HPOS="530" VPOS="2269" WIDTH="83" HEIGHT="47" STYLEREFS="StyleId-1" CONTENT="and" WC="0.39" CC="0810" />
            <SP ID="P10_SP00280" WIDTH="0" HPOS="0" VPOS="0" />
            <String ID="P10_S00312" HPOS="637" VPOS="2266" WIDTH="285" HEIGHT="50" STYLEREFS="StyleId-1" CONTENT="opportunity" WC="0.8036364" CC="00800007320" />
            <SP ID="P10_SP00281" WIDTH="0" HPOS="0" VPOS="0" />
            <String ID="P10_S00313" HPOS="942" VPOS="2272" WIDTH="45" HEIGHT="44" STYLEREFS="StyleId-1" CONTENT="to" WC="0.92" CC="10" />
            <SP ID="P10_SP00282" WIDTH="0" HPOS="0" VPOS="0" />
            <String ID="P10_S00314" HPOS="1008" VPOS="2266" WIDTH="132" HEIGHT="50" STYLEREFS="StyleId-1" CONTENT="study" WC="0.748" CC="75000" />
            <SP ID="P10_SP00283" WIDTH="0" HPOS="0" VPOS="0" />
            <String ID="P10_S00315" HPOS="1163" VPOS="2266" WIDTH="92" HEIGHT="50" STYLEREFS="StyleId-1" CONTENT="and." WC="0.9025" CC="0300" />
            <SP ID="P10_SP00284" WIDTH="0" HPOS="0" VPOS="0" />
            <String ID="P10_S00316" HPOS="1270" VPOS="2265" WIDTH="189" HEIGHT="51" STYLEREFS="StyleId-1" CONTENT="practice" WC="0.86125" CC="62000100" />
            <SP ID="P10_SP00285" WIDTH="0" HPOS="0" VPOS="0" />
            <String ID="P10_S00317" HPOS="1500" VPOS="2265" WIDTH="217" HEIGHT="51" STYLEREFS="StyleId-1" CONTENT="medicine" WC="0.81125" CC="70000700" />
          </TextLine>
          <TextLine ID="P10_TL00033" HPOS="200" VPOS="2326" WIDTH="1518" HEIGHT="40">
            <String ID="P10_S00318" HPOS="200" VPOS="2326" WIDTH="51" HEIGHT="41" STYLEREFS="StyleId-1" CONTENT="in." WC="0.50666666" CC="770" />
            <SP ID="P10_SP00286" WIDTH="0" HPOS="0" VPOS="0" />
            <String ID="P10_S00319" HPOS="267" VPOS="2326" WIDTH="84" HEIGHT="41" STYLEREFS="StyleId-1" CONTENT="the." WC="1" CC="0000" />
            <SP ID="P10_SP00287" WIDTH="0" HPOS="0" VPOS="0" />
            <String ID="P10_S00320" HPOS="358" VPOS="2325" WIDTH="116" HEIGHT="46" STYLEREFS="StyleId-1" CONTENT="early" WC="0.43" CC="061074" />
            <SP ID="P10_SP00288" WIDTH="0" HPOS="0" VPOS="0" />
            <String ID="P10_S00321" HPOS="484" VPOS="2323" WIDTH="220" HEIGHT="48" STYLEREFS="StyleId-1" CONTENT="centuries" WC="0.586666644" CC="676250106" />
            <SP ID="P10_SP00289" WIDTH="0" HPOS="0" VPOS="0" />
            <String ID="P10_S00322" HPOS="717" VPOS="2323" WIDTH="47" HEIGHT="48" STYLEREFS="StyleId-1" CONTENT="of" WC="0.7" CC="14" />
            <SP ID="P10_SP00290" WIDTH="0" HPOS="0" VPOS="0" />
            <String ID="P10_S00323" HPOS="783" VPOS="2322" WIDTH="75" HEIGHT="49" STYLEREFS="StyleId-1" CONTENT="the" WC="0.56" CC="570" />
            <SP ID="P10_SP00291" WIDTH="0" HPOS="0" VPOS="0" />
            <String ID="P10_S00324" HPOS="879" VPOS="2320" WIDTH="221" HEIGHT="51" STYLEREFS="StyleId-1" CONTENT="Christian" WC="0.6577778" CC="470005047" />
            <SP ID="P10_SP00292" WIDTH="0" HPOS="0" VPOS="0" />
            <String ID="P10_S00325" HPOS="1123" VPOS="2320" WIDTH="125" HEIGHT="51" STYLEREFS="StyleId-1" CONTENT="era'.'." WC="0.7985714" CC="0070033" />
            <SP ID="P10_SP00293" WIDTH="0" HPOS="0" VPOS="0" />
            <String ID="P10_S00326" HPOS="1291" VPOS="2320" WIDTH="122" HEIGHT="51" STYLEREFS="StyleId-1" CONTENT=".And" WC="0.35" CC="70810" />
            <SP ID="P10_SP00294" WIDTH="0" HPOS="0" VPOS="0" />
            <String ID="P10_S00327" HPOS="1435" VPOS="2320" WIDTH="104" HEIGHT="51" STYLEREFS="StyleId-1" CONTENT="why" WC="0.7266667" CC="070" />
            <SP ID="P10_SP00295" WIDTH="0" HPOS="0" VPOS="0" />
            <String ID="P10_S00328" HPOS="1560" VPOS="2320" WIDTH="158" HEIGHT="51" STYLEREFS="StyleId-1" CONTENT="shpul.d" WC="0.452857137" CC="6488171" />
          </TextLine>
          <TextLine ID="P10_TL00034" HPOS="202" VPOS="2379" WIDTH="1519" HEIGHT="38">
            <String ID="P10_S00329" HPOS="202" VPOS="2379" WIDTH="87" HEIGHT="39" STYLEREFS="StyleId-1" CONTENT="this" WC="0.77" CC="5030" />
            <SP ID="P10_SP00296" WIDTH="0" HPOS="0" VPOS="0" />
            <String ID="P10_S00330" HPOS="311" VPOS="2384" WIDTH="76" HEIGHT="34" STYLEREFS="StyleId-1" CONTENT="not" WC="0.683333337" CC="630" />
            <SP ID="P10_SP00297" WIDTH="0" HPOS="0" VPOS="0" />
            <String ID="P10_S00331" HPOS="408" VPOS="2380" WIDTH="108" HEIGHT="38" STYLEREFS="StyleId-1" CONTENT="have" WC="1" CC="0000" />
            <SP ID="P10_SP00298" WIDTH="0" HPOS="0" VPOS="0" />
            <String ID="P10_S00332" HPOS="538" VPOS="2378" WIDTH="107" HEIGHT="40" STYLEREFS="StyleId-1" CONTENT="been" WC="0.9025" CC="0003" />
            <SP ID="P10_SP00299" WIDTH="0" HPOS="0" VPOS="0" />
            <String ID="P10_S00333" HPOS="668" VPOS="2389" WIDTH="62" HEIGHT="34" STYLEREFS="StyleId-1" CONTENT="so," WC="0.97" CC="000" />
            <SP ID="P10_SP00300" WIDTH="0" HPOS="0" VPOS="0" />
            <String ID="P10_S00334" HPOS="758" VPOS="2377" WIDTH="123" HEIGHT="46" STYLEREFS="StyleId-1" CONTENT="when" WC="0.885" CC="0004" />
            <SP ID="P10_SP00301" WIDTH="0" HPOS="0" VPOS="0" />
            <String ID="P10_S00335" HPOS="904" VPOS="2376" WIDTH="74" HEIGHT="47" STYLEREFS="StyleId-1" CONTENT="the" WC="0.7733333" CC="060" />
            <SP ID="P10_SP00302" WIDTH="0" HPOS="0" VPOS="0" />
            <String ID="P10_S00336" HPOS="1000" VPOS="2375" WIDTH="200" HEIGHT="48" STYLEREFS="StyleId-1" CONTENT="example" WC="0.9357143" CC="0000040" />
            <SP ID="P10_SP00303" WIDTH="0" HPOS="0" VPOS="0" />
            <String ID="P10_S00337" HPOS="1221" VPOS="2376" WIDTH="85" HEIGHT="47" STYLEREFS="StyleId-1" CONTENT="and" WC="0.5833333" CC="0210" />
            <SP ID="P10_SP00304" WIDTH="0" HPOS="0" VPOS="0" />
            <String ID="P10_S00338" HPOS="1328" VPOS="2374" WIDTH="219" HEIGHT="49" STYLEREFS="StyleId-1" CONTENT="influence" WC="0.6" CC="2100087700" />
            <SP ID="P10_SP00305" WIDTH="0" HPOS="0" VPOS="0" />
            <String ID="P10_S00339" HPOS="1568" VPOS="2375" WIDTH="46" HEIGHT="48" STYLEREFS="StyleId-1" CONTENT="of" WC="0.79" CC="04" />
            <SP ID="P10_SP00306" WIDTH="0" HPOS="0" VPOS="0" />
            <String ID="P10_S00340" HPOS="1646" VPOS="2375" WIDTH="75" HEIGHT="48" STYLEREFS="StyleId-1" CONTENT="the" WC="0.49666667" CC="077" />
          </TextLine>
          <TextLine ID="P10_TL00035" HPOS="205" VPOS="2429" WIDTH="1512" HEIGHT="47">
            <String ID="P10_S00341" HPOS="205" VPOS="2436" WIDTH="134" HEIGHT="38" STYLEREFS="StyleId-1" CONTENT="Great" WC="1" CC="00000" />
            <SP ID="P10_SP00307" WIDTH="0" HPOS="0" VPOS="0" />
            <String ID="P10_S00342" HPOS="360" VPOS="2433" WIDTH="249" HEIGHT="47" STYLEREFS="StyleId-1" CONTENT="Physician," WC="0.659" CC="6070338006" />
            <SP ID="P10_SP00308" WIDTH="0" HPOS="0" VPOS="0" />
            <String ID="P10_S00343" HPOS="654" VPOS="2433" WIDTH="74" HEIGHT="47" STYLEREFS="StyleId-1" CONTENT="the" WC="0.863333344" CC="400" />
            <SP ID="P10_SP00309" WIDTH="0" HPOS="0" VPOS="0" />
            <String ID="P10_S00344" HPOS="749" VPOS="2430" WIDTH="294" HEIGHT="50" STYLEREFS="StyleId-1" CONTENT="emancipator" WC="0.7427273" CC="00073740402" />
            <SP ID="P10_SP00310" WIDTH="0" HPOS="0" VPOS="0" />
            <String ID="P10_S00345" HPOS="1083" VPOS="2429" WIDTH="46" HEIGHT="51" STYLEREFS="StyleId-1" CONTENT="of" WC="0.72" CC="05" />
            <SP ID="P10_SP00311" WIDTH="0" HPOS="0" VPOS="0" />
            <String ID="P10_S00346" HPOS="1168" VPOS="2441" WIDTH="169" HEIGHT="39" STYLEREFS="StyleId-1" CONTENT="women" WC="0.82" CC="02600" />
            <SP ID="P10_SP00312" WIDTH="0" HPOS="0" VPOS="0" />
            <String ID="P10_S00347" HPOS="1379" VPOS="2430" WIDTH="46" HEIGHT="50" STYLEREFS="StyleId-1" CONTENT="in" WC="0.74" CC="05" />
            <SP ID="P10_SP00313" WIDTH="0" HPOS="0" VPOS="0" />
            <String ID="P10_S00348" HPOS="1468" VPOS="2425" WIDTH="85" HEIGHT="55" STYLEREFS="StyleId-1" CONTENT="His" WC="0.50666666" CC="680" />
            <SP ID="P10_SP00314" WIDTH="0" HPOS="0" VPOS="0" />
            <String ID="P10_S00349" HPOS="1595" VPOS="2417" WIDTH="122" HEIGHT="63" STYLEREFS="StyleId-1" CONTENT="timej" WC="0.632" CC="02519" />
          </TextLine>
          <TextLine ID="P10_TL00036" HPOS="204" VPOS="2489" WIDTH="908" HEIGHT="41">
            <String ID="P10_S00350" HPOS="204" VPOS="2488" WIDTH="246" HEIGHT="40" STYLEREFS="StyleId-1" CONTENT="dominated" WC="0.9533333" CC="000400000" />
            <SP ID="P10_SP00315" WIDTH="0" HPOS="0" VPOS="0" />
            <String ID="P10_S00351" HPOS="473" VPOS="2488" WIDTH="94" HEIGHT="40" STYLEREFS="StyleId-1" CONTENT="that" WC="1" CC="0000" />
            <SP ID="P10_SP00316" WIDTH="0" HPOS="0" VPOS="0" />
            <String ID="P10_S00352" HPOS="588" VPOS="2486" WIDTH="172" HEIGHT="48" STYLEREFS="StyleId-1" CONTENT="portion" WC="0.878571451" CC="0010204" />
            <SP ID="P10_SP00317" WIDTH="0" HPOS="0" VPOS="0" />
            <String ID="P10_S00353" HPOS="783" VPOS="2485" WIDTH="44" HEIGHT="49" STYLEREFS="StyleId-1" CONTENT="of" WC="1" CC="00" />
            <SP ID="P10_SP00318" WIDTH="0" HPOS="0" VPOS="0" />
            <String ID="P10_S00354" HPOS="848" VPOS="2486" WIDTH="73" HEIGHT="48" STYLEREFS="StyleId-1" CONTENT="the" WC="0.623333335" CC="830" />
            <SP ID="P10_SP00319" WIDTH="0" HPOS="0" VPOS="0" />
            <String ID="P10_S00355" HPOS="944" VPOS="2483" WIDTH="133" HEIGHT="51" STYLEREFS="StyleId-1" CONTENT="world" WC="0.95" CC="00200" />
            <SP ID="P10_SP00320" WIDTH="0" HPOS="0" VPOS="0" />
            <String ID="P10_S00356" HPOS="1096" VPOS="2484" WIDTH="16" HEIGHT="50" STYLEREFS="StyleId-1" CONTENT="?" WC="1" CC="0" />
          </TextLine>
        </TextBlock>
      </PrintSpace>
    </Page>
  </Layout>
</alto>