<?xml version="1.0" encoding="utf-8"?>
<alto xmlns:xlink="http://www.w3.org/1999/xlink" xmlns:xsi="http://www.w3.org/2001/XMLSchema-instance" xsi:schemaLocation="http://www.loc.gov/standards/alto/ns-v2# http://www.loc.gov/standards/alto/alto-v2.0.xsd" xmlns="http://www.loc.gov/standards/alto/ns-v2#">
  <Description>
    <MeasurementUnit>pixel</MeasurementUnit>
    <sourceImageInformation>
      <fileName>0000012.tif</fileName>
    </sourceImageInformation>
    <OCRProcessing ID="Processing">
      <ocrProcessingStep>
        <processingStepSettings>Image Resolution:400</processingStepSettings>
        <processingSoftware>
          <softwareCreator>I2S Kirtas</softwareCreator>
          <softwareName>Limb</softwareName>
          <softwareVersion>1.0</softwareVersion>
          <applicationDescription>Abbyy10 OCR Engine</applicationDescription>
        </processingSoftware>
      </ocrProcessingStep>
    </OCRProcessing>
  </Description>
  <Styles>
    <TextStyle ID="StyleId-0" FONTSIZE="8" FONTFAMILY="Times New Roman" />
    <TextStyle ID="StyleId-1" FONTSIZE="9" FONTFAMILY="Times New Roman" />
  </Styles>
  <Layout>
    <Page ID="P12" PHYSICAL_IMG_NR="12" HEIGHT="2800" WIDTH="1900" ACCURACY="0.7731295" QUALITY_DETAIL="327 words, 1532 chars, 1199 with recognition greater than 50% (78.26%)">
      <TopMargin ID="P12_TM00001" HPOS="0" VPOS="0" WIDTH="1900" HEIGHT="275" />
      <LeftMargin ID="P12_LM00001" HPOS="0" VPOS="275" WIDTH="166" HEIGHT="2261" />
      <RightMargin ID="P12_RM00001" HPOS="1742" VPOS="275" WIDTH="158" HEIGHT="2261" />
      <BottomMargin ID="P12_BM00001" HPOS="0" VPOS="2536" WIDTH="1900" HEIGHT="264" />
      <PrintSpace ID="P12_PS00001" HPOS="166" VPOS="275" WIDTH="1576" HEIGHT="2261">
        <TextBlock ID="P12_TB00001" HPOS="177" VPOS="280" WIDTH="61" HEIGHT="50">
          <TextLine ID="P12_TL00001" HPOS="185" VPOS="288" WIDTH="45" HEIGHT="34">
            <String ID="P12_S00001" HPOS="185" VPOS="288" WIDTH="45" HEIGHT="34" STYLEREFS="StyleId-0" CONTENT="10" WC="0.7" CC="15" />
          </TextLine>
        </TextBlock>
        <TextBlock ID="P12_TB00002" HPOS="635" VPOS="271" WIDTH="579" HEIGHT="48">
          <TextLine ID="P12_TL00002" HPOS="643" VPOS="279" WIDTH="563" HEIGHT="32">
            <String ID="P12_S00002" HPOS="643" VPOS="280" WIDTH="201" HEIGHT="36" STYLEREFS="StyleId-0" CONTENT="WOMAN" WC="0.692" CC="06450" />
            <SP ID="P12_SP00001" WIDTH="0" HPOS="0" VPOS="0" />
            <String ID="P12_S00003" HPOS="864" VPOS="279" WIDTH="56" HEIGHT="37" STYLEREFS="StyleId-0" CONTENT="IN" WC="1" CC="00" />
            <SP ID="P12_SP00002" WIDTH="0" HPOS="0" VPOS="0" />
            <String ID="P12_S00004" HPOS="940" VPOS="273" WIDTH="266" HEIGHT="43" STYLEREFS="StyleId-0" CONTENT="MEDICINE," WC="0.8233333" CC="401300204" />
          </TextLine>
        </TextBlock>
        <TextBlock ID="P12_TB00003" HPOS="167" VPOS="387" WIDTH="1575" HEIGHT="2149">
          <TextLine ID="P12_TL00003" HPOS="185" VPOS="395" WIDTH="1522" HEIGHT="40">
            <String ID="P12_S00005" HPOS="185" VPOS="401" WIDTH="306" HEIGHT="47" STYLEREFS="StyleId-1" CONTENT="astronomy.&quot;" WC="0.584545434" CC="102400756027" />
            <SP ID="P12_SP00003" WIDTH="0" HPOS="0" VPOS="0" />
            <String ID="P12_S00006" HPOS="552" VPOS="397" WIDTH="66" HEIGHT="51" STYLEREFS="StyleId-1" CONTENT="To" WC="0.63" CC="70" />
            <SP ID="P12_SP00004" WIDTH="0" HPOS="0" VPOS="0" />
            <String ID="P12_S00007" HPOS="639" VPOS="398" WIDTH="88" HEIGHT="50" STYLEREFS="StyleId-1" CONTENT="this" WC="0.6175" CC="4550" />
            <SP ID="P12_SP00005" WIDTH="0" HPOS="0" VPOS="0" />
            <String ID="P12_S00008" HPOS="749" VPOS="408" WIDTH="86" HEIGHT="40" STYLEREFS="StyleId-1" CONTENT="was" WC="1" CC="000" />
            <SP ID="P12_SP00006" WIDTH="0" HPOS="0" VPOS="0" />
            <String ID="P12_S00009" HPOS="859" VPOS="393" WIDTH="137" HEIGHT="55" STYLEREFS="StyleId-1" CONTENT="added" WC="0.788" CC="04600" />
            <SP ID="P12_SP00007" WIDTH="0" HPOS="0" VPOS="0" />
            <String ID="P12_S00010" HPOS="1019" VPOS="388" WIDTH="309" HEIGHT="60" STYLEREFS="StyleId-1" CONTENT="metaphysics," WC="0.7475" CC="900236034000" />
            <SP ID="P12_SP00008" WIDTH="0" HPOS="0" VPOS="0" />
            <String ID="P12_S00011" HPOS="1369" VPOS="384" WIDTH="86" HEIGHT="64" STYLEREFS="StyleId-1" CONTENT="and" WC="0.296666652" CC="1055" />
            <SP ID="P12_SP00009" WIDTH="0" HPOS="0" VPOS="0" />
            <String ID="P12_S00012" HPOS="1496" VPOS="380" WIDTH="211" HEIGHT="68" STYLEREFS="StyleId-1" CONTENT="cosmolo¬" WC="0.7925" CC="04203411" />
          </TextLine>
          <TextLine ID="P12_TL00004" HPOS="185" VPOS="460" WIDTH="1523" HEIGHT="42">
            <String ID="P12_S00013" HPOS="186" VPOS="483" WIDTH="74" HEIGHT="34" STYLEREFS="StyleId-1" CONTENT="gy," WC="0.75" CC="700" />
            <SP ID="P12_SP00010" WIDTH="0" HPOS="0" VPOS="0" />
            <String ID="P12_S00014" HPOS="288" VPOS="469" WIDTH="45" HEIGHT="48" STYLEREFS="StyleId-1" CONTENT="in" WC="0.585" CC="08" />
            <SP ID="P12_SP00011" WIDTH="0" HPOS="0" VPOS="0" />
            <String ID="P12_S00015" HPOS="355" VPOS="467" WIDTH="143" HEIGHT="50" STYLEREFS="StyleId-1" CONTENT="which" WC="0.844" CC="03300" />
            <SP ID="P12_SP00012" WIDTH="0" HPOS="0" VPOS="0" />
            <String ID="P12_S00016" HPOS="520" VPOS="477" WIDTH="117" HEIGHT="40" STYLEREFS="StyleId-1" CONTENT="some" WC="1" CC="0000" />
            <SP ID="P12_SP00013" WIDTH="0" HPOS="0" VPOS="0" />
            <String ID="P12_S00017" HPOS="656" VPOS="462" WIDTH="178" HEIGHT="55" STYLEREFS="StyleId-1" CONTENT="biology" WC="0.8057143" CC="00030100" />
            <SP ID="P12_SP00014" WIDTH="0" HPOS="0" VPOS="0" />
            <String ID="P12_S00018" HPOS="873" VPOS="473" WIDTH="89" HEIGHT="44" STYLEREFS="StyleId-1" CONTENT="was" WC="0.79" CC="600" />
            <SP ID="P12_SP00015" WIDTH="0" HPOS="0" VPOS="0" />
            <String ID="P12_S00019" HPOS="991" VPOS="458" WIDTH="189" HEIGHT="59" STYLEREFS="StyleId-1" CONTENT="studied." WC="0.7375" CC="00601264" />
            <SP ID="P12_SP00016" WIDTH="0" HPOS="0" VPOS="0" />
            <String ID="P12_S00020" HPOS="1241" VPOS="452" WIDTH="111" HEIGHT="65" STYLEREFS="StyleId-1" CONTENT="This" WC="0.7425" CC="7030" />
            <SP ID="P12_SP00017" WIDTH="0" HPOS="0" VPOS="0" />
            <String ID="P12_S00021" HPOS="1394" VPOS="462" WIDTH="89" HEIGHT="55" STYLEREFS="StyleId-1" CONTENT="was" WC="0.9866667" CC="000" />
            <SP ID="P12_SP00018" WIDTH="0" HPOS="0" VPOS="0" />
            <String ID="P12_S00022" HPOS="1526" VPOS="460" WIDTH="24" HEIGHT="57" STYLEREFS="StyleId-1" CONTENT="a" WC="0.94" CC="0" />
            <SP ID="P12_SP00019" WIDTH="0" HPOS="0" VPOS="0" />
            <String ID="P12_S00023" HPOS="1587" VPOS="446" WIDTH="121" HEIGHT="71" STYLEREFS="StyleId-1" CONTENT="thor¬" WC="0.832" CC="40030" />
          </TextLine>
          <TextLine ID="P12_TL00005" HPOS="187" VPOS="521" WIDTH="1526" HEIGHT="46">
            <String ID="P12_S00024" HPOS="187" VPOS="534" WIDTH="170" HEIGHT="47" STYLEREFS="StyleId-1" CONTENT="oughly" WC="0.416666657" CC="3110748" />
            <SP ID="P12_SP00020" WIDTH="0" HPOS="0" VPOS="0" />
            <String ID="P12_S00025" HPOS="377" VPOS="532" WIDTH="196" HEIGHT="49" STYLEREFS="StyleId-1" CONTENT="rounded" WC="0.7871429" CC="3208000" />
            <SP ID="P12_SP00021" WIDTH="0" HPOS="0" VPOS="0" />
            <String ID="P12_S00026" HPOS="596" VPOS="541" WIDTH="152" HEIGHT="40" STYLEREFS="StyleId-1" CONTENT="course" WC="0.89" CC="005100" />
            <SP ID="P12_SP00022" WIDTH="0" HPOS="0" VPOS="0" />
            <String ID="P12_S00027" HPOS="769" VPOS="527" WIDTH="44" HEIGHT="54" STYLEREFS="StyleId-1" CONTENT="in" WC="0.82" CC="30" />
            <SP ID="P12_SP00023" WIDTH="0" HPOS="0" VPOS="0" />
            <String ID="P12_S00028" HPOS="857" VPOS="523" WIDTH="268" HEIGHT="58" STYLEREFS="StyleId-1" CONTENT="intellectual" WC="0.696666658" CC="380040000756" />
            <SP ID="P12_SP00024" WIDTH="0" HPOS="0" VPOS="0" />
            <String ID="P12_S00029" HPOS="1174" VPOS="518" WIDTH="220" HEIGHT="63" STYLEREFS="StyleId-1" CONTENT="trainings" WC="0.452222228" CC="873015779" />
            <SP ID="P12_SP00025" WIDTH="0" HPOS="0" VPOS="0" />
            <String ID="P12_S00030" HPOS="1454" VPOS="508" WIDTH="8" HEIGHT="73" STYLEREFS="StyleId-1" CONTENT="'" WC="0.55" CC="4" />
            <SP ID="P12_SP00026" WIDTH="0" HPOS="0" VPOS="0" />
            <String ID="P12_S00031" HPOS="1490" VPOS="515" WIDTH="70" HEIGHT="66" STYLEREFS="StyleId-1" CONTENT="No" WC="0.885" CC="20" />
            <SP ID="P12_SP00027" WIDTH="0" HPOS="0" VPOS="0" />
            <String ID="P12_S00032" HPOS="1596" VPOS="524" WIDTH="116" HEIGHT="57" STYLEREFS="StyleId-1" CONTENT="won¬" WC="0.315" CC="10763" />
          </TextLine>
          <TextLine ID="P12_TL00006" HPOS="187" VPOS="595" WIDTH="1522" HEIGHT="36">
            <String ID="P12_S00033" HPOS="187" VPOS="601" WIDTH="77" HEIGHT="38" STYLEREFS="StyleId-1" CONTENT="der" WC="0.913333356" CC="002" />
            <SP ID="P12_SP00028" WIDTH="0" HPOS="0" VPOS="0" />
            <String ID="P12_S00034" HPOS="287" VPOS="598" WIDTH="217" HEIGHT="41" STYLEREFS="StyleId-1" CONTENT="Professer" WC="0.8433333" CC="600400003" />
            <SP ID="P12_SP00029" WIDTH="0" HPOS="0" VPOS="0" />
            <String ID="P12_S00035" HPOS="527" VPOS="596" WIDTH="181" HEIGHT="45" STYLEREFS="StyleId-1" CONTENT="Huxley" WC="0.891666651" CC="500100" />
            <SP ID="P12_SP00030" WIDTH="0" HPOS="0" VPOS="0" />
            <String ID="P12_S00036" HPOS="730" VPOS="592" WIDTH="107" HEIGHT="49" STYLEREFS="StyleId-1" CONTENT="said," WC="0.992" CC="00000" />
            <SP ID="P12_SP00031" WIDTH="0" HPOS="0" VPOS="0" />
            <String ID="P12_S00037" HPOS="858" VPOS="592" WIDTH="44" HEIGHT="49" STYLEREFS="StyleId-1" CONTENT="in" WC="0.605" CC="34" />
            <SP ID="P12_SP00032" WIDTH="0" HPOS="0" VPOS="0" />
            <String ID="P12_S00038" HPOS="925" VPOS="590" WIDTH="68" HEIGHT="51" STYLEREFS="StyleId-1" CONTENT="his" WC="0.75333333" CC="043" />
            <SP ID="P12_SP00033" WIDTH="0" HPOS="0" VPOS="0" />
            <String ID="P12_S00039" HPOS="1015" VPOS="586" WIDTH="232" HEIGHT="55" STYLEREFS="StyleId-1" CONTENT="inaugural" WC="0.5733333" CC="00251010370" />
            <SP ID="P12_SP00034" WIDTH="0" HPOS="0" VPOS="0" />
            <String ID="P12_S00040" HPOS="1271" VPOS="584" WIDTH="177" HEIGHT="57" STYLEREFS="StyleId-1" CONTENT="address" WC="0.7214286" CC="0090270" />
            <SP ID="P12_SP00035" WIDTH="0" HPOS="0" VPOS="0" />
            <String ID="P12_S00041" HPOS="1471" VPOS="592" WIDTH="46" HEIGHT="49" STYLEREFS="StyleId-1" CONTENT="as" WC="0.92" CC="00" />
            <SP ID="P12_SP00036" WIDTH="0" HPOS="0" VPOS="0" />
            <String ID="P12_S00042" HPOS="1551" VPOS="581" WIDTH="158" HEIGHT="60" STYLEREFS="StyleId-1" CONTENT="Rector" WC="0.9033333" CC="300002" />
          </TextLine>
          <TextLine ID="P12_TL00007" HPOS="185" VPOS="658" WIDTH="1523" HEIGHT="36">
            <String ID="P12_S00043" HPOS="186" VPOS="666" WIDTH="48" HEIGHT="38" STYLEREFS="StyleId-1" CONTENT="of" WC="0.4" CC="75" />
            <SP ID="P12_SP00037" WIDTH="0" HPOS="0" VPOS="0" />
            <String ID="P12_S00044" HPOS="255" VPOS="662" WIDTH="281" HEIGHT="44" STYLEREFS="StyleId-1" CONTENT="Aberdeen,&quot;" WC="0.835" CC="0003004017" />
            <SP ID="P12_SP00038" WIDTH="0" HPOS="0" VPOS="0" />
            <String ID="P12_S00045" HPOS="566" VPOS="654" WIDTH="57" HEIGHT="52" STYLEREFS="StyleId-1" CONTENT="&quot;I" WC="0.465" CC="73" />
            <SP ID="P12_SP00039" WIDTH="0" HPOS="0" VPOS="0" />
            <String ID="P12_S00046" HPOS="645" VPOS="659" WIDTH="136" HEIGHT="47" STYLEREFS="StyleId-1" CONTENT="doubt" WC="0.732" CC="00508" />
            <SP ID="P12_SP00040" WIDTH="0" HPOS="0" VPOS="0" />
            <String ID="P12_S00047" HPOS="816" VPOS="658" WIDTH="34" HEIGHT="48" STYLEREFS="StyleId-1" CONTENT="if" WC="0.51" CC="45" />
            <SP ID="P12_SP00041" WIDTH="0" HPOS="0" VPOS="0" />
            <String ID="P12_S00048" HPOS="888" VPOS="657" WIDTH="77" HEIGHT="49" STYLEREFS="StyleId-1" CONTENT="the" WC="0.50333333" CC="590" />
            <SP ID="P12_SP00042" WIDTH="0" HPOS="0" VPOS="0" />
            <String ID="P12_S00049" HPOS="1005" VPOS="652" WIDTH="268" HEIGHT="54" STYLEREFS="StyleId-1" CONTENT="curriculum" WC="0.734" CC="0730600009" />
            <SP ID="P12_SP00043" WIDTH="0" HPOS="0" VPOS="0" />
            <String ID="P12_S00050" HPOS="1316" VPOS="648" WIDTH="46" HEIGHT="58" STYLEREFS="StyleId-1" CONTENT="of" WC="0.77" CC="04" />
            <SP ID="P12_SP00044" WIDTH="0" HPOS="0" VPOS="0" />
            <String ID="P12_S00051" HPOS="1402" VPOS="660" WIDTH="86" HEIGHT="46" STYLEREFS="StyleId-1" CONTENT="any" WC="0.9066667" CC="020" />
            <SP ID="P12_SP00045" WIDTH="0" HPOS="0" VPOS="0" />
            <String ID="P12_S00052" HPOS="1529" VPOS="644" WIDTH="179" HEIGHT="62" STYLEREFS="StyleId-1" CONTENT="modern" WC="0.566666663" CC="8010420" />
          </TextLine>
          <TextLine ID="P12_TL00008" HPOS="189" VPOS="724" WIDTH="1521" HEIGHT="38">
            <String ID="P12_S00053" HPOS="189" VPOS="729" WIDTH="247" HEIGHT="46" STYLEREFS="StyleId-1" CONTENT="university" WC="0.647" CC="10603005009" />
            <SP ID="P12_SP00046" WIDTH="0" HPOS="0" VPOS="0" />
            <String ID="P12_S00054" HPOS="455" VPOS="728" WIDTH="145" HEIGHT="47" STYLEREFS="StyleId-1" CONTENT="shows" WC="0.772" CC="30080" />
            <SP ID="P12_SP00047" WIDTH="0" HPOS="0" VPOS="0" />
            <String ID="P12_S00055" HPOS="621" VPOS="737" WIDTH="48" HEIGHT="38" STYLEREFS="StyleId-1" CONTENT="so" WC="0.83" CC="30" />
            <SP ID="P12_SP00048" WIDTH="0" HPOS="0" VPOS="0" />
            <String ID="P12_S00056" HPOS="691" VPOS="725" WIDTH="113" HEIGHT="50" STYLEREFS="StyleId-1" CONTENT="clear" WC="0.84" CC="16000" />
            <SP ID="P12_SP00049" WIDTH="0" HPOS="0" VPOS="0" />
            <String ID="P12_S00057" HPOS="825" VPOS="723" WIDTH="84" HEIGHT="52" STYLEREFS="StyleId-1" CONTENT="and" WC="0.686666667" CC="450" />
            <SP ID="P12_SP00050" WIDTH="0" HPOS="0" VPOS="0" />
            <String ID="P12_S00058" HPOS="932" VPOS="731" WIDTH="216" HEIGHT="44" STYLEREFS="StyleId-1" CONTENT="generous" WC="0.775" CC="100400003" />
            <SP ID="P12_SP00051" WIDTH="0" HPOS="0" VPOS="0" />
            <String ID="P12_S00059" HPOS="1166" VPOS="731" WIDTH="23" HEIGHT="44" STYLEREFS="StyleId-1" CONTENT="a" WC="0.3" CC="7" />
            <SP ID="P12_SP00052" WIDTH="0" HPOS="0" VPOS="0" />
            <String ID="P12_S00060" HPOS="1210" VPOS="711" WIDTH="364" HEIGHT="64" STYLEREFS="StyleId-1" CONTENT="comprehension" WC="0.884615362" CC="0004100051200" />
            <SP ID="P12_SP00053" WIDTH="0" HPOS="0" VPOS="0" />
            <String ID="P12_S00061" HPOS="1599" VPOS="722" WIDTH="44" HEIGHT="53" STYLEREFS="StyleId-1" CONTENT="as" WC="0.815" CC="03" />
            <SP ID="P12_SP00054" WIDTH="0" HPOS="0" VPOS="0" />
            <String ID="P12_S00062" HPOS="1664" VPOS="715" WIDTH="45" HEIGHT="60" STYLEREFS="StyleId-1" CONTENT="to" WC="1" CC="00" />
          </TextLine>
          <TextLine ID="P12_TL00009" HPOS="192" VPOS="790" WIDTH="1524" HEIGHT="37">
            <String ID="P12_S00063" HPOS="192" VPOS="797" WIDTH="116" HEIGHT="39" STYLEREFS="StyleId-1" CONTENT="what" WC="0.7275" CC="0550" />
            <SP ID="P12_SP00055" WIDTH="0" HPOS="0" VPOS="0" />
            <String ID="P12_S00064" HPOS="330" VPOS="795" WIDTH="36" HEIGHT="41" STYLEREFS="StyleId-1" CONTENT="is" WC="0.695" CC="60" />
            <SP ID="P12_SP00056" WIDTH="0" HPOS="0" VPOS="0" />
            <String ID="P12_S00065" HPOS="388" VPOS="797" WIDTH="146" HEIGHT="39" STYLEREFS="StyleId-1" CONTENT="meant" WC="0.79" CC="00180" />
            <SP ID="P12_SP00057" WIDTH="0" HPOS="0" VPOS="0" />
            <String ID="P12_S00066" HPOS="555" VPOS="792" WIDTH="57" HEIGHT="46" STYLEREFS="StyleId-1" CONTENT="by" WC="0.77" CC="40" />
            <SP ID="P12_SP00058" WIDTH="0" HPOS="0" VPOS="0" />
            <String ID="P12_S00067" HPOS="634" VPOS="789" WIDTH="170" HEIGHT="49" STYLEREFS="StyleId-1" CONTENT="culture" WC="0.9557143" CC="0000030" />
            <SP ID="P12_SP00059" WIDTH="0" HPOS="0" VPOS="0" />
            <String ID="P12_S00068" HPOS="826" VPOS="800" WIDTH="46" HEIGHT="38" STYLEREFS="StyleId-1" CONTENT="as" WC="0.605" CC="70" />
            <SP ID="P12_SP00060" WIDTH="0" HPOS="0" VPOS="0" />
            <String ID="P12_S00069" HPOS="887" VPOS="787" WIDTH="88" HEIGHT="51" STYLEREFS="StyleId-1" CONTENT="this" WC="0.7675" CC="0710" />
            <SP ID="P12_SP00061" WIDTH="0" HPOS="0" VPOS="0" />
            <String ID="P12_S00070" HPOS="1006" VPOS="785" WIDTH="71" HEIGHT="53" STYLEREFS="StyleId-1" CONTENT="old" WC="0.933333337" CC="020" />
            <SP ID="P12_SP00062" WIDTH="0" HPOS="0" VPOS="0" />
            <String ID="P12_S00071" HPOS="1120" VPOS="782" WIDTH="180" HEIGHT="56" STYLEREFS="StyleId-1" CONTENT="trivium" WC="0.748571455" CC="0410209" />
            <SP ID="P12_SP00063" WIDTH="0" HPOS="0" VPOS="0" />
            <String ID="P12_S00072" HPOS="1341" VPOS="792" WIDTH="47" HEIGHT="46" STYLEREFS="StyleId-1" CONTENT="or" WC="0.935" CC="01" />
            <SP ID="P12_SP00064" WIDTH="0" HPOS="0" VPOS="0" />
            <String ID="P12_S00073" HPOS="1428" VPOS="776" WIDTH="288" HEIGHT="62" STYLEREFS="StyleId-1" CONTENT="quadrivium." WC="0.815454543" CC="30000620007" />
          </TextLine>
          <TextLine ID="P12_TL00010" HPOS="188" VPOS="862" WIDTH="934" HEIGHT="30">
            <String ID="P12_S00074" HPOS="188" VPOS="861" WIDTH="158" HEIGHT="39" STYLEREFS="StyleId-1" CONTENT="does.&quot;" WC="0.6933333" CC="900304" />
            <SP ID="P12_SP00065" WIDTH="0" HPOS="0" VPOS="0" />
            <String ID="P12_S00075" HPOS="1072" VPOS="874" WIDTH="4" HEIGHT="26" STYLEREFS="StyleId-1" CONTENT="•" WC="0.96" CC="0" />
            <SP ID="P12_SP00066" WIDTH="0" HPOS="0" VPOS="0" />
            <String ID="P12_S00076" HPOS="1118" VPOS="874" WIDTH="4" HEIGHT="26" STYLEREFS="StyleId-1" CONTENT="■" WC="0.26" CC="7" />
          </TextLine>
          <TextLine ID="P12_TL00011" HPOS="257" VPOS="919" WIDTH="1454" HEIGHT="33">
            <String ID="P12_S00077" HPOS="257" VPOS="953" WIDTH="4" HEIGHT="7" STYLEREFS="StyleId-1" CONTENT="." WC="0.25" CC="7" />
            <SP ID="P12_SP00067" WIDTH="0" HPOS="0" VPOS="0" />
            <String ID="P12_S00078" HPOS="281" VPOS="919" WIDTH="176" HEIGHT="46" STYLEREFS="StyleId-1" CONTENT="&quot;There" WC="0.668333352" CC="700660" />
            <SP ID="P12_SP00068" WIDTH="0" HPOS="0" VPOS="0" />
            <String ID="P12_S00079" HPOS="477" VPOS="923" WIDTH="37" HEIGHT="42" STYLEREFS="StyleId-1" CONTENT="is" WC="0.51" CC="36" />
            <SP ID="P12_SP00069" WIDTH="0" HPOS="0" VPOS="0" />
            <String ID="P12_S00080" HPOS="536" VPOS="934" WIDTH="56" HEIGHT="31" STYLEREFS="StyleId-1" CONTENT="no" WC="0.65" CC="70" />
            <SP ID="P12_SP00070" WIDTH="0" HPOS="0" VPOS="0" />
            <String ID="P12_S00081" HPOS="622" VPOS="920" WIDTH="137" HEIGHT="45" STYLEREFS="StyleId-1" CONTENT="doubt" WC="0.794" CC="01440" />
            <SP ID="P12_SP00071" WIDTH="0" HPOS="0" VPOS="0" />
            <String ID="P12_S00082" HPOS="780" VPOS="924" WIDTH="44" HEIGHT="41" STYLEREFS="StyleId-1" CONTENT="at" WC="0.77" CC="30" />
            <SP ID="P12_SP00072" WIDTH="0" HPOS="0" VPOS="0" />
            <String ID="P12_S00083" HPOS="844" VPOS="918" WIDTH="58" HEIGHT="47" STYLEREFS="StyleId-1" CONTENT="all" WC="0.54" CC="804" />
            <SP ID="P12_SP00073" WIDTH="0" HPOS="0" VPOS="0" />
            <String ID="P12_S00084" HPOS="924" VPOS="917" WIDTH="132" HEIGHT="48" STYLEREFS="StyleId-1" CONTENT="about" WC="0.946" CC="02000" />
            <SP ID="P12_SP00074" WIDTH="0" HPOS="0" VPOS="0" />
            <String ID="P12_S00085" HPOS="1077" VPOS="916" WIDTH="74" HEIGHT="49" STYLEREFS="StyleId-1" CONTENT="the" WC="0.7633333" CC="060" />
            <SP ID="P12_SP00075" WIDTH="0" HPOS="0" VPOS="0" />
            <String ID="P12_S00086" HPOS="1183" VPOS="914" WIDTH="129" HEIGHT="51" STYLEREFS="StyleId-1" CONTENT="value" WC="0.852" CC="00250" />
            <SP ID="P12_SP00076" WIDTH="0" HPOS="0" VPOS="0" />
            <String ID="P12_S00087" HPOS="1354" VPOS="910" WIDTH="45" HEIGHT="55" STYLEREFS="StyleId-1" CONTENT="of" WC="0.84" CC="03" />
            <SP ID="P12_SP00077" WIDTH="0" HPOS="0" VPOS="0" />
            <String ID="P12_S00088" HPOS="1439" VPOS="910" WIDTH="75" HEIGHT="55" STYLEREFS="StyleId-1" CONTENT="the" WC="1" CC="000" />
            <SP ID="P12_SP00078" WIDTH="0" HPOS="0" VPOS="0" />
            <String ID="P12_S00089" HPOS="1554" VPOS="908" WIDTH="156" HEIGHT="57" STYLEREFS="StyleId-1" CONTENT="under¬" WC="0.725" CC="260051" />
          </TextLine>
          <TextLine ID="P12_TL00012" HPOS="189" VPOS="988" WIDTH="1520" HEIGHT="36">
            <String ID="P12_S00090" HPOS="189" VPOS="992" WIDTH="213" HEIGHT="47" STYLEREFS="StyleId-1" CONTENT="graduate" WC="0.785" CC="101005000" />
            <SP ID="P12_SP00079" WIDTH="0" HPOS="0" VPOS="0" />
            <String ID="P12_S00091" HPOS="423" VPOS="988" WIDTH="207" HEIGHT="51" STYLEREFS="StyleId-1" CONTENT="training," WC="0.76" CC="020263700" />
            <SP ID="P12_SP00080" WIDTH="0" HPOS="0" VPOS="0" />
            <String ID="P12_S00092" HPOS="658" VPOS="998" WIDTH="79" HEIGHT="41" STYLEREFS="StyleId-1" CONTENT="nor" WC="0.733333349" CC="403" />
            <SP ID="P12_SP00081" WIDTH="0" HPOS="0" VPOS="0" />
            <String ID="P12_S00093" HPOS="779" VPOS="984" WIDTH="45" HEIGHT="55" STYLEREFS="StyleId-1" CONTENT="of" WC="0.545" CC="44" />
            <SP ID="P12_SP00082" WIDTH="0" HPOS="0" VPOS="0" />
            <String ID="P12_S00094" HPOS="853" VPOS="984" WIDTH="75" HEIGHT="55" STYLEREFS="StyleId-1" CONTENT="the" WC="0.766666651" CC="070" />
            <SP ID="P12_SP00083" WIDTH="0" HPOS="0" VPOS="0" />
            <String ID="P12_S00095" HPOS="969" VPOS="979" WIDTH="271" HEIGHT="60" STYLEREFS="StyleId-1" CONTENT="scholarship" WC="0.786363661" CC="20603820000" />
            <SP ID="P12_SP00084" WIDTH="0" HPOS="0" VPOS="0" />
            <String ID="P12_S00096" HPOS="1282" VPOS="977" WIDTH="45" HEIGHT="62" STYLEREFS="StyleId-1" CONTENT="of" WC="0.875" CC="02" />
            <SP ID="P12_SP00085" WIDTH="0" HPOS="0" VPOS="0" />
            <String ID="P12_S00097" HPOS="1368" VPOS="976" WIDTH="74" HEIGHT="63" STYLEREFS="StyleId-1" CONTENT="the" WC="1" CC="000" />
            <SP ID="P12_SP00086" WIDTH="0" HPOS="0" VPOS="0" />
            <String ID="P12_S00098" HPOS="1483" VPOS="987" WIDTH="100" HEIGHT="52" STYLEREFS="StyleId-1" CONTENT="men" WC="0.563333333" CC="075" />
            <SP ID="P12_SP00087" WIDTH="0" HPOS="0" VPOS="0" />
            <String ID="P12_S00099" HPOS="1625" VPOS="973" WIDTH="84" HEIGHT="66" STYLEREFS="StyleId-1" CONTENT="and" WC="0.77" CC="330" />
          </TextLine>
          <TextLine ID="P12_TL00013" HPOS="189" VPOS="1053" WIDTH="1523" HEIGHT="34">
            <String ID="P12_S00100" HPOS="190" VPOS="1068" WIDTH="171" HEIGHT="28" STYLEREFS="StyleId-1" CONTENT="women" WC="0.946" CC="00002" />
            <SP ID="P12_SP00088" WIDTH="0" HPOS="0" VPOS="0" />
            <String ID="P12_S00101" HPOS="378" VPOS="1053" WIDTH="158" HEIGHT="43" STYLEREFS="StyleId-1" CONTENT="turned" WC="0.8283333" CC="063000" />
            <SP ID="P12_SP00089" WIDTH="0" HPOS="0" VPOS="0" />
            <String ID="P12_S00102" HPOS="559" VPOS="1059" WIDTH="76" HEIGHT="37" STYLEREFS="StyleId-1" CONTENT="out" WC="0.5133333" CC="0410" />
            <SP ID="P12_SP00090" WIDTH="0" HPOS="0" VPOS="0" />
            <String ID="P12_S00103" HPOS="659" VPOS="1051" WIDTH="134" HEIGHT="45" STYLEREFS="StyleId-1" CONTENT="under" WC="0.69" CC="95000" />
            <SP ID="P12_SP00091" WIDTH="0" HPOS="0" VPOS="0" />
            <String ID="P12_S00104" HPOS="815" VPOS="1049" WIDTH="88" HEIGHT="47" STYLEREFS="StyleId-1" CONTENT="this" WC="0.5175" CC="7740" />
            <SP ID="P12_SP00092" WIDTH="0" HPOS="0" VPOS="0" />
            <String ID="P12_S00105" HPOS="924" VPOS="1053" WIDTH="176" HEIGHT="43" STYLEREFS="StyleId-1" CONTENT="system," WC="0.882857144" CC="1060000" />
            <SP ID="P12_SP00093" WIDTH="0" HPOS="0" VPOS="0" />
            <String ID="P12_S00106" HPOS="1124" VPOS="1057" WIDTH="78" HEIGHT="39" STYLEREFS="StyleId-1" CONTENT="nor" WC="0.62" CC="514" />
            <SP ID="P12_SP00094" WIDTH="0" HPOS="0" VPOS="0" />
            <String ID="P12_S00107" HPOS="1235" VPOS="1043" WIDTH="46" HEIGHT="53" STYLEREFS="StyleId-1" CONTENT="of" WC="0.635" CC="07" />
            <SP ID="P12_SP00095" WIDTH="0" HPOS="0" VPOS="0" />
            <String ID="P12_S00108" HPOS="1319" VPOS="1042" WIDTH="115" HEIGHT="54" STYLEREFS="StyleId-1" CONTENT="their" WC="0.838" CC="00052" />
            <SP ID="P12_SP00096" WIDTH="0" HPOS="0" VPOS="0" />
            <String ID="P12_S00109" HPOS="1476" VPOS="1039" WIDTH="152" HEIGHT="57" STYLEREFS="StyleId-1" CONTENT="ability" WC="0.5485714" CC="0555670" />
            <SP ID="P12_SP00097" WIDTH="0" HPOS="0" VPOS="0" />
            <String ID="P12_S00110" HPOS="1667" VPOS="1044" WIDTH="45" HEIGHT="52" STYLEREFS="StyleId-1" CONTENT="to" WC="0.6" CC="34" />
          </TextLine>
          <TextLine ID="P12_TL00014" HPOS="189" VPOS="1119" WIDTH="1525" HEIGHT="33">
            <String ID="P12_S00111" HPOS="189" VPOS="1125" WIDTH="281" HEIGHT="36" STYLEREFS="StyleId-1" CONTENT="concentrate" WC="0.84" CC="60300204000" />
            <SP ID="P12_SP00098" WIDTH="0" HPOS="0" VPOS="0" />
            <String ID="P12_S00112" HPOS="484" VPOS="1117" WIDTH="113" HEIGHT="44" STYLEREFS="StyleId-1" CONTENT="their" WC="0.71" CC="07015" />
            <SP ID="P12_SP00099" WIDTH="0" HPOS="0" VPOS="0" />
            <String ID="P12_S00113" HPOS="613" VPOS="1117" WIDTH="145" HEIGHT="44" STYLEREFS="StyleId-1" CONTENT="minds" WC="0.932" CC="03000" />
            <SP ID="P12_SP00100" WIDTH="0" HPOS="0" VPOS="0" />
            <String ID="P12_S00114" HPOS="779" VPOS="1127" WIDTH="57" HEIGHT="34" STYLEREFS="StyleId-1" CONTENT="on" WC="0.62" CC="07" />
            <SP ID="P12_SP00101" WIDTH="0" HPOS="0" VPOS="0" />
            <String ID="P12_S00115" HPOS="857" VPOS="1112" WIDTH="183" HEIGHT="49" STYLEREFS="StyleId-1" CONTENT="difficult" WC="0.6788889" CC="057440430" />
            <SP ID="P12_SP00102" WIDTH="0" HPOS="0" VPOS="0" />
            <String ID="P12_S00116" HPOS="1062" VPOS="1111" WIDTH="206" HEIGHT="50" STYLEREFS="StyleId-1" CONTENT="subjects." WC="0.8155556" CC="060400050" />
            <SP ID="P12_SP00103" WIDTH="0" HPOS="0" VPOS="0" />
            <String ID="P12_S00117" HPOS="1329" VPOS="1107" WIDTH="104" HEIGHT="54" STYLEREFS="StyleId-1" CONTENT="Said" WC="0.6075" CC="50010" />
            <SP ID="P12_SP00104" WIDTH="0" HPOS="0" VPOS="0" />
            <String ID="P12_S00118" HPOS="1463" VPOS="1118" WIDTH="82" HEIGHT="43" STYLEREFS="StyleId-1" CONTENT="one" WC="0.766666651" CC="070" />
            <SP ID="P12_SP00105" WIDTH="0" HPOS="0" VPOS="0" />
            <String ID="P12_S00119" HPOS="1565" VPOS="1105" WIDTH="47" HEIGHT="56" STYLEREFS="StyleId-1" CONTENT="of" WC="0.295" CC="76" />
            <SP ID="P12_SP00106" WIDTH="0" HPOS="0" VPOS="0" />
            <String ID="P12_S00120" HPOS="1639" VPOS="1105" WIDTH="74" HEIGHT="56" STYLEREFS="StyleId-1" CONTENT="the" WC="1" CC="000" />
          </TextLine>
          <TextLine ID="P12_TL00015" HPOS="188" VPOS="1178" WIDTH="1521" HEIGHT="42">
            <String ID="P12_S00121" HPOS="188" VPOS="1187" WIDTH="235" HEIGHT="48" STYLEREFS="StyleId-1" CONTENT="graduates" WC="0.79" CC="006050007" />
            <SP ID="P12_SP00107" WIDTH="0" HPOS="0" VPOS="0" />
            <String ID="P12_S00122" HPOS="444" VPOS="1184" WIDTH="45" HEIGHT="51" STYLEREFS="StyleId-1" CONTENT="of" WC="0.87" CC="02" />
            <SP ID="P12_SP00108" WIDTH="0" HPOS="0" VPOS="0" />
            <String ID="P12_S00123" HPOS="510" VPOS="1182" WIDTH="88" HEIGHT="53" STYLEREFS="StyleId-1" CONTENT="this" WC="0.77" CC="0026" />
            <SP ID="P12_SP00109" WIDTH="0" HPOS="0" VPOS="0" />
            <String ID="P12_S00124" HPOS="620" VPOS="1181" WIDTH="148" HEIGHT="54" STYLEREFS="StyleId-1" CONTENT="school" WC="0.8066667" CC="024040" />
            <SP ID="P12_SP00110" WIDTH="0" HPOS="0" VPOS="0" />
            <String ID="P12_S00125" HPOS="791" VPOS="1190" WIDTH="42" HEIGHT="45" STYLEREFS="StyleId-1" CONTENT="at" WC="0.685" CC="06" />
            <SP ID="P12_SP00111" WIDTH="0" HPOS="0" VPOS="0" />
            <String ID="P12_S00126" HPOS="855" VPOS="1178" WIDTH="234" HEIGHT="57" STYLEREFS="StyleId-1" CONTENT="Salerno&quot;," WC="0.858888865" CC="500040002" />
            <SP ID="P12_SP00112" WIDTH="0" HPOS="0" VPOS="0" />
            <String ID="P12_S00127" HPOS="1120" VPOS="1169" WIDTH="56" HEIGHT="66" STYLEREFS="StyleId-1" CONTENT="&quot;I" WC="0.395" CC="74" />
            <SP ID="P12_SP00113" WIDTH="0" HPOS="0" VPOS="0" />
            <String ID="P12_S00128" HPOS="1200" VPOS="1180" WIDTH="162" HEIGHT="55" STYLEREFS="StyleId-1" CONTENT="cannot" WC="0.8666667" CC="007000" />
            <SP ID="P12_SP00114" WIDTH="0" HPOS="0" VPOS="0" />
            <String ID="P12_S00129" HPOS="1392" VPOS="1184" WIDTH="75" HEIGHT="51" STYLEREFS="StyleId-1" CONTENT="say" WC="0.7" CC="009" />
            <SP ID="P12_SP00115" WIDTH="0" HPOS="0" VPOS="0" />
            <String ID="P12_S00130" HPOS="1490" VPOS="1177" WIDTH="72" HEIGHT="58" STYLEREFS="StyleId-1" CONTENT="too" WC="1" CC="000" />
            <SP ID="P12_SP00116" WIDTH="0" HPOS="0" VPOS="0" />
            <String ID="P12_S00131" HPOS="1578" VPOS="1171" WIDTH="131" HEIGHT="64" STYLEREFS="StyleId-1" CONTENT="much" WC="1" CC="0000" />
          </TextLine>
          <TextLine ID="P12_TL00016" HPOS="188" VPOS="1250" WIDTH="1517" HEIGHT="34">
            <String ID="P12_S00132" HPOS="188" VPOS="1253" WIDTH="72" HEIGHT="39" STYLEREFS="StyleId-1" CONTENT="for" WC="0.74666667" CC="700" />
            <SP ID="P12_SP00117" WIDTH="0" HPOS="0" VPOS="0" />
            <String ID="P12_S00133" HPOS="273" VPOS="1253" WIDTH="74" HEIGHT="39" STYLEREFS="StyleId-1" CONTENT="the" WC="0.87" CC="003" />
            <SP ID="P12_SP00118" WIDTH="0" HPOS="0" VPOS="0" />
            <String ID="P12_S00134" HPOS="360" VPOS="1249" WIDTH="195" HEIGHT="45" STYLEREFS="StyleId-1" CONTENT="training" WC="0.78875" CC="02004460" />
            <SP ID="P12_SP00119" WIDTH="0" HPOS="0" VPOS="0" />
            <String ID="P12_S00135" HPOS="575" VPOS="1248" WIDTH="130" HEIGHT="47" STYLEREFS="StyleId-1" CONTENT="given" WC="0.65" CC="96001" />
            <SP ID="P12_SP00120" WIDTH="0" HPOS="0" VPOS="0" />
            <String ID="P12_S00136" HPOS="726" VPOS="1247" WIDTH="46" HEIGHT="48" STYLEREFS="StyleId-1" CONTENT="in" WC="0.58" CC="62" />
            <SP ID="P12_SP00121" WIDTH="0" HPOS="0" VPOS="0" />
            <String ID="P12_S00137" HPOS="793" VPOS="1246" WIDTH="103" HEIGHT="49" STYLEREFS="StyleId-1" CONTENT="this," WC="0.88" CC="01400" />
            <SP ID="P12_SP00122" WIDTH="0" HPOS="0" VPOS="0" />
            <String ID="P12_S00138" HPOS="930" VPOS="1244" WIDTH="75" HEIGHT="51" STYLEREFS="StyleId-1" CONTENT="the" WC="0.766666651" CC="070" />
            <SP ID="P12_SP00123" WIDTH="0" HPOS="0" VPOS="0" />
            <String ID="P12_S00139" HPOS="1025" VPOS="1242" WIDTH="95" HEIGHT="53" STYLEREFS="StyleId-1" CONTENT="first" WC="0.92" CC="22000" />
            <SP ID="P12_SP00124" WIDTH="0" HPOS="0" VPOS="0" />
            <String ID="P12_S00140" HPOS="1142" VPOS="1241" WIDTH="46" HEIGHT="54" STYLEREFS="StyleId-1" CONTENT="of" WC="0.8" CC="04" />
            <SP ID="P12_SP00125" WIDTH="0" HPOS="0" VPOS="0" />
            <String ID="P12_S00141" HPOS="1206" VPOS="1241" WIDTH="77" HEIGHT="54" STYLEREFS="StyleId-1" CONTENT="the" WC="1" CC="000" />
            <SP ID="P12_SP00126" WIDTH="0" HPOS="0" VPOS="0" />
            <String ID="P12_S00142" HPOS="1303" VPOS="1238" WIDTH="185" HEIGHT="57" STYLEREFS="StyleId-1" CONTENT="medical" WC="0.714285731" CC="6007050" />
            <SP ID="P12_SP00127" WIDTH="0" HPOS="0" VPOS="0" />
            <String ID="P12_S00143" HPOS="1519" VPOS="1237" WIDTH="186" HEIGHT="58" STYLEREFS="StyleId-1" CONTENT="schools." WC="0.9025" CC="00600001" />
          </TextLine>
          <TextLine ID="P12_TL00017" HPOS="191" VPOS="1316" WIDTH="1520" HEIGHT="33">
            <String ID="P12_S00144" HPOS="191" VPOS="1319" WIDTH="100" HEIGHT="38" STYLEREFS="StyleId-1" CONTENT="One" WC="0.6566667" CC="360" />
            <SP ID="P12_SP00128" WIDTH="0" HPOS="0" VPOS="0" />
            <String ID="P12_S00145" HPOS="319" VPOS="1316" WIDTH="129" HEIGHT="45" STYLEREFS="StyleId-1" CONTENT="thing" WC="0.664" CC="033010" />
            <SP ID="P12_SP00129" WIDTH="0" HPOS="0" VPOS="0" />
            <String ID="P12_S00146" HPOS="469" VPOS="1314" WIDTH="37" HEIGHT="47" STYLEREFS="StyleId-1" CONTENT="is" WC="0.89" CC="20" />
            <SP ID="P12_SP00130" WIDTH="0" HPOS="0" VPOS="0" />
            <String ID="P12_S00147" HPOS="526" VPOS="1326" WIDTH="113" HEIGHT="35" STYLEREFS="StyleId-1" CONTENT="sure," WC="0.788" CC="00405" />
            <SP ID="P12_SP00131" WIDTH="0" HPOS="0" VPOS="0" />
            <String ID="P12_S00148" HPOS="663" VPOS="1313" WIDTH="76" HEIGHT="48" STYLEREFS="StyleId-1" CONTENT="the" WC="0.803333342" CC="050" />
            <SP ID="P12_SP00132" WIDTH="0" HPOS="0" VPOS="0" />
            <String ID="P12_S00149" HPOS="760" VPOS="1312" WIDTH="239" HEIGHT="49" STYLEREFS="StyleId-1" CONTENT="professors" WC="0.751" CC="8305050002" />
            <SP ID="P12_SP00133" WIDTH="0" HPOS="0" VPOS="0" />
            <String ID="P12_S00150" HPOS="1020" VPOS="1320" WIDTH="113" HEIGHT="41" STYLEREFS="StyleId-1" CONTENT="were" WC="0.64" CC="10040" />
            <SP ID="P12_SP00134" WIDTH="0" HPOS="0" VPOS="0" />
            <String ID="P12_S00151" HPOS="1154" VPOS="1304" WIDTH="243" HEIGHT="57" STYLEREFS="StyleId-1" CONTENT="eminently" WC="0.9011111" CC="003004000" />
            <SP ID="P12_SP00135" WIDTH="0" HPOS="0" VPOS="0" />
            <String ID="P12_S00152" HPOS="1426" VPOS="1303" WIDTH="183" HEIGHT="58" STYLEREFS="StyleId-1" CONTENT="serious," WC="0.94375" CC="00003000" />
            <SP ID="P12_SP00136" WIDTH="0" HPOS="0" VPOS="0" />
            <String ID="P12_S00153" HPOS="1636" VPOS="1302" WIDTH="74" HEIGHT="59" STYLEREFS="StyleId-1" CONTENT="the" WC="1" CC="000" />
          </TextLine>
          <TextLine ID="P12_TL00018" HPOS="193" VPOS="1381" WIDTH="1520" HEIGHT="34">
            <String ID="P12_S00154" HPOS="193" VPOS="1383" WIDTH="124" HEIGHT="40" STYLEREFS="StyleId-1" CONTENT="work" WC="0.9625" CC="0010" />
            <SP ID="P12_SP00137" WIDTH="0" HPOS="0" VPOS="0" />
            <String ID="P12_S00155" HPOS="359" VPOS="1381" WIDTH="132" HEIGHT="42" STYLEREFS="StyleId-1" CONTENT="taken" WC="0.882" CC="00230" />
            <SP ID="P12_SP00138" WIDTH="0" HPOS="0" VPOS="0" />
            <String ID="P12_S00156" HPOS="533" VPOS="1391" WIDTH="59" HEIGHT="35" STYLEREFS="StyleId-1" CONTENT="up" WC="0.76" CC="40" />
            <SP ID="P12_SP00139" WIDTH="0" HPOS="0" VPOS="0" />
            <String ID="P12_S00157" HPOS="613" VPOS="1390" WIDTH="89" HEIGHT="36" STYLEREFS="StyleId-1" CONTENT="was" WC="0.6666667" CC="0100" />
            <SP ID="P12_SP00140" WIDTH="0" HPOS="0" VPOS="0" />
            <String ID="P12_S00158" HPOS="742" VPOS="1375" WIDTH="269" HEIGHT="51" STYLEREFS="StyleId-1" CONTENT="thoroughly" WC="0.801" CC="0700000750" />
            <SP ID="P12_SP00141" WIDTH="0" HPOS="0" VPOS="0" />
            <String ID="P12_S00159" HPOS="1038" VPOS="1371" WIDTH="227" HEIGHT="55" STYLEREFS="StyleId-1" CONTENT="scientific," WC="0.804545462" CC="00630000063" />
            <SP ID="P12_SP00142" WIDTH="0" HPOS="0" VPOS="0" />
            <String ID="P12_S00160" HPOS="1292" VPOS="1370" WIDTH="86" HEIGHT="56" STYLEREFS="StyleId-1" CONTENT="and" WC="0.483333319" CC="780" />
            <SP ID="P12_SP00143" WIDTH="0" HPOS="0" VPOS="0" />
            <String ID="P12_S00161" HPOS="1415" VPOS="1368" WIDTH="185" HEIGHT="58" STYLEREFS="StyleId-1" CONTENT="some,of" WC="0.9242857" CC="0000004" />
            <SP ID="P12_SP00144" WIDTH="0" HPOS="0" VPOS="0" />
            <String ID="P12_S00162" HPOS="1639" VPOS="1367" WIDTH="74" HEIGHT="59" STYLEREFS="StyleId-1" CONTENT="the" WC="0.61" CC="470" />
          </TextLine>
          <TextLine ID="P12_TL00019" HPOS="191" VPOS="1447" WIDTH="1525" HEIGHT="33">
            <String ID="P12_S00163" HPOS="192" VPOS="1447" WIDTH="160" HEIGHT="39" STYLEREFS="StyleId-1" CONTENT="results" WC="0.72" CC="7005402" />
            <SP ID="P12_SP00145" WIDTH="0" HPOS="0" VPOS="0" />
            <String ID="P12_S00164" HPOS="366" VPOS="1446" WIDTH="45" HEIGHT="40" STYLEREFS="StyleId-1" CONTENT="of" WC="0.305" CC="94" />
            <SP ID="P12_SP00146" WIDTH="0" HPOS="0" VPOS="0" />
            <String ID="P12_S00165" HPOS="445" VPOS="1446" WIDTH="75" HEIGHT="40" STYLEREFS="StyleId-1" CONTENT="the" WC="1" CC="000" />
            <SP ID="P12_SP00147" WIDTH="0" HPOS="0" VPOS="0" />
            <String ID="P12_S00166" HPOS="555" VPOS="1443" WIDTH="182" HEIGHT="43" STYLEREFS="StyleId-1" CONTENT="medical" WC="0.8314286" CC="0006005" />
            <SP ID="P12_SP00148" WIDTH="0" HPOS="0" VPOS="0" />
            <String ID="P12_S00167" HPOS="790" VPOS="1439" WIDTH="335" HEIGHT="47" STYLEREFS="StyleId-1" CONTENT="investigations" WC="0.6042857" CC="338005001085082" />
            <SP ID="P12_SP00149" WIDTH="0" HPOS="0" VPOS="0" />
            <String ID="P12_S00168" HPOS="1160" VPOS="1437" WIDTH="47" HEIGHT="49" STYLEREFS="StyleId-1" CONTENT="of" WC="1" CC="00" />
            <SP ID="P12_SP00150" WIDTH="0" HPOS="0" VPOS="0" />
            <String ID="P12_S00169" HPOS="1239" VPOS="1437" WIDTH="96" HEIGHT="49" STYLEREFS="StyleId-1" CONTENT="that" WC="0.455" CC="4681" />
            <SP ID="P12_SP00151" WIDTH="0" HPOS="0" VPOS="0" />
            <String ID="P12_S00170" HPOS="1370" VPOS="1435" WIDTH="121" HEIGHT="51" STYLEREFS="StyleId-1" CONTENT="early" WC="0.812" CC="20420" />
            <SP ID="P12_SP00152" WIDTH="0" HPOS="0" VPOS="0" />
            <String ID="P12_S00171" HPOS="1525" VPOS="1435" WIDTH="86" HEIGHT="51" STYLEREFS="StyleId-1" CONTENT="day" WC="1" CC="000" />
            <SP ID="P12_SP00153" WIDTH="0" HPOS="0" VPOS="0" />
            <String ID="P12_S00172" HPOS="1647" VPOS="1444" WIDTH="69" HEIGHT="42" STYLEREFS="StyleId-1" CONTENT="are" WC="0.94" CC="010" />
          </TextLine>
          <TextLine ID="P12_TL00020" HPOS="190" VPOS="1513" WIDTH="566" HEIGHT="41">
            <String ID="P12_S00173" HPOS="190" VPOS="1511" WIDTH="265" HEIGHT="47" STYLEREFS="StyleId-1" CONTENT="interesting" WC="0.7181818" CC="80006008430" />
            <SP ID="P12_SP00154" WIDTH="0" HPOS="0" VPOS="0" />
            <String ID="P12_S00174" HPOS="475" VPOS="1522" WIDTH="107" HEIGHT="36" STYLEREFS="StyleId-1" CONTENT="even" WC="1" CC="0000" />
            <SP ID="P12_SP00155" WIDTH="0" HPOS="0" VPOS="0" />
            <String ID="P12_S00175" HPOS="604" VPOS="1508" WIDTH="151" HEIGHT="50" STYLEREFS="StyleId-1" CONTENT="now.&quot;" WC="0.906" CC="00004" />
          </TextLine>
          <TextLine ID="P12_TL00021" HPOS="283" VPOS="1570" WIDTH="1434" HEIGHT="40">
            <String ID="P12_S00176" HPOS="283" VPOS="1570" WIDTH="149" HEIGHT="45" STYLEREFS="StyleId-1" CONTENT="&quot;That" WC="0.904" CC="40000" />
            <SP ID="P12_SP00156" WIDTH="0" HPOS="0" VPOS="0" />
            <String ID="P12_S00177" HPOS="453" VPOS="1575" WIDTH="143" HEIGHT="40" STYLEREFS="StyleId-1" CONTENT="which" WC="0.882" CC="05000" />
            <SP ID="P12_SP00157" WIDTH="0" HPOS="0" VPOS="0" />
            <String ID="P12_S00178" HPOS="619" VPOS="1574" WIDTH="36" HEIGHT="41" STYLEREFS="StyleId-1" CONTENT="is" WC="0.925" CC="10" />
            <SP ID="P12_SP00158" WIDTH="0" HPOS="0" VPOS="0" />
            <String ID="P12_S00179" HPOS="675" VPOS="1578" WIDTH="113" HEIGHT="37" STYLEREFS="StyleId-1" CONTENT="most" WC="1" CC="0000" />
            <SP ID="P12_SP00159" WIDTH="0" HPOS="0" VPOS="0" />
            <String ID="P12_S00180" HPOS="810" VPOS="1570" WIDTH="260" HEIGHT="46" STYLEREFS="StyleId-1" CONTENT="interesting" WC="0.76" CC="06000000379" />
            <SP ID="P12_SP00160" WIDTH="0" HPOS="0" VPOS="0" />
            <String ID="P12_S00181" HPOS="1090" VPOS="1574" WIDTH="46" HEIGHT="42" STYLEREFS="StyleId-1" CONTENT="to" WC="1" CC="00" />
            <SP ID="P12_SP00161" WIDTH="0" HPOS="0" VPOS="0" />
            <String ID="P12_S00182" HPOS="1157" VPOS="1580" WIDTH="52" HEIGHT="36" STYLEREFS="StyleId-1" CONTENT="us" WC="1" CC="00" />
            <SP ID="P12_SP00162" WIDTH="0" HPOS="0" VPOS="0" />
            <String ID="P12_S00183" HPOS="1232" VPOS="1567" WIDTH="44" HEIGHT="49" STYLEREFS="StyleId-1" CONTENT="in" WC="1" CC="00" />
            <SP ID="P12_SP00163" WIDTH="0" HPOS="0" VPOS="0" />
            <String ID="P12_S00184" HPOS="1307" VPOS="1567" WIDTH="75" HEIGHT="49" STYLEREFS="StyleId-1" CONTENT="the" WC="1" CC="000" />
            <SP ID="P12_SP00164" WIDTH="0" HPOS="0" VPOS="0" />
            <String ID="P12_S00185" HPOS="1403" VPOS="1566" WIDTH="178" HEIGHT="50" STYLEREFS="StyleId-1" CONTENT="modern" WC="0.783333361" CC="030027" />
            <SP ID="P12_SP00165" WIDTH="0" HPOS="0" VPOS="0" />
            <String ID="P12_S00186" HPOS="1614" VPOS="1564" WIDTH="103" HEIGHT="52" STYLEREFS="StyleId-1" CONTENT="time" WC="0.8425" CC="0500" />
          </TextLine>
          <TextLine ID="P12_TL00022" HPOS="191" VPOS="1643" WIDTH="1525" HEIGHT="33">
            <String ID="P12_S00187" HPOS="191" VPOS="1644" WIDTH="51" HEIGHT="38" STYLEREFS="StyleId-1" CONTENT="in" WC="0.61" CC="70" />
            <SP ID="P12_SP00166" WIDTH="0" HPOS="0" VPOS="0" />
            <String ID="P12_S00188" HPOS="262" VPOS="1643" WIDTH="75" HEIGHT="39" STYLEREFS="StyleId-1" CONTENT="the" WC="0.75666666" CC="070" />
            <SP ID="P12_SP00167" WIDTH="0" HPOS="0" VPOS="0" />
            <String ID="P12_S00189" HPOS="367" VPOS="1642" WIDTH="169" HEIGHT="46" STYLEREFS="StyleId-1" CONTENT="history" WC="0.888571441" CC="0600010" />
            <SP ID="P12_SP00168" WIDTH="0" HPOS="0" VPOS="0" />
            <String ID="P12_S00190" HPOS="558" VPOS="1640" WIDTH="46" HEIGHT="48" STYLEREFS="StyleId-1" CONTENT="of" WC="0.85" CC="03" />
            <SP ID="P12_SP00169" WIDTH="0" HPOS="0" VPOS="0" />
            <String ID="P12_S00191" HPOS="623" VPOS="1639" WIDTH="76" HEIGHT="49" STYLEREFS="StyleId-1" CONTENT="the" WC="1" CC="000" />
            <SP ID="P12_SP00170" WIDTH="0" HPOS="0" VPOS="0" />
            <String ID="P12_S00192" HPOS="720" VPOS="1638" WIDTH="182" HEIGHT="50" STYLEREFS="StyleId-1" CONTENT="medical" WC="0.6942857" CC="5009006" />
            <SP ID="P12_SP00171" WIDTH="0" HPOS="0" VPOS="0" />
            <String ID="P12_S00193" HPOS="925" VPOS="1635" WIDTH="148" HEIGHT="53" STYLEREFS="StyleId-1" CONTENT="school" WC="0.783333361" CC="2010000" />
            <SP ID="P12_SP00172" WIDTH="0" HPOS="0" VPOS="0" />
            <String ID="P12_S00194" HPOS="1097" VPOS="1640" WIDTH="43" HEIGHT="48" STYLEREFS="StyleId-1" CONTENT="at" WC="1" CC="00" />
            <SP ID="P12_SP00173" WIDTH="0" HPOS="0" VPOS="0" />
            <String ID="P12_S00195" HPOS="1161" VPOS="1633" WIDTH="204" HEIGHT="55" STYLEREFS="StyleId-1" CONTENT="Salerno,," WC="0.877777755" CC="001045000" />
            <SP ID="P12_SP00174" WIDTH="0" HPOS="0" VPOS="0" />
            <String ID="P12_S00196" HPOS="1378" VPOS="1631" WIDTH="38" HEIGHT="57" STYLEREFS="StyleId-1" CONTENT="is" WC="1" CC="00" />
            <SP ID="P12_SP00175" WIDTH="0" HPOS="0" VPOS="0" />
            <String ID="P12_S00197" HPOS="1436" VPOS="1636" WIDTH="46" HEIGHT="52" STYLEREFS="StyleId-1" CONTENT="to" WC="0.73" CC="50" />
            <SP ID="P12_SP00176" WIDTH="0" HPOS="0" VPOS="0" />
            <String ID="P12_S00198" HPOS="1502" VPOS="1630" WIDTH="54" HEIGHT="58" STYLEREFS="StyleId-1" CONTENT="be" WC="0.5" CC="54" />
            <SP ID="P12_SP00177" WIDTH="0" HPOS="0" VPOS="0" />
            <String ID="P12_S00199" HPOS="1577" VPOS="1629" WIDTH="139" HEIGHT="59" STYLEREFS="StyleId-1" CONTENT="found" WC="0.706" CC="40460" />
          </TextLine>
          <TextLine ID="P12_TL00023" HPOS="193" VPOS="1708" WIDTH="1524" HEIGHT="33">
            <String ID="P12_S00200" HPOS="193" VPOS="1709" WIDTH="49" HEIGHT="38" STYLEREFS="StyleId-1" CONTENT="in" WC="0.65" CC="07" />
            <SP ID="P12_SP00178" WIDTH="0" HPOS="0" VPOS="0" />
            <String ID="P12_S00201" HPOS="264" VPOS="1709" WIDTH="75" HEIGHT="38" STYLEREFS="StyleId-1" CONTENT="the" WC="0.913333356" CC="020" />
            <SP ID="P12_SP00179" WIDTH="0" HPOS="0" VPOS="0" />
            <String ID="P12_S00202" HPOS="359" VPOS="1704" WIDTH="321" HEIGHT="50" STYLEREFS="StyleId-1" CONTENT="opportunities" WC="0.8869231" CC="0004100600020" />
            <SP ID="P12_SP00180" WIDTH="0" HPOS="0" VPOS="0" />
            <String ID="P12_S00203" HPOS="697" VPOS="1703" WIDTH="66" HEIGHT="51" STYLEREFS="StyleId-1" CONTENT="for" WC="0.803333342" CC="203" />
            <SP ID="P12_SP00181" WIDTH="0" HPOS="0" VPOS="0" />
            <String ID="P12_S00204" HPOS="784" VPOS="1704" WIDTH="74" HEIGHT="50" STYLEREFS="StyleId-1" CONTENT="the" WC="0.99" CC="000" />
            <SP ID="P12_SP00182" WIDTH="0" HPOS="0" VPOS="0" />
            <String ID="P12_S00205" HPOS="879" VPOS="1700" WIDTH="185" HEIGHT="54" STYLEREFS="StyleId-1" CONTENT="medical" WC="1" CC="0000000" />
            <SP ID="P12_SP00183" WIDTH="0" HPOS="0" VPOS="0" />
            <String ID="P12_S00206" HPOS="1086" VPOS="1699" WIDTH="231" HEIGHT="55" STYLEREFS="StyleId-1" CONTENT="education" WC="0.8288889" CC="003050007" />
            <SP ID="P12_SP00184" WIDTH="0" HPOS="0" VPOS="0" />
            <String ID="P12_S00207" HPOS="1349" VPOS="1697" WIDTH="46" HEIGHT="57" STYLEREFS="StyleId-1" CONTENT="of" WC="0.72" CC="05" />
            <SP ID="P12_SP00185" WIDTH="0" HPOS="0" VPOS="0" />
            <String ID="P12_S00208" HPOS="1414" VPOS="1708" WIDTH="184" HEIGHT="46" STYLEREFS="StyleId-1" CONTENT="women," WC="0.77" CC="000544" />
            <SP ID="P12_SP00186" WIDTH="0" HPOS="0" VPOS="0" />
            <String ID="P12_S00209" HPOS="1634" VPOS="1694" WIDTH="83" HEIGHT="60" STYLEREFS="StyleId-1" CONTENT="and" WC="0.8466667" CC="040" />
          </TextLine>
          <TextLine ID="P12_TL00024" HPOS="192" VPOS="1773" WIDTH="1525" HEIGHT="33">
            <String ID="P12_S00210" HPOS="192" VPOS="1775" WIDTH="81" HEIGHT="38" STYLEREFS="StyleId-1" CONTENT="the" WC="0.25666666" CC="777" />
            <SP ID="P12_SP00187" WIDTH="0" HPOS="0" VPOS="0" />
            <String ID="P12_S00211" HPOS="292" VPOS="1773" WIDTH="231" HEIGHT="40" STYLEREFS="StyleId-1" CONTENT="surrender" WC="0.393333346" CC="764777850" />
            <SP ID="P12_SP00188" WIDTH="0" HPOS="0" VPOS="0" />
            <String ID="P12_S00212" HPOS="545" VPOS="1776" WIDTH="48" HEIGHT="37" STYLEREFS="StyleId-1" CONTENT="to" WC="0.46" CC="010" />
            <SP ID="P12_SP00189" WIDTH="0" HPOS="0" VPOS="0" />
            <String ID="P12_S00213" HPOS="620" VPOS="1770" WIDTH="119" HEIGHT="43" STYLEREFS="StyleId-1" CONTENT="them" WC="1" CC="0000" />
            <SP ID="P12_SP00190" WIDTH="0" HPOS="0" VPOS="0" />
            <String ID="P12_S00214" HPOS="761" VPOS="1768" WIDTH="46" HEIGHT="45" STYLEREFS="StyleId-1" CONTENT="of" WC="0.89" CC="02" />
            <SP ID="P12_SP00191" WIDTH="0" HPOS="0" VPOS="0" />
            <String ID="P12_S00215" HPOS="823" VPOS="1780" WIDTH="24" HEIGHT="33" STYLEREFS="StyleId-1" CONTENT="a" WC="1" CC="0" />
            <SP ID="P12_SP00192" WIDTH="0" HPOS="0" VPOS="0" />
            <String ID="P12_S00216" HPOS="861" VPOS="1766" WIDTH="142" HEIGHT="47" STYLEREFS="StyleId-1" CONTENT="whole" WC="0.856" CC="07000" />
            <SP ID="P12_SP00193" WIDTH="0" HPOS="0" VPOS="0" />
            <String ID="P12_S00217" HPOS="1024" VPOS="1765" WIDTH="275" HEIGHT="48" STYLEREFS="StyleId-1" CONTENT="department" WC="0.884" CC="0000400060" />
            <SP ID="P12_SP00194" WIDTH="0" HPOS="0" VPOS="0" />
            <String ID="P12_S00218" HPOS="1336" VPOS="1762" WIDTH="46" HEIGHT="51" STYLEREFS="StyleId-1" CONTENT="in" WC="0.565" CC="35" />
            <SP ID="P12_SP00195" WIDTH="0" HPOS="0" VPOS="0" />
            <String ID="P12_S00219" HPOS="1421" VPOS="1763" WIDTH="76" HEIGHT="50" STYLEREFS="StyleId-1" CONTENT="the" WC="0.896666646" CC="030" />
            <SP ID="P12_SP00196" WIDTH="0" HPOS="0" VPOS="0" />
            <String ID="P12_S00220" HPOS="1536" VPOS="1759" WIDTH="181" HEIGHT="54" STYLEREFS="StyleId-1" CONTENT="medical" WC="0.7714286" CC="0002066" />
          </TextLine>
          <TextLine ID="P12_TL00025" HPOS="193" VPOS="1838" WIDTH="1524" HEIGHT="34">
            <String ID="P12_S00221" HPOS="194" VPOS="1838" WIDTH="168" HEIGHT="44" STYLEREFS="StyleId-1" CONTENT="school," WC="0.7" CC="7050053" />
            <SP ID="P12_SP00197" WIDTH="0" HPOS="0" VPOS="0" />
            <String ID="P12_S00222" HPOS="387" VPOS="1837" WIDTH="97" HEIGHT="45" STYLEREFS="StyleId-1" CONTENT="that" WC="0.945" CC="2000" />
            <SP ID="P12_SP00198" WIDTH="0" HPOS="0" VPOS="0" />
            <String ID="P12_S00223" HPOS="505" VPOS="1836" WIDTH="45" HEIGHT="46" STYLEREFS="StyleId-1" CONTENT="of" WC="0.785" CC="04" />
            <SP ID="P12_SP00199" WIDTH="0" HPOS="0" VPOS="0" />
            <String ID="P12_S00224" HPOS="569" VPOS="1835" WIDTH="75" HEIGHT="47" STYLEREFS="StyleId-1" CONTENT="the" WC="1" CC="000" />
            <SP ID="P12_SP00200" WIDTH="0" HPOS="0" VPOS="0" />
            <String ID="P12_S00225" HPOS="667" VPOS="1834" WIDTH="196" HEIGHT="48" STYLEREFS="StyleId-1" CONTENT="Diseases" WC="0.91875" CC="30110000" />
            <SP ID="P12_SP00201" WIDTH="0" HPOS="0" VPOS="0" />
            <String ID="P12_S00226" HPOS="885" VPOS="1831" WIDTH="46" HEIGHT="51" STYLEREFS="StyleId-1" CONTENT="of" WC="0.79" CC="12" />
            <SP ID="P12_SP00202" WIDTH="0" HPOS="0" VPOS="0" />
            <String ID="P12_S00227" HPOS="953" VPOS="1830" WIDTH="238" HEIGHT="52" STYLEREFS="StyleId-1" CONTENT="Women.&quot;" WC="0.51" CC="5490634" />
            <SP ID="P12_SP00203" WIDTH="0" HPOS="0" VPOS="0" />
            <String ID="P12_S00228" HPOS="1256" VPOS="1831" WIDTH="41" HEIGHT="51" STYLEREFS="StyleId-1" CONTENT="It" WC="0.71" CC="50" />
            <SP ID="P12_SP00204" WIDTH="0" HPOS="0" VPOS="0" />
            <String ID="P12_S00229" HPOS="1318" VPOS="1828" WIDTH="36" HEIGHT="54" STYLEREFS="StyleId-1" CONTENT="is" WC="0.765" CC="40" />
            <SP ID="P12_SP00205" WIDTH="0" HPOS="0" VPOS="0" />
            <String ID="P12_S00230" HPOS="1396" VPOS="1834" WIDTH="77" HEIGHT="48" STYLEREFS="StyleId-1" CONTENT="not" WC="0.473333329" CC="626" />
            <SP ID="P12_SP00206" WIDTH="0" HPOS="0" VPOS="0" />
            <String ID="P12_S00231" HPOS="1490" VPOS="1826" WIDTH="227" HEIGHT="56" STYLEREFS="StyleId-1" CONTENT="definitely" WC="0.748" CC="0011650009" />
          </TextLine>
          <TextLine ID="P12_TL00026" HPOS="194" VPOS="1904" WIDTH="1527" HEIGHT="33">
            <String ID="P12_S00232" HPOS="194" VPOS="1904" WIDTH="165" HEIGHT="39" STYLEREFS="StyleId-1" CONTENT="known" WC="0.632" CC="76102" />
            <SP ID="P12_SP00207" WIDTH="0" HPOS="0" VPOS="0" />
            <String ID="P12_S00233" HPOS="380" VPOS="1902" WIDTH="91" HEIGHT="47" STYLEREFS="StyleId-1" CONTENT="just" WC="0.84" CC="6000" />
            <SP ID="P12_SP00208" WIDTH="0" HPOS="0" VPOS="0" />
            <String ID="P12_S00234" HPOS="503" VPOS="1901" WIDTH="127" HEIGHT="48" STYLEREFS="StyleId-1" CONTENT="when" WC="0.5775" CC="0907" />
            <SP ID="P12_SP00209" WIDTH="0" HPOS="0" VPOS="0" />
            <String ID="P12_S00235" HPOS="673" VPOS="1899" WIDTH="88" HEIGHT="50" STYLEREFS="StyleId-1" CONTENT="this" WC="0.93" CC="2000" />
            <SP ID="P12_SP00210" WIDTH="0" HPOS="0" VPOS="0" />
            <String ID="P12_S00236" HPOS="802" VPOS="1897" WIDTH="305" HEIGHT="52" STYLEREFS="StyleId-1" CONTENT="development" WC="0.8972727" CC="00002200060" />
            <SP ID="P12_SP00211" WIDTH="0" HPOS="0" VPOS="0" />
            <String ID="P12_S00237" HPOS="1148" VPOS="1895" WIDTH="106" HEIGHT="54" STYLEREFS="StyleId-1" CONTENT="took" WC="1" CC="0000" />
            <SP ID="P12_SP00212" WIDTH="0" HPOS="0" VPOS="0" />
            <String ID="P12_S00238" HPOS="1295" VPOS="1894" WIDTH="137" HEIGHT="55" STYLEREFS="StyleId-1" CONTENT="place." WC="0.925" CC="000004" />
            <SP ID="P12_SP00213" WIDTH="0" HPOS="0" VPOS="0" />
            <String ID="P12_S00239" HPOS="1493" VPOS="1891" WIDTH="95" HEIGHT="58" STYLEREFS="StyleId-1" CONTENT="The" WC="1" CC="000" />
            <SP ID="P12_SP00214" WIDTH="0" HPOS="0" VPOS="0" />
            <String ID="P12_S00240" HPOS="1628" VPOS="1891" WIDTH="93" HEIGHT="58" STYLEREFS="StyleId-1" CONTENT="first" WC="0.77" CC="00505" />
          </TextLine>
          <TextLine ID="P12_TL00027" HPOS="196" VPOS="1969" WIDTH="1522" HEIGHT="34">
            <String ID="P12_S00241" HPOS="196" VPOS="1968" WIDTH="188" HEIGHT="48" STYLEREFS="StyleId-1" CONTENT="positive" WC="0.9125" CC="50010000" />
            <SP ID="P12_SP00215" WIDTH="0" HPOS="0" VPOS="0" />
            <String ID="P12_S00242" HPOS="399" VPOS="1967" WIDTH="204" HEIGHT="49" STYLEREFS="StyleId-1" CONTENT="evidence" WC="0.9025" CC="00200500" />
            <SP ID="P12_SP00216" WIDTH="0" HPOS="0" VPOS="0" />
            <String ID="P12_S00243" HPOS="616" VPOS="1964" WIDTH="106" HEIGHT="52" STYLEREFS="StyleId-1" CONTENT="with" WC="1" CC="0000" />
            <SP ID="P12_SP00217" WIDTH="0" HPOS="0" VPOS="0" />
            <String ID="P12_S00244" HPOS="737" VPOS="1962" WIDTH="154" HEIGHT="54" STYLEREFS="StyleId-1" CONTENT="regard" WC="0.85" CC="300050" />
            <SP ID="P12_SP00218" WIDTH="0" HPOS="0" VPOS="0" />
            <String ID="P12_S00245" HPOS="906" VPOS="1968" WIDTH="45" HEIGHT="48" STYLEREFS="StyleId-1" CONTENT="to" WC="1" CC="00" />
            <SP ID="P12_SP00219" WIDTH="0" HPOS="0" VPOS="0" />
            <String ID="P12_S00246" HPOS="973" VPOS="1962" WIDTH="33" HEIGHT="54" STYLEREFS="StyleId-1" CONTENT="it" WC="0.84" CC="30" />
            <SP ID="P12_SP00220" WIDTH="0" HPOS="0" VPOS="0" />
            <String ID="P12_S00247" HPOS="1027" VPOS="1973" WIDTH="143" HEIGHT="43" STYLEREFS="StyleId-1" CONTENT="comes" WC="0.986" CC="00000" />
            <SP ID="P12_SP00221" WIDTH="0" HPOS="0" VPOS="0" />
            <String ID="P12_S00248" HPOS="1193" VPOS="1960" WIDTH="45" HEIGHT="56" STYLEREFS="StyleId-1" CONTENT="in" WC="0.755" CC="04" />
            <SP ID="P12_SP00222" WIDTH="0" HPOS="0" VPOS="0" />
            <String ID="P12_S00249" HPOS="1261" VPOS="1960" WIDTH="75" HEIGHT="56" STYLEREFS="StyleId-1" CONTENT="the" WC="1" CC="000" />
            <SP ID="P12_SP00223" WIDTH="0" HPOS="0" VPOS="0" />
            <String ID="P12_S00250" HPOS="1355" VPOS="1959" WIDTH="79" HEIGHT="57" STYLEREFS="StyleId-1" CONTENT="life" WC="0.81" CC="5020" />
            <SP ID="P12_SP00224" WIDTH="0" HPOS="0" VPOS="0" />
            <String ID="P12_S00251" HPOS="1454" VPOS="1958" WIDTH="47" HEIGHT="58" STYLEREFS="StyleId-1" CONTENT="of" WC="0.65" CC="60" />
            <SP ID="P12_SP00225" WIDTH="0" HPOS="0" VPOS="0" />
            <String ID="P12_S00252" HPOS="1520" VPOS="1956" WIDTH="198" HEIGHT="60" STYLEREFS="StyleId-1" CONTENT="Trotula," WC="0.75875" CC="05006061" />
          </TextLine>
          <TextLine ID="P12_TL00028" HPOS="196" VPOS="2034" WIDTH="1525" HEIGHT="35">
            <String ID="P12_S00253" HPOS="197" VPOS="2034" WIDTH="101" HEIGHT="39" STYLEREFS="StyleId-1" CONTENT="who" WC="0.6666667" CC="0100" />
            <SP ID="P12_SP00226" WIDTH="0" HPOS="0" VPOS="0" />
            <String ID="P12_S00254" HPOS="320" VPOS="2043" WIDTH="138" HEIGHT="30" STYLEREFS="StyleId-1" CONTENT="seems" WC="0.892" CC="05000" />
            <SP ID="P12_SP00227" WIDTH="0" HPOS="0" VPOS="0" />
            <String ID="P12_S00255" HPOS="478" VPOS="2037" WIDTH="45" HEIGHT="36" STYLEREFS="StyleId-1" CONTENT="to" WC="1" CC="00" />
            <SP ID="P12_SP00228" WIDTH="0" HPOS="0" VPOS="0" />
            <String ID="P12_S00256" HPOS="543" VPOS="2031" WIDTH="111" HEIGHT="42" STYLEREFS="StyleId-1" CONTENT="have" WC="0.7625" CC="9000" />
            <SP ID="P12_SP00229" WIDTH="0" HPOS="0" VPOS="0" />
            <String ID="P12_S00257" HPOS="673" VPOS="2029" WIDTH="109" HEIGHT="44" STYLEREFS="StyleId-1" CONTENT="been" WC="0.9975" CC="0000" />
            <SP ID="P12_SP00230" WIDTH="0" HPOS="0" VPOS="0" />
            <String ID="P12_S00258" HPOS="811" VPOS="2029" WIDTH="75" HEIGHT="44" STYLEREFS="StyleId-1" CONTENT="the" WC="0.8666667" CC="040" />
            <SP ID="P12_SP00231" WIDTH="0" HPOS="0" VPOS="0" />
            <String ID="P12_S00259" HPOS="921" VPOS="2026" WIDTH="110" HEIGHT="47" STYLEREFS="StyleId-1" CONTENT="head" WC="1" CC="0000" />
            <SP ID="P12_SP00232" WIDTH="0" HPOS="0" VPOS="0" />
            <String ID="P12_S00260" HPOS="1072" VPOS="2026" WIDTH="47" HEIGHT="47" STYLEREFS="StyleId-1" CONTENT="of" WC="0.65" CC="33" />
            <SP ID="P12_SP00233" WIDTH="0" HPOS="0" VPOS="0" />
            <String ID="P12_S00261" HPOS="1168" VPOS="2026" WIDTH="74" HEIGHT="47" STYLEREFS="StyleId-1" CONTENT="the" WC="0.78" CC="006" />
            <SP ID="P12_SP00234" WIDTH="0" HPOS="0" VPOS="0" />
            <String ID="P12_S00262" HPOS="1276" VPOS="2025" WIDTH="293" HEIGHT="48" STYLEREFS="StyleId-1" CONTENT="department," WC="0.6872727" CC="00072060683" />
            <SP ID="P12_SP00235" WIDTH="0" HPOS="0" VPOS="0" />
            <String ID="P12_S00263" HPOS="1614" VPOS="2022" WIDTH="107" HEIGHT="51" STYLEREFS="StyleId-1" CONTENT="with" WC="0.6025" CC="0626" />
          </TextLine>
          <TextLine ID="P12_TL00029" HPOS="198" VPOS="2099" WIDTH="1525" HEIGHT="32">
            <String ID="P12_S00264" HPOS="198" VPOS="2099" WIDTH="127" HEIGHT="38" STYLEREFS="StyleId-1" CONTENT="other" WC="0.656" CC="70702" />
            <SP ID="P12_SP00236" WIDTH="0" HPOS="0" VPOS="0" />
            <String ID="P12_S00265" HPOS="347" VPOS="2108" WIDTH="168" HEIGHT="29" STYLEREFS="StyleId-1" CONTENT="women" WC="0.816" CC="03005" />
            <SP ID="P12_SP00237" WIDTH="0" HPOS="0" VPOS="0" />
            <String ID="P12_S00266" HPOS="538" VPOS="2107" WIDTH="47" HEIGHT="30" STYLEREFS="StyleId-1" CONTENT="as" WC="1" CC="00" />
            <SP ID="P12_SP00238" WIDTH="0" HPOS="0" VPOS="0" />
            <String ID="P12_S00267" HPOS="606" VPOS="2094" WIDTH="239" HEIGHT="48" STYLEREFS="StyleId-1" CONTENT="professors" WC="0.834" CC="0604000050" />
            <SP ID="P12_SP00239" WIDTH="0" HPOS="0" VPOS="0" />
            <String ID="P12_S00268" HPOS="868" VPOS="2092" WIDTH="138" HEIGHT="50" STYLEREFS="StyleId-1" CONTENT="under" WC="0.702" CC="47003" />
            <SP ID="P12_SP00240" WIDTH="0" HPOS="0" VPOS="0" />
            <String ID="P12_S00269" HPOS="1021" VPOS="2092" WIDTH="92" HEIGHT="50" STYLEREFS="StyleId-1" CONTENT="her." WC="0.83" CC="6000" />
            <SP ID="P12_SP00241" WIDTH="0" HPOS="0" VPOS="0" />
            <String ID="P12_S00270" HPOS="1175" VPOS="2090" WIDTH="89" HEIGHT="52" STYLEREFS="StyleId-1" CONTENT="She" WC="0.6933333" CC="045" />
            <SP ID="P12_SP00242" WIDTH="0" HPOS="0" VPOS="0" />
            <String ID="P12_S00271" HPOS="1295" VPOS="2090" WIDTH="37" HEIGHT="52" STYLEREFS="StyleId-1" CONTENT="is" WC="1" CC="00" />
            <SP ID="P12_SP00243" WIDTH="0" HPOS="0" VPOS="0" />
            <String ID="P12_S00272" HPOS="1373" VPOS="2090" WIDTH="93" HEIGHT="52" STYLEREFS="StyleId-1" CONTENT="said" WC="0.815" CC="7000" />
            <SP ID="P12_SP00244" WIDTH="0" HPOS="0" VPOS="0" />
            <String ID="P12_S00273" HPOS="1509" VPOS="2095" WIDTH="45" HEIGHT="47" STYLEREFS="StyleId-1" CONTENT="to" WC="0.665" CC="60" />
            <SP ID="P12_SP00245" WIDTH="0" HPOS="0" VPOS="0" />
            <String ID="P12_S00274" HPOS="1612" VPOS="2089" WIDTH="111" HEIGHT="53" STYLEREFS="StyleId-1" CONTENT="have" WC="0.6075" CC="5180" />
          </TextLine>
          <TextLine ID="P12_TL00030" HPOS="195" VPOS="2163" WIDTH="1531" HEIGHT="37">
            <String ID="P12_S00275" HPOS="195" VPOS="2162" WIDTH="244" HEIGHT="40" STYLEREFS="StyleId-1" CONTENT="flourished" WC="0.821" CC="4430320000" />
            <SP ID="P12_SP00246" WIDTH="0" HPOS="0" VPOS="0" />
            <String ID="P12_S00276" HPOS="463" VPOS="2161" WIDTH="130" HEIGHT="41" STYLEREFS="StyleId-1" CONTENT="about" WC="0.972" CC="10000" />
            <SP ID="P12_SP00247" WIDTH="0" HPOS="0" VPOS="0" />
            <String ID="P12_S00277" HPOS="615" VPOS="2161" WIDTH="74" HEIGHT="41" STYLEREFS="StyleId-1" CONTENT="the" WC="0.8433333" CC="040" />
            <SP ID="P12_SP00248" WIDTH="0" HPOS="0" VPOS="0" />
            <String ID="P12_S00278" HPOS="710" VPOS="2157" WIDTH="161" HEIGHT="45" STYLEREFS="StyleId-1" CONTENT="middle" WC="0.9116667" CC="040000" />
            <SP ID="P12_SP00249" WIDTH="0" HPOS="0" VPOS="0" />
            <String ID="P12_S00279" HPOS="891" VPOS="2157" WIDTH="45" HEIGHT="45" STYLEREFS="StyleId-1" CONTENT="of" WC="0.77" CC="22" />
            <SP ID="P12_SP00250" WIDTH="0" HPOS="0" VPOS="0" />
            <String ID="P12_S00280" HPOS="952" VPOS="2157" WIDTH="73" HEIGHT="45" STYLEREFS="StyleId-1" CONTENT="the" WC="0.79" CC="060" />
            <SP ID="P12_SP00251" WIDTH="0" HPOS="0" VPOS="0" />
            <String ID="P12_S00281" HPOS="1046" VPOS="2156" WIDTH="202" HEIGHT="46" STYLEREFS="StyleId-1" CONTENT="eleventh" WC="0.7875" CC="01308300" />
            <SP ID="P12_SP00252" WIDTH="0" HPOS="0" VPOS="0" />
            <String ID="P12_S00282" HPOS="1271" VPOS="2160" WIDTH="200" HEIGHT="42" STYLEREFS="StyleId-1" CONTENT="century." WC="0.835" CC="00300404" />
            <SP ID="P12_SP00253" WIDTH="0" HPOS="0" VPOS="0" />
            <String ID="P12_S00283" HPOS="1532" VPOS="2153" WIDTH="97" HEIGHT="49" STYLEREFS="StyleId-1" CONTENT="The" WC="0.46" CC="1060" />
            <SP ID="P12_SP00254" WIDTH="0" HPOS="0" VPOS="0" />
            <String ID="P12_S00284" HPOS="1649" VPOS="2153" WIDTH="77" HEIGHT="49" STYLEREFS="StyleId-1" CONTENT="life" WC="0.86" CC="0050" />
          </TextLine>
          <TextLine ID="P12_TL00031" HPOS="195" VPOS="2228" WIDTH="1530" HEIGHT="38">
            <String ID="P12_S00285" HPOS="195" VPOS="2228" WIDTH="53" HEIGHT="39" STYLEREFS="StyleId-1" CONTENT="of" WC="0.435" CC="101" />
            <SP ID="P12_SP00255" WIDTH="0" HPOS="0" VPOS="0" />
            <String ID="P12_S00286" HPOS="267" VPOS="2227" WIDTH="89" HEIGHT="40" STYLEREFS="StyleId-1" CONTENT="this" WC="0.6425" CC="0077" />
            <SP ID="P12_SP00256" WIDTH="0" HPOS="0" VPOS="0" />
            <String ID="P12_S00287" HPOS="375" VPOS="2231" WIDTH="121" HEIGHT="42" STYLEREFS="StyleId-1" CONTENT="great" WC="0.932" CC="00011" />
            <SP ID="P12_SP00257" WIDTH="0" HPOS="0" VPOS="0" />
            <String ID="P12_S00288" HPOS="517" VPOS="2236" WIDTH="185" HEIGHT="37" STYLEREFS="StyleId-1" CONTENT="woman," WC="0.6016667" CC="350661" />
            <SP ID="P12_SP00258" WIDTH="0" HPOS="0" VPOS="0" />
            <String ID="P12_S00289" HPOS="727" VPOS="2236" WIDTH="47" HEIGHT="37" STYLEREFS="StyleId-1" CONTENT="as" WC="1" CC="00" />
            <SP ID="P12_SP00259" WIDTH="0" HPOS="0" VPOS="0" />
            <String ID="P12_S00290" HPOS="793" VPOS="2222" WIDTH="147" HEIGHT="51" STYLEREFS="StyleId-1" CONTENT="given," WC="0.641666651" CC="067060" />
            <SP ID="P12_SP00260" WIDTH="0" HPOS="0" VPOS="0" />
            <String ID="P12_S00291" HPOS="966" VPOS="2221" WIDTH="36" HEIGHT="52" STYLEREFS="StyleId-1" CONTENT="is" WC="0.945" CC="10" />
            <SP ID="P12_SP00261" WIDTH="0" HPOS="0" VPOS="0" />
            <String ID="P12_S00292" HPOS="1022" VPOS="2220" WIDTH="292" HEIGHT="53" STYLEREFS="StyleId-1" CONTENT="exceedingly" WC="0.674545467" CC="000000451068" />
            <SP ID="P12_SP00262" WIDTH="0" HPOS="0" VPOS="0" />
            <String ID="P12_S00293" HPOS="1328" VPOS="2220" WIDTH="275" HEIGHT="53" STYLEREFS="StyleId-1" CONTENT="interesting." WC="0.7525" CC="4001000261103" />
            <SP ID="P12_SP00263" WIDTH="0" HPOS="0" VPOS="0" />
            <String ID="P12_S00294" HPOS="1638" VPOS="2219" WIDTH="87" HEIGHT="54" STYLEREFS="StyleId-1" CONTENT="She" WC="0.74666667" CC="150" />
          </TextLine>
          <TextLine ID="P12_TL00032" HPOS="196" VPOS="2293" WIDTH="1529" HEIGHT="34">
            <String ID="P12_S00295" HPOS="196" VPOS="2305" WIDTH="93" HEIGHT="28" STYLEREFS="StyleId-1" CONTENT="was" WC="0.483333319" CC="780" />
            <SP ID="P12_SP00264" WIDTH="0" HPOS="0" VPOS="0" />
            <String ID="P12_S00296" HPOS="304" VPOS="2305" WIDTH="26" HEIGHT="28" STYLEREFS="StyleId-1" CONTENT="a" WC="1" CC="0" />
            <SP ID="P12_SP00265" WIDTH="0" HPOS="0" VPOS="0" />
            <String ID="P12_S00297" HPOS="351" VPOS="2303" WIDTH="171" HEIGHT="30" STYLEREFS="StyleId-1" CONTENT="woman" WC="0.532" CC="20695" />
            <SP ID="P12_SP00266" WIDTH="0" HPOS="0" VPOS="0" />
            <String ID="P12_S00298" HPOS="543" VPOS="2289" WIDTH="45" HEIGHT="44" STYLEREFS="StyleId-1" CONTENT="of" WC="0.84" CC="03" />
            <SP ID="P12_SP00267" WIDTH="0" HPOS="0" VPOS="0" />
            <String ID="P12_S00299" HPOS="608" VPOS="2293" WIDTH="122" HEIGHT="43" STYLEREFS="StyleId-1" CONTENT="great" WC="0.798" CC="100000" />
            <SP ID="P12_SP00268" WIDTH="0" HPOS="0" VPOS="0" />
            <String ID="P12_S00300" HPOS="751" VPOS="2288" WIDTH="177" HEIGHT="48" STYLEREFS="StyleId-1" CONTENT="literary" WC="0.91" CC="00005020" />
            <SP ID="P12_SP00269" WIDTH="0" HPOS="0" VPOS="0" />
            <String ID="P12_S00301" HPOS="959" VPOS="2286" WIDTH="169" HEIGHT="50" STYLEREFS="StyleId-1" CONTENT="ability," WC="0.84375" CC="00443000" />
            <SP ID="P12_SP00270" WIDTH="0" HPOS="0" VPOS="0" />
            <String ID="P12_S00302" HPOS="1154" VPOS="2286" WIDTH="86" HEIGHT="50" STYLEREFS="StyleId-1" CONTENT="and" WC="0.65" CC="370" />
            <SP ID="P12_SP00271" WIDTH="0" HPOS="0" VPOS="0" />
            <String ID="P12_S00303" HPOS="1261" VPOS="2298" WIDTH="88" HEIGHT="38" STYLEREFS="StyleId-1" CONTENT="was" WC="0.163333327" CC="1077" />
            <SP ID="P12_SP00272" WIDTH="0" HPOS="0" VPOS="0" />
            <String ID="P12_S00304" HPOS="1372" VPOS="2286" WIDTH="132" HEIGHT="50" STYLEREFS="StyleId-1" CONTENT="noted" WC="0.868" CC="60000" />
            <SP ID="P12_SP00273" WIDTH="0" HPOS="0" VPOS="0" />
            <String ID="P12_S00305" HPOS="1547" VPOS="2287" WIDTH="67" HEIGHT="49" STYLEREFS="StyleId-1" CONTENT="for" WC="0.7633333" CC="221" />
            <SP ID="P12_SP00274" WIDTH="0" HPOS="0" VPOS="0" />
            <String ID="P12_S00306" HPOS="1648" VPOS="2285" WIDTH="77" HEIGHT="51" STYLEREFS="StyleId-1" CONTENT="her" WC="0.896666646" CC="003" />
          </TextLine>
          <TextLine ID="P12_TL00033" HPOS="195" VPOS="2358" WIDTH="1529" HEIGHT="34">
            <String ID="P12_S00307" HPOS="195" VPOS="2357" WIDTH="221" HEIGHT="46" STYLEREFS="StyleId-1" CONTENT="writings." WC="0.716666639" CC="4450101000" />
            <SP ID="P12_SP00275" WIDTH="0" HPOS="0" VPOS="0" />
            <String ID="P12_S00308" HPOS="477" VPOS="2355" WIDTH="129" HEIGHT="48" STYLEREFS="StyleId-1" CONTENT="Some" WC="1" CC="0000" />
            <SP ID="P12_SP00276" WIDTH="0" HPOS="0" VPOS="0" />
            <String ID="P12_S00309" HPOS="627" VPOS="2355" WIDTH="45" HEIGHT="48" STYLEREFS="StyleId-1" CONTENT="of" WC="0.875" CC="02" />
            <SP ID="P12_SP00277" WIDTH="0" HPOS="0" VPOS="0" />
            <String ID="P12_S00310" HPOS="695" VPOS="2354" WIDTH="77" HEIGHT="49" STYLEREFS="StyleId-1" CONTENT="her" WC="0.913333356" CC="002" />
            <SP ID="P12_SP00278" WIDTH="0" HPOS="0" VPOS="0" />
            <String ID="P12_S00311" HPOS="792" VPOS="2352" WIDTH="138" HEIGHT="51" STYLEREFS="StyleId-1" CONTENT="books" WC="0.902" CC="04000" />
            <SP ID="P12_SP00279" WIDTH="0" HPOS="0" VPOS="0" />
            <String ID="P12_S00312" HPOS="951" VPOS="2363" WIDTH="71" HEIGHT="40" STYLEREFS="StyleId-1" CONTENT="are" WC="0.91" CC="020" />
            <SP ID="P12_SP00280" WIDTH="0" HPOS="0" VPOS="0" />
            <String ID="P12_S00313" HPOS="1044" VPOS="2350" WIDTH="97" HEIGHT="53" STYLEREFS="StyleId-1" CONTENT="well" WC="0.7725" CC="8000" />
            <SP ID="P12_SP00281" WIDTH="0" HPOS="0" VPOS="0" />
            <String ID="P12_S00314" HPOS="1162" VPOS="2351" WIDTH="179" HEIGHT="52" STYLEREFS="StyleId-1" CONTENT="known," WC="0.56" CC="076543" />
            <SP ID="P12_SP00282" WIDTH="0" HPOS="0" VPOS="0" />
            <String ID="P12_S00315" HPOS="1377" VPOS="2352" WIDTH="85" HEIGHT="51" STYLEREFS="StyleId-1" CONTENT="and" WC="0.6066667" CC="065" />
            <SP ID="P12_SP00283" WIDTH="0" HPOS="0" VPOS="0" />
            <String ID="P12_S00316" HPOS="1505" VPOS="2363" WIDTH="71" HEIGHT="40" STYLEREFS="StyleId-1" CONTENT="are" WC="0.813333333" CC="050" />
            <SP ID="P12_SP00284" WIDTH="0" HPOS="0" VPOS="0" />
            <String ID="P12_S00317" HPOS="1603" VPOS="2350" WIDTH="121" HEIGHT="53" STYLEREFS="StyleId-1" CONTENT="often" WC="0.692" CC="02507" />
          </TextLine>
          <TextLine ID="P12_TL00034" HPOS="196" VPOS="2423" WIDTH="347" HEIGHT="46">
            <String ID="P12_S00318" HPOS="196" VPOS="2423" WIDTH="166" HEIGHT="49" STYLEREFS="StyleId-1" CONTENT="quoted" WC="0.735" CC="760001" />
            <SP ID="P12_SP00285" WIDTH="0" HPOS="0" VPOS="0" />
            <String ID="P12_S00319" HPOS="377" VPOS="2421" WIDTH="166" HEIGHT="51" STYLEREFS="StyleId-1" CONTENT="from&quot;." WC="0.691666663" CC="510244" />
          </TextLine>
          <TextLine ID="P12_TL00035" HPOS="294" VPOS="2482" WIDTH="1436" HEIGHT="46">
            <String ID="P12_S00320" HPOS="294" VPOS="2482" WIDTH="214" HEIGHT="46" STYLEREFS="StyleId-1" CONTENT="&quot;Salerno" WC="0.79125" CC="72000041" />
            <SP ID="P12_SP00286" WIDTH="0" HPOS="0" VPOS="0" />
            <String ID="P12_S00321" HPOS="530" VPOS="2483" WIDTH="235" HEIGHT="45" STYLEREFS="StyleId-1" CONTENT="continued" WC="0.8877778" CC="003000600" />
            <SP ID="P12_SP00287" WIDTH="0" HPOS="0" VPOS="0" />
            <String ID="P12_S00322" HPOS="787" VPOS="2488" WIDTH="45" HEIGHT="40" STYLEREFS="StyleId-1" CONTENT="to" WC="1" CC="00" />
            <SP ID="P12_SP00288" WIDTH="0" HPOS="0" VPOS="0" />
            <String ID="P12_S00323" HPOS="854" VPOS="2481" WIDTH="130" HEIGHT="48" STYLEREFS="StyleId-1" CONTENT="enjoy" WC="0.578" CC="07409" />
            <SP ID="P12_SP00289" WIDTH="0" HPOS="0" VPOS="0" />
            <String ID="P12_S00324" HPOS="1023" VPOS="2481" WIDTH="75" HEIGHT="48" STYLEREFS="StyleId-1" CONTENT="the" WC="0.74666667" CC="070" />
            <SP ID="P12_SP00290" WIDTH="0" HPOS="0" VPOS="0" />
            <String ID="P12_S00325" HPOS="1138" VPOS="2480" WIDTH="250" HEIGHT="49" STYLEREFS="StyleId-1" CONTENT="reputation" WC="0.813" CC="3073001200" />
            <SP ID="P12_SP00291" WIDTH="0" HPOS="0" VPOS="0" />
            <String ID="P12_S00326" HPOS="1420" VPOS="2481" WIDTH="68" HEIGHT="48" STYLEREFS="StyleId-1" CONTENT="for" WC="0.79" CC="005" />
            <SP ID="P12_SP00292" WIDTH="0" HPOS="0" VPOS="0" />
            <String ID="P12_S00327" HPOS="1531" VPOS="2481" WIDTH="199" HEIGHT="48" STYLEREFS="StyleId-1" CONTENT="training" WC="0.45875" CC="046554710" />
          </TextLine>
        </TextBlock>
      </PrintSpace>
    </Page>
  </Layout>
</alto>