<?xml version="1.0" encoding="utf-8"?>
<alto xmlns:xlink="http://www.w3.org/1999/xlink" xmlns:xsi="http://www.w3.org/2001/XMLSchema-instance" xsi:schemaLocation="http://www.loc.gov/standards/alto/ns-v2# http://www.loc.gov/standards/alto/alto-v2.0.xsd" xmlns="http://www.loc.gov/standards/alto/ns-v2#">
  <Description>
    <MeasurementUnit>pixel</MeasurementUnit>
    <sourceImageInformation>
      <fileName>0000019.tif</fileName>
    </sourceImageInformation>
    <OCRProcessing ID="Processing">
      <ocrProcessingStep>
        <processingStepSettings>Image Resolution:400</processingStepSettings>
        <processingSoftware>
          <softwareCreator>I2S Kirtas</softwareCreator>
          <softwareName>Limb</softwareName>
          <softwareVersion>1.0</softwareVersion>
          <applicationDescription>Abbyy10 OCR Engine</applicationDescription>
        </processingSoftware>
      </ocrProcessingStep>
    </OCRProcessing>
  </Description>
  <Styles>
    <TextStyle ID="StyleId-0" FONTSIZE="8" FONTFAMILY="Times New Roman" />
    <TextStyle ID="StyleId-1" FONTSIZE="10" FONTFAMILY="Times New Roman" />
  </Styles>
  <Layout>
    <Page ID="P19" PHYSICAL_IMG_NR="19" HEIGHT="2800" WIDTH="1900" ACCURACY="0.844571352" QUALITY_DETAIL="336 words, 1576 chars, 1356 with recognition greater than 50% (86.04%)">
      <TopMargin ID="P19_TM00001" HPOS="0" VPOS="0" WIDTH="1900" HEIGHT="261" />
      <LeftMargin ID="P19_LM00001" HPOS="0" VPOS="261" WIDTH="191" HEIGHT="2278" />
      <RightMargin ID="P19_RM00001" HPOS="1742" VPOS="261" WIDTH="158" HEIGHT="2278" />
      <BottomMargin ID="P19_BM00001" HPOS="0" VPOS="2539" WIDTH="1900" HEIGHT="261" />
      <PrintSpace ID="P19_PS00001" HPOS="191" VPOS="261" WIDTH="1551" HEIGHT="2278">
        <TextBlock ID="P19_TB00001" HPOS="705" VPOS="261" WIDTH="579" HEIGHT="60">
          <TextLine ID="P19_TL00001" HPOS="716" VPOS="269" WIDTH="560" HEIGHT="42">
            <String ID="P19_S00001" HPOS="716" VPOS="269" WIDTH="202" HEIGHT="37" STYLEREFS="StyleId-0" CONTENT="WOMAN" WC="0.844" CC="04210" />
            <SP ID="P19_SP00001" WIDTH="0" HPOS="0" VPOS="0" />
            <String ID="P19_S00002" HPOS="942" VPOS="271" WIDTH="57" HEIGHT="35" STYLEREFS="StyleId-0" CONTENT="IN" WC="0.955" CC="00" />
            <SP ID="P19_SP00002" WIDTH="0" HPOS="0" VPOS="0" />
            <String ID="P19_S00003" HPOS="1019" VPOS="272" WIDTH="257" HEIGHT="39" STYLEREFS="StyleId-0" CONTENT="MEDICINE" WC="0.75" CC="00700605" />
          </TextLine>
        </TextBlock>
        <TextBlock ID="P19_TB00002" HPOS="1676" VPOS="266" WIDTH="58" HEIGHT="50">
          <TextLine ID="P19_TL00002" HPOS="1684" VPOS="274" WIDTH="42" HEIGHT="34">
            <String ID="P19_S00004" HPOS="1684" VPOS="274" WIDTH="42" HEIGHT="34" STYLEREFS="StyleId-0" CONTENT="15" WC="0.875" CC="02" />
          </TextLine>
        </TextBlock>
        <TextBlock ID="P19_TB00003" HPOS="191" VPOS="373" WIDTH="1551" HEIGHT="2166">
          <TextLine ID="P19_TL00003" HPOS="199" VPOS="381" WIDTH="1528" HEIGHT="58">
            <String ID="P19_S00005" HPOS="199" VPOS="386" WIDTH="48" HEIGHT="34" STYLEREFS="StyleId-1" CONTENT="to" WC="0.845" CC="30" />
            <SP ID="P19_SP00003" WIDTH="0" HPOS="0" VPOS="0" />
            <String ID="P19_S00006" HPOS="268" VPOS="381" WIDTH="54" HEIGHT="40" STYLEREFS="StyleId-1" CONTENT="be" WC="1" CC="00" />
            <SP ID="P19_SP00004" WIDTH="0" HPOS="0" VPOS="0" />
            <String ID="P19_S00007" HPOS="344" VPOS="382" WIDTH="140" HEIGHT="40" STYLEREFS="StyleId-1" CONTENT="found" WC="0.73" CC="40431" />
            <SP ID="P19_SP00005" WIDTH="0" HPOS="0" VPOS="0" />
            <String ID="P19_S00008" HPOS="507" VPOS="384" WIDTH="47" HEIGHT="38" STYLEREFS="StyleId-1" CONTENT="in" WC="1" CC="00" />
            <SP ID="P19_SP00006" WIDTH="0" HPOS="0" VPOS="0" />
            <String ID="P19_S00009" HPOS="575" VPOS="385" WIDTH="76" HEIGHT="39" STYLEREFS="StyleId-1" CONTENT="the" WC="0.9266667" CC="110" />
            <SP ID="P19_SP00007" WIDTH="0" HPOS="0" VPOS="0" />
            <String ID="P19_S00010" HPOS="671" VPOS="385" WIDTH="107" HEIGHT="48" STYLEREFS="StyleId-1" CONTENT="city." WC="0.872" CC="02004" />
            <SP ID="P19_SP00008" WIDTH="0" HPOS="0" VPOS="0" />
            <String ID="P19_S00011" HPOS="841" VPOS="385" WIDTH="85" HEIGHT="48" STYLEREFS="StyleId-1" CONTENT="For" WC="0.65" CC="603" />
            <SP ID="P19_SP00009" WIDTH="0" HPOS="0" VPOS="0" />
            <String ID="P19_S00012" HPOS="946" VPOS="387" WIDTH="174" HEIGHT="46" STYLEREFS="StyleId-1" CONTENT="clinical" WC="0.95375" CC="00300000" />
            <SP ID="P19_SP00010" WIDTH="0" HPOS="0" VPOS="0" />
            <String ID="P19_S00013" HPOS="1143" VPOS="390" WIDTH="279" HEIGHT="49" STYLEREFS="StyleId-1" CONTENT="advantages," WC="0.7427273" CC="05056006003" />
            <SP ID="P19_SP00011" WIDTH="0" HPOS="0" VPOS="0" />
            <String ID="P19_S00014" HPOS="1447" VPOS="391" WIDTH="84" HEIGHT="48" STYLEREFS="StyleId-1" CONTENT="and" WC="0.946666658" CC="010" />
            <SP ID="P19_SP00012" WIDTH="0" HPOS="0" VPOS="0" />
            <String ID="P19_S00015" HPOS="1567" VPOS="390" WIDTH="160" HEIGHT="49" STYLEREFS="StyleId-1" CONTENT="special" WC="0.9728571" CC="0000100" />
          </TextLine>
          <TextLine ID="P19_TL00004" HPOS="200" VPOS="447" WIDTH="1524" HEIGHT="54">
            <String ID="P19_S00016" HPOS="200" VPOS="447" WIDTH="191" HEIGHT="40" STYLEREFS="StyleId-1" CONTENT="lectures" WC="0.90125" CC="00007000" />
            <SP ID="P19_SP00013" WIDTH="0" HPOS="0" VPOS="0" />
            <String ID="P19_S00017" HPOS="413" VPOS="449" WIDTH="46" HEIGHT="39" STYLEREFS="StyleId-1" CONTENT="in" WC="0.865" CC="02" />
            <SP ID="P19_SP00014" WIDTH="0" HPOS="0" VPOS="0" />
            <String ID="P19_S00018" HPOS="481" VPOS="450" WIDTH="77" HEIGHT="39" STYLEREFS="StyleId-1" CONTENT="the" WC="0.9266667" CC="020" />
            <SP ID="P19_SP00015" WIDTH="0" HPOS="0" VPOS="0" />
            <String ID="P19_S00019" HPOS="579" VPOS="451" WIDTH="194" HEIGHT="48" STYLEREFS="StyleId-1" CONTENT="subjects" WC="0.8775" CC="04050000" />
            <SP ID="P19_SP00016" WIDTH="0" HPOS="0" VPOS="0" />
            <String ID="P19_S00020" HPOS="795" VPOS="453" WIDTH="45" HEIGHT="46" STYLEREFS="StyleId-1" CONTENT="of" WC="0.955" CC="00" />
            <SP ID="P19_SP00017" WIDTH="0" HPOS="0" VPOS="0" />
            <String ID="P19_S00021" HPOS="870" VPOS="464" WIDTH="199" HEIGHT="37" STYLEREFS="StyleId-1" CONTENT="surgery," WC="0.715" CC="03260045" />
            <SP ID="P19_SP00018" WIDTH="0" HPOS="0" VPOS="0" />
            <String ID="P19_S00022" HPOS="1114" VPOS="455" WIDTH="190" HEIGHT="46" STYLEREFS="StyleId-1" CONTENT="diseases" WC="0.905" CC="00000007" />
            <SP ID="P19_SP00019" WIDTH="0" HPOS="0" VPOS="0" />
            <String ID="P19_S00023" HPOS="1345" VPOS="456" WIDTH="46" HEIGHT="45" STYLEREFS="StyleId-1" CONTENT="of" WC="1" CC="00" />
            <SP ID="P19_SP00020" WIDTH="0" HPOS="0" VPOS="0" />
            <String ID="P19_S00024" HPOS="1429" VPOS="468" WIDTH="169" HEIGHT="33" STYLEREFS="StyleId-1" CONTENT="women" WC="0.806" CC="00504" />
            <SP ID="P19_SP00021" WIDTH="0" HPOS="0" VPOS="0" />
            <String ID="P19_S00025" HPOS="1640" VPOS="456" WIDTH="84" HEIGHT="45" STYLEREFS="StyleId-1" CONTENT="and" WC="0.45" CC="3310" />
          </TextLine>
          <TextLine ID="P19_TL00005" HPOS="202" VPOS="514" WIDTH="1526" HEIGHT="54">
            <String ID="P19_S00026" HPOS="202" VPOS="514" WIDTH="217" HEIGHT="44" STYLEREFS="StyleId-1" CONTENT="children," WC="0.854444444" CC="003001053" />
            <SP ID="P19_SP00022" WIDTH="0" HPOS="0" VPOS="0" />
            <String ID="P19_S00027" HPOS="446" VPOS="516" WIDTH="87" HEIGHT="42" STYLEREFS="StyleId-1" CONTENT="and" WC="0.7966667" CC="060" />
            <SP ID="P19_SP00023" WIDTH="0" HPOS="0" VPOS="0" />
            <String ID="P19_S00028" HPOS="564" VPOS="517" WIDTH="76" HEIGHT="41" STYLEREFS="StyleId-1" CONTENT="the" WC="0.456666678" CC="574" />
            <SP ID="P19_SP00024" WIDTH="0" HPOS="0" VPOS="0" />
            <String ID="P19_S00029" HPOS="680" VPOS="517" WIDTH="226" HEIGHT="48" STYLEREFS="StyleId-1" CONTENT="diagnosis" WC="0.784444451" CC="015910010" />
            <SP ID="P19_SP00025" WIDTH="0" HPOS="0" VPOS="0" />
            <String ID="P19_S00030" HPOS="942" VPOS="519" WIDTH="124" HEIGHT="47" STYLEREFS="StyleId-1" CONTENT="class," WC="0.8" CC="008003" />
            <SP ID="P19_SP00026" WIDTH="0" HPOS="0" VPOS="0" />
            <String ID="P19_S00031" HPOS="1113" VPOS="521" WIDTH="139" HEIGHT="45" STYLEREFS="StyleId-1" CONTENT="under" WC="0.874" CC="41000" />
            <SP ID="P19_SP00027" WIDTH="0" HPOS="0" VPOS="0" />
            <String ID="P19_S00032" HPOS="1292" VPOS="522" WIDTH="74" HEIGHT="44" STYLEREFS="StyleId-1" CONTENT="the" WC="0.62" CC="460" />
            <SP ID="P19_SP00028" WIDTH="0" HPOS="0" VPOS="0" />
            <String ID="P19_S00033" HPOS="1405" VPOS="521" WIDTH="323" HEIGHT="47" STYLEREFS="StyleId-1" CONTENT="distinguished" WC="0.8269231" CC="0000170440040" />
          </TextLine>
          <TextLine ID="P19_TL00006" HPOS="204" VPOS="579" WIDTH="1527" HEIGHT="55">
            <String ID="P19_S00034" HPOS="204" VPOS="579" WIDTH="340" HEIGHT="49" STYLEREFS="StyleId-1" CONTENT="diagnostician," WC="0.765" CC="03004004203544" />
            <SP ID="P19_SP00029" WIDTH="0" HPOS="0" VPOS="0" />
            <String ID="P19_S00035" HPOS="586" VPOS="584" WIDTH="77" HEIGHT="44" STYLEREFS="StyleId-1" CONTENT="Dr." WC="0.723333359" CC="404" />
            <SP ID="P19_SP00030" WIDTH="0" HPOS="0" VPOS="0" />
            <String ID="P19_S00036" HPOS="687" VPOS="581" WIDTH="208" HEIGHT="50" STYLEREFS="StyleId-1" CONTENT="Thomas," WC="0.747142851" CC="10006010" />
            <SP ID="P19_SP00031" WIDTH="0" HPOS="0" VPOS="0" />
            <String ID="P19_S00037" HPOS="933" VPOS="586" WIDTH="75" HEIGHT="45" STYLEREFS="StyleId-1" CONTENT="the" WC="0.8433333" CC="040" />
            <SP ID="P19_SP00032" WIDTH="0" HPOS="0" VPOS="0" />
            <String ID="P19_S00038" HPOS="1029" VPOS="586" WIDTH="128" HEIGHT="45" STYLEREFS="StyleId-1" CONTENT="doors" WC="0.936" CC="01010" />
            <SP ID="P19_SP00033" WIDTH="0" HPOS="0" VPOS="0" />
            <String ID="P19_S00039" HPOS="1192" VPOS="587" WIDTH="46" HEIGHT="44" STYLEREFS="StyleId-1" CONTENT="of" WC="0.73" CC="05" />
            <SP ID="P19_SP00034" WIDTH="0" HPOS="0" VPOS="0" />
            <String ID="P19_S00040" HPOS="1258" VPOS="587" WIDTH="74" HEIGHT="44" STYLEREFS="StyleId-1" CONTENT="the" WC="0.88" CC="030" />
            <SP ID="P19_SP00035" WIDTH="0" HPOS="0" VPOS="0" />
            <String ID="P19_S00041" HPOS="1367" VPOS="593" WIDTH="121" HEIGHT="41" STYLEREFS="StyleId-1" CONTENT="great" WC="0.822" CC="00080" />
            <SP ID="P19_SP00036" WIDTH="0" HPOS="0" VPOS="0" />
            <String ID="P19_S00042" HPOS="1526" VPOS="587" WIDTH="205" HEIGHT="47" STYLEREFS="StyleId-1" CONTENT="Bellevue" WC="0.75" CC="60020550" />
          </TextLine>
          <TextLine ID="P19_TL00007" HPOS="205" VPOS="646" WIDTH="1522" HEIGHT="54">
            <String ID="P19_S00043" HPOS="205" VPOS="646" WIDTH="180" HEIGHT="48" STYLEREFS="StyleId-1" CONTENT="College" WC="0.79285717" CC="00040100" />
            <SP ID="P19_SP00037" WIDTH="0" HPOS="0" VPOS="0" />
            <String ID="P19_S00044" HPOS="406" VPOS="648" WIDTH="86" HEIGHT="46" STYLEREFS="StyleId-1" CONTENT="and" WC="0.8833333" CC="030" />
            <SP ID="P19_SP00038" WIDTH="0" HPOS="0" VPOS="0" />
            <String ID="P19_S00045" HPOS="537" VPOS="648" WIDTH="207" HEIGHT="48" STYLEREFS="StyleId-1" CONTENT="Hospital" WC="0.895" CC="51010000" />
            <SP ID="P19_SP00039" WIDTH="0" HPOS="0" VPOS="0" />
            <String ID="P19_S00046" HPOS="766" VPOS="662" WIDTH="113" HEIGHT="34" STYLEREFS="StyleId-1" CONTENT="were" WC="0.78" CC="0035" />
            <SP ID="P19_SP00040" WIDTH="0" HPOS="0" VPOS="0" />
            <String ID="P19_S00047" HPOS="899" VPOS="663" WIDTH="113" HEIGHT="35" STYLEREFS="StyleId-1" CONTENT="open" WC="0.87" CC="0005" />
            <SP ID="P19_SP00041" WIDTH="0" HPOS="0" VPOS="0" />
            <String ID="P19_S00048" HPOS="1053" VPOS="657" WIDTH="45" HEIGHT="41" STYLEREFS="StyleId-1" CONTENT="to" WC="1" CC="00" />
            <SP ID="P19_SP00042" WIDTH="0" HPOS="0" VPOS="0" />
            <String ID="P19_S00049" HPOS="1119" VPOS="652" WIDTH="135" HEIGHT="46" STYLEREFS="StyleId-1" CONTENT="them," WC="1" CC="00000" />
            <SP ID="P19_SP00043" WIDTH="0" HPOS="0" VPOS="0" />
            <String ID="P19_S00050" HPOS="1300" VPOS="653" WIDTH="85" HEIGHT="45" STYLEREFS="StyleId-1" CONTENT="and" WC="0.71" CC="080" />
            <SP ID="P19_SP00044" WIDTH="0" HPOS="0" VPOS="0" />
            <String ID="P19_S00051" HPOS="1418" VPOS="665" WIDTH="56" HEIGHT="33" STYLEREFS="StyleId-1" CONTENT="on" WC="1" CC="00" />
            <SP ID="P19_SP00045" WIDTH="0" HPOS="0" VPOS="0" />
            <String ID="P19_S00052" HPOS="1514" VPOS="666" WIDTH="55" HEIGHT="32" STYLEREFS="StyleId-1" CONTENT="an" WC="1" CC="00" />
            <SP ID="P19_SP00046" WIDTH="0" HPOS="0" VPOS="0" />
            <String ID="P19_S00053" HPOS="1602" VPOS="653" WIDTH="125" HEIGHT="47" STYLEREFS="StyleId-1" CONTENT="equal" WC="1" CC="00000" />
          </TextLine>
          <TextLine ID="P19_TL00008" HPOS="201" VPOS="712" WIDTH="1523" HEIGHT="53">
            <String ID="P19_S00054" HPOS="201" VPOS="712" WIDTH="179" HEIGHT="52" STYLEREFS="StyleId-1" CONTENT="footing" WC="0.9114286" CC="4000100" />
            <SP ID="P19_SP00047" WIDTH="0" HPOS="0" VPOS="0" />
            <String ID="P19_S00055" HPOS="401" VPOS="713" WIDTH="109" HEIGHT="51" STYLEREFS="StyleId-1" CONTENT="with" WC="0.905" CC="0300" />
            <SP ID="P19_SP00048" WIDTH="0" HPOS="0" VPOS="0" />
            <String ID="P19_S00056" HPOS="546" VPOS="726" WIDTH="100" HEIGHT="38" STYLEREFS="StyleId-1" CONTENT="men" WC="0.8833333" CC="003" />
            <SP ID="P19_SP00049" WIDTH="0" HPOS="0" VPOS="0" />
            <String ID="P19_S00057" HPOS="669" VPOS="715" WIDTH="75" HEIGHT="49" STYLEREFS="StyleId-1" CONTENT="the" WC="0.956666648" CC="001" />
            <SP ID="P19_SP00050" WIDTH="0" HPOS="0" VPOS="0" />
            <String ID="P19_S00058" HPOS="786" VPOS="716" WIDTH="201" HEIGHT="48" STYLEREFS="StyleId-1" CONTENT="students" WC="0.8725" CC="08000200" />
            <SP ID="P19_SP00051" WIDTH="0" HPOS="0" VPOS="0" />
            <String ID="P19_S00059" HPOS="1009" VPOS="717" WIDTH="46" HEIGHT="47" STYLEREFS="StyleId-1" CONTENT="of" WC="0.8" CC="03" />
            <SP ID="P19_SP00052" WIDTH="0" HPOS="0" VPOS="0" />
            <String ID="P19_S00060" HPOS="1069" VPOS="717" WIDTH="89" HEIGHT="47" STYLEREFS="StyleId-1" CONTENT="this" WC="0.91" CC="3000" />
            <SP ID="P19_SP00053" WIDTH="0" HPOS="0" VPOS="0" />
            <String ID="P19_S00061" HPOS="1198" VPOS="717" WIDTH="164" HEIGHT="48" STYLEREFS="StyleId-1" CONTENT="college" WC="0.764285743" CC="0106090" />
            <SP ID="P19_SP00054" WIDTH="0" HPOS="0" VPOS="0" />
            <String ID="P19_S00062" HPOS="1384" VPOS="718" WIDTH="183" HEIGHT="47" STYLEREFS="StyleId-1" CONTENT="enjoyed" WC="0.882857144" CC="0600100" />
            <SP ID="P19_SP00055" WIDTH="0" HPOS="0" VPOS="0" />
            <String ID="P19_S00063" HPOS="1603" VPOS="719" WIDTH="121" HEIGHT="46" STYLEREFS="StyleId-1" CONTENT="these" WC="0.966" CC="00100" />
          </TextLine>
          <TextLine ID="P19_TL00009" HPOS="208" VPOS="778" WIDTH="1519" HEIGHT="52">
            <String ID="P19_S00064" HPOS="208" VPOS="778" WIDTH="286" HEIGHT="48" STYLEREFS="StyleId-1" CONTENT="advantages." WC="0.8609091" CC="70004000003" />
            <SP ID="P19_SP00056" WIDTH="0" HPOS="0" VPOS="0" />
            <String ID="P19_S00065" HPOS="558" VPOS="778" WIDTH="97" HEIGHT="48" STYLEREFS="StyleId-1" CONTENT="The" WC="0.7733333" CC="600" />
            <SP ID="P19_SP00057" WIDTH="0" HPOS="0" VPOS="0" />
            <String ID="P19_S00066" HPOS="676" VPOS="781" WIDTH="239" HEIGHT="47" STYLEREFS="StyleId-1" CONTENT="opthalmic" WC="0.7977778" CC="000500740" />
            <SP ID="P19_SP00058" WIDTH="0" HPOS="0" VPOS="0" />
            <String ID="P19_S00067" HPOS="937" VPOS="782" WIDTH="85" HEIGHT="46" STYLEREFS="StyleId-1" CONTENT="and" WC="0.686666667" CC="090" />
            <SP ID="P19_SP00059" WIDTH="0" HPOS="0" VPOS="0" />
            <String ID="P19_S00068" HPOS="1045" VPOS="783" WIDTH="119" HEIGHT="45" STYLEREFS="StyleId-1" CONTENT="aural" WC="0.916" CC="00201" />
            <SP ID="P19_SP00060" WIDTH="0" HPOS="0" VPOS="0" />
            <String ID="P19_S00069" HPOS="1181" VPOS="783" WIDTH="189" HEIGHT="47" STYLEREFS="StyleId-1" CONTENT="hospital" WC="0.97375" CC="00002000" />
            <SP ID="P19_SP00061" WIDTH="0" HPOS="0" VPOS="0" />
            <String ID="P19_S00070" HPOS="1391" VPOS="783" WIDTH="166" HEIGHT="47" STYLEREFS="StyleId-1" CONTENT="clinics," WC="0.8875" CC="04031000" />
            <SP ID="P19_SP00062" WIDTH="0" HPOS="0" VPOS="0" />
            <String ID="P19_S00071" HPOS="1584" VPOS="784" WIDTH="143" HEIGHT="46" STYLEREFS="StyleId-1" CONTENT="where" WC="0.83" CC="80000" />
          </TextLine>
          <TextLine ID="P19_TL00010" HPOS="206" VPOS="844" WIDTH="1517" HEIGHT="52">
            <String ID="P19_S00072" HPOS="206" VPOS="844" WIDTH="108" HEIGHT="48" STYLEREFS="StyleId-1" CONTENT="they" WC="0.725" CC="1009" />
            <SP ID="P19_SP00063" WIDTH="0" HPOS="0" VPOS="0" />
            <String ID="P19_S00073" HPOS="336" VPOS="857" WIDTH="89" HEIGHT="35" STYLEREFS="StyleId-1" CONTENT="saw" WC="1" CC="000" />
            <SP ID="P19_SP00064" WIDTH="0" HPOS="0" VPOS="0" />
            <String ID="P19_S00074" HPOS="447" VPOS="846" WIDTH="85" HEIGHT="46" STYLEREFS="StyleId-1" CONTENT="and" WC="0.7133333" CC="080" />
            <SP ID="P19_SP00065" WIDTH="0" HPOS="0" VPOS="0" />
            <String ID="P19_S00075" HPOS="556" VPOS="846" WIDTH="173" HEIGHT="46" STYLEREFS="StyleId-1" CONTENT="studied" WC="0.894285738" CC="0030400" />
            <SP ID="P19_SP00066" WIDTH="0" HPOS="0" VPOS="0" />
            <String ID="P19_S00076" HPOS="754" VPOS="847" WIDTH="73" HEIGHT="45" STYLEREFS="StyleId-1" CONTENT="the" WC="0.783333361" CC="060" />
            <SP ID="P19_SP00067" WIDTH="0" HPOS="0" VPOS="0" />
            <String ID="P19_S00077" HPOS="850" VPOS="847" WIDTH="159" HEIGHT="47" STYLEREFS="StyleId-1" CONTENT="special" WC="0.757142842" CC="0500550" />
            <SP ID="P19_SP00068" WIDTH="0" HPOS="0" VPOS="0" />
            <String ID="P19_S00078" HPOS="1031" VPOS="848" WIDTH="188" HEIGHT="46" STYLEREFS="StyleId-1" CONTENT="diseases" WC="0.97125" CC="00002000" />
            <SP ID="P19_SP00069" WIDTH="0" HPOS="0" VPOS="0" />
            <String ID="P19_S00079" HPOS="1241" VPOS="849" WIDTH="46" HEIGHT="45" STYLEREFS="StyleId-1" CONTENT="of" WC="0.655" CC="06" />
            <SP ID="P19_SP00070" WIDTH="0" HPOS="0" VPOS="0" />
            <String ID="P19_S00080" HPOS="1315" VPOS="849" WIDTH="74" HEIGHT="45" STYLEREFS="StyleId-1" CONTENT="the" WC="1" CC="000" />
            <SP ID="P19_SP00071" WIDTH="0" HPOS="0" VPOS="0" />
            <String ID="P19_S00081" HPOS="1419" VPOS="861" WIDTH="76" HEIGHT="35" STYLEREFS="StyleId-1" CONTENT="eye" WC="1" CC="000" />
            <SP ID="P19_SP00072" WIDTH="0" HPOS="0" VPOS="0" />
            <String ID="P19_S00082" HPOS="1531" VPOS="850" WIDTH="84" HEIGHT="46" STYLEREFS="StyleId-1" CONTENT="and" WC="0.8" CC="060" />
            <SP ID="P19_SP00073" WIDTH="0" HPOS="0" VPOS="0" />
            <String ID="P19_S00083" HPOS="1637" VPOS="861" WIDTH="86" HEIGHT="35" STYLEREFS="StyleId-1" CONTENT="ear," WC="0.79" CC="0043" />
          </TextLine>
          <TextLine ID="P19_TL00011" HPOS="205" VPOS="911" WIDTH="1523" HEIGHT="50">
            <String ID="P19_S00084" HPOS="205" VPOS="922" WIDTH="113" HEIGHT="29" STYLEREFS="StyleId-1" CONTENT="were" WC="0.995" CC="0000" />
            <SP ID="P19_SP00074" WIDTH="0" HPOS="0" VPOS="0" />
            <String ID="P19_S00085" HPOS="342" VPOS="911" WIDTH="91" HEIGHT="40" STYLEREFS="StyleId-1" CONTENT="also" WC="0.91" CC="0003" />
            <SP ID="P19_SP00075" WIDTH="0" HPOS="0" VPOS="0" />
            <String ID="P19_S00086" HPOS="456" VPOS="912" WIDTH="209" HEIGHT="40" STYLEREFS="StyleId-1" CONTENT="attended" WC="0.84125" CC="00008040" />
            <SP ID="P19_SP00076" WIDTH="0" HPOS="0" VPOS="0" />
            <String ID="P19_S00087" HPOS="687" VPOS="912" WIDTH="59" HEIGHT="47" STYLEREFS="StyleId-1" CONTENT="by" WC="1" CC="00" />
            <SP ID="P19_SP00077" WIDTH="0" HPOS="0" VPOS="0" />
            <String ID="P19_S00088" HPOS="768" VPOS="912" WIDTH="122" HEIGHT="47" STYLEREFS="StyleId-1" CONTENT="these" WC="1" CC="00000" />
            <SP ID="P19_SP00078" WIDTH="0" HPOS="0" VPOS="0" />
            <String ID="P19_S00089" HPOS="912" VPOS="913" WIDTH="159" HEIGHT="46" STYLEREFS="StyleId-1" CONTENT="classes" WC="0.752857149" CC="0504007" />
            <SP ID="P19_SP00079" WIDTH="0" HPOS="0" VPOS="0" />
            <String ID="P19_S00090" HPOS="1093" VPOS="913" WIDTH="45" HEIGHT="46" STYLEREFS="StyleId-1" CONTENT="of" WC="0.97" CC="00" />
            <SP ID="P19_SP00080" WIDTH="0" HPOS="0" VPOS="0" />
            <String ID="P19_S00091" HPOS="1159" VPOS="926" WIDTH="167" HEIGHT="33" STYLEREFS="StyleId-1" CONTENT="women" WC="1" CC="00000" />
            <SP ID="P19_SP00081" WIDTH="0" HPOS="0" VPOS="0" />
            <String ID="P19_S00092" HPOS="1349" VPOS="928" WIDTH="7" HEIGHT="32" STYLEREFS="StyleId-1" CONTENT=";" WC="1" CC="0" />
            <SP ID="P19_SP00082" WIDTH="0" HPOS="0" VPOS="0" />
            <String ID="P19_S00093" HPOS="1383" VPOS="914" WIDTH="83" HEIGHT="46" STYLEREFS="StyleId-1" CONTENT="and" WC="0.81" CC="050" />
            <SP ID="P19_SP00083" WIDTH="0" HPOS="0" VPOS="0" />
            <String ID="P19_S00094" HPOS="1489" VPOS="914" WIDTH="104" HEIGHT="47" STYLEREFS="StyleId-1" CONTENT="they" WC="0.9875" CC="0000" />
            <SP ID="P19_SP00084" WIDTH="0" HPOS="0" VPOS="0" />
            <String ID="P19_S00095" HPOS="1616" VPOS="927" WIDTH="112" HEIGHT="34" STYLEREFS="StyleId-1" CONTENT="were" WC="0.9775" CC="0000" />
          </TextLine>
          <TextLine ID="P19_TL00012" HPOS="205" VPOS="976" WIDTH="1517" HEIGHT="50">
            <String ID="P19_S00096" HPOS="205" VPOS="976" WIDTH="235" HEIGHT="48" STYLEREFS="StyleId-1" CONTENT="permitted" WC="0.7322222" CC="800780000" />
            <SP ID="P19_SP00085" WIDTH="0" HPOS="0" VPOS="0" />
            <String ID="P19_S00097" HPOS="463" VPOS="983" WIDTH="45" HEIGHT="41" STYLEREFS="StyleId-1" CONTENT="to" WC="1" CC="00" />
            <SP ID="P19_SP00086" WIDTH="0" HPOS="0" VPOS="0" />
            <String ID="P19_S00098" HPOS="531" VPOS="978" WIDTH="151" HEIGHT="46" STYLEREFS="StyleId-1" CONTENT="attend" WC="0.9766667" CC="000010" />
            <SP ID="P19_SP00087" WIDTH="0" HPOS="0" VPOS="0" />
            <String ID="P19_S00099" HPOS="705" VPOS="978" WIDTH="155" HEIGHT="46" STYLEREFS="StyleId-1" CONTENT="clinics" WC="0.7557143" CC="0336300" />
            <SP ID="P19_SP00088" WIDTH="0" HPOS="0" VPOS="0" />
            <String ID="P19_S00100" HPOS="882" VPOS="984" WIDTH="43" HEIGHT="40" STYLEREFS="StyleId-1" CONTENT="at" WC="1" CC="00" />
            <SP ID="P19_SP00089" WIDTH="0" HPOS="0" VPOS="0" />
            <String ID="P19_S00101" HPOS="947" VPOS="990" WIDTH="132" HEIGHT="36" STYLEREFS="StyleId-1" CONTENT="many" WC="0.8675" CC="0050" />
            <SP ID="P19_SP00090" WIDTH="0" HPOS="0" VPOS="0" />
            <String ID="P19_S00102" HPOS="1100" VPOS="979" WIDTH="45" HEIGHT="47" STYLEREFS="StyleId-1" CONTENT="of" WC="0.81" CC="03" />
            <SP ID="P19_SP00091" WIDTH="0" HPOS="0" VPOS="0" />
            <String ID="P19_S00103" HPOS="1176" VPOS="980" WIDTH="74" HEIGHT="46" STYLEREFS="StyleId-1" CONTENT="the" WC="1" CC="000" />
            <SP ID="P19_SP00092" WIDTH="0" HPOS="0" VPOS="0" />
            <String ID="P19_S00104" HPOS="1284" VPOS="979" WIDTH="90" HEIGHT="47" STYLEREFS="StyleId-1" CONTENT="city" WC="0.7825" CC="0080" />
            <SP ID="P19_SP00093" WIDTH="0" HPOS="0" VPOS="0" />
            <String ID="P19_S00105" HPOS="1415" VPOS="979" WIDTH="307" HEIGHT="47" STYLEREFS="StyleId-1" CONTENT="dispensaries." WC="0.890769243" CC="0100050002004" />
          </TextLine>
          <TextLine ID="P19_TL00013" HPOS="206" VPOS="1040" WIDTH="1521" HEIGHT="49">
            <String ID="P19_S00106" HPOS="206" VPOS="1040" WIDTH="98" HEIGHT="42" STYLEREFS="StyleId-1" CONTENT="The" WC="0.816666663" CC="050" />
            <SP ID="P19_SP00094" WIDTH="0" HPOS="0" VPOS="0" />
            <String ID="P19_S00107" HPOS="346" VPOS="1043" WIDTH="270" HEIGHT="46" STYLEREFS="StyleId-1" CONTENT="advantages" WC="0.779" CC="00010000704" />
            <SP ID="P19_SP00095" WIDTH="0" HPOS="0" VPOS="0" />
            <String ID="P19_S00108" HPOS="660" VPOS="1042" WIDTH="193" HEIGHT="47" STYLEREFS="StyleId-1" CONTENT="afforded" WC="0.72" CC="07770000" />
            <SP ID="P19_SP00096" WIDTH="0" HPOS="0" VPOS="0" />
            <String ID="P19_S00109" HPOS="876" VPOS="1049" WIDTH="44" HEIGHT="40" STYLEREFS="StyleId-1" CONTENT="to" WC="1" CC="00" />
            <SP ID="P19_SP00097" WIDTH="0" HPOS="0" VPOS="0" />
            <String ID="P19_S00110" HPOS="937" VPOS="1044" WIDTH="74" HEIGHT="45" STYLEREFS="StyleId-1" CONTENT="the" WC="1" CC="000" />
            <SP ID="P19_SP00098" WIDTH="0" HPOS="0" VPOS="0" />
            <String ID="P19_S00111" HPOS="1047" VPOS="1045" WIDTH="201" HEIGHT="44" STYLEREFS="StyleId-1" CONTENT="students" WC="0.9625" CC="00000300" />
            <SP ID="P19_SP00099" WIDTH="0" HPOS="0" VPOS="0" />
            <String ID="P19_S00112" HPOS="1269" VPOS="1057" WIDTH="111" HEIGHT="32" STYLEREFS="StyleId-1" CONTENT="were" WC="0.945" CC="0020" />
            <SP ID="P19_SP00100" WIDTH="0" HPOS="0" VPOS="0" />
            <String ID="P19_S00113" HPOS="1421" VPOS="1045" WIDTH="74" HEIGHT="44" STYLEREFS="StyleId-1" CONTENT="the" WC="1" CC="000" />
            <SP ID="P19_SP00101" WIDTH="0" HPOS="0" VPOS="0" />
            <String ID="P19_S00114" HPOS="1515" VPOS="1045" WIDTH="93" HEIGHT="44" STYLEREFS="StyleId-1" CONTENT="best" WC="0.895" CC="0004" />
            <SP ID="P19_SP00102" WIDTH="0" HPOS="0" VPOS="0" />
            <String ID="P19_S00115" HPOS="1631" VPOS="1045" WIDTH="96" HEIGHT="44" STYLEREFS="StyleId-1" CONTENT="that" WC="0.7775" CC="8000" />
          </TextLine>
          <TextLine ID="P19_TL00014" HPOS="204" VPOS="1108" WIDTH="1520" HEIGHT="47">
            <String ID="P19_S00116" HPOS="204" VPOS="1109" WIDTH="106" HEIGHT="38" STYLEREFS="StyleId-1" CONTENT="then" WC="0.8" CC="0106" />
            <SP ID="P19_SP00103" WIDTH="0" HPOS="0" VPOS="0" />
            <String ID="P19_S00117" HPOS="332" VPOS="1109" WIDTH="131" HEIGHT="38" STYLEREFS="StyleId-1" CONTENT="could" WC="0.718" CC="001040" />
            <SP ID="P19_SP00104" WIDTH="0" HPOS="0" VPOS="0" />
            <String ID="P19_S00118" HPOS="485" VPOS="1108" WIDTH="54" HEIGHT="39" STYLEREFS="StyleId-1" CONTENT="be" WC="1" CC="00" />
            <SP ID="P19_SP00105" WIDTH="0" HPOS="0" VPOS="0" />
            <String ID="P19_S00119" HPOS="574" VPOS="1108" WIDTH="221" HEIGHT="47" STYLEREFS="StyleId-1" CONTENT="obtained," WC="0.877777755" CC="000037000" />
            <SP ID="P19_SP00106" WIDTH="0" HPOS="0" VPOS="0" />
            <String ID="P19_S00120" HPOS="821" VPOS="1109" WIDTH="84" HEIGHT="46" STYLEREFS="StyleId-1" CONTENT="and" WC="0.936666667" CC="010" />
            <SP ID="P19_SP00107" WIDTH="0" HPOS="0" VPOS="0" />
            <String ID="P19_S00121" HPOS="939" VPOS="1109" WIDTH="220" HEIGHT="46" STYLEREFS="StyleId-1" CONTENT="fortunate" WC="0.886666656" CC="400005000" />
            <SP ID="P19_SP00108" WIDTH="0" HPOS="0" VPOS="0" />
            <String ID="P19_S00122" HPOS="1187" VPOS="1122" WIDTH="112" HEIGHT="33" STYLEREFS="StyleId-1" CONTENT="were" WC="0.915" CC="0030" />
            <SP ID="P19_SP00109" WIDTH="0" HPOS="0" VPOS="0" />
            <String ID="P19_S00123" HPOS="1340" VPOS="1110" WIDTH="74" HEIGHT="45" STYLEREFS="StyleId-1" CONTENT="the" WC="1" CC="000" />
            <SP ID="P19_SP00110" WIDTH="0" HPOS="0" VPOS="0" />
            <String ID="P19_S00124" HPOS="1435" VPOS="1122" WIDTH="166" HEIGHT="33" STYLEREFS="StyleId-1" CONTENT="women" WC="0.768" CC="00505" />
            <SP ID="P19_SP00111" WIDTH="0" HPOS="0" VPOS="0" />
            <String ID="P19_S00125" HPOS="1625" VPOS="1110" WIDTH="99" HEIGHT="45" STYLEREFS="StyleId-1" CONTENT="who" WC="0.6766667" CC="900" />
          </TextLine>
          <TextLine ID="P19_TL00015" HPOS="207" VPOS="1173" WIDTH="821" HEIGHT="48">
            <String ID="P19_S00126" HPOS="207" VPOS="1173" WIDTH="159" HEIGHT="48" STYLEREFS="StyleId-1" CONTENT="gained" WC="0.67" CC="1004500" />
            <SP ID="P19_SP00112" WIDTH="0" HPOS="0" VPOS="0" />
            <String ID="P19_S00127" HPOS="390" VPOS="1174" WIDTH="240" HEIGHT="47" STYLEREFS="StyleId-1" CONTENT="admission" WC="0.87" CC="006500000" />
            <SP ID="P19_SP00113" WIDTH="0" HPOS="0" VPOS="0" />
            <String ID="P19_S00128" HPOS="652" VPOS="1179" WIDTH="45" HEIGHT="42" STYLEREFS="StyleId-1" CONTENT="to" WC="1" CC="00" />
            <SP ID="P19_SP00114" WIDTH="0" HPOS="0" VPOS="0" />
            <String ID="P19_S00129" HPOS="720" VPOS="1174" WIDTH="89" HEIGHT="47" STYLEREFS="StyleId-1" CONTENT="this" WC="1" CC="0000" />
            <SP ID="P19_SP00115" WIDTH="0" HPOS="0" VPOS="0" />
            <String ID="P19_S00130" HPOS="849" VPOS="1174" WIDTH="179" HEIGHT="47" STYLEREFS="StyleId-1" CONTENT="college." WC="0.90625" CC="00250000" />
          </TextLine>
          <TextLine ID="P19_TL00016" HPOS="253" VPOS="1237" WIDTH="1475" HEIGHT="50">
            <String ID="P19_S00131" HPOS="253" VPOS="1275" WIDTH="3" HEIGHT="5" STYLEREFS="StyleId-1" CONTENT="," WC="1" CC="0" />
            <SP ID="P19_SP00116" WIDTH="0" HPOS="0" VPOS="0" />
            <String ID="P19_S00132" HPOS="291" VPOS="1237" WIDTH="97" HEIGHT="43" STYLEREFS="StyleId-1" CONTENT="The" WC="1" CC="000" />
            <SP ID="P19_SP00117" WIDTH="0" HPOS="0" VPOS="0" />
            <String ID="P19_S00133" HPOS="408" VPOS="1241" WIDTH="99" HEIGHT="39" STYLEREFS="StyleId-1" CONTENT="love" WC="0.78" CC="4400" />
            <SP ID="P19_SP00118" WIDTH="0" HPOS="0" VPOS="0" />
            <String ID="P19_S00134" HPOS="529" VPOS="1240" WIDTH="85" HEIGHT="40" STYLEREFS="StyleId-1" CONTENT="and" WC="0.75333333" CC="700" />
            <SP ID="P19_SP00119" WIDTH="0" HPOS="0" VPOS="0" />
            <String ID="P19_S00135" HPOS="638" VPOS="1240" WIDTH="261" HEIGHT="43" STYLEREFS="StyleId-1" CONTENT="admiration" WC="0.808" CC="0004600008" />
            <SP ID="P19_SP00120" WIDTH="0" HPOS="0" VPOS="0" />
            <String ID="P19_S00136" HPOS="922" VPOS="1252" WIDTH="56" HEIGHT="31" STYLEREFS="StyleId-1" CONTENT="on" WC="0.66" CC="15" />
            <SP ID="P19_SP00121" WIDTH="0" HPOS="0" VPOS="0" />
            <String ID="P19_S00137" HPOS="1001" VPOS="1240" WIDTH="74" HEIGHT="43" STYLEREFS="StyleId-1" CONTENT="the" WC="1" CC="000" />
            <SP ID="P19_SP00122" WIDTH="0" HPOS="0" VPOS="0" />
            <String ID="P19_S00138" HPOS="1097" VPOS="1245" WIDTH="95" HEIGHT="42" STYLEREFS="StyleId-1" CONTENT="part" WC="1" CC="0000" />
            <SP ID="P19_SP00123" WIDTH="0" HPOS="0" VPOS="0" />
            <String ID="P19_S00139" HPOS="1228" VPOS="1240" WIDTH="45" HEIGHT="47" STYLEREFS="StyleId-1" CONTENT="of" WC="0.795" CC="04" />
            <SP ID="P19_SP00124" WIDTH="0" HPOS="0" VPOS="0" />
            <String ID="P19_S00140" HPOS="1308" VPOS="1240" WIDTH="72" HEIGHT="47" STYLEREFS="StyleId-1" CONTENT="the" WC="1" CC="000" />
            <SP ID="P19_SP00125" WIDTH="0" HPOS="0" VPOS="0" />
            <String ID="P19_S00141" HPOS="1421" VPOS="1240" WIDTH="198" HEIGHT="47" STYLEREFS="StyleId-1" CONTENT="students" WC="0.95125" CC="00000300" />
            <SP ID="P19_SP00126" WIDTH="0" HPOS="0" VPOS="0" />
            <String ID="P19_S00142" HPOS="1661" VPOS="1239" WIDTH="67" HEIGHT="48" STYLEREFS="StyleId-1" CONTENT="for" WC="0.886666656" CC="300" />
          </TextLine>
          <TextLine ID="P19_TL00017" HPOS="208" VPOS="1305" WIDTH="1515" HEIGHT="47">
            <String ID="P19_S00143" HPOS="208" VPOS="1305" WIDTH="90" HEIGHT="40" STYLEREFS="StyleId-1" CONTENT="this" WC="0.915" CC="0030" />
            <SP ID="P19_SP00127" WIDTH="0" HPOS="0" VPOS="0" />
            <String ID="P19_S00144" HPOS="318" VPOS="1306" WIDTH="115" HEIGHT="39" STYLEREFS="StyleId-1" CONTENT="their" WC="0.942" CC="00020" />
            <SP ID="P19_SP00128" WIDTH="0" HPOS="0" VPOS="0" />
            <String ID="P19_S00145" HPOS="457" VPOS="1306" WIDTH="129" HEIGHT="39" STYLEREFS="StyleId-1" CONTENT="noble" WC="0.916" CC="40000" />
            <SP ID="P19_SP00129" WIDTH="0" HPOS="0" VPOS="0" />
            <String ID="P19_S00146" HPOS="609" VPOS="1306" WIDTH="85" HEIGHT="39" STYLEREFS="StyleId-1" CONTENT="and" WC="0.96" CC="010" />
            <SP ID="P19_SP00130" WIDTH="0" HPOS="0" VPOS="0" />
            <String ID="P19_S00147" HPOS="735" VPOS="1305" WIDTH="221" HEIGHT="47" STYLEREFS="StyleId-1" CONTENT="energetic" WC="0.9211111" CC="007000000" />
            <SP ID="P19_SP00131" WIDTH="0" HPOS="0" VPOS="0" />
            <String ID="P19_S00148" HPOS="997" VPOS="1305" WIDTH="126" HEIGHT="47" STYLEREFS="StyleId-1" CONTENT="dean," WC="0.784" CC="00073" />
            <SP ID="P19_SP00132" WIDTH="0" HPOS="0" VPOS="0" />
            <String ID="P19_S00149" HPOS="1171" VPOS="1307" WIDTH="74" HEIGHT="45" STYLEREFS="StyleId-1" CONTENT="Dr." WC="0.863333344" CC="004" />
            <SP ID="P19_SP00133" WIDTH="0" HPOS="0" VPOS="0" />
            <String ID="P19_S00150" HPOS="1290" VPOS="1305" WIDTH="228" HEIGHT="47" STYLEREFS="StyleId-1" CONTENT="Clemence" WC="0.835" CC="22062000" />
            <SP ID="P19_SP00134" WIDTH="0" HPOS="0" VPOS="0" />
            <String ID="P19_S00151" HPOS="1557" VPOS="1305" WIDTH="166" HEIGHT="47" STYLEREFS="StyleId-1" CONTENT="L,ozier," WC="0.855" CC="81000001" />
          </TextLine>
          <TextLine ID="P19_TL00018" HPOS="208" VPOS="1369" WIDTH="1520" HEIGHT="47">
            <String ID="P19_S00152" HPOS="208" VPOS="1384" WIDTH="113" HEIGHT="28" STYLEREFS="StyleId-1" CONTENT="were" WC="0.665" CC="8040" />
            <SP ID="P19_SP00135" WIDTH="0" HPOS="0" VPOS="0" />
            <String ID="P19_S00153" HPOS="342" VPOS="1377" WIDTH="115" HEIGHT="35" STYLEREFS="StyleId-1" CONTENT="most" WC="1" CC="0000" />
            <SP ID="P19_SP00136" WIDTH="0" HPOS="0" VPOS="0" />
            <String ID="P19_S00154" HPOS="478" VPOS="1370" WIDTH="289" HEIGHT="42" STYLEREFS="StyleId-1" CONTENT="remarkable." WC="0.9136364" CC="10000010501" />
            <SP ID="P19_SP00137" WIDTH="0" HPOS="0" VPOS="0" />
            <String ID="P19_S00155" HPOS="830" VPOS="1371" WIDTH="87" HEIGHT="41" STYLEREFS="StyleId-1" CONTENT="She" WC="1" CC="000" />
            <SP ID="P19_SP00138" WIDTH="0" HPOS="0" VPOS="0" />
            <String ID="P19_S00156" HPOS="938" VPOS="1383" WIDTH="89" HEIGHT="29" STYLEREFS="StyleId-1" CONTENT="was" WC="1" CC="000" />
            <SP ID="P19_SP00139" WIDTH="0" HPOS="0" VPOS="0" />
            <String ID="P19_S00157" HPOS="1048" VPOS="1376" WIDTH="44" HEIGHT="36" STYLEREFS="StyleId-1" CONTENT="to" WC="1" CC="00" />
            <SP ID="P19_SP00140" WIDTH="0" HPOS="0" VPOS="0" />
            <String ID="P19_S00158" HPOS="1114" VPOS="1371" WIDTH="118" HEIGHT="41" STYLEREFS="StyleId-1" CONTENT="them" WC="0.83" CC="0600" />
            <SP ID="P19_SP00141" WIDTH="0" HPOS="0" VPOS="0" />
            <String ID="P19_S00159" HPOS="1255" VPOS="1370" WIDTH="74" HEIGHT="42" STYLEREFS="StyleId-1" CONTENT="the" WC="1" CC="000" />
            <SP ID="P19_SP00142" WIDTH="0" HPOS="0" VPOS="0" />
            <String ID="P19_S00160" HPOS="1345" VPOS="1369" WIDTH="175" HEIGHT="47" STYLEREFS="StyleId-1" CONTENT="highest" WC="0.802857161" CC="5005100" />
            <SP ID="P19_SP00143" WIDTH="0" HPOS="0" VPOS="0" />
            <String ID="P19_S00161" HPOS="1559" VPOS="1375" WIDTH="103" HEIGHT="41" STYLEREFS="StyleId-1" CONTENT="type" WC="1" CC="0000" />
            <SP ID="P19_SP00144" WIDTH="0" HPOS="0" VPOS="0" />
            <String ID="P19_S00162" HPOS="1682" VPOS="1369" WIDTH="46" HEIGHT="47" STYLEREFS="StyleId-1" CONTENT="of" WC="0.865" CC="02" />
          </TextLine>
          <TextLine ID="P19_TL00019" HPOS="210" VPOS="1434" WIDTH="1513" HEIGHT="49">
            <String ID="P19_S00163" HPOS="210" VPOS="1437" WIDTH="291" HEIGHT="41" STYLEREFS="StyleId-1" CONTENT="womanhood" WC="0.8833333" CC="300030040" />
            <SP ID="P19_SP00145" WIDTH="0" HPOS="0" VPOS="0" />
            <String ID="P19_S00164" HPOS="523" VPOS="1451" WIDTH="7" HEIGHT="27" STYLEREFS="StyleId-1" CONTENT=":" WC="0.92" CC="0" />
            <SP ID="P19_SP00146" WIDTH="0" HPOS="0" VPOS="0" />
            <String ID="P19_S00165" HPOS="557" VPOS="1443" WIDTH="155" HEIGHT="40" STYLEREFS="StyleId-1" CONTENT="strong" WC="0.841666639" CC="004050" />
            <SP ID="P19_SP00147" WIDTH="0" HPOS="0" VPOS="0" />
            <String ID="P19_S00166" HPOS="734" VPOS="1436" WIDTH="44" HEIGHT="47" STYLEREFS="StyleId-1" CONTENT="in" WC="0.665" CC="33" />
            <SP ID="P19_SP00148" WIDTH="0" HPOS="0" VPOS="0" />
            <String ID="P19_S00167" HPOS="801" VPOS="1436" WIDTH="219" HEIGHT="47" STYLEREFS="StyleId-1" CONTENT="intellect;" WC="0.76" CC="0770530000" />
            <SP ID="P19_SP00149" WIDTH="0" HPOS="0" VPOS="0" />
            <String ID="P19_S00168" HPOS="1061" VPOS="1435" WIDTH="111" HEIGHT="48" STYLEREFS="StyleId-1" CONTENT="firm," WC="0.958" CC="00001" />
            <SP ID="P19_SP00150" WIDTH="0" HPOS="0" VPOS="0" />
            <String ID="P19_S00169" HPOS="1217" VPOS="1435" WIDTH="79" HEIGHT="48" STYLEREFS="StyleId-1" CONTENT="but" WC="1" CC="000" />
            <SP ID="P19_SP00151" WIDTH="0" HPOS="0" VPOS="0" />
            <String ID="P19_S00170" HPOS="1333" VPOS="1434" WIDTH="118" HEIGHT="49" STYLEREFS="StyleId-1" CONTENT="just;" WC="0.706" CC="06043" />
            <SP ID="P19_SP00152" WIDTH="0" HPOS="0" VPOS="0" />
            <String ID="P19_S00171" HPOS="1496" VPOS="1446" WIDTH="227" HEIGHT="37" STYLEREFS="StyleId-1" CONTENT="generous," WC="0.8877778" CC="004020300" />
          </TextLine>
          <TextLine ID="P19_TL00020" HPOS="208" VPOS="1498" WIDTH="1520" HEIGHT="53">
            <String ID="P19_S00172" HPOS="208" VPOS="1502" WIDTH="81" HEIGHT="40" STYLEREFS="StyleId-1" CONTENT="but" WC="0.86" CC="040" />
            <SP ID="P19_SP00153" WIDTH="0" HPOS="0" VPOS="0" />
            <String ID="P19_S00173" HPOS="306" VPOS="1503" WIDTH="250" HEIGHT="48" STYLEREFS="StyleId-1" CONTENT="judicious;" WC="0.877" CC="0003020500" />
            <SP ID="P19_SP00154" WIDTH="0" HPOS="0" VPOS="0" />
            <String ID="P19_S00174" HPOS="583" VPOS="1501" WIDTH="308" HEIGHT="50" STYLEREFS="StyleId-1" CONTENT="kind-hearted" WC="0.850833356" CC="046000330000" />
            <SP ID="P19_SP00155" WIDTH="0" HPOS="0" VPOS="0" />
            <String ID="P19_S00175" HPOS="934" VPOS="1501" WIDTH="85" HEIGHT="50" STYLEREFS="StyleId-1" CONTENT="and" WC="0.89" CC="030" />
            <SP ID="P19_SP00156" WIDTH="0" HPOS="0" VPOS="0" />
            <String ID="P19_S00176" HPOS="1060" VPOS="1505" WIDTH="110" HEIGHT="46" STYLEREFS="StyleId-1" CONTENT="true." WC="0.894" CC="05000" />
            <SP ID="P19_SP00157" WIDTH="0" HPOS="0" VPOS="0" />
            <String ID="P19_S00177" HPOS="1231" VPOS="1498" WIDTH="95" HEIGHT="53" STYLEREFS="StyleId-1" CONTENT="The" WC="0.803333342" CC="050" />
            <SP ID="P19_SP00158" WIDTH="0" HPOS="0" VPOS="0" />
            <String ID="P19_S00178" HPOS="1361" VPOS="1499" WIDTH="168" HEIGHT="52" STYLEREFS="StyleId-1" CONTENT="closing" WC="0.8357143" CC="0000360" />
            <SP ID="P19_SP00159" WIDTH="0" HPOS="0" VPOS="0" />
            <String ID="P19_S00179" HPOS="1567" VPOS="1499" WIDTH="46" HEIGHT="52" STYLEREFS="StyleId-1" CONTENT="of" WC="0.81" CC="12" />
            <SP ID="P19_SP00160" WIDTH="0" HPOS="0" VPOS="0" />
            <String ID="P19_S00180" HPOS="1652" VPOS="1500" WIDTH="76" HEIGHT="51" STYLEREFS="StyleId-1" CONTENT="her" WC="0.9533333" CC="100" />
          </TextLine>
          <TextLine ID="P19_TL00021" HPOS="208" VPOS="1564" WIDTH="1519" HEIGHT="51">
            <String ID="P19_S00181" HPOS="208" VPOS="1568" WIDTH="77" HEIGHT="40" STYLEREFS="StyleId-1" CONTENT="life" WC="0.8075" CC="3030" />
            <SP ID="P19_SP00161" WIDTH="0" HPOS="0" VPOS="0" />
            <String ID="P19_S00182" HPOS="308" VPOS="1581" WIDTH="86" HEIGHT="27" STYLEREFS="StyleId-1" CONTENT="was" WC="1" CC="000" />
            <SP ID="P19_SP00162" WIDTH="0" HPOS="0" VPOS="0" />
            <String ID="P19_S00183" HPOS="416" VPOS="1569" WIDTH="46" HEIGHT="39" STYLEREFS="StyleId-1" CONTENT="in" WC="0.87" CC="02" />
            <SP ID="P19_SP00163" WIDTH="0" HPOS="0" VPOS="0" />
            <String ID="P19_S00184" HPOS="484" VPOS="1567" WIDTH="193" HEIGHT="48" STYLEREFS="StyleId-1" CONTENT="keeping" WC="0.9614286" CC="0000020" />
            <SP ID="P19_SP00164" WIDTH="0" HPOS="0" VPOS="0" />
            <String ID="P19_S00185" HPOS="697" VPOS="1566" WIDTH="108" HEIGHT="49" STYLEREFS="StyleId-1" CONTENT="with" WC="0.93" CC="0020" />
            <SP ID="P19_SP00165" WIDTH="0" HPOS="0" VPOS="0" />
            <String ID="P19_S00186" HPOS="827" VPOS="1567" WIDTH="76" HEIGHT="48" STYLEREFS="StyleId-1" CONTENT="her" WC="0.8233333" CC="005" />
            <SP ID="P19_SP00166" WIDTH="0" HPOS="0" VPOS="0" />
            <String ID="P19_S00187" HPOS="944" VPOS="1570" WIDTH="169" HEIGHT="45" STYLEREFS="StyleId-1" CONTENT="nature." WC="0.975714266" CC="0000001" />
            <SP ID="P19_SP00167" WIDTH="0" HPOS="0" VPOS="0" />
            <String ID="P19_S00188" HPOS="1174" VPOS="1565" WIDTH="86" HEIGHT="50" STYLEREFS="StyleId-1" CONTENT="She" WC="0.716666639" CC="106" />
            <SP ID="P19_SP00168" WIDTH="0" HPOS="0" VPOS="0" />
            <String ID="P19_S00189" HPOS="1301" VPOS="1564" WIDTH="84" HEIGHT="51" STYLEREFS="StyleId-1" CONTENT="had" WC="0.826666653" CC="500" />
            <SP ID="P19_SP00169" WIDTH="0" HPOS="0" VPOS="0" />
            <String ID="P19_S00190" HPOS="1426" VPOS="1564" WIDTH="176" HEIGHT="51" STYLEREFS="StyleId-1" CONTENT="organic" WC="0.9014286" CC="6000000" />
            <SP ID="P19_SP00170" WIDTH="0" HPOS="0" VPOS="0" />
            <String ID="P19_S00191" HPOS="1642" VPOS="1564" WIDTH="85" HEIGHT="51" STYLEREFS="StyleId-1" CONTENT="dis¬" WC="0.945" CC="0100" />
          </TextLine>
          <TextLine ID="P19_TL00022" HPOS="211" VPOS="1629" WIDTH="1513" HEIGHT="51">
            <String ID="P19_S00192" HPOS="211" VPOS="1646" WIDTH="97" HEIGHT="28" STYLEREFS="StyleId-1" CONTENT="ease" WC="0.7075" CC="01100" />
            <SP ID="P19_SP00171" WIDTH="0" HPOS="0" VPOS="0" />
            <String ID="P19_S00193" HPOS="329" VPOS="1634" WIDTH="46" HEIGHT="40" STYLEREFS="StyleId-1" CONTENT="of" WC="0.535" CC="35" />
            <SP ID="P19_SP00172" WIDTH="0" HPOS="0" VPOS="0" />
            <String ID="P19_S00194" HPOS="391" VPOS="1635" WIDTH="76" HEIGHT="39" STYLEREFS="StyleId-1" CONTENT="the" WC="1" CC="000" />
            <SP ID="P19_SP00173" WIDTH="0" HPOS="0" VPOS="0" />
            <String ID="P19_S00195" HPOS="488" VPOS="1635" WIDTH="138" HEIGHT="45" STYLEREFS="StyleId-1" CONTENT="heart," WC="0.775" CC="1000102" />
            <SP ID="P19_SP00174" WIDTH="0" HPOS="0" VPOS="0" />
            <String ID="P19_S00196" HPOS="653" VPOS="1633" WIDTH="47" HEIGHT="47" STYLEREFS="StyleId-1" CONTENT="of" WC="0.715" CC="05" />
            <SP ID="P19_SP00175" WIDTH="0" HPOS="0" VPOS="0" />
            <String ID="P19_S00197" HPOS="722" VPOS="1631" WIDTH="144" HEIGHT="49" STYLEREFS="StyleId-1" CONTENT="which" WC="0.982" CC="00000" />
            <SP ID="P19_SP00176" WIDTH="0" HPOS="0" VPOS="0" />
            <String ID="P19_S00198" HPOS="887" VPOS="1632" WIDTH="78" HEIGHT="48" STYLEREFS="StyleId-1" CONTENT="she" WC="0.86" CC="040" />
            <SP ID="P19_SP00177" WIDTH="0" HPOS="0" VPOS="0" />
            <String ID="P19_S00199" HPOS="995" VPOS="1643" WIDTH="86" HEIGHT="37" STYLEREFS="StyleId-1" CONTENT="was" WC="1" CC="000" />
            <SP ID="P19_SP00178" WIDTH="0" HPOS="0" VPOS="0" />
            <String ID="P19_S00200" HPOS="1123" VPOS="1643" WIDTH="152" HEIGHT="37" STYLEREFS="StyleId-1" CONTENT="aware." WC="0.928333342" CC="000004" />
            <SP ID="P19_SP00179" WIDTH="0" HPOS="0" VPOS="0" />
            <String ID="P19_S00201" HPOS="1337" VPOS="1630" WIDTH="86" HEIGHT="50" STYLEREFS="StyleId-1" CONTENT="She" WC="1" CC="000" />
            <SP ID="P19_SP00180" WIDTH="0" HPOS="0" VPOS="0" />
            <String ID="P19_S00202" HPOS="1463" VPOS="1641" WIDTH="87" HEIGHT="39" STYLEREFS="StyleId-1" CONTENT="was" WC="0.9066667" CC="020" />
            <SP ID="P19_SP00181" WIDTH="0" HPOS="0" VPOS="0" />
            <String ID="P19_S00203" HPOS="1590" VPOS="1629" WIDTH="134" HEIGHT="51" STYLEREFS="StyleId-1" CONTENT="found" WC="0.682" CC="50450" />
          </TextLine>
          <TextLine ID="P19_TL00023" HPOS="210" VPOS="1694" WIDTH="1519" HEIGHT="52">
            <String ID="P19_S00204" HPOS="210" VPOS="1712" WIDTH="84" HEIGHT="27" STYLEREFS="StyleId-1" CONTENT="one" WC="0.813333333" CC="050" />
            <SP ID="P19_SP00182" WIDTH="0" HPOS="0" VPOS="0" />
            <String ID="P19_S00205" HPOS="315" VPOS="1699" WIDTH="209" HEIGHT="47" STYLEREFS="StyleId-1" CONTENT="morning" WC="0.872857153" CC="0003040" />
            <SP ID="P19_SP00183" WIDTH="0" HPOS="0" VPOS="0" />
            <String ID="P19_S00206" HPOS="538" VPOS="1699" WIDTH="110" HEIGHT="47" STYLEREFS="StyleId-1" CONTENT="dead" WC="1" CC="0000" />
            <SP ID="P19_SP00184" WIDTH="0" HPOS="0" VPOS="0" />
            <String ID="P19_S00207" HPOS="673" VPOS="1698" WIDTH="46" HEIGHT="48" STYLEREFS="StyleId-1" CONTENT="in" WC="0.285" CC="410" />
            <SP ID="P19_SP00185" WIDTH="0" HPOS="0" VPOS="0" />
            <String ID="P19_S00208" HPOS="740" VPOS="1699" WIDTH="77" HEIGHT="47" STYLEREFS="StyleId-1" CONTENT="her" WC="0.863333344" CC="004" />
            <SP ID="P19_SP00186" WIDTH="0" HPOS="0" VPOS="0" />
            <String ID="P19_S00209" HPOS="839" VPOS="1709" WIDTH="135" HEIGHT="37" STYLEREFS="StyleId-1" CONTENT="room," WC="0.864" CC="60000" />
            <SP ID="P19_SP00187" WIDTH="0" HPOS="0" VPOS="0" />
            <String ID="P19_S00210" HPOS="1001" VPOS="1695" WIDTH="208" HEIGHT="51" STYLEREFS="StyleId-1" CONTENT="kneeling" WC="0.81" CC="04000450" />
            <SP ID="P19_SP00188" WIDTH="0" HPOS="0" VPOS="0" />
            <String ID="P19_S00211" HPOS="1228" VPOS="1694" WIDTH="146" HEIGHT="52" STYLEREFS="StyleId-1" CONTENT="beside" WC="0.956666648" CC="000200" />
            <SP ID="P19_SP00189" WIDTH="0" HPOS="0" VPOS="0" />
            <String ID="P19_S00212" HPOS="1396" VPOS="1695" WIDTH="76" HEIGHT="51" STYLEREFS="StyleId-1" CONTENT="her" WC="0.72" CC="503" />
            <SP ID="P19_SP00190" WIDTH="0" HPOS="0" VPOS="0" />
            <String ID="P19_S00213" HPOS="1493" VPOS="1694" WIDTH="96" HEIGHT="52" STYLEREFS="StyleId-1" CONTENT="bed," WC="0.84" CC="0600" />
            <SP ID="P19_SP00191" WIDTH="0" HPOS="0" VPOS="0" />
            <String ID="P19_S00214" HPOS="1622" VPOS="1694" WIDTH="107" HEIGHT="52" STYLEREFS="StyleId-1" CONTENT="with" WC="0.7875" CC="7000" />
          </TextLine>
          <TextLine ID="P19_TL00024" HPOS="213" VPOS="1758" WIDTH="1516" HEIGHT="54">
            <String ID="P19_S00215" HPOS="213" VPOS="1766" WIDTH="141" HEIGHT="40" STYLEREFS="StyleId-1" CONTENT="hands" WC="0.694" CC="08600" />
            <SP ID="P19_SP00192" WIDTH="0" HPOS="0" VPOS="0" />
            <String ID="P19_S00216" HPOS="376" VPOS="1764" WIDTH="176" HEIGHT="48" STYLEREFS="StyleId-1" CONTENT="clasped" WC="0.9942857" CC="0000000" />
            <SP ID="P19_SP00193" WIDTH="0" HPOS="0" VPOS="0" />
            <String ID="P19_S00217" HPOS="577" VPOS="1777" WIDTH="45" HEIGHT="35" STYLEREFS="StyleId-1" CONTENT="as" WC="0.66" CC="60" />
            <SP ID="P19_SP00194" WIDTH="0" HPOS="0" VPOS="0" />
            <String ID="P19_S00218" HPOS="644" VPOS="1763" WIDTH="173" HEIGHT="49" STYLEREFS="StyleId-1" CONTENT="though" WC="0.78" CC="000705" />
            <SP ID="P19_SP00195" WIDTH="0" HPOS="0" VPOS="0" />
            <String ID="P19_S00219" HPOS="839" VPOS="1762" WIDTH="45" HEIGHT="50" STYLEREFS="StyleId-1" CONTENT="in" WC="0.535" CC="35" />
            <SP ID="P19_SP00196" WIDTH="0" HPOS="0" VPOS="0" />
            <String ID="P19_S00220" HPOS="907" VPOS="1774" WIDTH="153" HEIGHT="38" STYLEREFS="StyleId-1" CONTENT="prayer" WC="1" CC="000000" />
            <SP ID="P19_SP00197" WIDTH="0" HPOS="0" VPOS="0" />
            <String ID="P19_S00221" HPOS="1080" VPOS="1761" WIDTH="126" HEIGHT="51" STYLEREFS="StyleId-1" CONTENT="when" WC="0.9975" CC="0000" />
            <SP ID="P19_SP00198" WIDTH="0" HPOS="0" VPOS="0" />
            <String ID="P19_S00222" HPOS="1246" VPOS="1760" WIDTH="78" HEIGHT="52" STYLEREFS="StyleId-1" CONTENT="her" WC="0.98" CC="000" />
            <SP ID="P19_SP00199" WIDTH="0" HPOS="0" VPOS="0" />
            <String ID="P19_S00223" HPOS="1364" VPOS="1759" WIDTH="125" HEIGHT="53" STYLEREFS="StyleId-1" CONTENT="spirit" WC="0.901666641" CC="000050" />
            <SP ID="P19_SP00200" WIDTH="0" HPOS="0" VPOS="0" />
            <String ID="P19_S00224" HPOS="1528" VPOS="1759" WIDTH="104" HEIGHT="53" STYLEREFS="StyleId-1" CONTENT="took" WC="0.8425" CC="0006" />
            <SP ID="P19_SP00201" WIDTH="0" HPOS="0" VPOS="0" />
            <String ID="P19_S00225" HPOS="1674" VPOS="1758" WIDTH="55" HEIGHT="54" STYLEREFS="StyleId-1" CONTENT="its" WC="0.86" CC="400" />
          </TextLine>
          <TextLine ID="P19_TL00025" HPOS="209" VPOS="1828" WIDTH="650" HEIGHT="51">
            <String ID="P19_S00226" HPOS="209" VPOS="1830" WIDTH="131" HEIGHT="49" STYLEREFS="StyleId-1" CONTENT="flight" WC="0.7866667" CC="110900" />
            <SP ID="P19_SP00202" WIDTH="0" HPOS="0" VPOS="0" />
            <String ID="P19_S00227" HPOS="361" VPOS="1837" WIDTH="45" HEIGHT="42" STYLEREFS="StyleId-1" CONTENT="to" WC="1" CC="00" />
            <SP ID="P19_SP00203" WIDTH="0" HPOS="0" VPOS="0" />
            <String ID="P19_S00228" HPOS="428" VPOS="1831" WIDTH="76" HEIGHT="48" STYLEREFS="StyleId-1" CONTENT="the" WC="1" CC="000" />
            <SP ID="P19_SP00204" WIDTH="0" HPOS="0" VPOS="0" />
            <String ID="P19_S00229" HPOS="525" VPOS="1835" WIDTH="123" HEIGHT="44" STYLEREFS="StyleId-1" CONTENT="great" WC="0.946" CC="02000" />
            <SP ID="P19_SP00205" WIDTH="0" HPOS="0" VPOS="0" />
            <String ID="P19_S00230" HPOS="669" VPOS="1828" WIDTH="190" HEIGHT="51" STYLEREFS="StyleId-1" CONTENT="beyond." WC="0.808571458" CC="0080301" />
          </TextLine>
          <TextLine ID="P19_TL00026" HPOS="294" VPOS="1889" WIDTH="1435" HEIGHT="54">
            <String ID="P19_S00231" HPOS="294" VPOS="1899" WIDTH="41" HEIGHT="39" STYLEREFS="StyleId-1" CONTENT="It" WC="0.965" CC="00" />
            <SP ID="P19_SP00206" WIDTH="0" HPOS="0" VPOS="0" />
            <String ID="P19_S00232" HPOS="352" VPOS="1908" WIDTH="88" HEIGHT="30" STYLEREFS="StyleId-1" CONTENT="was" WC="1" CC="000" />
            <SP ID="P19_SP00207" WIDTH="0" HPOS="0" VPOS="0" />
            <String ID="P19_S00233" HPOS="463" VPOS="1908" WIDTH="73" HEIGHT="35" STYLEREFS="StyleId-1" CONTENT="my" WC="1" CC="00" />
            <SP ID="P19_SP00208" WIDTH="0" HPOS="0" VPOS="0" />
            <String ID="P19_S00234" HPOS="558" VPOS="1894" WIDTH="213" HEIGHT="49" STYLEREFS="StyleId-1" CONTENT="privilege" WC="0.795555532" CC="8000000100" />
            <SP ID="P19_SP00209" WIDTH="0" HPOS="0" VPOS="0" />
            <String ID="P19_S00235" HPOS="786" VPOS="1904" WIDTH="45" HEIGHT="39" STYLEREFS="StyleId-1" CONTENT="to" WC="0.73" CC="50" />
            <SP ID="P19_SP00210" WIDTH="0" HPOS="0" VPOS="0" />
            <String ID="P19_S00236" HPOS="853" VPOS="1892" WIDTH="149" HEIGHT="51" STYLEREFS="StyleId-1" CONTENT="attend" WC="1" CC="000000" />
            <SP ID="P19_SP00211" WIDTH="0" HPOS="0" VPOS="0" />
            <String ID="P19_S00237" HPOS="1043" VPOS="1892" WIDTH="74" HEIGHT="51" STYLEREFS="StyleId-1" CONTENT="the" WC="1" CC="000" />
            <SP ID="P19_SP00212" WIDTH="0" HPOS="0" VPOS="0" />
            <String ID="P19_S00238" HPOS="1138" VPOS="1890" WIDTH="169" HEIGHT="53" STYLEREFS="StyleId-1" CONTENT="funeral" WC="0.862857163" CC="3410000" />
            <SP ID="P19_SP00213" WIDTH="0" HPOS="0" VPOS="0" />
            <String ID="P19_S00239" HPOS="1339" VPOS="1889" WIDTH="46" HEIGHT="54" STYLEREFS="StyleId-1" CONTENT="of" WC="0.705" CC="05" />
            <SP ID="P19_SP00214" WIDTH="0" HPOS="0" VPOS="0" />
            <String ID="P19_S00240" HPOS="1404" VPOS="1889" WIDTH="88" HEIGHT="54" STYLEREFS="StyleId-1" CONTENT="this" WC="0.8825" CC="0040" />
            <SP ID="P19_SP00215" WIDTH="0" HPOS="0" VPOS="0" />
            <String ID="P19_S00241" HPOS="1511" VPOS="1894" WIDTH="113" HEIGHT="49" STYLEREFS="StyleId-1" CONTENT="most" WC="0.5975" CC="9600" />
            <SP ID="P19_SP00216" WIDTH="0" HPOS="0" VPOS="0" />
            <String ID="P19_S00242" HPOS="1644" VPOS="1889" WIDTH="85" HEIGHT="54" STYLEREFS="StyleId-1" CONTENT="dis¬" WC="0.92" CC="0003" />
          </TextLine>
          <TextLine ID="P19_TL00027" HPOS="209" VPOS="1953" WIDTH="1517" HEIGHT="57">
            <String ID="P19_S00243" HPOS="209" VPOS="1962" WIDTH="258" HEIGHT="48" STYLEREFS="StyleId-1" CONTENT="tinguished" WC="0.765" CC="02610040000" />
            <SP ID="P19_SP00217" WIDTH="0" HPOS="0" VPOS="0" />
            <String ID="P19_S00244" HPOS="484" VPOS="1973" WIDTH="189" HEIGHT="37" STYLEREFS="StyleId-1" CONTENT="woman." WC="0.811666667" CC="000064" />
            <SP ID="P19_SP00218" WIDTH="0" HPOS="0" VPOS="0" />
            <String ID="P19_S00245" HPOS="695" VPOS="1960" WIDTH="88" HEIGHT="50" STYLEREFS="StyleId-1" CONTENT="She" WC="0.576666653" CC="570" />
            <SP ID="P19_SP00219" WIDTH="0" HPOS="0" VPOS="0" />
            <String ID="P19_S00246" HPOS="797" VPOS="1959" WIDTH="84" HEIGHT="51" STYLEREFS="StyleId-1" CONTENT="had" WC="1" CC="000" />
            <SP ID="P19_SP00220" WIDTH="0" HPOS="0" VPOS="0" />
            <String ID="P19_S00247" HPOS="898" VPOS="1958" WIDTH="108" HEIGHT="52" STYLEREFS="StyleId-1" CONTENT="been" WC="0.885" CC="0004" />
            <SP ID="P19_SP00221" WIDTH="0" HPOS="0" VPOS="0" />
            <String ID="P19_S00248" HPOS="1021" VPOS="1969" WIDTH="74" HEIGHT="41" STYLEREFS="StyleId-1" CONTENT="my" WC="1" CC="00" />
            <SP ID="P19_SP00222" WIDTH="0" HPOS="0" VPOS="0" />
            <String ID="P19_S00249" HPOS="1109" VPOS="1961" WIDTH="224" HEIGHT="49" STYLEREFS="StyleId-1" CONTENT="preceptor" WC="0.99" CC="000000000" />
            <SP ID="P19_SP00223" WIDTH="0" HPOS="0" VPOS="0" />
            <String ID="P19_S00250" HPOS="1355" VPOS="1955" WIDTH="83" HEIGHT="55" STYLEREFS="StyleId-1" CONTENT="and" WC="1" CC="000" />
            <SP ID="P19_SP00224" WIDTH="0" HPOS="0" VPOS="0" />
            <String ID="P19_S00251" HPOS="1461" VPOS="1967" WIDTH="73" HEIGHT="43" STYLEREFS="StyleId-1" CONTENT="my" WC="0.87" CC="20" />
            <SP ID="P19_SP00225" WIDTH="0" HPOS="0" VPOS="0" />
            <String ID="P19_S00252" HPOS="1556" VPOS="1953" WIDTH="139" HEIGHT="57" STYLEREFS="StyleId-1" CONTENT="friend" WC="0.75" CC="025060" />
            <SP ID="P19_SP00226" WIDTH="0" HPOS="0" VPOS="0" />
            <String ID="P19_S00253" HPOS="1718" VPOS="1968" WIDTH="8" HEIGHT="42" STYLEREFS="StyleId-1" CONTENT=";" WC="0.39" CC="6" />
          </TextLine>
          <TextLine ID="P19_TL00028" HPOS="211" VPOS="2019" WIDTH="1515" HEIGHT="49">
            <String ID="P19_S00254" HPOS="211" VPOS="2028" WIDTH="138" HEIGHT="40" STYLEREFS="StyleId-1" CONTENT="hence" WC="0.778" CC="70300" />
            <SP ID="P19_SP00227" WIDTH="0" HPOS="0" VPOS="0" />
            <String ID="P19_S00255" HPOS="367" VPOS="2029" WIDTH="21" HEIGHT="39" STYLEREFS="StyleId-1" CONTENT="I" WC="0.92" CC="0" />
            <SP ID="P19_SP00228" WIDTH="0" HPOS="0" VPOS="0" />
            <String ID="P19_S00256" HPOS="410" VPOS="2027" WIDTH="127" HEIGHT="41" STYLEREFS="StyleId-1" CONTENT="loved" WC="0.85" CC="70000" />
            <SP ID="P19_SP00229" WIDTH="0" HPOS="0" VPOS="0" />
            <String ID="P19_S00257" HPOS="560" VPOS="2026" WIDTH="93" HEIGHT="42" STYLEREFS="StyleId-1" CONTENT="her." WC="0.675" CC="7014" />
            <SP ID="P19_SP00230" WIDTH="0" HPOS="0" VPOS="0" />
            <String ID="P19_S00258" HPOS="689" VPOS="2027" WIDTH="20" HEIGHT="41" STYLEREFS="StyleId-1" CONTENT="I" WC="0.55" CC="4" />
            <SP ID="P19_SP00231" WIDTH="0" HPOS="0" VPOS="0" />
            <String ID="P19_S00259" HPOS="731" VPOS="2023" WIDTH="239" HEIGHT="45" STYLEREFS="StyleId-1" CONTENT="remember" WC="0.89875" CC="50000002" />
            <SP ID="P19_SP00232" WIDTH="0" HPOS="0" VPOS="0" />
            <String ID="P19_S00260" HPOS="992" VPOS="2034" WIDTH="82" HEIGHT="34" STYLEREFS="StyleId-1" CONTENT="one" WC="0.933333337" CC="020" />
            <SP ID="P19_SP00233" WIDTH="0" HPOS="0" VPOS="0" />
            <String ID="P19_S00261" HPOS="1095" VPOS="2020" WIDTH="212" HEIGHT="48" STYLEREFS="StyleId-1" CONTENT="beautiful" WC="0.9177778" CC="000302010" />
            <SP ID="P19_SP00234" WIDTH="0" HPOS="0" VPOS="0" />
            <String ID="P19_S00262" HPOS="1329" VPOS="2024" WIDTH="202" HEIGHT="44" STYLEREFS="StyleId-1" CONTENT="sentence" WC="0.865" CC="00400600" />
            <SP ID="P19_SP00235" WIDTH="0" HPOS="0" VPOS="0" />
            <String ID="P19_S00263" HPOS="1562" VPOS="2019" WIDTH="164" HEIGHT="49" STYLEREFS="StyleId-1" CONTENT="spoken" WC="0.87" CC="000007" />
          </TextLine>
          <TextLine ID="P19_TL00029" HPOS="211" VPOS="2083" WIDTH="1523" HEIGHT="55">
            <String ID="P19_S00264" HPOS="211" VPOS="2106" WIDTH="57" HEIGHT="27" STYLEREFS="StyleId-1" CONTENT="on" WC="0.52" CC="54" />
            <SP ID="P19_SP00236" WIDTH="0" HPOS="0" VPOS="0" />
            <String ID="P19_S00265" HPOS="286" VPOS="2094" WIDTH="97" HEIGHT="39" STYLEREFS="StyleId-1" CONTENT="that" WC="0.875" CC="0500" />
            <SP ID="P19_SP00237" WIDTH="0" HPOS="0" VPOS="0" />
            <String ID="P19_S00266" HPOS="405" VPOS="2091" WIDTH="201" HEIGHT="42" STYLEREFS="StyleId-1" CONTENT="occasion" WC="0.92875" CC="00000005" />
            <SP ID="P19_SP00238" WIDTH="0" HPOS="0" VPOS="0" />
            <String ID="P19_S00267" HPOS="628" VPOS="2090" WIDTH="59" HEIGHT="48" STYLEREFS="StyleId-1" CONTENT="by" WC="1" CC="00" />
            <SP ID="P19_SP00239" WIDTH="0" HPOS="0" VPOS="0" />
            <String ID="P19_S00268" HPOS="705" VPOS="2092" WIDTH="75" HEIGHT="46" STYLEREFS="StyleId-1" CONTENT="Dr." WC="0.783333361" CC="600" />
            <SP ID="P19_SP00240" WIDTH="0" HPOS="0" VPOS="0" />
            <String ID="P19_S00269" HPOS="801" VPOS="2091" WIDTH="38" HEIGHT="47" STYLEREFS="StyleId-1" CONTENT="J." WC="0.585" CC="34" />
            <SP ID="P19_SP00241" WIDTH="0" HPOS="0" VPOS="0" />
            <String ID="P19_S00270" HPOS="866" VPOS="2090" WIDTH="47" HEIGHT="48" STYLEREFS="StyleId-1" CONTENT="P." WC="0.615" CC="34" />
            <SP ID="P19_SP00242" WIDTH="0" HPOS="0" VPOS="0" />
            <String ID="P19_S00271" HPOS="940" VPOS="2089" WIDTH="211" HEIGHT="49" STYLEREFS="StyleId-1" CONTENT="Newman" WC="0.8566667" CC="200500" />
            <SP ID="P19_SP00243" WIDTH="0" HPOS="0" VPOS="0" />
            <String ID="P19_S00272" HPOS="1173" VPOS="2086" WIDTH="77" HEIGHT="52" STYLEREFS="StyleId-1" CONTENT="her" WC="0.776666641" CC="600" />
            <SP ID="P19_SP00244" WIDTH="0" HPOS="0" VPOS="0" />
            <String ID="P19_S00273" HPOS="1261" VPOS="2090" WIDTH="147" HEIGHT="48" STYLEREFS="StyleId-1" CONTENT="pastor" WC="0.8233333" CC="700003" />
            <SP ID="P19_SP00245" WIDTH="0" HPOS="0" VPOS="0" />
            <String ID="P19_S00274" HPOS="1430" VPOS="2085" WIDTH="85" HEIGHT="53" STYLEREFS="StyleId-1" CONTENT="and" WC="0.7633333" CC="070" />
            <SP ID="P19_SP00246" WIDTH="0" HPOS="0" VPOS="0" />
            <String ID="P19_S00275" HPOS="1531" VPOS="2083" WIDTH="203" HEIGHT="55" STYLEREFS="StyleId-1" CONTENT="life-long" WC="0.77" CC="054003070" />
          </TextLine>
          <TextLine ID="P19_TL00030" HPOS="208" VPOS="2149" WIDTH="1523" HEIGHT="56">
            <String ID="P19_S00276" HPOS="208" VPOS="2159" WIDTH="160" HEIGHT="46" STYLEREFS="StyleId-1" CONTENT="friend," WC="0.8528572" CC="3101003" />
            <SP ID="P19_SP00247" WIDTH="0" HPOS="0" VPOS="0" />
            <String ID="P19_S00277" HPOS="396" VPOS="2158" WIDTH="99" HEIGHT="47" STYLEREFS="StyleId-1" CONTENT="who" WC="0.81" CC="005" />
            <SP ID="P19_SP00248" WIDTH="0" HPOS="0" VPOS="0" />
            <String ID="P19_S00278" HPOS="516" VPOS="2156" WIDTH="221" HEIGHT="49" STYLEREFS="StyleId-1" CONTENT="delivered" WC="0.9211111" CC="003300000" />
            <SP ID="P19_SP00249" WIDTH="0" HPOS="0" VPOS="0" />
            <String ID="P19_S00279" HPOS="759" VPOS="2156" WIDTH="74" HEIGHT="49" STYLEREFS="StyleId-1" CONTENT="the" WC="0.8433333" CC="004" />
            <SP ID="P19_SP00250" WIDTH="0" HPOS="0" VPOS="0" />
            <String ID="P19_S00280" HPOS="860" VPOS="2153" WIDTH="175" HEIGHT="52" STYLEREFS="StyleId-1" CONTENT="eulogy." WC="0.7271429" CC="02601000" />
            <SP ID="P19_SP00251" WIDTH="0" HPOS="0" VPOS="0" />
            <String ID="P19_S00281" HPOS="1097" VPOS="2152" WIDTH="63" HEIGHT="53" STYLEREFS="StyleId-1" CONTENT="As" WC="1" CC="00" />
            <SP ID="P19_SP00252" WIDTH="0" HPOS="0" VPOS="0" />
            <String ID="P19_S00282" HPOS="1181" VPOS="2151" WIDTH="76" HEIGHT="54" STYLEREFS="StyleId-1" CONTENT="she" WC="0.9766667" CC="000" />
            <SP ID="P19_SP00253" WIDTH="0" HPOS="0" VPOS="0" />
            <String ID="P19_S00283" HPOS="1278" VPOS="2151" WIDTH="71" HEIGHT="54" STYLEREFS="StyleId-1" CONTENT="lay" WC="0.886666656" CC="300" />
            <SP ID="P19_SP00254" WIDTH="0" HPOS="0" VPOS="0" />
            <String ID="P19_S00284" HPOS="1379" VPOS="2150" WIDTH="44" HEIGHT="55" STYLEREFS="StyleId-1" CONTENT="in" WC="0.905" CC="01" />
            <SP ID="P19_SP00255" WIDTH="0" HPOS="0" VPOS="0" />
            <String ID="P19_S00285" HPOS="1465" VPOS="2150" WIDTH="76" HEIGHT="55" STYLEREFS="StyleId-1" CONTENT="her" WC="0.8333333" CC="500" />
            <SP ID="P19_SP00256" WIDTH="0" HPOS="0" VPOS="0" />
            <String ID="P19_S00286" HPOS="1582" VPOS="2149" WIDTH="149" HEIGHT="56" STYLEREFS="StyleId-1" CONTENT="casket" WC="0.85" CC="000900" />
          </TextLine>
          <TextLine ID="P19_TL00031" HPOS="211" VPOS="2214" WIDTH="1515" HEIGHT="55">
            <String ID="P19_S00287" HPOS="211" VPOS="2225" WIDTH="47" HEIGHT="40" STYLEREFS="StyleId-1" CONTENT="in" WC="0.575" CC="35" />
            <SP ID="P19_SP00257" WIDTH="0" HPOS="0" VPOS="0" />
            <String ID="P19_S00288" HPOS="299" VPOS="2225" WIDTH="120" HEIGHT="40" STYLEREFS="StyleId-1" CONTENT="front" WC="0.84" CC="12003" />
            <SP ID="P19_SP00258" WIDTH="0" HPOS="0" VPOS="0" />
            <String ID="P19_S00289" HPOS="458" VPOS="2223" WIDTH="46" HEIGHT="42" STYLEREFS="StyleId-1" CONTENT="of" WC="0.485" CC="64" />
            <SP ID="P19_SP00259" WIDTH="0" HPOS="0" VPOS="0" />
            <String ID="P19_S00290" HPOS="544" VPOS="2224" WIDTH="76" HEIGHT="41" STYLEREFS="StyleId-1" CONTENT="the" WC="0.983333349" CC="000" />
            <SP ID="P19_SP00260" WIDTH="0" HPOS="0" VPOS="0" />
            <String ID="P19_S00291" HPOS="672" VPOS="2220" WIDTH="168" HEIGHT="49" STYLEREFS="StyleId-1" CONTENT="pulpit:" WC="0.665714264" CC="9040620" />
            <SP ID="P19_SP00261" WIDTH="0" HPOS="0" VPOS="0" />
            <String ID="P19_S00292" HPOS="903" VPOS="2231" WIDTH="44" HEIGHT="38" STYLEREFS="StyleId-1" CONTENT="as" WC="1" CC="00" />
            <SP ID="P19_SP00262" WIDTH="0" HPOS="0" VPOS="0" />
            <String ID="P19_S00293" HPOS="1006" VPOS="2217" WIDTH="170" HEIGHT="52" STYLEREFS="StyleId-1" CONTENT="though" WC="0.9" CC="050000" />
            <SP ID="P19_SP00263" WIDTH="0" HPOS="0" VPOS="0" />
            <String ID="P19_S00294" HPOS="1234" VPOS="2216" WIDTH="46" HEIGHT="53" STYLEREFS="StyleId-1" CONTENT="in" WC="0.515" CC="26" />
            <SP ID="P19_SP00264" WIDTH="0" HPOS="0" VPOS="0" />
            <String ID="P19_S00295" HPOS="1342" VPOS="2214" WIDTH="194" HEIGHT="55" STYLEREFS="StyleId-1" CONTENT="peaceful" WC="0.89" CC="00000062" />
            <SP ID="P19_SP00265" WIDTH="0" HPOS="0" VPOS="0" />
            <String ID="P19_S00296" HPOS="1596" VPOS="2214" WIDTH="130" HEIGHT="55" STYLEREFS="StyleId-1" CONTENT="sleep," WC="0.966666639" CC="000010" />
          </TextLine>
          <TextLine ID="P19_TL00032" HPOS="210" VPOS="2279" WIDTH="1522" HEIGHT="59">
            <String ID="P19_S00297" HPOS="210" VPOS="2290" WIDTH="185" HEIGHT="48" STYLEREFS="StyleId-1" CONTENT="looking" WC="0.6614286" CC="30050510" />
            <SP ID="P19_SP00266" WIDTH="0" HPOS="0" VPOS="0" />
            <String ID="P19_S00298" HPOS="414" VPOS="2290" WIDTH="131" HEIGHT="48" STYLEREFS="StyleId-1" CONTENT="down" WC="0.6225" CC="6701" />
            <SP ID="P19_SP00267" WIDTH="0" HPOS="0" VPOS="0" />
            <String ID="P19_S00299" HPOS="567" VPOS="2300" WIDTH="57" HEIGHT="38" STYLEREFS="StyleId-1" CONTENT="on" WC="0.68" CC="06" />
            <SP ID="P19_SP00268" WIDTH="0" HPOS="0" VPOS="0" />
            <String ID="P19_S00300" HPOS="647" VPOS="2288" WIDTH="78" HEIGHT="50" STYLEREFS="StyleId-1" CONTENT="her" WC="0.7366667" CC="043" />
            <SP ID="P19_SP00269" WIDTH="0" HPOS="0" VPOS="0" />
            <String ID="P19_S00301" HPOS="746" VPOS="2284" WIDTH="189" HEIGHT="54" STYLEREFS="StyleId-1" CONTENT="remains" WC="0.882857144" CC="2000410" />
            <SP ID="P19_SP00270" WIDTH="0" HPOS="0" VPOS="0" />
            <String ID="P19_S00302" HPOS="956" VPOS="2283" WIDTH="130" HEIGHT="55" STYLEREFS="StyleId-1" CONTENT="while" WC="0.65" CC="106010" />
            <SP ID="P19_SP00271" WIDTH="0" HPOS="0" VPOS="0" />
            <String ID="P19_S00303" HPOS="1107" VPOS="2281" WIDTH="213" HEIGHT="57" STYLEREFS="StyleId-1" CONTENT="speaking" WC="0.80375" CC="50000640" />
            <SP ID="P19_SP00272" WIDTH="0" HPOS="0" VPOS="0" />
            <String ID="P19_S00304" HPOS="1340" VPOS="2280" WIDTH="45" HEIGHT="58" STYLEREFS="StyleId-1" CONTENT="of" WC="0.75" CC="05" />
            <SP ID="P19_SP00273" WIDTH="0" HPOS="0" VPOS="0" />
            <String ID="P19_S00305" HPOS="1419" VPOS="2280" WIDTH="75" HEIGHT="58" STYLEREFS="StyleId-1" CONTENT="her" WC="0.7733333" CC="600" />
            <SP ID="P19_SP00274" WIDTH="0" HPOS="0" VPOS="0" />
            <String ID="P19_S00306" HPOS="1536" VPOS="2279" WIDTH="115" HEIGHT="59" STYLEREFS="StyleId-1" CONTENT="force" WC="0.816" CC="50300" />
            <SP ID="P19_SP00275" WIDTH="0" HPOS="0" VPOS="0" />
            <String ID="P19_S00307" HPOS="1685" VPOS="2279" WIDTH="47" HEIGHT="59" STYLEREFS="StyleId-1" CONTENT="of" WC="0.8" CC="04" />
          </TextLine>
          <TextLine ID="P19_TL00033" HPOS="209" VPOS="2339" WIDTH="1524" HEIGHT="57">
            <String ID="P19_S00308" HPOS="209" VPOS="2357" WIDTH="225" HEIGHT="39" STYLEREFS="StyleId-1" CONTENT="character" WC="0.7455556" CC="620070006" />
            <SP ID="P19_SP00276" WIDTH="0" HPOS="0" VPOS="0" />
            <String ID="P19_S00309" HPOS="450" VPOS="2354" WIDTH="87" HEIGHT="42" STYLEREFS="StyleId-1" CONTENT="and" WC="0.79" CC="600" />
            <SP ID="P19_SP00277" WIDTH="0" HPOS="0" VPOS="0" />
            <String ID="P19_S00310" HPOS="559" VPOS="2354" WIDTH="78" HEIGHT="42" STYLEREFS="StyleId-1" CONTENT="her" WC="0.6333333" CC="703" />
            <SP ID="P19_SP00278" WIDTH="0" HPOS="0" VPOS="0" />
            <String ID="P19_S00311" HPOS="658" VPOS="2352" WIDTH="335" HEIGHT="44" STYLEREFS="StyleId-1" CONTENT="achievements," WC="0.9230769" CC="4000000003002" />
            <SP ID="P19_SP00279" WIDTH="0" HPOS="0" VPOS="0" />
            <String ID="P19_S00312" HPOS="1020" VPOS="2349" WIDTH="55" HEIGHT="47" STYLEREFS="StyleId-1" CONTENT="he" WC="1" CC="00" />
            <SP ID="P19_SP00280" WIDTH="0" HPOS="0" VPOS="0" />
            <String ID="P19_S00313" HPOS="1095" VPOS="2339" WIDTH="327" HEIGHT="57" STYLEREFS="StyleId-1" CONTENT="said,—&quot;Here" WC="0.7" CC="06200974030" />
            <SP ID="P19_SP00281" WIDTH="0" HPOS="0" VPOS="0" />
            <String ID="P19_S00314" HPOS="1470" VPOS="2344" WIDTH="77" HEIGHT="52" STYLEREFS="StyleId-1" CONTENT="lies" WC="0.9075" CC="0300" />
            <SP ID="P19_SP00282" WIDTH="0" HPOS="0" VPOS="0" />
            <String ID="P19_S00315" HPOS="1586" VPOS="2344" WIDTH="147" HEIGHT="52" STYLEREFS="StyleId-1" CONTENT="before" WC="0.8516667" CC="000530" />
          </TextLine>
          <TextLine ID="P19_TL00034" HPOS="210" VPOS="2409" WIDTH="1522" HEIGHT="60">
            <String ID="P19_S00316" HPOS="210" VPOS="2435" WIDTH="70" HEIGHT="27" STYLEREFS="StyleId-1" CONTENT="me" WC="0.915" CC="10" />
            <SP ID="P19_SP00283" WIDTH="0" HPOS="0" VPOS="0" />
            <String ID="P19_S00317" HPOS="320" VPOS="2421" WIDTH="181" HEIGHT="48" STYLEREFS="StyleId-1" CONTENT="Energy" WC="0.715" CC="7000100" />
            <SP ID="P19_SP00284" WIDTH="0" HPOS="0" VPOS="0" />
            <String ID="P19_S00318" HPOS="522" VPOS="2419" WIDTH="47" HEIGHT="50" STYLEREFS="StyleId-1" CONTENT="in" WC="0.65" CC="70" />
            <SP ID="P19_SP00285" WIDTH="0" HPOS="0" VPOS="0" />
            <String ID="P19_S00319" HPOS="590" VPOS="2417" WIDTH="205" HEIGHT="52" STYLEREFS="StyleId-1" CONTENT="repose.&quot;" WC="0.85875" CC="20000026" />
            <SP ID="P19_SP00286" WIDTH="0" HPOS="0" VPOS="0" />
            <String ID="P19_S00320" HPOS="857" VPOS="2413" WIDTH="66" HEIGHT="56" STYLEREFS="StyleId-1" CONTENT="To" WC="0.68" CC="06" />
            <SP ID="P19_SP00287" WIDTH="0" HPOS="0" VPOS="0" />
            <String ID="P19_S00321" HPOS="966" VPOS="2414" WIDTH="112" HEIGHT="55" STYLEREFS="StyleId-1" CONTENT="fully" WC="0.854" CC="10500" />
            <SP ID="P19_SP00288" WIDTH="0" HPOS="0" VPOS="0" />
            <String ID="P19_S00322" HPOS="1118" VPOS="2411" WIDTH="267" HEIGHT="58" STYLEREFS="StyleId-1" CONTENT="understand" WC="0.936" CC="6000000000" />
            <SP ID="P19_SP00289" WIDTH="0" HPOS="0" VPOS="0" />
            <String ID="P19_S00323" HPOS="1422" VPOS="2410" WIDTH="85" HEIGHT="59" STYLEREFS="StyleId-1" CONTENT="and" WC="0.876666665" CC="030" />
            <SP ID="P19_SP00290" WIDTH="0" HPOS="0" VPOS="0" />
            <String ID="P19_S00324" HPOS="1543" VPOS="2409" WIDTH="189" HEIGHT="60" STYLEREFS="StyleId-1" CONTENT="appreci¬" WC="0.835" CC="00800003" />
          </TextLine>
          <TextLine ID="P19_TL00035" HPOS="211" VPOS="2476" WIDTH="1463" HEIGHT="55">
            <String ID="P19_S00325" HPOS="211" VPOS="2494" WIDTH="70" HEIGHT="35" STYLEREFS="StyleId-1" CONTENT="ate" WC="0.403333336" CC="1016" />
            <SP ID="P19_SP00291" WIDTH="0" HPOS="0" VPOS="0" />
            <String ID="P19_S00326" HPOS="310" VPOS="2488" WIDTH="90" HEIGHT="41" STYLEREFS="StyleId-1" CONTENT="this" WC="0.77" CC="6020" />
            <SP ID="P19_SP00292" WIDTH="0" HPOS="0" VPOS="0" />
            <String ID="P19_S00327" HPOS="421" VPOS="2491" WIDTH="221" HEIGHT="40" STYLEREFS="StyleId-1" CONTENT="sentence," WC="0.835555553" CC="007106000" />
            <SP ID="P19_SP00293" WIDTH="0" HPOS="0" VPOS="0" />
            <String ID="P19_S00328" HPOS="681" VPOS="2495" WIDTH="89" HEIGHT="36" STYLEREFS="StyleId-1" CONTENT="was" WC="0.363333344" CC="990" />
            <SP ID="P19_SP00294" WIDTH="0" HPOS="0" VPOS="0" />
            <String ID="P19_S00329" HPOS="791" VPOS="2488" WIDTH="45" HEIGHT="43" STYLEREFS="StyleId-1" CONTENT="to" WC="1" CC="00" />
            <SP ID="P19_SP00295" WIDTH="0" HPOS="0" VPOS="0" />
            <String ID="P19_S00330" HPOS="857" VPOS="2481" WIDTH="54" HEIGHT="50" STYLEREFS="StyleId-1" CONTENT="be" WC="0.81" CC="30" />
            <SP ID="P19_SP00296" WIDTH="0" HPOS="0" VPOS="0" />
            <String ID="P19_S00331" HPOS="933" VPOS="2493" WIDTH="23" HEIGHT="38" STYLEREFS="StyleId-1" CONTENT="a" WC="0.17" CC="8" />
            <SP ID="P19_SP00297" WIDTH="0" HPOS="0" VPOS="0" />
            <String ID="P19_S00332" HPOS="976" VPOS="2480" WIDTH="179" HEIGHT="51" STYLEREFS="StyleId-1" CONTENT="listener" WC="0.94125" CC="00000300" />
            <SP ID="P19_SP00298" WIDTH="0" HPOS="0" VPOS="0" />
            <String ID="P19_S00333" HPOS="1176" VPOS="2483" WIDTH="45" HEIGHT="48" STYLEREFS="StyleId-1" CONTENT="to" WC="0.965" CC="00" />
            <SP ID="P19_SP00299" WIDTH="0" HPOS="0" VPOS="0" />
            <String ID="P19_S00334" HPOS="1242" VPOS="2478" WIDTH="75" HEIGHT="53" STYLEREFS="StyleId-1" CONTENT="the" WC="0.75666666" CC="070" />
            <SP ID="P19_SP00300" WIDTH="0" HPOS="0" VPOS="0" />
            <String ID="P19_S00335" HPOS="1340" VPOS="2476" WIDTH="139" HEIGHT="55" STYLEREFS="StyleId-1" CONTENT="whole" WC="0.65" CC="97000" />
            <SP ID="P19_SP00301" WIDTH="0" HPOS="0" VPOS="0" />
            <String ID="P19_S00336" HPOS="1500" VPOS="2476" WIDTH="174" HEIGHT="55" STYLEREFS="StyleId-1" CONTENT="eulogy." WC="0.7842857" CC="0715000" />
          </TextLine>
        </TextBlock>
      </PrintSpace>
    </Page>
  </Layout>
</alto>