<?xml version="1.0" encoding="utf-8"?>
<alto xmlns:xlink="http://www.w3.org/1999/xlink" xmlns:xsi="http://www.w3.org/2001/XMLSchema-instance" xsi:schemaLocation="http://www.loc.gov/standards/alto/ns-v2# http://www.loc.gov/standards/alto/alto-v2.0.xsd" xmlns="http://www.loc.gov/standards/alto/ns-v2#">
  <Description>
    <MeasurementUnit>pixel</MeasurementUnit>
    <sourceImageInformation>
      <fileName>0000009.tif</fileName>
    </sourceImageInformation>
    <OCRProcessing ID="Processing">
      <ocrProcessingStep>
        <processingStepSettings>Image Resolution:400</processingStepSettings>
        <processingSoftware>
          <softwareCreator>I2S Kirtas</softwareCreator>
          <softwareName>Limb</softwareName>
          <softwareVersion>1.0</softwareVersion>
          <applicationDescription>Abbyy10 OCR Engine</applicationDescription>
        </processingSoftware>
      </ocrProcessingStep>
    </OCRProcessing>
  </Description>
  <Styles>
    <TextStyle ID="StyleId-0" FONTSIZE="12" FONTFAMILY="Times New Roman" />
    <TextStyle ID="StyleId-1" FONTSIZE="8" FONTFAMILY="Times New Roman" />
    <TextStyle ID="StyleId-2" FONTSIZE="9" FONTFAMILY="Times New Roman" />
    <TextStyle ID="StyleId-3" FONTSIZE="10" FONTFAMILY="Times New Roman" />
  </Styles>
  <Layout>
    <Page ID="P9" PHYSICAL_IMG_NR="9" HEIGHT="2799" WIDTH="1900" ACCURACY="0.771963954" QUALITY_DETAIL="314 words, 1440 chars, 1110 with recognition greater than 50% (77.08%)">
      <TopMargin ID="P9_TM00001" HPOS="0" VPOS="0" WIDTH="1900" HEIGHT="326" />
      <LeftMargin ID="P9_LM00001" HPOS="0" VPOS="326" WIDTH="167" HEIGHT="2149" />
      <RightMargin ID="P9_RM00001" HPOS="1748" VPOS="326" WIDTH="152" HEIGHT="2149" />
      <BottomMargin ID="P9_BM00001" HPOS="0" VPOS="2475" WIDTH="1900" HEIGHT="324" />
      <PrintSpace ID="P9_PS00001" HPOS="167" VPOS="326" WIDTH="1581" HEIGHT="2149">
        <TextBlock ID="P9_TB00001" HPOS="167" VPOS="326" WIDTH="1581" HEIGHT="2149">
          <TextLine ID="P9_TL00001" HPOS="534" VPOS="330" WIDTH="816" HEIGHT="43">
            <String ID="P9_S00001" HPOS="534" VPOS="328" WIDTH="304" HEIGHT="48" STYLEREFS="StyleId-0" CONTENT="WOMAN" WC="0.786" CC="00046" />
            <SP ID="P9_SP00001" WIDTH="0" HPOS="0" VPOS="0" />
            <String ID="P9_S00002" HPOS="874" VPOS="328" WIDTH="79" HEIGHT="48" STYLEREFS="StyleId-0" CONTENT="IN" WC="0.82" CC="03" />
            <SP ID="P9_SP00002" WIDTH="0" HPOS="0" VPOS="0" />
            <String ID="P9_S00003" HPOS="978" VPOS="325" WIDTH="372" HEIGHT="51" STYLEREFS="StyleId-0" CONTENT="MEDICINE" WC="0.82625" CC="05200105" />
          </TextLine>
          <TextLine ID="P9_TL00002" HPOS="564" VPOS="422" WIDTH="777" HEIGHT="38">
            <String ID="P9_S00004" HPOS="564" VPOS="424" WIDTH="70" HEIGHT="34" STYLEREFS="StyleId-1" CONTENT="BY" WC="1" CC="00" />
            <SP ID="P9_SP00003" WIDTH="0" HPOS="0" VPOS="0" />
            <String ID="P9_S00005" HPOS="661" VPOS="421" WIDTH="38" HEIGHT="38" STYLEREFS="StyleId-1" CONTENT="S." WC="0.64" CC="70" />
            <SP ID="P9_SP00004" WIDTH="0" HPOS="0" VPOS="0" />
            <String ID="P9_S00006" HPOS="729" VPOS="422" WIDTH="172" HEIGHT="37" STYLEREFS="StyleId-1" CONTENT="MARIA" WC="0.848" CC="00231" />
            <SP ID="P9_SP00005" WIDTH="0" HPOS="0" VPOS="0" />
            <String ID="P9_S00007" HPOS="928" VPOS="420" WIDTH="263" HEIGHT="42" STYLEREFS="StyleId-1" CONTENT="STEWARD," WC="0.8425" CC="00030322" />
            <SP ID="P9_SP00006" WIDTH="0" HPOS="0" VPOS="0" />
            <String ID="P9_S00008" HPOS="1221" VPOS="420" WIDTH="51" HEIGHT="42" STYLEREFS="StyleId-1" CONTENT="M." WC="0.83" CC="03" />
            <SP ID="P9_SP00007" WIDTH="0" HPOS="0" VPOS="0" />
            <String ID="P9_S00009" HPOS="1296" VPOS="419" WIDTH="45" HEIGHT="43" STYLEREFS="StyleId-1" CONTENT="D." WC="1" CC="00" />
          </TextLine>
          <TextLine ID="P9_TL00003" HPOS="264" VPOS="519" WIDTH="1441" HEIGHT="37">
            <String ID="P9_S00010" HPOS="264" VPOS="520" WIDTH="180" HEIGHT="39" STYLEREFS="StyleId-2" CONTENT="Instead" WC="0.98" CC="0000001" />
            <SP ID="P9_SP00008" WIDTH="0" HPOS="0" VPOS="0" />
            <String ID="P9_S00011" HPOS="465" VPOS="519" WIDTH="48" HEIGHT="40" STYLEREFS="StyleId-2" CONTENT="of" WC="1" CC="00" />
            <SP ID="P9_SP00009" WIDTH="0" HPOS="0" VPOS="0" />
            <String ID="P9_S00012" HPOS="532" VPOS="518" WIDTH="185" HEIGHT="47" STYLEREFS="StyleId-2" CONTENT="reading" WC="0.767142832" CC="2000157" />
            <SP ID="P9_SP00010" WIDTH="0" HPOS="0" VPOS="0" />
            <String ID="P9_S00013" HPOS="736" VPOS="523" WIDTH="46" HEIGHT="42" STYLEREFS="StyleId-2" CONTENT="to" WC="1" CC="00" />
            <SP ID="P9_SP00011" WIDTH="0" HPOS="0" VPOS="0" />
            <String ID="P9_S00014" HPOS="801" VPOS="529" WIDTH="91" HEIGHT="36" STYLEREFS="StyleId-2" CONTENT="you" WC="0.75" CC="303" />
            <SP ID="P9_SP00012" WIDTH="0" HPOS="0" VPOS="0" />
            <String ID="P9_S00015" HPOS="913" VPOS="530" WIDTH="25" HEIGHT="35" STYLEREFS="StyleId-2" CONTENT="a" WC="1" CC="0" />
            <SP ID="P9_SP00013" WIDTH="0" HPOS="0" VPOS="0" />
            <String ID="P9_S00016" HPOS="958" VPOS="529" WIDTH="131" HEIGHT="36" STYLEREFS="StyleId-2" CONTENT="paper" WC="0.954" CC="00100" />
            <SP ID="P9_SP00014" WIDTH="0" HPOS="0" VPOS="0" />
            <String ID="P9_S00017" HPOS="1131" VPOS="528" WIDTH="58" HEIGHT="37" STYLEREFS="StyleId-2" CONTENT="on" WC="1" CC="00" />
            <SP ID="P9_SP00015" WIDTH="0" HPOS="0" VPOS="0" />
            <String ID="P9_S00018" HPOS="1233" VPOS="508" WIDTH="343" HEIGHT="57" STYLEREFS="StyleId-2" CONTENT="&quot;Tuberculosis" WC="0.6746154" CC="71030050610005" />
            <SP ID="P9_SP00016" WIDTH="0" HPOS="0" VPOS="0" />
            <String ID="P9_S00019" HPOS="1618" VPOS="510" WIDTH="87" HEIGHT="55" STYLEREFS="StyleId-2" CONTENT="and" WC="0.4" CC="746" />
          </TextLine>
          <TextLine ID="P9_TL00004" HPOS="185" VPOS="587" WIDTH="1527" HEIGHT="36">
            <String ID="P9_S00020" HPOS="185" VPOS="586" WIDTH="203" HEIGHT="39" STYLEREFS="StyleId-2" CONTENT="Kindred" WC="0.774285734" CC="3080400" />
            <SP ID="P9_SP00017" WIDTH="0" HPOS="0" VPOS="0" />
            <String ID="P9_S00021" HPOS="411" VPOS="584" WIDTH="255" HEIGHT="47" STYLEREFS="StyleId-2" CONTENT="Diseases&quot;," WC="0.808" CC="1020800070" />
            <SP ID="P9_SP00018" WIDTH="0" HPOS="0" VPOS="0" />
            <String ID="P9_S00022" HPOS="694" VPOS="597" WIDTH="46" HEIGHT="34" STYLEREFS="StyleId-2" CONTENT="as" WC="1" CC="00" />
            <SP ID="P9_SP00019" WIDTH="0" HPOS="0" VPOS="0" />
            <String ID="P9_S00023" HPOS="762" VPOS="584" WIDTH="161" HEIGHT="47" STYLEREFS="StyleId-2" CONTENT="alloted" WC="0.688571453" CC="0520066" />
            <SP ID="P9_SP00020" WIDTH="0" HPOS="0" VPOS="0" />
            <String ID="P9_S00024" HPOS="944" VPOS="589" WIDTH="44" HEIGHT="42" STYLEREFS="StyleId-2" CONTENT="to" WC="0.775" CC="40" />
            <SP ID="P9_SP00021" WIDTH="0" HPOS="0" VPOS="0" />
            <String ID="P9_S00025" HPOS="1010" VPOS="595" WIDTH="69" HEIGHT="36" STYLEREFS="StyleId-2" CONTENT="me" WC="0.715" CC="50" />
            <SP ID="P9_SP00022" WIDTH="0" HPOS="0" VPOS="0" />
            <String ID="P9_S00026" HPOS="1100" VPOS="595" WIDTH="55" HEIGHT="36" STYLEREFS="StyleId-2" CONTENT="on" WC="0.74" CC="04" />
            <SP ID="P9_SP00023" WIDTH="0" HPOS="0" VPOS="0" />
            <String ID="P9_S00027" HPOS="1179" VPOS="582" WIDTH="74" HEIGHT="49" STYLEREFS="StyleId-2" CONTENT="the" WC="0.463333338" CC="079" />
            <SP ID="P9_SP00024" WIDTH="0" HPOS="0" VPOS="0" />
            <String ID="P9_S00028" HPOS="1274" VPOS="591" WIDTH="201" HEIGHT="40" STYLEREFS="StyleId-2" CONTENT="program" WC="0.5914286" CC="70310015" />
            <SP ID="P9_SP00025" WIDTH="0" HPOS="0" VPOS="0" />
            <String ID="P9_S00029" HPOS="1517" VPOS="578" WIDTH="66" HEIGHT="53" STYLEREFS="StyleId-2" CONTENT="for" WC="1" CC="000" />
            <SP ID="P9_SP00026" WIDTH="0" HPOS="0" VPOS="0" />
            <String ID="P9_S00030" HPOS="1623" VPOS="575" WIDTH="89" HEIGHT="56" STYLEREFS="StyleId-2" CONTENT="this" WC="0.8275" CC="0600" />
          </TextLine>
          <TextLine ID="P9_TL00005" HPOS="183" VPOS="653" WIDTH="1524" HEIGHT="35">
            <String ID="P9_S00031" HPOS="183" VPOS="653" WIDTH="116" HEIGHT="45" STYLEREFS="StyleId-2" CONTENT="date," WC="0.864" CC="01500" />
            <SP ID="P9_SP00027" WIDTH="0" HPOS="0" VPOS="0" />
            <String ID="P9_S00032" HPOS="327" VPOS="654" WIDTH="20" HEIGHT="44" STYLEREFS="StyleId-2" CONTENT="I" WC="0.62" CC="3" />
            <SP ID="P9_SP00028" WIDTH="0" HPOS="0" VPOS="0" />
            <String ID="P9_S00033" HPOS="370" VPOS="652" WIDTH="113" HEIGHT="46" STYLEREFS="StyleId-2" CONTENT="have" WC="0.915" CC="0003" />
            <SP ID="P9_SP00029" WIDTH="0" HPOS="0" VPOS="0" />
            <String ID="P9_S00034" HPOS="502" VPOS="651" WIDTH="133" HEIGHT="47" STYLEREFS="StyleId-2" CONTENT="taken" WC="0.728" CC="00409" />
            <SP ID="P9_SP00030" WIDTH="0" HPOS="0" VPOS="0" />
            <String ID="P9_S00035" HPOS="658" VPOS="650" WIDTH="75" HEIGHT="48" STYLEREFS="StyleId-2" CONTENT="the" WC="0.85" CC="004" />
            <SP ID="P9_SP00031" WIDTH="0" HPOS="0" VPOS="0" />
            <String ID="P9_S00036" HPOS="754" VPOS="649" WIDTH="159" HEIGHT="49" STYLEREFS="StyleId-2" CONTENT="liberty" WC="0.8914286" CC="0100600" />
            <SP ID="P9_SP00032" WIDTH="0" HPOS="0" VPOS="0" />
            <String ID="P9_S00037" HPOS="935" VPOS="649" WIDTH="45" HEIGHT="49" STYLEREFS="StyleId-2" CONTENT="of" WC="0.855" CC="02" />
            <SP ID="P9_SP00033" WIDTH="0" HPOS="0" VPOS="0" />
            <String ID="P9_S00038" HPOS="1001" VPOS="648" WIDTH="223" HEIGHT="50" STYLEREFS="StyleId-2" CONTENT="changing" WC="0.6" CC="02047636" />
            <SP ID="P9_SP00034" WIDTH="0" HPOS="0" VPOS="0" />
            <String ID="P9_S00039" HPOS="1245" VPOS="659" WIDTH="73" HEIGHT="39" STYLEREFS="StyleId-2" CONTENT="my" WC="0.62" CC="70" />
            <SP ID="P9_SP00035" WIDTH="0" HPOS="0" VPOS="0" />
            <String ID="P9_S00040" HPOS="1359" VPOS="644" WIDTH="168" HEIGHT="54" STYLEREFS="StyleId-2" CONTENT="subject" WC="0.672857165" CC="36101020" />
            <SP ID="P9_SP00036" WIDTH="0" HPOS="0" VPOS="0" />
            <String ID="P9_S00041" HPOS="1547" VPOS="648" WIDTH="43" HEIGHT="50" STYLEREFS="StyleId-2" CONTENT="to" WC="0.685" CC="06" />
            <SP ID="P9_SP00037" WIDTH="0" HPOS="0" VPOS="0" />
            <String ID="P9_S00042" HPOS="1612" VPOS="642" WIDTH="95" HEIGHT="56" STYLEREFS="StyleId-2" CONTENT="that" WC="1" CC="0000" />
          </TextLine>
          <TextLine ID="P9_TL00006" HPOS="179" VPOS="713" WIDTH="1528" HEIGHT="41">
            <String ID="P9_S00043" HPOS="180" VPOS="719" WIDTH="48" HEIGHT="39" STYLEREFS="StyleId-2" CONTENT="of" WC="1" CC="00" />
            <SP ID="P9_SP00038" WIDTH="0" HPOS="0" VPOS="0" />
            <String ID="P9_S00044" HPOS="253" VPOS="712" WIDTH="224" HEIGHT="46" STYLEREFS="StyleId-2" CONTENT="&quot;Woman" WC="0.733333349" CC="740004" />
            <SP ID="P9_SP00039" WIDTH="0" HPOS="0" VPOS="0" />
            <String ID="P9_S00045" HPOS="501" VPOS="717" WIDTH="46" HEIGHT="41" STYLEREFS="StyleId-2" CONTENT="in" WC="1" CC="00" />
            <SP ID="P9_SP00040" WIDTH="0" HPOS="0" VPOS="0" />
            <String ID="P9_S00046" HPOS="571" VPOS="715" WIDTH="274" HEIGHT="46" STYLEREFS="StyleId-2" CONTENT="Medicine&quot;," WC="0.677" CC="4703032073" />
            <SP ID="P9_SP00041" WIDTH="0" HPOS="0" VPOS="0" />
            <String ID="P9_S00047" HPOS="872" VPOS="715" WIDTH="85" HEIGHT="46" STYLEREFS="StyleId-2" CONTENT="and" WC="0.55" CC="057" />
            <SP ID="P9_SP00042" WIDTH="0" HPOS="0" VPOS="0" />
            <String ID="P9_S00048" HPOS="981" VPOS="716" WIDTH="21" HEIGHT="45" STYLEREFS="StyleId-2" CONTENT="I" WC="0.39" CC="6" />
            <SP ID="P9_SP00043" WIDTH="0" HPOS="0" VPOS="0" />
            <String ID="P9_S00049" HPOS="1019" VPOS="713" WIDTH="112" HEIGHT="48" STYLEREFS="StyleId-2" CONTENT="shall" WC="0.66" CC="10860" />
            <SP ID="P9_SP00044" WIDTH="0" HPOS="0" VPOS="0" />
            <String ID="P9_S00050" HPOS="1152" VPOS="712" WIDTH="100" HEIGHT="49" STYLEREFS="StyleId-2" CONTENT="give" WC="0.8375" CC="0006" />
            <SP ID="P9_SP00045" WIDTH="0" HPOS="0" VPOS="0" />
            <String ID="P9_S00051" HPOS="1272" VPOS="717" WIDTH="45" HEIGHT="44" STYLEREFS="StyleId-2" CONTENT="to" WC="1" CC="00" />
            <SP ID="P9_SP00046" WIDTH="0" HPOS="0" VPOS="0" />
            <String ID="P9_S00052" HPOS="1340" VPOS="722" WIDTH="101" HEIGHT="39" STYLEREFS="StyleId-2" CONTENT="you," WC="0.755" CC="0153" />
            <SP ID="P9_SP00047" WIDTH="0" HPOS="0" VPOS="0" />
            <String ID="P9_S00053" HPOS="1468" VPOS="722" WIDTH="45" HEIGHT="39" STYLEREFS="StyleId-2" CONTENT="as" WC="0.765" CC="04" />
            <SP ID="P9_SP00048" WIDTH="0" HPOS="0" VPOS="0" />
            <String ID="P9_S00054" HPOS="1553" VPOS="705" WIDTH="154" HEIGHT="56" STYLEREFS="StyleId-2" CONTENT="briefly" WC="0.8485714" CC="0130220" />
          </TextLine>
          <TextLine ID="P9_TL00007" HPOS="183" VPOS="780" WIDTH="1530" HEIGHT="39">
            <String ID="P9_S00055" HPOS="183" VPOS="798" WIDTH="47" HEIGHT="25" STYLEREFS="StyleId-2" CONTENT="as" WC="0.54" CC="90" />
            <SP ID="P9_SP00049" WIDTH="0" HPOS="0" VPOS="0" />
            <String ID="P9_S00056" HPOS="252" VPOS="786" WIDTH="22" HEIGHT="37" STYLEREFS="StyleId-2" CONTENT="I" WC="0.86" CC="1" />
            <SP ID="P9_SP00050" WIDTH="0" HPOS="0" VPOS="0" />
            <String ID="P9_S00057" HPOS="296" VPOS="797" WIDTH="99" HEIGHT="34" STYLEREFS="StyleId-2" CONTENT="can," WC="0.3925" CC="4972" />
            <SP ID="P9_SP00051" WIDTH="0" HPOS="0" VPOS="0" />
            <String ID="P9_S00058" HPOS="421" VPOS="785" WIDTH="77" HEIGHT="46" STYLEREFS="StyleId-2" CONTENT="the" WC="1" CC="000" />
            <SP ID="P9_SP00052" WIDTH="0" HPOS="0" VPOS="0" />
            <String ID="P9_S00059" HPOS="518" VPOS="783" WIDTH="172" HEIGHT="48" STYLEREFS="StyleId-2" CONTENT="history" WC="0.812857151" CC="0303320" />
            <SP ID="P9_SP00053" WIDTH="0" HPOS="0" VPOS="0" />
            <String ID="P9_S00060" HPOS="709" VPOS="781" WIDTH="48" HEIGHT="50" STYLEREFS="StyleId-2" CONTENT="of" WC="0.17" CC="106" />
            <SP ID="P9_SP00054" WIDTH="0" HPOS="0" VPOS="0" />
            <String ID="P9_S00061" HPOS="776" VPOS="793" WIDTH="171" HEIGHT="38" STYLEREFS="StyleId-2" CONTENT="woman" WC="0.542" CC="02947" />
            <SP ID="P9_SP00055" WIDTH="0" HPOS="0" VPOS="0" />
            <String ID="P9_S00062" HPOS="970" VPOS="780" WIDTH="43" HEIGHT="51" STYLEREFS="StyleId-2" CONTENT="in" WC="0.435" CC="47" />
            <SP ID="P9_SP00056" WIDTH="0" HPOS="0" VPOS="0" />
            <String ID="P9_S00063" HPOS="1048" VPOS="781" WIDTH="75" HEIGHT="50" STYLEREFS="StyleId-2" CONTENT="the" WC="0.78" CC="060" />
            <SP ID="P9_SP00057" WIDTH="0" HPOS="0" VPOS="0" />
            <String ID="P9_S00064" HPOS="1156" VPOS="779" WIDTH="134" HEIGHT="52" STYLEREFS="StyleId-2" CONTENT="study" WC="0.748" CC="05700" />
            <SP ID="P9_SP00058" WIDTH="0" HPOS="0" VPOS="0" />
            <String ID="P9_S00065" HPOS="1323" VPOS="776" WIDTH="82" HEIGHT="55" STYLEREFS="StyleId-2" CONTENT="and" WC="0.63" CC="550" />
            <SP ID="P9_SP00059" WIDTH="0" HPOS="0" VPOS="0" />
            <String ID="P9_S00066" HPOS="1444" VPOS="773" WIDTH="187" HEIGHT="58" STYLEREFS="StyleId-2" CONTENT="practice" WC="0.78875" CC="07402200" />
            <SP ID="P9_SP00060" WIDTH="0" HPOS="0" VPOS="0" />
            <String ID="P9_S00067" HPOS="1664" VPOS="762" WIDTH="48" HEIGHT="69" STYLEREFS="StyleId-2" CONTENT="of" WC="0.46" CC="28" />
          </TextLine>
          <TextLine ID="P9_TL00008" HPOS="184" VPOS="851" WIDTH="1412" HEIGHT="34">
            <String ID="P9_S00068" HPOS="184" VPOS="850" WIDTH="232" HEIGHT="46" STYLEREFS="StyleId-2" CONTENT="medicine," WC="0.7866667" CC="500001442" />
            <SP ID="P9_SP00061" WIDTH="0" HPOS="0" VPOS="0" />
            <String ID="P9_S00069" HPOS="444" VPOS="849" WIDTH="111" HEIGHT="47" STYLEREFS="StyleId-2" CONTENT="from" WC="0.5825" CC="4507" />
            <SP ID="P9_SP00062" WIDTH="0" HPOS="0" VPOS="0" />
            <String ID="P9_S00070" HPOS="578" VPOS="849" WIDTH="75" HEIGHT="47" STYLEREFS="StyleId-2" CONTENT="the" WC="0.673333347" CC="072" />
            <SP ID="P9_SP00063" WIDTH="0" HPOS="0" VPOS="0" />
            <String ID="P9_S00071" HPOS="669" VPOS="847" WIDTH="126" HEIGHT="49" STYLEREFS="StyleId-2" CONTENT=".early" WC="0.6816667" CC="770300" />
            <SP ID="P9_SP00064" WIDTH="0" HPOS="0" VPOS="0" />
            <String ID="P9_S00072" HPOS="816" VPOS="845" WIDTH="218" HEIGHT="51" STYLEREFS="StyleId-2" CONTENT="centuries" WC="0.8744444" CC="000054100" />
            <SP ID="P9_SP00065" WIDTH="0" HPOS="0" VPOS="0" />
            <String ID="P9_S00073" HPOS="1056" VPOS="844" WIDTH="112" HEIGHT="52" STYLEREFS="StyleId-2" CONTENT="until" WC="0.7" CC="06080" />
            <SP ID="P9_SP00066" WIDTH="0" HPOS="0" VPOS="0" />
            <String ID="P9_S00074" HPOS="1190" VPOS="844" WIDTH="74" HEIGHT="52" STYLEREFS="StyleId-2" CONTENT="the" WC="1" CC="000" />
            <SP ID="P9_SP00067" WIDTH="0" HPOS="0" VPOS="0" />
            <String ID="P9_S00075" HPOS="1284" VPOS="846" WIDTH="173" HEIGHT="50" STYLEREFS="StyleId-2" CONTENT="present" WC="0.7828571" CC="9500000" />
            <SP ID="P9_SP00068" WIDTH="0" HPOS="0" VPOS="0" />
            <String ID="P9_S00076" HPOS="1477" VPOS="839" WIDTH="119" HEIGHT="57" STYLEREFS="StyleId-2" CONTENT="time." WC="0.72" CC="00904" />
          </TextLine>
          <TextLine ID="P9_TL00009" HPOS="270" VPOS="915" WIDTH="1441" HEIGHT="27">
            <String ID="P9_S00077" HPOS="270" VPOS="915" WIDTH="117" HEIGHT="43" STYLEREFS="StyleId-2" CONTENT="That" WC="0.4725" CC="7409" />
            <SP ID="P9_SP00069" WIDTH="0" HPOS="0" VPOS="0" />
            <String ID="P9_S00078" HPOS="400" VPOS="927" WIDTH="169" HEIGHT="31" STYLEREFS="StyleId-2" CONTENT="women" WC="0.552" CC="04908" />
            <SP ID="P9_SP00070" WIDTH="0" HPOS="0" VPOS="0" />
            <String ID="P9_S00079" HPOS="585" VPOS="915" WIDTH="111" HEIGHT="43" STYLEREFS="StyleId-2" CONTENT="have" WC="1" CC="0000" />
            <SP ID="P9_SP00071" WIDTH="0" HPOS="0" VPOS="0" />
            <String ID="P9_S00080" HPOS="712" VPOS="913" WIDTH="126" HEIGHT="45" STYLEREFS="StyleId-2" CONTENT="made" WC="0.8225" CC="7000" />
            <SP ID="P9_SP00072" WIDTH="0" HPOS="0" VPOS="0" />
            <String ID="P9_S00081" HPOS="852" VPOS="925" WIDTH="24" HEIGHT="33" STYLEREFS="StyleId-2" CONTENT="a" WC="1" CC="0" />
            <SP ID="P9_SP00073" WIDTH="0" HPOS="0" VPOS="0" />
            <String ID="P9_S00082" HPOS="887" VPOS="911" WIDTH="150" HEIGHT="47" STYLEREFS="StyleId-2" CONTENT="record" WC="0.9216667" CC="300010" />
            <SP ID="P9_SP00074" WIDTH="0" HPOS="0" VPOS="0" />
            <String ID="P9_S00083" HPOS="1052" VPOS="910" WIDTH="64" HEIGHT="48" STYLEREFS="StyleId-2" CONTENT="for" WC="0.626666665" CC="506" />
            <SP ID="P9_SP00075" WIDTH="0" HPOS="0" VPOS="0" />
            <String ID="P9_S00084" HPOS="1135" VPOS="907" WIDTH="259" HEIGHT="51" STYLEREFS="StyleId-2" CONTENT="themselves" WC="0.863" CC="0700004002" />
            <SP ID="P9_SP00076" WIDTH="0" HPOS="0" VPOS="0" />
            <String ID="P9_S00085" HPOS="1430" VPOS="906" WIDTH="45" HEIGHT="52" STYLEREFS="StyleId-2" CONTENT="in" WC="1" CC="00" />
            <SP ID="P9_SP00077" WIDTH="0" HPOS="0" VPOS="0" />
            <String ID="P9_S00086" HPOS="1498" VPOS="903" WIDTH="213" HEIGHT="55" STYLEREFS="StyleId-2" CONTENT="medicine" WC="0.96125" CC="00030000" />
          </TextLine>
          <TextLine ID="P9_TL00010" HPOS="186" VPOS="982" WIDTH="1525" HEIGHT="33">
            <String ID="P9_S00087" HPOS="186" VPOS="982" WIDTH="38" HEIGHT="39" STYLEREFS="StyleId-2" CONTENT="is" WC="1" CC="00" />
            <SP ID="P9_SP00078" WIDTH="0" HPOS="0" VPOS="0" />
            <String ID="P9_S00088" HPOS="246" VPOS="996" WIDTH="25" HEIGHT="25" STYLEREFS="StyleId-2" CONTENT="a" WC="1" CC="0" />
            <SP ID="P9_SP00079" WIDTH="0" HPOS="0" VPOS="0" />
            <String ID="P9_S00089" HPOS="286" VPOS="982" WIDTH="117" HEIGHT="46" STYLEREFS="StyleId-2" CONTENT="fact;" WC="0.894" CC="00004" />
            <SP ID="P9_SP00080" WIDTH="0" HPOS="0" VPOS="0" />
            <String ID="P9_S00090" HPOS="424" VPOS="982" WIDTH="85" HEIGHT="46" STYLEREFS="StyleId-2" CONTENT="and" WC="0.8833333" CC="030" />
            <SP ID="P9_SP00081" WIDTH="0" HPOS="0" VPOS="0" />
            <String ID="P9_S00091" HPOS="531" VPOS="979" WIDTH="97" HEIGHT="49" STYLEREFS="StyleId-2" CONTENT="that" WC="0.7875" CC="0008" />
            <SP ID="P9_SP00082" WIDTH="0" HPOS="0" VPOS="0" />
            <String ID="P9_S00092" HPOS="648" VPOS="977" WIDTH="334" HEIGHT="51" STYLEREFS="StyleId-2" CONTENT="broad-minded" WC="0.8325" CC="030803003000" />
            <SP ID="P9_SP00083" WIDTH="0" HPOS="0" VPOS="0" />
            <String ID="P9_S00093" HPOS="998" VPOS="988" WIDTH="115" HEIGHT="40" STYLEREFS="StyleId-2" CONTENT="men," WC="0.915" CC="0003" />
            <SP ID="P9_SP00084" WIDTH="0" HPOS="0" VPOS="0" />
            <String ID="P9_S00094" HPOS="1135" VPOS="986" WIDTH="45" HEIGHT="42" STYLEREFS="StyleId-2" CONTENT="as" WC="0.945" CC="01" />
            <SP ID="P9_SP00085" WIDTH="0" HPOS="0" VPOS="0" />
            <String ID="P9_S00095" HPOS="1190" VPOS="973" WIDTH="250" HEIGHT="55" STYLEREFS="StyleId-2" CONTENT="historians," WC="0.78" CC="03200540630" />
            <SP ID="P9_SP00086" WIDTH="0" HPOS="0" VPOS="0" />
            <String ID="P9_S00096" HPOS="1457" VPOS="972" WIDTH="110" HEIGHT="56" STYLEREFS="StyleId-2" CONTENT="have" WC="0.9725" CC="1000" />
            <SP ID="P9_SP00087" WIDTH="0" HPOS="0" VPOS="0" />
            <String ID="P9_S00097" HPOS="1583" VPOS="969" WIDTH="128" HEIGHT="59" STYLEREFS="StyleId-2" CONTENT="given" WC="0.412" CC="100846" />
          </TextLine>
          <TextLine ID="P9_TL00011" HPOS="186" VPOS="1049" WIDTH="1526" HEIGHT="31">
            <String ID="P9_S00098" HPOS="186" VPOS="1049" WIDTH="124" HEIGHT="38" STYLEREFS="StyleId-2" CONTENT="them" WC="0.845" CC="0600" />
            <SP ID="P9_SP00088" WIDTH="0" HPOS="0" VPOS="0" />
            <String ID="P9_S00099" HPOS="332" VPOS="1061" WIDTH="26" HEIGHT="26" STYLEREFS="StyleId-2" CONTENT="a" WC="1" CC="0" />
            <SP ID="P9_SP00089" WIDTH="0" HPOS="0" VPOS="0" />
            <String ID="P9_S00100" HPOS="378" VPOS="1047" WIDTH="125" HEIGHT="47" STYLEREFS="StyleId-2" CONTENT="place" WC="0.722" CC="94000" />
            <SP ID="P9_SP00090" WIDTH="0" HPOS="0" VPOS="0" />
            <String ID="P9_S00101" HPOS="525" VPOS="1045" WIDTH="46" HEIGHT="49" STYLEREFS="StyleId-2" CONTENT="in" WC="0.55" CC="35" />
            <SP ID="P9_SP00091" WIDTH="0" HPOS="0" VPOS="0" />
            <String ID="P9_S00102" HPOS="594" VPOS="1046" WIDTH="74" HEIGHT="48" STYLEREFS="StyleId-2" CONTENT="the" WC="0.8333333" CC="500" />
            <SP ID="P9_SP00092" WIDTH="0" HPOS="0" VPOS="0" />
            <String ID="P9_S00103" HPOS="689" VPOS="1044" WIDTH="172" HEIGHT="50" STYLEREFS="StyleId-2" CONTENT="history" WC="0.7557143" CC="2000058" />
            <SP ID="P9_SP00093" WIDTH="0" HPOS="0" VPOS="0" />
            <String ID="P9_S00104" HPOS="879" VPOS="1042" WIDTH="47" HEIGHT="52" STYLEREFS="StyleId-2" CONTENT="of" WC="0.745" CC="05" />
            <SP ID="P9_SP00094" WIDTH="0" HPOS="0" VPOS="0" />
            <String ID="P9_S00105" HPOS="944" VPOS="1040" WIDTH="232" HEIGHT="54" STYLEREFS="StyleId-2" CONTENT="medicine," WC="0.646666646" CC="800526601" />
            <SP ID="P9_SP00095" WIDTH="0" HPOS="0" VPOS="0" />
            <String ID="P9_S00106" HPOS="1202" VPOS="1039" WIDTH="133" HEIGHT="55" STYLEREFS="StyleId-2" CONTENT="along" WC="0.662" CC="060010" />
            <SP ID="P9_SP00096" WIDTH="0" HPOS="0" VPOS="0" />
            <String ID="P9_S00107" HPOS="1354" VPOS="1036" WIDTH="107" HEIGHT="58" STYLEREFS="StyleId-2" CONTENT="with" WC="0.735" CC="0334" />
            <SP ID="P9_SP00097" WIDTH="0" HPOS="0" VPOS="0" />
            <String ID="P9_S00108" HPOS="1482" VPOS="1034" WIDTH="114" HEIGHT="60" STYLEREFS="StyleId-2" CONTENT="their" WC="0.852" CC="06010" />
            <SP ID="P9_SP00098" WIDTH="0" HPOS="0" VPOS="0" />
            <String ID="P9_S00109" HPOS="1615" VPOS="1034" WIDTH="97" HEIGHT="60" STYLEREFS="StyleId-2" CONTENT="bro¬" WC="0.6975" CC="1064" />
          </TextLine>
          <TextLine ID="P9_TL00012" HPOS="189" VPOS="1115" WIDTH="1526" HEIGHT="30">
            <String ID="P9_S00110" HPOS="189" VPOS="1115" WIDTH="123" HEIGHT="39" STYLEREFS="StyleId-2" CONTENT="thers" WC="0.88" CC="00006" />
            <SP ID="P9_SP00099" WIDTH="0" HPOS="0" VPOS="0" />
            <String ID="P9_S00111" HPOS="332" VPOS="1113" WIDTH="46" HEIGHT="41" STYLEREFS="StyleId-2" CONTENT="in" WC="0.735" CC="05" />
            <SP ID="P9_SP00100" WIDTH="0" HPOS="0" VPOS="0" />
            <String ID="P9_S00112" HPOS="400" VPOS="1113" WIDTH="76" HEIGHT="44" STYLEREFS="StyleId-2" CONTENT="the" WC="0.5" CC="077" />
            <SP ID="P9_SP00101" WIDTH="0" HPOS="0" VPOS="0" />
            <String ID="P9_S00113" HPOS="497" VPOS="1110" WIDTH="272" HEIGHT="49" STYLEREFS="StyleId-2" CONTENT="profession,," WC="0.8525" CC="022500000340" />
            <SP ID="P9_SP00102" WIDTH="0" HPOS="0" VPOS="0" />
            <String ID="P9_S00114" HPOS="785" VPOS="1108" WIDTH="37" HEIGHT="51" STYLEREFS="StyleId-2" CONTENT="is" WC="0.885" CC="20" />
            <SP ID="P9_SP00103" WIDTH="0" HPOS="0" VPOS="0" />
            <String ID="P9_S00115" HPOS="843" VPOS="1108" WIDTH="182" HEIGHT="51" STYLEREFS="StyleId-2" CONTENT="another" WC="1" CC="0000000" />
            <SP ID="P9_SP00104" WIDTH="0" HPOS="0" VPOS="0" />
            <String ID="P9_S00116" HPOS="1048" VPOS="1106" WIDTH="103" HEIGHT="53" STYLEREFS="StyleId-2" CONTENT="fact;" WC="0.766" CC="50006" />
            <SP ID="P9_SP00105" WIDTH="0" HPOS="0" VPOS="0" />
            <String ID="P9_S00117" HPOS="1176" VPOS="1102" WIDTH="230" HEIGHT="57" STYLEREFS="StyleId-2" CONTENT="otherwise" WC="0.7977778" CC="000057600" />
            <SP ID="P9_SP00106" WIDTH="0" HPOS="0" VPOS="0" />
            <String ID="P9_S00118" HPOS="1420" VPOS="1103" WIDTH="27" HEIGHT="56" STYLEREFS="StyleId-2" CONTENT=".I" WC="0.57" CC="71" />
            <SP ID="P9_SP00107" WIDTH="0" HPOS="0" VPOS="0" />
            <String ID="P9_S00119" HPOS="1468" VPOS="1099" WIDTH="146" HEIGHT="60" STYLEREFS="StyleId-2" CONTENT="would" WC="0.782" CC="00370" />
            <SP ID="P9_SP00108" WIDTH="0" HPOS="0" VPOS="0" />
            <String ID="P9_S00120" HPOS="1636" VPOS="1102" WIDTH="78" HEIGHT="57" STYLEREFS="StyleId-2" CONTENT="not" WC="1" CC="000" />
          </TextLine>
          <TextLine ID="P9_TL00013" HPOS="190" VPOS="1180" WIDTH="1525" HEIGHT="31">
            <String ID="P9_S00121" HPOS="190" VPOS="1180" WIDTH="55" HEIGHT="39" STYLEREFS="StyleId-2" CONTENT="be" WC="1" CC="00" />
            <SP ID="P9_SP00109" WIDTH="0" HPOS="0" VPOS="0" />
            <String ID="P9_S00122" HPOS="267" VPOS="1179" WIDTH="96" HEIGHT="40" STYLEREFS="StyleId-2" CONTENT="able" WC="0.865" CC="0050" />
            <SP ID="P9_SP00110" WIDTH="0" HPOS="0" VPOS="0" />
            <String ID="P9_S00123" HPOS="384" VPOS="1184" WIDTH="46" HEIGHT="35" STYLEREFS="StyleId-2" CONTENT="to" WC="1" CC="00" />
            <SP ID="P9_SP00111" WIDTH="0" HPOS="0" VPOS="0" />
            <String ID="P9_S00124" HPOS="453" VPOS="1190" WIDTH="134" HEIGHT="35" STYLEREFS="StyleId-2" CONTENT="prove" WC="0.812" CC="00602" />
            <SP ID="P9_SP00112" WIDTH="0" HPOS="0" VPOS="0" />
            <String ID="P9_S00125" HPOS="607" VPOS="1189" WIDTH="74" HEIGHT="36" STYLEREFS="StyleId-2" CONTENT="my" WC="1" CC="00" />
            <SP ID="P9_SP00113" WIDTH="0" HPOS="0" VPOS="0" />
            <String ID="P9_S00126" HPOS="715" VPOS="1174" WIDTH="95" HEIGHT="51" STYLEREFS="StyleId-2" CONTENT="first" WC="0.702" CC="86000" />
            <SP ID="P9_SP00114" WIDTH="0" HPOS="0" VPOS="0" />
            <String ID="P9_S00127" HPOS="832" VPOS="1177" WIDTH="246" HEIGHT="48" STYLEREFS="StyleId-2" CONTENT="statement," WC="0.877" CC="00100000002" />
            <SP ID="P9_SP00115" WIDTH="0" HPOS="0" VPOS="0" />
            <String ID="P9_S00128" HPOS="1106" VPOS="1171" WIDTH="93" HEIGHT="54" STYLEREFS="StyleId-2" CONTENT="that" WC="0.9375" CC="2000" />
            <SP ID="P9_SP00116" WIDTH="0" HPOS="0" VPOS="0" />
            <String ID="P9_S00129" HPOS="1238" VPOS="1170" WIDTH="104" HEIGHT="55" STYLEREFS="StyleId-2" CONTENT="they" WC="0.9225" CC="3000" />
            <SP ID="P9_SP00117" WIDTH="0" HPOS="0" VPOS="0" />
            <String ID="P9_S00130" HPOS="1381" VPOS="1168" WIDTH="110" HEIGHT="57" STYLEREFS="StyleId-2" CONTENT="have" WC="1" CC="0000" />
            <SP ID="P9_SP00118" WIDTH="0" HPOS="0" VPOS="0" />
            <String ID="P9_S00131" HPOS="1531" VPOS="1164" WIDTH="124" HEIGHT="61" STYLEREFS="StyleId-2" CONTENT="made" WC="1" CC="0000" />
            <SP ID="P9_SP00119" WIDTH="0" HPOS="0" VPOS="0" />
            <String ID="P9_S00132" HPOS="1691" VPOS="1175" WIDTH="24" HEIGHT="50" STYLEREFS="StyleId-2" CONTENT="a" WC="1" CC="0" />
          </TextLine>
          <TextLine ID="P9_TL00014" HPOS="191" VPOS="1246" WIDTH="1328" HEIGHT="33">
            <String ID="P9_S00133" HPOS="191" VPOS="1245" WIDTH="169" HEIGHT="44" STYLEREFS="StyleId-2" CONTENT="record," WC="0.818571448" CC="5100500" />
            <SP ID="P9_SP00120" WIDTH="0" HPOS="0" VPOS="0" />
            <String ID="P9_S00134" HPOS="387" VPOS="1243" WIDTH="100" HEIGHT="46" STYLEREFS="StyleId-2" CONTENT="well" WC="0.6075" CC="10032" />
            <SP ID="P9_SP00121" WIDTH="0" HPOS="0" VPOS="0" />
            <String ID="P9_S00135" HPOS="511" VPOS="1242" WIDTH="173" HEIGHT="47" STYLEREFS="StyleId-2" CONTENT="worthy" WC="0.75333333" CC="003029" />
            <SP ID="P9_SP00122" WIDTH="0" HPOS="0" VPOS="0" />
            <String ID="P9_S00136" HPOS="706" VPOS="1241" WIDTH="46" HEIGHT="48" STYLEREFS="StyleId-2" CONTENT="of" WC="0.745" CC="05" />
            <SP ID="P9_SP00123" WIDTH="0" HPOS="0" VPOS="0" />
            <String ID="P9_S00137" HPOS="772" VPOS="1239" WIDTH="132" HEIGHT="50" STYLEREFS="StyleId-2" CONTENT="being" WC="0.854" CC="02220" />
            <SP ID="P9_SP00124" WIDTH="0" HPOS="0" VPOS="0" />
            <String ID="P9_S00138" HPOS="925" VPOS="1237" WIDTH="173" HEIGHT="52" STYLEREFS="StyleId-2" CONTENT="handed" WC="0.88" CC="007000" />
            <SP ID="P9_SP00125" WIDTH="0" HPOS="0" VPOS="0" />
            <String ID="P9_S00139" HPOS="1120" VPOS="1236" WIDTH="128" HEIGHT="53" STYLEREFS="StyleId-2" CONTENT="down" WC="1" CC="0000" />
            <SP ID="P9_SP00126" WIDTH="0" HPOS="0" VPOS="0" />
            <String ID="P9_S00140" HPOS="1270" VPOS="1234" WIDTH="45" HEIGHT="55" STYLEREFS="StyleId-2" CONTENT="in" WC="0.62" CC="51" />
            <SP ID="P9_SP00127" WIDTH="0" HPOS="0" VPOS="0" />
            <String ID="P9_S00141" HPOS="1337" VPOS="1232" WIDTH="182" HEIGHT="57" STYLEREFS="StyleId-2" CONTENT="history." WC="0.65375" CC="71000494" />
          </TextLine>
          <TextLine ID="P9_TL00015" HPOS="273" VPOS="1309" WIDTH="1443" HEIGHT="32">
            <String ID="P9_S00142" HPOS="273" VPOS="1309" WIDTH="98" HEIGHT="40" STYLEREFS="StyleId-2" CONTENT="The" WC="0.766666651" CC="007" />
            <SP ID="P9_SP00128" WIDTH="0" HPOS="0" VPOS="0" />
            <String ID="P9_S00143" HPOS="392" VPOS="1308" WIDTH="174" HEIGHT="41" STYLEREFS="StyleId-2" CONTENT="earliest" WC="0.74125" CC="06733000" />
            <SP ID="P9_SP00129" WIDTH="0" HPOS="0" VPOS="0" />
            <String ID="P9_S00144" HPOS="586" VPOS="1306" WIDTH="151" HEIGHT="43" STYLEREFS="StyleId-2" CONTENT="record" WC="0.8833333" CC="000070" />
            <SP ID="P9_SP00130" WIDTH="0" HPOS="0" VPOS="0" />
            <String ID="P9_S00145" HPOS="759" VPOS="1304" WIDTH="47" HEIGHT="45" STYLEREFS="StyleId-2" CONTENT="of" WC="0.58" CC="08" />
            <SP ID="P9_SP00131" WIDTH="0" HPOS="0" VPOS="0" />
            <String ID="P9_S00146" HPOS="826" VPOS="1316" WIDTH="167" HEIGHT="33" STYLEREFS="StyleId-2" CONTENT="women" WC="0.704" CC="001004" />
            <SP ID="P9_SP00132" WIDTH="0" HPOS="0" VPOS="0" />
            <String ID="P9_S00147" HPOS="1015" VPOS="1302" WIDTH="47" HEIGHT="47" STYLEREFS="StyleId-2" CONTENT="in" WC="0.715" CC="50" />
            <SP ID="P9_SP00133" WIDTH="0" HPOS="0" VPOS="0" />
            <String ID="P9_S00148" HPOS="1084" VPOS="1302" WIDTH="75" HEIGHT="47" STYLEREFS="StyleId-2" CONTENT="the" WC="0.89" CC="300" />
            <SP ID="P9_SP00134" WIDTH="0" HPOS="0" VPOS="0" />
            <String ID="P9_S00149" HPOS="1176" VPOS="1298" WIDTH="186" HEIGHT="51" STYLEREFS="StyleId-2" CONTENT="practice" WC="0.9925" CC="00000000" />
            <SP ID="P9_SP00135" WIDTH="0" HPOS="0" VPOS="0" />
            <String ID="P9_S00150" HPOS="1382" VPOS="1298" WIDTH="47" HEIGHT="51" STYLEREFS="StyleId-2" CONTENT="of" WC="0.75" CC="05" />
            <SP ID="P9_SP00136" WIDTH="0" HPOS="0" VPOS="0" />
            <String ID="P9_S00151" HPOS="1448" VPOS="1295" WIDTH="215" HEIGHT="54" STYLEREFS="StyleId-2" CONTENT="medicine" WC="0.87375" CC="00040320" />
            <SP ID="P9_SP00137" WIDTH="0" HPOS="0" VPOS="0" />
            <String ID="P9_S00152" HPOS="1678" VPOS="1293" WIDTH="38" HEIGHT="56" STYLEREFS="StyleId-2" CONTENT="is" WC="0.91" CC="10" />
          </TextLine>
          <TextLine ID="P9_TL00016" HPOS="192" VPOS="1376" WIDTH="1526" HEIGHT="31">
            <String ID="P9_S00153" HPOS="192" VPOS="1377" WIDTH="141" HEIGHT="39" STYLEREFS="StyleId-2" CONTENT="found" WC="0.672" CC="43250" />
            <SP ID="P9_SP00138" WIDTH="0" HPOS="0" VPOS="0" />
            <String ID="P9_S00154" HPOS="354" VPOS="1376" WIDTH="47" HEIGHT="40" STYLEREFS="StyleId-2" CONTENT="in" WC="0.305" CC="67" />
            <SP ID="P9_SP00139" WIDTH="0" HPOS="0" VPOS="0" />
            <String ID="P9_S00155" HPOS="421" VPOS="1373" WIDTH="152" HEIGHT="43" STYLEREFS="StyleId-2" CONTENT="sacred" WC="0.8833333" CC="070000" />
            <SP ID="P9_SP00140" WIDTH="0" HPOS="0" VPOS="0" />
            <String ID="P9_S00156" HPOS="594" VPOS="1372" WIDTH="186" HEIGHT="46" STYLEREFS="StyleId-2" CONTENT="history." WC="0.79" CC="75400000" />
            <SP ID="P9_SP00141" WIDTH="0" HPOS="0" VPOS="0" />
            <String ID="P9_S00157" HPOS="843" VPOS="1371" WIDTH="21" HEIGHT="47" STYLEREFS="StyleId-2" CONTENT="I" WC="1" CC="0" />
            <SP ID="P9_SP00142" WIDTH="0" HPOS="0" VPOS="0" />
            <String ID="P9_S00158" HPOS="886" VPOS="1368" WIDTH="113" HEIGHT="50" STYLEREFS="StyleId-2" CONTENT="refer" WC="0.754" CC="06500" />
            <SP ID="P9_SP00143" WIDTH="0" HPOS="0" VPOS="0" />
            <String ID="P9_S00159" HPOS="1020" VPOS="1373" WIDTH="46" HEIGHT="45" STYLEREFS="StyleId-2" CONTENT="to" WC="0.875" CC="02" />
            <SP ID="P9_SP00144" WIDTH="0" HPOS="0" VPOS="0" />
            <String ID="P9_S00160" HPOS="1086" VPOS="1365" WIDTH="114" HEIGHT="53" STYLEREFS="StyleId-2" CONTENT="their" WC="0.982" CC="00000" />
            <SP ID="P9_SP00145" WIDTH="0" HPOS="0" VPOS="0" />
            <String ID="P9_S00161" HPOS="1220" VPOS="1364" WIDTH="121" HEIGHT="54" STYLEREFS="StyleId-2" CONTENT="work" WC="0.7625" CC="9000" />
            <SP ID="P9_SP00146" WIDTH="0" HPOS="0" VPOS="0" />
            <String ID="P9_S00162" HPOS="1363" VPOS="1375" WIDTH="47" HEIGHT="43" STYLEREFS="StyleId-2" CONTENT="as" WC="0.995" CC="00" />
            <SP ID="P9_SP00147" WIDTH="0" HPOS="0" VPOS="0" />
            <String ID="P9_S00163" HPOS="1429" VPOS="1361" WIDTH="131" HEIGHT="57" STYLEREFS="StyleId-2" CONTENT="given" WC="0.568" CC="100415" />
            <SP ID="P9_SP00148" WIDTH="0" HPOS="0" VPOS="0" />
            <String ID="P9_S00164" HPOS="1579" VPOS="1361" WIDTH="47" HEIGHT="57" STYLEREFS="StyleId-2" CONTENT="in" WC="0.43" CC="65" />
            <SP ID="P9_SP00149" WIDTH="0" HPOS="0" VPOS="0" />
            <String ID="P9_S00165" HPOS="1641" VPOS="1359" WIDTH="77" HEIGHT="59" STYLEREFS="StyleId-2" CONTENT="the" WC="1" CC="000" />
          </TextLine>
          <TextLine ID="P9_TL00017" HPOS="196" VPOS="1441" WIDTH="1521" HEIGHT="32">
            <String ID="P9_S00166" HPOS="196" VPOS="1442" WIDTH="140" HEIGHT="47" STYLEREFS="StyleId-2" CONTENT="Bible," WC="0.733333349" CC="620033" />
            <SP ID="P9_SP00150" WIDTH="0" HPOS="0" VPOS="0" />
            <String ID="P9_S00167" HPOS="362" VPOS="1440" WIDTH="185" HEIGHT="49" STYLEREFS="StyleId-2" CONTENT="Exodus" WC="0.821666658" CC="600040" />
            <SP ID="P9_SP00151" WIDTH="0" HPOS="0" VPOS="0" />
            <String ID="P9_S00168" HPOS="569" VPOS="1442" WIDTH="68" HEIGHT="47" STYLEREFS="StyleId-2" CONTENT="1st" WC="0.7133333" CC="800" />
            <SP ID="P9_SP00152" WIDTH="0" HPOS="0" VPOS="0" />
            <String ID="P9_S00169" HPOS="658" VPOS="1437" WIDTH="194" HEIGHT="52" STYLEREFS="StyleId-2" CONTENT="chapter." WC="0.82875" CC="00006024" />
            <SP ID="P9_SP00153" WIDTH="0" HPOS="0" VPOS="0" />
            <String ID="P9_S00170" HPOS="907" VPOS="1435" WIDTH="117" HEIGHT="54" STYLEREFS="StyleId-2" CONTENT="Here" WC="0.9475" CC="2000" />
            <SP ID="P9_SP00154" WIDTH="0" HPOS="0" VPOS="0" />
            <String ID="P9_S00171" HPOS="1044" VPOS="1444" WIDTH="65" HEIGHT="45" STYLEREFS="StyleId-2" CONTENT="we" WC="1" CC="00" />
            <SP ID="P9_SP00155" WIDTH="0" HPOS="0" VPOS="0" />
            <String ID="P9_S00172" HPOS="1130" VPOS="1430" WIDTH="91" HEIGHT="59" STYLEREFS="StyleId-2" CONTENT="find" WC="0.84" CC="0060" />
            <SP ID="P9_SP00156" WIDTH="0" HPOS="0" VPOS="0" />
            <String ID="P9_S00173" HPOS="1243" VPOS="1430" WIDTH="96" HEIGHT="59" STYLEREFS="StyleId-2" CONTENT="that" WC="0.8575" CC="0500" />
            <SP ID="P9_SP00157" WIDTH="0" HPOS="0" VPOS="0" />
            <String ID="P9_S00174" HPOS="1357" VPOS="1433" WIDTH="45" HEIGHT="56" STYLEREFS="StyleId-2" CONTENT="to" WC="1" CC="00" />
            <SP ID="P9_SP00158" WIDTH="0" HPOS="0" VPOS="0" />
            <String ID="P9_S00175" HPOS="1422" VPOS="1437" WIDTH="184" HEIGHT="52" STYLEREFS="StyleId-2" CONTENT="women," WC="0.855" CC="000052" />
            <SP ID="P9_SP00159" WIDTH="0" HPOS="0" VPOS="0" />
            <String ID="P9_S00176" HPOS="1633" VPOS="1424" WIDTH="84" HEIGHT="65" STYLEREFS="StyleId-2" CONTENT="and" WC="0.803333342" CC="050" />
          </TextLine>
          <TextLine ID="P9_TL00018" HPOS="194" VPOS="1506" WIDTH="1524" HEIGHT="31">
            <String ID="P9_S00177" HPOS="194" VPOS="1514" WIDTH="46" HEIGHT="34" STYLEREFS="StyleId-2" CONTENT="to" WC="1" CC="00" />
            <SP ID="P9_SP00160" WIDTH="0" HPOS="0" VPOS="0" />
            <String ID="P9_S00178" HPOS="262" VPOS="1519" WIDTH="172" HEIGHT="29" STYLEREFS="StyleId-2" CONTENT="women" WC="0.726" CC="60006" />
            <SP ID="P9_SP00161" WIDTH="0" HPOS="0" VPOS="0" />
            <String ID="P9_S00179" HPOS="471" VPOS="1505" WIDTH="141" HEIGHT="45" STYLEREFS="StyleId-2" CONTENT="alone," WC="0.725" CC="700404" />
            <SP ID="P9_SP00162" WIDTH="0" HPOS="0" VPOS="0" />
            <String ID="P9_S00180" HPOS="635" VPOS="1501" WIDTH="216" HEIGHT="49" STYLEREFS="StyleId-2" CONTENT="belonged" WC="0.71" CC="28632000" />
            <SP ID="P9_SP00163" WIDTH="0" HPOS="0" VPOS="0" />
            <String ID="P9_S00181" HPOS="891" VPOS="1499" WIDTH="97" HEIGHT="51" STYLEREFS="StyleId-2" CONTENT="that" WC="1" CC="0000" />
            <SP ID="P9_SP00164" WIDTH="0" HPOS="0" VPOS="0" />
            <String ID="P9_S00182" HPOS="1027" VPOS="1496" WIDTH="179" HEIGHT="54" STYLEREFS="StyleId-2" CONTENT="branch," WC="0.862857163" CC="0501002" />
            <SP ID="P9_SP00165" WIDTH="0" HPOS="0" VPOS="0" />
            <String ID="P9_S00183" HPOS="1253" VPOS="1506" WIDTH="48" HEIGHT="44" STYLEREFS="StyleId-2" CONTENT="or" WC="0.735" CC="05" />
            <SP ID="P9_SP00166" WIDTH="0" HPOS="0" VPOS="0" />
            <String ID="P9_S00184" HPOS="1340" VPOS="1493" WIDTH="287" HEIGHT="57" STYLEREFS="StyleId-2" CONTENT="department," WC="0.8390909" CC="40503000400" />
            <SP ID="P9_SP00167" WIDTH="0" HPOS="0" VPOS="0" />
            <String ID="P9_S00185" HPOS="1672" VPOS="1488" WIDTH="46" HEIGHT="62" STYLEREFS="StyleId-2" CONTENT="of" WC="0.865" CC="02" />
          </TextLine>
          <TextLine ID="P9_TL00019" HPOS="194" VPOS="1566" WIDTH="1523" HEIGHT="35">
            <String ID="P9_S00186" HPOS="195" VPOS="1572" WIDTH="220" HEIGHT="41" STYLEREFS="StyleId-2" CONTENT="medicine" WC="0.96625" CC="00010001" />
            <SP ID="P9_SP00168" WIDTH="0" HPOS="0" VPOS="0" />
            <String ID="P9_S00187" HPOS="434" VPOS="1567" WIDTH="318" HEIGHT="46" STYLEREFS="StyleId-2" CONTENT="denominated." WC="0.723333359" CC="0060033109000" />
            <SP ID="P9_SP00169" WIDTH="0" HPOS="0" VPOS="0" />
            <String ID="P9_S00188" HPOS="783" VPOS="1559" WIDTH="329" HEIGHT="54" STYLEREFS="StyleId-2" CONTENT="&quot;Obstetrics&quot;," WC="0.8546154" CC="7000000440002" />
            <SP ID="P9_SP00170" WIDTH="0" HPOS="0" VPOS="0" />
            <String ID="P9_S00189" HPOS="1137" VPOS="1560" WIDTH="145" HEIGHT="53" STYLEREFS="StyleId-2" CONTENT="which" WC="0.88" CC="00600" />
            <SP ID="P9_SP00171" WIDTH="0" HPOS="0" VPOS="0" />
            <String ID="P9_S00190" HPOS="1302" VPOS="1558" WIDTH="119" HEIGHT="55" STYLEREFS="StyleId-2" CONTENT="deals" WC="0.782" CC="100000" />
            <SP ID="P9_SP00172" WIDTH="0" HPOS="0" VPOS="0" />
            <String ID="P9_S00191" HPOS="1442" VPOS="1556" WIDTH="107" HEIGHT="57" STYLEREFS="StyleId-2" CONTENT="with" WC="0.7425" CC="0450" />
            <SP ID="P9_SP00173" WIDTH="0" HPOS="0" VPOS="0" />
            <String ID="P9_S00192" HPOS="1570" VPOS="1559" WIDTH="147" HEIGHT="54" STYLEREFS="StyleId-2" CONTENT="partu¬" WC="0.8616667" CC="500002" />
          </TextLine>
          <TextLine ID="P9_TL00020" HPOS="194" VPOS="1637" WIDTH="1520" HEIGHT="31">
            <String ID="P9_S00193" HPOS="194" VPOS="1638" WIDTH="154" HEIGHT="46" STYLEREFS="StyleId-2" CONTENT="rition," WC="0.677142859" CC="5404134" />
            <SP ID="P9_SP00174" WIDTH="0" HPOS="0" VPOS="0" />
            <String ID="P9_S00194" HPOS="372" VPOS="1638" WIDTH="76" HEIGHT="46" STYLEREFS="StyleId-2" CONTENT="the" WC="0.81" CC="050" />
            <SP ID="P9_SP00175" WIDTH="0" HPOS="0" VPOS="0" />
            <String ID="P9_S00195" HPOS="468" VPOS="1639" WIDTH="233" HEIGHT="45" STYLEREFS="StyleId-2" CONTENT="treatment" WC="0.608888865" CC="400901776" />
            <SP ID="P9_SP00176" WIDTH="0" HPOS="0" VPOS="0" />
            <String ID="P9_S00196" HPOS="714" VPOS="1632" WIDTH="48" HEIGHT="52" STYLEREFS="StyleId-2" CONTENT="of" WC="0.635" CC="70" />
            <SP ID="P9_SP00177" WIDTH="0" HPOS="0" VPOS="0" />
            <String ID="P9_S00197" HPOS="776" VPOS="1641" WIDTH="169" HEIGHT="43" STYLEREFS="StyleId-2" CONTENT="women" WC="0.238" CC="1010845" />
            <SP ID="P9_SP00178" WIDTH="0" HPOS="0" VPOS="0" />
            <String ID="P9_S00198" HPOS="967" VPOS="1628" WIDTH="86" HEIGHT="56" STYLEREFS="StyleId-2" CONTENT="and" WC="0.5733333" CC="750" />
            <SP ID="P9_SP00179" WIDTH="0" HPOS="0" VPOS="0" />
            <String ID="P9_S00199" HPOS="1068" VPOS="1626" WIDTH="195" HEIGHT="58" STYLEREFS="StyleId-2" CONTENT="children" WC="0.73125" CC="05360004" />
            <SP ID="P9_SP00180" WIDTH="0" HPOS="0" VPOS="0" />
            <String ID="P9_S00200" HPOS="1277" VPOS="1629" WIDTH="44" HEIGHT="55" STYLEREFS="StyleId-2" CONTENT="at" WC="1" CC="00" />
            <SP ID="P9_SP00181" WIDTH="0" HPOS="0" VPOS="0" />
            <String ID="P9_S00201" HPOS="1334" VPOS="1624" WIDTH="75" HEIGHT="60" STYLEREFS="StyleId-2" CONTENT="the" WC="0.973333359" CC="000" />
            <SP ID="P9_SP00182" WIDTH="0" HPOS="0" VPOS="0" />
            <String ID="P9_S00202" HPOS="1427" VPOS="1626" WIDTH="113" HEIGHT="58" STYLEREFS="StyleId-2" CONTENT="most" WC="0.76" CC="9000" />
            <SP ID="P9_SP00183" WIDTH="0" HPOS="0" VPOS="0" />
            <String ID="P9_S00203" HPOS="1551" VPOS="1619" WIDTH="163" HEIGHT="65" STYLEREFS="StyleId-2" CONTENT="sacred," WC="0.8542857" CC="3500001" />
          </TextLine>
          <TextLine ID="P9_TL00021" HPOS="197" VPOS="1702" WIDTH="1165" HEIGHT="36">
            <String ID="P9_S00204" HPOS="197" VPOS="1705" WIDTH="88" HEIGHT="39" STYLEREFS="StyleId-2" CONTENT="and" WC="0.836666644" CC="040" />
            <SP ID="P9_SP00184" WIDTH="0" HPOS="0" VPOS="0" />
            <String ID="P9_S00205" HPOS="305" VPOS="1704" WIDTH="77" HEIGHT="40" STYLEREFS="StyleId-2" CONTENT="the" WC="0.67" CC="090" />
            <SP ID="P9_SP00185" WIDTH="0" HPOS="0" VPOS="0" />
            <String ID="P9_S00206" HPOS="403" VPOS="1706" WIDTH="115" HEIGHT="38" STYLEREFS="StyleId-2" CONTENT="most" WC="0.675" CC="0390" />
            <SP ID="P9_SP00186" WIDTH="0" HPOS="0" VPOS="0" />
            <String ID="P9_S00207" HPOS="539" VPOS="1700" WIDTH="238" HEIGHT="47" STYLEREFS="StyleId-2" CONTENT="important" WC="0.8688889" CC="060050000" />
            <SP ID="P9_SP00187" WIDTH="0" HPOS="0" VPOS="0" />
            <String ID="P9_S00208" HPOS="790" VPOS="1728" WIDTH="9" HEIGHT="19" STYLEREFS="StyleId-2" CONTENT="," WC="0.7" CC="3" />
            <SP ID="P9_SP00188" WIDTH="0" HPOS="0" VPOS="0" />
            <String ID="P9_S00209" HPOS="822" VPOS="1699" WIDTH="196" HEIGHT="48" STYLEREFS="StyleId-2" CONTENT="moment" WC="0.78" CC="063020" />
            <SP ID="P9_SP00189" WIDTH="0" HPOS="0" VPOS="0" />
            <String ID="P9_S00210" HPOS="1038" VPOS="1692" WIDTH="47" HEIGHT="55" STYLEREFS="StyleId-2" CONTENT="of" WC="0.5" CC="45" />
            <SP ID="P9_SP00190" WIDTH="0" HPOS="0" VPOS="0" />
            <String ID="P9_S00211" HPOS="1105" VPOS="1691" WIDTH="113" HEIGHT="56" STYLEREFS="StyleId-2" CONTENT="their" WC="0.572" CC="06806" />
            <SP ID="P9_SP00191" WIDTH="0" HPOS="0" VPOS="0" />
            <String ID="P9_S00212" HPOS="1239" VPOS="1689" WIDTH="122" HEIGHT="58" STYLEREFS="StyleId-2" CONTENT="lives." WC="0.576666653" CC="538007" />
          </TextLine>
          <TextLine ID="P9_TL00022" HPOS="283" VPOS="1763" WIDTH="1438" HEIGHT="34">
            <String ID="P9_S00213" HPOS="283" VPOS="1771" WIDTH="42" HEIGHT="40" STYLEREFS="StyleId-2" CONTENT="It" WC="0.325" CC="49" />
            <SP ID="P9_SP00192" WIDTH="0" HPOS="0" VPOS="0" />
            <String ID="P9_S00214" HPOS="347" VPOS="1769" WIDTH="37" HEIGHT="42" STYLEREFS="StyleId-2" CONTENT="is" WC="1" CC="00" />
            <SP ID="P9_SP00193" WIDTH="0" HPOS="0" VPOS="0" />
            <String ID="P9_S00215" HPOS="403" VPOS="1766" WIDTH="209" HEIGHT="45" STYLEREFS="StyleId-2" CONTENT="recorded" WC="0.8125" CC="30025030" />
            <SP ID="P9_SP00194" WIDTH="0" HPOS="0" VPOS="0" />
            <String ID="P9_S00216" HPOS="634" VPOS="1764" WIDTH="46" HEIGHT="47" STYLEREFS="StyleId-2" CONTENT="of" WC="0.945" CC="01" />
            <SP ID="P9_SP00195" WIDTH="0" HPOS="0" VPOS="0" />
            <String ID="P9_S00217" HPOS="701" VPOS="1764" WIDTH="123" HEIGHT="47" STYLEREFS="StyleId-2" CONTENT="these" WC="0.858" CC="05010" />
            <SP ID="P9_SP00196" WIDTH="0" HPOS="0" VPOS="0" />
            <String ID="P9_S00218" HPOS="837" VPOS="1771" WIDTH="185" HEIGHT="40" STYLEREFS="StyleId-2" CONTENT="women," WC="0.928333342" CC="000040" />
            <SP ID="P9_SP00197" WIDTH="0" HPOS="0" VPOS="0" />
            <String ID="P9_S00219" HPOS="1039" VPOS="1758" WIDTH="96" HEIGHT="53" STYLEREFS="StyleId-2" CONTENT="that" WC="0.905" CC="0030" />
            <SP ID="P9_SP00198" WIDTH="0" HPOS="0" VPOS="0" />
            <String ID="P9_S00220" HPOS="1150" VPOS="1757" WIDTH="105" HEIGHT="54" STYLEREFS="StyleId-2" CONTENT="they" WC="0.995" CC="0000" />
            <SP ID="P9_SP00199" WIDTH="0" HPOS="0" VPOS="0" />
            <String ID="P9_S00221" HPOS="1270" VPOS="1753" WIDTH="145" HEIGHT="58" STYLEREFS="StyleId-2" CONTENT="feared" WC="0.985" CC="000000" />
            <SP ID="P9_SP00200" WIDTH="0" HPOS="0" VPOS="0" />
            <String ID="P9_S00222" HPOS="1431" VPOS="1752" WIDTH="114" HEIGHT="59" STYLEREFS="StyleId-2" CONTENT="God." WC="0.885" CC="2002" />
            <SP ID="P9_SP00201" WIDTH="0" HPOS="0" VPOS="0" />
            <String ID="P9_S00223" HPOS="1578" VPOS="1748" WIDTH="143" HEIGHT="63" STYLEREFS="StyleId-2" CONTENT="There" WC="0.952" CC="00020" />
          </TextLine>
          <TextLine ID="P9_TL00023" HPOS="199" VPOS="1831" WIDTH="1521" HEIGHT="35">
            <String ID="P9_S00224" HPOS="199" VPOS="1848" WIDTH="128" HEIGHT="34" STYLEREFS="StyleId-2" CONTENT="were," WC="0.744" CC="40160" />
            <SP ID="P9_SP00202" WIDTH="0" HPOS="0" VPOS="0" />
            <String ID="P9_S00225" HPOS="355" VPOS="1832" WIDTH="236" HEIGHT="50" STYLEREFS="StyleId-2" CONTENT="according" WC="0.813333333" CC="000000149" />
            <SP ID="P9_SP00203" WIDTH="0" HPOS="0" VPOS="0" />
            <String ID="P9_S00226" HPOS="612" VPOS="1835" WIDTH="46" HEIGHT="47" STYLEREFS="StyleId-2" CONTENT="to" WC="0.625" CC="07" />
            <SP ID="P9_SP00204" WIDTH="0" HPOS="0" VPOS="0" />
            <String ID="P9_S00227" HPOS="682" VPOS="1830" WIDTH="76" HEIGHT="52" STYLEREFS="StyleId-2" CONTENT="Dr." WC="0.683333337" CC="504" />
            <SP ID="P9_SP00205" WIDTH="0" HPOS="0" VPOS="0" />
            <String ID="P9_S00228" HPOS="784" VPOS="1826" WIDTH="146" HEIGHT="56" STYLEREFS="StyleId-2" CONTENT="Clark," WC="0.673333347" CC="5001101" />
            <SP ID="P9_SP00206" WIDTH="0" HPOS="0" VPOS="0" />
            <String ID="P9_S00229" HPOS="956" VPOS="1825" WIDTH="75" HEIGHT="57" STYLEREFS="StyleId-2" CONTENT="the" WC="0.9166667" CC="020" />
            <SP ID="P9_SP00207" WIDTH="0" HPOS="0" VPOS="0" />
            <String ID="P9_S00230" HPOS="1063" VPOS="1824" WIDTH="327" HEIGHT="58" STYLEREFS="StyleId-2" CONTENT="commentator," WC="0.8858333" CC="302000000140" />
            <SP ID="P9_SP00208" WIDTH="0" HPOS="0" VPOS="0" />
            <String ID="P9_S00231" HPOS="1416" VPOS="1818" WIDTH="83" HEIGHT="64" STYLEREFS="StyleId-2" CONTENT="five" WC="1" CC="0000" />
            <SP ID="P9_SP00209" WIDTH="0" HPOS="0" VPOS="0" />
            <String ID="P9_S00232" HPOS="1519" VPOS="1813" WIDTH="201" HEIGHT="69" STYLEREFS="StyleId-2" CONTENT="hundred" WC="0.714285731" CC="5770000" />
          </TextLine>
          <TextLine ID="P9_TL00024" HPOS="201" VPOS="1896" WIDTH="1515" HEIGHT="33">
            <String ID="P9_S00233" HPOS="202" VPOS="1915" WIDTH="49" HEIGHT="27" STYLEREFS="StyleId-2" CONTENT="or" WC="0.685" CC="05" />
            <SP ID="P9_SP00210" WIDTH="0" HPOS="0" VPOS="0" />
            <String ID="P9_S00234" HPOS="282" VPOS="1913" WIDTH="120" HEIGHT="29" STYLEREFS="StyleId-2" CONTENT="more" WC="0.96" CC="0010" />
            <SP ID="P9_SP00211" WIDTH="0" HPOS="0" VPOS="0" />
            <String ID="P9_S00235" HPOS="437" VPOS="1898" WIDTH="191" HEIGHT="44" STYLEREFS="StyleId-2" CONTENT="Hebrew" WC="0.798333347" CC="000317" />
            <SP ID="P9_SP00212" WIDTH="0" HPOS="0" VPOS="0" />
            <String ID="P9_S00236" HPOS="662" VPOS="1905" WIDTH="172" HEIGHT="37" STYLEREFS="StyleId-2" CONTENT="women" WC="0.536" CC="05746" />
            <SP ID="P9_SP00213" WIDTH="0" HPOS="0" VPOS="0" />
            <String ID="P9_S00237" HPOS="855" VPOS="1888" WIDTH="304" HEIGHT="54" STYLEREFS="StyleId-2" CONTENT="obstetricians" WC="0.9" CC="0000000504020" />
            <SP ID="P9_SP00214" WIDTH="0" HPOS="0" VPOS="0" />
            <String ID="P9_S00238" HPOS="1180" VPOS="1886" WIDTH="45" HEIGHT="56" STYLEREFS="StyleId-2" CONTENT="in" WC="0.52" CC="54" />
            <SP ID="P9_SP00215" WIDTH="0" HPOS="0" VPOS="0" />
            <String ID="P9_S00239" HPOS="1246" VPOS="1885" WIDTH="150" HEIGHT="57" STYLEREFS="StyleId-2" CONTENT="Egypt" WC="0.782" CC="70003" />
            <SP ID="P9_SP00216" WIDTH="0" HPOS="0" VPOS="0" />
            <String ID="P9_S00240" HPOS="1417" VPOS="1887" WIDTH="44" HEIGHT="55" STYLEREFS="StyleId-2" CONTENT="at" WC="1" CC="00" />
            <SP ID="P9_SP00217" WIDTH="0" HPOS="0" VPOS="0" />
            <String ID="P9_S00241" HPOS="1481" VPOS="1883" WIDTH="96" HEIGHT="59" STYLEREFS="StyleId-2" CONTENT="that" WC="0.55" CC="3490" />
            <SP ID="P9_SP00218" WIDTH="0" HPOS="0" VPOS="0" />
            <String ID="P9_S00242" HPOS="1597" VPOS="1879" WIDTH="119" HEIGHT="63" STYLEREFS="StyleId-2" CONTENT="time," WC="0.71" CC="34600" />
          </TextLine>
          <TextLine ID="P9_TL00025" HPOS="200" VPOS="1962" WIDTH="1519" HEIGHT="35">
            <String ID="P9_S00243" HPOS="200" VPOS="1966" WIDTH="219" HEIGHT="47" STYLEREFS="StyleId-2" CONTENT="although" WC="0.4575" CC="650716106" />
            <SP ID="P9_SP00219" WIDTH="0" HPOS="0" VPOS="0" />
            <String ID="P9_S00244" HPOS="439" VPOS="1964" WIDTH="77" HEIGHT="49" STYLEREFS="StyleId-2" CONTENT="the" WC="0.75666666" CC="007" />
            <SP ID="P9_SP00220" WIDTH="0" HPOS="0" VPOS="0" />
            <String ID="P9_S00245" HPOS="529" VPOS="1972" WIDTH="150" HEIGHT="41" STYLEREFS="StyleId-2" CONTENT="names" WC="0.7" CC="54500" />
            <SP ID="P9_SP00221" WIDTH="0" HPOS="0" VPOS="0" />
            <String ID="P9_S00246" HPOS="699" VPOS="1959" WIDTH="58" HEIGHT="54" STYLEREFS="StyleId-2" CONTENT="of." WC="0.66" CC="243" />
            <SP ID="P9_SP00222" WIDTH="0" HPOS="0" VPOS="0" />
            <String ID="P9_S00247" HPOS="766" VPOS="1959" WIDTH="107" HEIGHT="54" STYLEREFS="StyleId-2" CONTENT="only" WC="0.74" CC="0360" />
            <SP ID="P9_SP00223" WIDTH="0" HPOS="0" VPOS="0" />
            <String ID="P9_S00248" HPOS="892" VPOS="1962" WIDTH="87" HEIGHT="51" STYLEREFS="StyleId-2" CONTENT="two" WC="0.723333359" CC="800" />
            <SP ID="P9_SP00224" WIDTH="0" HPOS="0" VPOS="0" />
            <String ID="P9_S00249" HPOS="999" VPOS="1955" WIDTH="112" HEIGHT="58" STYLEREFS="StyleId-2" CONTENT="have" WC="0.9425" CC="0002" />
            <SP ID="P9_SP00225" WIDTH="0" HPOS="0" VPOS="0" />
            <String ID="P9_S00250" HPOS="1122" VPOS="1952" WIDTH="108" HEIGHT="61" STYLEREFS="StyleId-2" CONTENT="been" WC="0.68" CC="1307" />
            <SP ID="P9_SP00226" WIDTH="0" HPOS="0" VPOS="0" />
            <String ID="P9_S00251" HPOS="1252" VPOS="1948" WIDTH="172" HEIGHT="65" STYLEREFS="StyleId-2" CONTENT="handed" WC="0.571666658" CC="799000" />
            <SP ID="P9_SP00227" WIDTH="0" HPOS="0" VPOS="0" />
            <String ID="P9_S00252" HPOS="1440" VPOS="1948" WIDTH="129" HEIGHT="65" STYLEREFS="StyleId-2" CONTENT="down" WC="0.785" CC="0404" />
            <SP ID="P9_SP00228" WIDTH="0" HPOS="0" VPOS="0" />
            <String ID="P9_S00253" HPOS="1588" VPOS="1951" WIDTH="47" HEIGHT="62" STYLEREFS="StyleId-2" CONTENT="to" WC="0.7" CC="60" />
            <SP ID="P9_SP00229" WIDTH="0" HPOS="0" VPOS="0" />
            <String ID="P9_S00254" HPOS="1652" VPOS="1955" WIDTH="67" HEIGHT="58" STYLEREFS="StyleId-2" CONTENT="us," WC="0.6066667" CC="803" />
          </TextLine>
          <TextLine ID="P9_TL00026" HPOS="199" VPOS="2027" WIDTH="1518" HEIGHT="37">
            <String ID="P9_S00255" HPOS="199" VPOS="2032" WIDTH="241" HEIGHT="49" STYLEREFS="StyleId-2" CONTENT="Shiphrah," WC="0.784444451" CC="520810001" />
            <SP ID="P9_SP00230" WIDTH="0" HPOS="0" VPOS="0" />
            <String ID="P9_S00256" HPOS="468" VPOS="2028" WIDTH="85" HEIGHT="53" STYLEREFS="StyleId-2" CONTENT="and" WC="0.783333361" CC="060" />
            <SP ID="P9_SP00231" WIDTH="0" HPOS="0" VPOS="0" />
            <String ID="P9_S00257" HPOS="577" VPOS="2027" WIDTH="141" HEIGHT="54" STYLEREFS="StyleId-2" CONTENT="Puah." WC="0.608" CC="40077" />
            <SP ID="P9_SP00232" WIDTH="0" HPOS="0" VPOS="0" />
            <String ID="P9_S00258" HPOS="741" VPOS="2062" WIDTH="5" HEIGHT="19" STYLEREFS="StyleId-2" CONTENT="." WC="0.93" CC="0" />
            <SP ID="P9_SP00233" WIDTH="0" HPOS="0" VPOS="0" />
            <String ID="P9_S00259" HPOS="779" VPOS="2021" WIDTH="143" HEIGHT="60" STYLEREFS="StyleId-2" CONTENT="These" WC="0.618" CC="06029" />
            <SP ID="P9_SP00234" WIDTH="0" HPOS="0" VPOS="0" />
            <String ID="P9_S00260" HPOS="935" VPOS="2031" WIDTH="169" HEIGHT="50" STYLEREFS="StyleId-2" CONTENT="women" WC="0.832" CC="02103" />
            <SP ID="P9_SP00235" WIDTH="0" HPOS="0" VPOS="0" />
            <String ID="P9_S00261" HPOS="1125" VPOS="2017" WIDTH="58" HEIGHT="64" STYLEREFS="StyleId-2" CONTENT="all" WC="1" CC="000" />
            <SP ID="P9_SP00236" WIDTH="0" HPOS="0" VPOS="0" />
            <String ID="P9_S00262" HPOS="1205" VPOS="2016" WIDTH="144" HEIGHT="65" STYLEREFS="StyleId-2" CONTENT="feared" WC="0.956666648" CC="200000" />
            <SP ID="P9_SP00237" WIDTH="0" HPOS="0" VPOS="0" />
            <String ID="P9_S00263" HPOS="1366" VPOS="2013" WIDTH="126" HEIGHT="68" STYLEREFS="StyleId-2" CONTENT="Godv" WC="0.3175" CC="601010" />
            <SP ID="P9_SP00238" WIDTH="0" HPOS="0" VPOS="0" />
            <String ID="P9_S00264" HPOS="1507" VPOS="2011" WIDTH="85" HEIGHT="70" STYLEREFS="StyleId-2" CONTENT="and" WC="0.7633333" CC="070" />
            <SP ID="P9_SP00239" WIDTH="0" HPOS="0" VPOS="0" />
            <String ID="P9_S00265" HPOS="1614" VPOS="2009" WIDTH="103" HEIGHT="72" STYLEREFS="StyleId-2" CONTENT="held" WC="0.7975" CC="7001" />
          </TextLine>
          <TextLine ID="P9_TL00027" HPOS="202" VPOS="2091" WIDTH="1522" HEIGHT="37">
            <String ID="P9_S00266" HPOS="202" VPOS="2097" WIDTH="264" HEIGHT="42" STYLEREFS="StyleId-2" CONTENT="themselves" WC="0.797" CC="2900001006" />
            <SP ID="P9_SP00240" WIDTH="0" HPOS="0" VPOS="0" />
            <String ID="P9_S00267" HPOS="488" VPOS="2091" WIDTH="270" HEIGHT="50" STYLEREFS="StyleId-2" CONTENT="responsible" WC="0.882727265" CC="60000030030" />
            <SP ID="P9_SP00241" WIDTH="0" HPOS="0" VPOS="0" />
            <String ID="P9_S00268" HPOS="779" VPOS="2095" WIDTH="45" HEIGHT="46" STYLEREFS="StyleId-2" CONTENT="to" WC="1" CC="00" />
            <SP ID="P9_SP00242" WIDTH="0" HPOS="0" VPOS="0" />
            <String ID="P9_S00269" HPOS="847" VPOS="2087" WIDTH="106" HEIGHT="54" STYLEREFS="StyleId-2" CONTENT="Him" WC="0.86" CC="400" />
            <SP ID="P9_SP00243" WIDTH="0" HPOS="0" VPOS="0" />
            <String ID="P9_S00270" HPOS="990" VPOS="2085" WIDTH="45" HEIGHT="56" STYLEREFS="StyleId-2" CONTENT="in" WC="0.705" CC="23" />
            <SP ID="P9_SP00244" WIDTH="0" HPOS="0" VPOS="0" />
            <String ID="P9_S00271" HPOS="1076" VPOS="2084" WIDTH="75" HEIGHT="57" STYLEREFS="StyleId-2" CONTENT="the" WC="1" CC="000" />
            <SP ID="P9_SP00245" WIDTH="0" HPOS="0" VPOS="0" />
            <String ID="P9_S00272" HPOS="1191" VPOS="2079" WIDTH="179" HEIGHT="62" STYLEREFS="StyleId-2" CONTENT="faithful" WC="0.77875" CC="05000460" />
            <SP ID="P9_SP00246" WIDTH="0" HPOS="0" VPOS="0" />
            <String ID="P9_S00273" HPOS="1410" VPOS="2078" WIDTH="228" HEIGHT="63" STYLEREFS="StyleId-2" CONTENT="discharge" WC="0.6988889" CC="0000970100" />
            <SP ID="P9_SP00247" WIDTH="0" HPOS="0" VPOS="0" />
            <String ID="P9_S00274" HPOS="1678" VPOS="2073" WIDTH="46" HEIGHT="68" STYLEREFS="StyleId-2" CONTENT="of" WC="0.675" CC="06" />
          </TextLine>
          <TextLine ID="P9_TL00028" HPOS="202" VPOS="2157" WIDTH="1525" HEIGHT="37">
            <String ID="P9_S00275" HPOS="203" VPOS="2164" WIDTH="115" HEIGHT="41" STYLEREFS="StyleId-2" CONTENT="their" WC="0.768" CC="56000" />
            <SP ID="P9_SP00248" WIDTH="0" HPOS="0" VPOS="0" />
            <String ID="P9_S00276" HPOS="339" VPOS="2164" WIDTH="113" HEIGHT="45" STYLEREFS="StyleId-2" CONTENT="duty" WC="0.43" CC="6708" />
            <SP ID="P9_SP00249" WIDTH="0" HPOS="0" VPOS="0" />
            <String ID="P9_S00277" HPOS="468" VPOS="2166" WIDTH="46" HEIGHT="43" STYLEREFS="StyleId-2" CONTENT="to" WC="1" CC="00" />
            <SP ID="P9_SP00250" WIDTH="0" HPOS="0" VPOS="0" />
            <String ID="P9_S00278" HPOS="535" VPOS="2158" WIDTH="115" HEIGHT="51" STYLEREFS="StyleId-2" CONTENT="their" WC="0.804" CC="06030" />
            <SP ID="P9_SP00251" WIDTH="0" HPOS="0" VPOS="0" />
            <String ID="P9_S00279" HPOS="674" VPOS="2155" WIDTH="205" HEIGHT="54" STYLEREFS="StyleId-2" CONTENT="patients." WC="0.7633333" CC="000506504" />
            <SP ID="P9_SP00252" WIDTH="0" HPOS="0" VPOS="0" />
            <String ID="P9_S00280" HPOS="938" VPOS="2149" WIDTH="145" HEIGHT="60" STYLEREFS="StyleId-2" CONTENT="These" WC="0.96" CC="02000" />
            <SP ID="P9_SP00253" WIDTH="0" HPOS="0" VPOS="0" />
            <String ID="P9_S00281" HPOS="1099" VPOS="2159" WIDTH="170" HEIGHT="50" STYLEREFS="StyleId-2" CONTENT="women" WC="0.716" CC="30504" />
            <SP ID="P9_SP00254" WIDTH="0" HPOS="0" VPOS="0" />
            <String ID="P9_S00282" HPOS="1291" VPOS="2145" WIDTH="144" HEIGHT="64" STYLEREFS="StyleId-2" CONTENT="feared" WC="0.761666656" CC="445000" />
            <SP ID="P9_SP00255" WIDTH="0" HPOS="0" VPOS="0" />
            <String ID="P9_S00283" HPOS="1456" VPOS="2141" WIDTH="102" HEIGHT="68" STYLEREFS="StyleId-2" CONTENT="God" WC="0.50333333" CC="086" />
            <SP ID="P9_SP00256" WIDTH="0" HPOS="0" VPOS="0" />
            <String ID="P9_S00284" HPOS="1565" VPOS="2140" WIDTH="162" HEIGHT="69" STYLEREFS="StyleId-2" CONTENT="/rather" WC="0.22" CC="8877887" />
          </TextLine>
          <TextLine ID="P9_TL00029" HPOS="201" VPOS="2222" WIDTH="1527" HEIGHT="36">
            <String ID="P9_S00285" HPOS="201" VPOS="2231" WIDTH="109" HEIGHT="39" STYLEREFS="StyleId-2" CONTENT="than" WC="0.5525" CC="0556" />
            <SP ID="P9_SP00257" WIDTH="0" HPOS="0" VPOS="0" />
            <String ID="P9_S00286" HPOS="332" VPOS="2240" WIDTH="118" HEIGHT="33" STYLEREFS="StyleId-2" CONTENT="man," WC="0.6725" CC="3152" />
            <SP ID="P9_SP00258" WIDTH="0" HPOS="0" VPOS="0" />
            <String ID="P9_S00287" HPOS="476" VPOS="2223" WIDTH="217" HEIGHT="50" STYLEREFS="StyleId-2" CONTENT="although" WC="0.38" CC="957627100" />
            <SP ID="P9_SP00259" WIDTH="0" HPOS="0" VPOS="0" />
            <String ID="P9_S00288" HPOS="715" VPOS="2221" WIDTH="96" HEIGHT="52" STYLEREFS="StyleId-2" CONTENT="that" WC="0.8425" CC="0060" />
            <SP ID="P9_SP00260" WIDTH="0" HPOS="0" VPOS="0" />
            <String ID="P9_S00289" HPOS="846" VPOS="2230" WIDTH="100" HEIGHT="43" STYLEREFS="StyleId-2" CONTENT="man" WC="0.62" CC="505" />
            <SP ID="P9_SP00261" WIDTH="0" HPOS="0" VPOS="0" />
            <String ID="P9_S00290" HPOS="969" VPOS="2227" WIDTH="89" HEIGHT="46" STYLEREFS="StyleId-2" CONTENT="was" WC="0.6533333" CC="900" />
            <SP ID="P9_SP00262" WIDTH="0" HPOS="0" VPOS="0" />
            <String ID="P9_S00291" HPOS="1077" VPOS="2228" WIDTH="25" HEIGHT="45" STYLEREFS="StyleId-2" CONTENT="a" WC="1" CC="0" />
            <SP ID="P9_SP00263" WIDTH="0" HPOS="0" VPOS="0" />
            <String ID="P9_S00292" HPOS="1122" VPOS="2212" WIDTH="125" HEIGHT="61" STYLEREFS="StyleId-2" CONTENT="king." WC="0.414" CC="840106" />
            <SP ID="P9_SP00264" WIDTH="0" HPOS="0" VPOS="0" />
            <String ID="P9_S00293" HPOS="1308" VPOS="2209" WIDTH="74" HEIGHT="64" STYLEREFS="StyleId-2" CONTENT="All" WC="0.673333347" CC="180" />
            <SP ID="P9_SP00265" WIDTH="0" HPOS="0" VPOS="0" />
            <String ID="P9_S00294" HPOS="1392" VPOS="2209" WIDTH="125" HEIGHT="64" STYLEREFS="StyleId-2" CONTENT="those" WC="0.872" CC="00113" />
            <SP ID="P9_SP00266" WIDTH="0" HPOS="0" VPOS="0" />
            <String ID="P9_S00295" HPOS="1536" VPOS="2206" WIDTH="100" HEIGHT="67" STYLEREFS="StyleId-2" CONTENT="who" WC="0.42" CC="1007" />
            <SP ID="P9_SP00267" WIDTH="0" HPOS="0" VPOS="0" />
            <String ID="P9_S00296" HPOS="1651" VPOS="2217" WIDTH="77" HEIGHT="56" STYLEREFS="StyleId-2" CONTENT="are" WC="0.486666679" CC="1040" />
          </TextLine>
          <TextLine ID="P9_TL00030" HPOS="200" VPOS="2288" WIDTH="1526" HEIGHT="36">
            <String ID="P9_S00297" HPOS="200" VPOS="2294" WIDTH="191" HEIGHT="42" STYLEREFS="StyleId-2" CONTENT="familiar" WC="0.59625" CC="57361043" />
            <SP ID="P9_SP00268" WIDTH="0" HPOS="0" VPOS="0" />
            <String ID="P9_S00298" HPOS="413" VPOS="2292" WIDTH="109" HEIGHT="44" STYLEREFS="StyleId-2" CONTENT="with" WC="0.525" CC="10206" />
            <SP ID="P9_SP00269" WIDTH="0" HPOS="0" VPOS="0" />
            <String ID="P9_S00299" HPOS="543" VPOS="2289" WIDTH="90" HEIGHT="47" STYLEREFS="StyleId-2" CONTENT="this" WC="0.7225" CC="0604" />
            <SP ID="P9_SP00270" WIDTH="0" HPOS="0" VPOS="0" />
            <String ID="P9_S00300" HPOS="654" VPOS="2285" WIDTH="174" HEIGHT="51" STYLEREFS="StyleId-2" CONTENT="portion" WC="0.8814286" CC="0000007" />
            <SP ID="P9_SP00271" WIDTH="0" HPOS="0" VPOS="0" />
            <String ID="P9_S00301" HPOS="850" VPOS="2283" WIDTH="47" HEIGHT="53" STYLEREFS="StyleId-2" CONTENT="of" WC="0.725" CC="05" />
            <SP ID="P9_SP00272" WIDTH="0" HPOS="0" VPOS="0" />
            <String ID="P9_S00302" HPOS="930" VPOS="2283" WIDTH="75" HEIGHT="53" STYLEREFS="StyleId-2" CONTENT="the" WC="0.566666663" CC="057" />
            <SP ID="P9_SP00273" WIDTH="0" HPOS="0" VPOS="0" />
            <String ID="P9_S00303" HPOS="1019" VPOS="2278" WIDTH="265" HEIGHT="58" STYLEREFS="StyleId-2" CONTENT="Scriptures," WC="0.894545436" CC="50010030000" />
            <SP ID="P9_SP00274" WIDTH="0" HPOS="0" VPOS="0" />
            <String ID="P9_S00304" HPOS="1309" VPOS="2276" WIDTH="132" HEIGHT="60" STYLEREFS="StyleId-2" CONTENT="know" WC="0.3125" CC="46610" />
            <SP ID="P9_SP00275" WIDTH="0" HPOS="0" VPOS="0" />
            <String ID="P9_S00305" HPOS="1462" VPOS="2274" WIDTH="75" HEIGHT="62" STYLEREFS="StyleId-2" CONTENT="the" WC="0.7733333" CC="060" />
            <SP ID="P9_SP00276" WIDTH="0" HPOS="0" VPOS="0" />
            <String ID="P9_S00306" HPOS="1566" VPOS="2271" WIDTH="160" HEIGHT="65" STYLEREFS="StyleId-2" CONTENT="results" WC="0.52" CC="0175872" />
          </TextLine>
          <TextLine ID="P9_TL00031" HPOS="202" VPOS="2356" WIDTH="1027" HEIGHT="36">
            <String ID="P9_S00307" HPOS="202" VPOS="2362" WIDTH="48" HEIGHT="40" STYLEREFS="StyleId-2" CONTENT="of" WC="0.54" CC="35" />
            <SP ID="P9_SP00277" WIDTH="0" HPOS="0" VPOS="0" />
            <String ID="P9_S00308" HPOS="270" VPOS="2362" WIDTH="76" HEIGHT="40" STYLEREFS="StyleId-2" CONTENT="the" WC="0.9866667" CC="000" />
            <SP ID="P9_SP00278" WIDTH="0" HPOS="0" VPOS="0" />
            <String ID="P9_S00309" HPOS="366" VPOS="2358" WIDTH="124" HEIGHT="44" STYLEREFS="StyleId-2" CONTENT="work" WC="0.5725" CC="9223" />
            <SP ID="P9_SP00279" WIDTH="0" HPOS="0" VPOS="0" />
            <String ID="P9_S00310" HPOS="511" VPOS="2355" WIDTH="47" HEIGHT="47" STYLEREFS="StyleId-2" CONTENT="of" WC="0.785" CC="04" />
            <SP ID="P9_SP00280" WIDTH="0" HPOS="0" VPOS="0" />
            <String ID="P9_S00311" HPOS="577" VPOS="2356" WIDTH="124" HEIGHT="46" STYLEREFS="StyleId-2" CONTENT="these" WC="0.794" CC="04005" />
            <SP ID="P9_SP00281" WIDTH="0" HPOS="0" VPOS="0" />
            <String ID="P9_S00312" HPOS="730" VPOS="2347" WIDTH="293" HEIGHT="55" STYLEREFS="StyleId-2" CONTENT="God-fearing" WC="0.7409091" CC="010052700110" />
            <SP ID="P9_SP00282" WIDTH="0" HPOS="0" VPOS="0" />
            <String ID="P9_S00313" HPOS="1043" VPOS="2356" WIDTH="186" HEIGHT="46" STYLEREFS="StyleId-2" CONTENT="women." WC="0.728333354" CC="800403" />
          </TextLine>
          <TextLine ID="P9_TL00032" HPOS="963" VPOS="2436" WIDTH="22" HEIGHT="40">
            <String ID="P9_S00314" HPOS="963" VPOS="2436" WIDTH="22" HEIGHT="40" STYLEREFS="StyleId-3" CONTENT="7" WC="1" CC="0" />
          </TextLine>
        </TextBlock>
      </PrintSpace>
    </Page>
  </Layout>
</alto>