<?xml version="1.0" encoding="utf-8"?>
<alto xmlns:xlink="http://www.w3.org/1999/xlink" xmlns:xsi="http://www.w3.org/2001/XMLSchema-instance" xsi:schemaLocation="http://www.loc.gov/standards/alto/ns-v2# http://www.loc.gov/standards/alto/alto-v2.0.xsd" xmlns="http://www.loc.gov/standards/alto/ns-v2#">
  <Description>
    <MeasurementUnit>pixel</MeasurementUnit>
    <sourceImageInformation>
      <fileName>0000006.tif</fileName>
    </sourceImageInformation>
    <OCRProcessing ID="Processing">
      <ocrProcessingStep>
        <processingStepSettings>Image Resolution:400</processingStepSettings>
        <processingSoftware>
          <softwareCreator>I2S Kirtas</softwareCreator>
          <softwareName>Limb</softwareName>
          <softwareVersion>1.0</softwareVersion>
          <applicationDescription>Abbyy10 OCR Engine</applicationDescription>
        </processingSoftware>
      </ocrProcessingStep>
    </OCRProcessing>
  </Description>
  <Styles>
    <TextStyle ID="StyleId-0" FONTSIZE="8" FONTFAMILY="Times New Roman" />
    <TextStyle ID="StyleId-1" FONTSIZE="9" FONTFAMILY="Times New Roman" />
  </Styles>
  <Layout>
    <Page ID="P6" PHYSICAL_IMG_NR="6" HEIGHT="2800" WIDTH="1900" ACCURACY="0.817862034" QUALITY_DETAIL="314 words, 1588 chars, 1311 with recognition greater than 50% (82.56%)">
      <TopMargin ID="P6_TM00001" HPOS="0" VPOS="0" WIDTH="1900" HEIGHT="261" />
      <LeftMargin ID="P6_LM00001" HPOS="0" VPOS="261" WIDTH="183" HEIGHT="2281" />
      <RightMargin ID="P6_RM00001" HPOS="1721" VPOS="261" WIDTH="179" HEIGHT="2281" />
      <BottomMargin ID="P6_BM00001" HPOS="0" VPOS="2542" WIDTH="1900" HEIGHT="258" />
      <PrintSpace ID="P6_PS00001" HPOS="183" VPOS="261" WIDTH="1538" HEIGHT="2281">
        <TextBlock ID="P6_TB00001" HPOS="185" VPOS="269" WIDTH="37" HEIGHT="48">
          <TextLine ID="P6_TL00001" HPOS="193" VPOS="277" WIDTH="21" HEIGHT="32">
            <String ID="P6_S00001" HPOS="193" VPOS="277" WIDTH="21" HEIGHT="32" STYLEREFS="StyleId-0" CONTENT="4" WC="0.52" CC="4" />
          </TextLine>
        </TextBlock>
        <TextBlock ID="P6_TB00002" HPOS="662" VPOS="261" WIDTH="570" HEIGHT="54">
          <TextLine ID="P6_TL00002" HPOS="670" VPOS="269" WIDTH="554" HEIGHT="38">
            <String ID="P6_S00002" HPOS="670" VPOS="272" WIDTH="200" HEIGHT="35" STYLEREFS="StyleId-0" CONTENT="WOMAN" WC="0.908" CC="04000" />
            <SP ID="P6_SP00001" WIDTH="0" HPOS="0" VPOS="0" />
            <String ID="P6_S00003" HPOS="891" VPOS="271" WIDTH="55" HEIGHT="36" STYLEREFS="StyleId-0" CONTENT="IN" WC="0.87" CC="02" />
            <SP ID="P6_SP00002" WIDTH="0" HPOS="0" VPOS="0" />
            <String ID="P6_S00004" HPOS="967" VPOS="269" WIDTH="257" HEIGHT="38" STYLEREFS="StyleId-0" CONTENT="MEDICINE" WC="0.92" CC="00060000" />
          </TextLine>
        </TextBlock>
        <TextBlock ID="P6_TB00003" HPOS="183" VPOS="379" WIDTH="1538" HEIGHT="2163">
          <TextLine ID="P6_TL00003" HPOS="194" VPOS="387" WIDTH="1519" HEIGHT="51">
            <String ID="P6_S00005" HPOS="194" VPOS="394" WIDTH="127" HEIGHT="44" STYLEREFS="StyleId-1" CONTENT="Upon" WC="0.9375" CC="0101" />
            <SP ID="P6_SP00003" WIDTH="0" HPOS="0" VPOS="0" />
            <String ID="P6_S00006" HPOS="345" VPOS="390" WIDTH="166" HEIGHT="48" STYLEREFS="StyleId-1" CONTENT="family," WC="0.6957143" CC="4066003" />
            <SP ID="P6_SP00004" WIDTH="0" HPOS="0" VPOS="0" />
            <String ID="P6_S00007" HPOS="558" VPOS="390" WIDTH="179" HEIGHT="48" STYLEREFS="StyleId-1" CONTENT="friends," WC="0.76375" CC="30108320" />
            <SP ID="P6_SP00005" WIDTH="0" HPOS="0" VPOS="0" />
            <String ID="P6_S00008" HPOS="767" VPOS="389" WIDTH="190" HEIGHT="49" STYLEREFS="StyleId-1" CONTENT="resident" WC="0.74125" CC="00421075" />
            <SP ID="P6_SP00006" WIDTH="0" HPOS="0" VPOS="0" />
            <String ID="P6_S00009" HPOS="992" VPOS="387" WIDTH="226" HEIGHT="51" STYLEREFS="StyleId-1" CONTENT="localities," WC="0.8181818" CC="21005404001" />
            <SP ID="P6_SP00007" WIDTH="0" HPOS="0" VPOS="0" />
            <String ID="P6_S00010" HPOS="1259" VPOS="397" WIDTH="79" HEIGHT="41" STYLEREFS="StyleId-1" CONTENT="our" WC="0.69" CC="053" />
            <SP ID="P6_SP00008" WIDTH="0" HPOS="0" VPOS="0" />
            <String ID="P6_S00011" HPOS="1391" VPOS="395" WIDTH="170" HEIGHT="43" STYLEREFS="StyleId-1" CONTENT="women" WC="0.78" CC="00505" />
            <SP ID="P6_SP00009" WIDTH="0" HPOS="0" VPOS="0" />
            <String ID="P6_S00012" HPOS="1596" VPOS="396" WIDTH="117" HEIGHT="42" STYLEREFS="StyleId-1" CONTENT="espe¬" WC="0.958" CC="01000" />
          </TextLine>
          <TextLine ID="P6_TL00004" HPOS="196" VPOS="450" WIDTH="1513" HEIGHT="54">
            <String ID="P6_S00013" HPOS="196" VPOS="459" WIDTH="143" HEIGHT="45" STYLEREFS="StyleId-1" CONTENT="cially," WC="0.7057143" CC="0206352" />
            <SP ID="P6_SP00010" WIDTH="0" HPOS="0" VPOS="0" />
            <String ID="P6_S00014" HPOS="357" VPOS="470" WIDTH="168" HEIGHT="34" STYLEREFS="StyleId-1" CONTENT="women" WC="0.768" CC="40700" />
            <SP ID="P6_SP00011" WIDTH="0" HPOS="0" VPOS="0" />
            <String ID="P6_S00015" HPOS="549" VPOS="457" WIDTH="42" HEIGHT="47" STYLEREFS="StyleId-1" CONTENT="in" WC="0.57" CC="26" />
            <SP ID="P6_SP00012" WIDTH="0" HPOS="0" VPOS="0" />
            <String ID="P6_S00016" HPOS="608" VPOS="455" WIDTH="372" HEIGHT="49" STYLEREFS="StyleId-1" CONTENT="general,—they," WC="0.795714259" CC="70005000906000" />
            <SP ID="P6_SP00013" WIDTH="0" HPOS="0" VPOS="0" />
            <String ID="P6_S00017" HPOS="1007" VPOS="454" WIDTH="81" HEIGHT="50" STYLEREFS="StyleId-1" CONTENT="and" WC="0.89" CC="003" />
            <SP ID="P6_SP00014" WIDTH="0" HPOS="0" VPOS="0" />
            <String ID="P6_S00018" HPOS="1113" VPOS="454" WIDTH="124" HEIGHT="50" STYLEREFS="StyleId-1" CONTENT="those" WC="0.86" CC="07000" />
            <SP ID="P6_SP00015" WIDTH="0" HPOS="0" VPOS="0" />
            <String ID="P6_S00019" HPOS="1255" VPOS="452" WIDTH="88" HEIGHT="52" STYLEREFS="StyleId-1" CONTENT="like" WC="0.585" CC="4570" />
            <SP ID="P6_SP00016" WIDTH="0" HPOS="0" VPOS="0" />
            <String ID="P6_S00020" HPOS="1357" VPOS="452" WIDTH="116" HEIGHT="52" STYLEREFS="StyleId-1" CONTENT="them" WC="0.9175" CC="0300" />
            <SP ID="P6_SP00017" WIDTH="0" HPOS="0" VPOS="0" />
            <String ID="P6_S00021" HPOS="1494" VPOS="450" WIDTH="150" HEIGHT="54" STYLEREFS="StyleId-1" CONTENT="confer" WC="0.88" CC="030300" />
            <SP ID="P6_SP00018" WIDTH="0" HPOS="0" VPOS="0" />
            <String ID="P6_S00022" HPOS="1658" VPOS="463" WIDTH="51" HEIGHT="41" STYLEREFS="StyleId-1" CONTENT="an" WC="0.29" CC="76" />
          </TextLine>
          <TextLine ID="P6_TL00005" HPOS="193" VPOS="517" WIDTH="1200" HEIGHT="51">
            <String ID="P6_S00023" HPOS="193" VPOS="525" WIDTH="137" HEIGHT="36" STYLEREFS="StyleId-1" CONTENT="honor" WC="0.594" CC="70705" />
            <SP ID="P6_SP00019" WIDTH="0" HPOS="0" VPOS="0" />
            <String ID="P6_S00024" HPOS="353" VPOS="523" WIDTH="162" HEIGHT="45" STYLEREFS="StyleId-1" CONTENT="lasting" WC="0.482857138" CC="4465157" />
            <SP ID="P6_SP00020" WIDTH="0" HPOS="0" VPOS="0" />
            <String ID="P6_S00025" HPOS="538" VPOS="523" WIDTH="83" HEIGHT="45" STYLEREFS="StyleId-1" CONTENT="and" WC="1" CC="000" />
            <SP ID="P6_SP00021" WIDTH="0" HPOS="0" VPOS="0" />
            <String ID="P6_S00026" HPOS="644" VPOS="526" WIDTH="112" HEIGHT="42" STYLEREFS="StyleId-1" CONTENT="most" WC="0.8275" CC="0060" />
            <SP ID="P6_SP00022" WIDTH="0" HPOS="0" VPOS="0" />
            <String ID="P6_S00027" HPOS="779" VPOS="520" WIDTH="154" HEIGHT="48" STYLEREFS="StyleId-1" CONTENT="highly" WC="0.936666667" CC="030000" />
            <SP ID="P6_SP00023" WIDTH="0" HPOS="0" VPOS="0" />
            <String ID="P6_S00028" HPOS="954" VPOS="525" WIDTH="44" HEIGHT="43" STYLEREFS="StyleId-1" CONTENT="to" WC="0.915" CC="10" />
            <SP ID="P6_SP00024" WIDTH="0" HPOS="0" VPOS="0" />
            <String ID="P6_S00029" HPOS="1029" VPOS="520" WIDTH="52" HEIGHT="48" STYLEREFS="StyleId-1" CONTENT="be" WC="0.92" CC="01" />
            <SP ID="P6_SP00025" WIDTH="0" HPOS="0" VPOS="0" />
            <String ID="P6_S00030" HPOS="1103" VPOS="517" WIDTH="290" HEIGHT="51" STYLEREFS="StyleId-1" CONTENT="appreciated." WC="0.92" CC="003400100000" />
          </TextLine>
          <TextLine ID="P6_TL00006" HPOS="275" VPOS="583" WIDTH="1435" HEIGHT="48">
            <String ID="P6_S00031" HPOS="275" VPOS="590" WIDTH="117" HEIGHT="37" STYLEREFS="StyleId-1" CONTENT="Such" WC="0.605" CC="0806" />
            <SP ID="P6_SP00026" WIDTH="0" HPOS="0" VPOS="0" />
            <String ID="P6_S00032" HPOS="416" VPOS="601" WIDTH="164" HEIGHT="26" STYLEREFS="StyleId-1" CONTENT="women" WC="0.74" CC="00606" />
            <SP ID="P6_SP00027" WIDTH="0" HPOS="0" VPOS="0" />
            <String ID="P6_S00033" HPOS="605" VPOS="592" WIDTH="252" HEIGHT="35" STYLEREFS="StyleId-1" CONTENT="accentuate" WC="0.924" CC="4000002000" />
            <SP ID="P6_SP00028" WIDTH="0" HPOS="0" VPOS="0" />
            <String ID="P6_S00034" HPOS="879" VPOS="588" WIDTH="73" HEIGHT="39" STYLEREFS="StyleId-1" CONTENT="the" WC="0.7966667" CC="060" />
            <SP ID="P6_SP00029" WIDTH="0" HPOS="0" VPOS="0" />
            <String ID="P6_S00035" HPOS="994" VPOS="597" WIDTH="158" HEIGHT="34" STYLEREFS="StyleId-1" CONTENT="power," WC="0.95" CC="000003" />
            <SP ID="P6_SP00030" WIDTH="0" HPOS="0" VPOS="0" />
            <String ID="P6_S00036" HPOS="1178" VPOS="585" WIDTH="76" HEIGHT="46" STYLEREFS="StyleId-1" CONTENT="the" WC="1" CC="000" />
            <SP ID="P6_SP00031" WIDTH="0" HPOS="0" VPOS="0" />
            <String ID="P6_S00037" HPOS="1274" VPOS="583" WIDTH="188" HEIGHT="48" STYLEREFS="StyleId-1" CONTENT="dignity," WC="0.775" CC="00065050" />
            <SP ID="P6_SP00032" WIDTH="0" HPOS="0" VPOS="0" />
            <String ID="P6_S00038" HPOS="1489" VPOS="583" WIDTH="75" HEIGHT="48" STYLEREFS="StyleId-1" CONTENT="the" WC="1" CC="000" />
            <SP ID="P6_SP00033" WIDTH="0" HPOS="0" VPOS="0" />
            <String ID="P6_S00039" HPOS="1597" VPOS="594" WIDTH="113" HEIGHT="37" STYLEREFS="StyleId-1" CONTENT="pres¬" WC="0.994" CC="00000" />
          </TextLine>
          <TextLine ID="P6_TL00007" HPOS="193" VPOS="648" WIDTH="1518" HEIGHT="53">
            <String ID="P6_S00040" HPOS="193" VPOS="655" WIDTH="89" HEIGHT="46" STYLEREFS="StyleId-1" CONTENT="tige" WC="0.855" CC="0500" />
            <SP ID="P6_SP00034" WIDTH="0" HPOS="0" VPOS="0" />
            <String ID="P6_S00041" HPOS="304" VPOS="654" WIDTH="45" HEIGHT="47" STYLEREFS="StyleId-1" CONTENT="of" WC="0.665" CC="06" />
            <SP ID="P6_SP00035" WIDTH="0" HPOS="0" VPOS="0" />
            <String ID="P6_S00042" HPOS="370" VPOS="654" WIDTH="303" HEIGHT="47" STYLEREFS="StyleId-1" CONTENT="womanhood." WC="0.928" CC="0000500100" />
            <SP ID="P6_SP00036" WIDTH="0" HPOS="0" VPOS="0" />
            <String ID="P6_S00043" HPOS="735" VPOS="650" WIDTH="124" HEIGHT="51" STYLEREFS="StyleId-1" CONTENT="They" WC="0.66" CC="7600" />
            <SP ID="P6_SP00037" WIDTH="0" HPOS="0" VPOS="0" />
            <String ID="P6_S00044" HPOS="881" VPOS="657" WIDTH="120" HEIGHT="44" STYLEREFS="StyleId-1" CONTENT="enter" WC="0.754" CC="08004" />
            <SP ID="P6_SP00038" WIDTH="0" HPOS="0" VPOS="0" />
            <String ID="P6_S00045" HPOS="1042" VPOS="650" WIDTH="93" HEIGHT="51" STYLEREFS="StyleId-1" CONTENT="into" WC="0.7875" CC="1600" />
            <SP ID="P6_SP00039" WIDTH="0" HPOS="0" VPOS="0" />
            <String ID="P6_S00046" HPOS="1179" VPOS="650" WIDTH="74" HEIGHT="51" STYLEREFS="StyleId-1" CONTENT="the" WC="1" CC="000" />
            <SP ID="P6_SP00040" WIDTH="0" HPOS="0" VPOS="0" />
            <String ID="P6_S00047" HPOS="1289" VPOS="649" WIDTH="183" HEIGHT="52" STYLEREFS="StyleId-1" CONTENT="fullness" WC="0.605" CC="23668004" />
            <SP ID="P6_SP00041" WIDTH="0" HPOS="0" VPOS="0" />
            <String ID="P6_S00048" HPOS="1505" VPOS="649" WIDTH="45" HEIGHT="52" STYLEREFS="StyleId-1" CONTENT="of" WC="0.785" CC="04" />
            <SP ID="P6_SP00042" WIDTH="0" HPOS="0" VPOS="0" />
            <String ID="P6_S00049" HPOS="1570" VPOS="648" WIDTH="75" HEIGHT="53" STYLEREFS="StyleId-1" CONTENT="life" WC="0.665" CC="4440" />
            <SP ID="P6_SP00043" WIDTH="0" HPOS="0" VPOS="0" />
            <String ID="P6_S00050" HPOS="1667" VPOS="661" WIDTH="44" HEIGHT="40" STYLEREFS="StyleId-1" CONTENT="as" WC="1" CC="00" />
          </TextLine>
          <TextLine ID="P6_TL00008" HPOS="194" VPOS="714" WIDTH="1515" HEIGHT="52">
            <String ID="P6_S00051" HPOS="194" VPOS="720" WIDTH="208" HEIGHT="46" STYLEREFS="StyleId-1" CONTENT="designed" WC="0.94375" CC="00000300" />
            <SP ID="P6_SP00044" WIDTH="0" HPOS="0" VPOS="0" />
            <String ID="P6_S00052" HPOS="435" VPOS="719" WIDTH="67" HEIGHT="47" STYLEREFS="StyleId-1" CONTENT="for" WC="0.74333334" CC="403" />
            <SP ID="P6_SP00045" WIDTH="0" HPOS="0" VPOS="0" />
            <String ID="P6_S00053" HPOS="522" VPOS="720" WIDTH="118" HEIGHT="46" STYLEREFS="StyleId-1" CONTENT="them" WC="1" CC="0000" />
            <SP ID="P6_SP00046" WIDTH="0" HPOS="0" VPOS="0" />
            <String ID="P6_S00054" HPOS="662" VPOS="718" WIDTH="58" HEIGHT="48" STYLEREFS="StyleId-1" CONTENT="by" WC="1" CC="00" />
            <SP ID="P6_SP00047" WIDTH="0" HPOS="0" VPOS="0" />
            <String ID="P6_S00055" HPOS="741" VPOS="718" WIDTH="113" HEIGHT="48" STYLEREFS="StyleId-1" CONTENT="their" WC="0.902" CC="00022" />
            <SP ID="P6_SP00048" WIDTH="0" HPOS="0" VPOS="0" />
            <String ID="P6_S00056" HPOS="876" VPOS="718" WIDTH="192" HEIGHT="48" STYLEREFS="StyleId-1" CONTENT="Creator." WC="0.85125" CC="04000052" />
            <SP ID="P6_SP00049" WIDTH="0" HPOS="0" VPOS="0" />
            <String ID="P6_S00057" HPOS="1104" VPOS="718" WIDTH="52" HEIGHT="48" STYLEREFS="StyleId-1" CONTENT="In" WC="0.355" CC="48" />
            <SP ID="P6_SP00050" WIDTH="0" HPOS="0" VPOS="0" />
            <String ID="P6_S00058" HPOS="1180" VPOS="715" WIDTH="87" HEIGHT="51" STYLEREFS="StyleId-1" CONTENT="this" WC="0.8525" CC="5000" />
            <SP ID="P6_SP00051" WIDTH="0" HPOS="0" VPOS="0" />
            <String ID="P6_S00059" HPOS="1292" VPOS="715" WIDTH="111" HEIGHT="51" STYLEREFS="StyleId-1" CONTENT="ideal" WC="0.764" CC="100100" />
            <SP ID="P6_SP00052" WIDTH="0" HPOS="0" VPOS="0" />
            <String ID="P6_S00060" HPOS="1425" VPOS="714" WIDTH="90" HEIGHT="52" STYLEREFS="StyleId-1" CONTENT="life," WC="0.798" CC="40203" />
            <SP ID="P6_SP00053" WIDTH="0" HPOS="0" VPOS="0" />
            <String ID="P6_S00061" HPOS="1551" VPOS="715" WIDTH="74" HEIGHT="51" STYLEREFS="StyleId-1" CONTENT="the" WC="1" CC="000" />
            <SP ID="P6_SP00054" WIDTH="0" HPOS="0" VPOS="0" />
            <String ID="P6_S00062" HPOS="1647" VPOS="727" WIDTH="62" HEIGHT="39" STYLEREFS="StyleId-1" CONTENT="as¬" WC="0.47" CC="690" />
          </TextLine>
          <TextLine ID="P6_TL00009" HPOS="197" VPOS="780" WIDTH="1514" HEIGHT="52">
            <String ID="P6_S00063" HPOS="197" VPOS="792" WIDTH="119" HEIGHT="40" STYLEREFS="StyleId-1" CONTENT="pects" WC="0.818" CC="20060" />
            <SP ID="P6_SP00055" WIDTH="0" HPOS="0" VPOS="0" />
            <String ID="P6_S00064" HPOS="339" VPOS="786" WIDTH="44" HEIGHT="46" STYLEREFS="StyleId-1" CONTENT="of" WC="0.495" CC="45" />
            <SP ID="P6_SP00056" WIDTH="0" HPOS="0" VPOS="0" />
            <String ID="P6_S00065" HPOS="400" VPOS="786" WIDTH="231" HEIGHT="46" STYLEREFS="StyleId-1" CONTENT="daughter," WC="0.627777755" CC="0761000063" />
            <SP ID="P6_SP00057" WIDTH="0" HPOS="0" VPOS="0" />
            <String ID="P6_S00066" HPOS="648" VPOS="784" WIDTH="140" HEIGHT="48" STYLEREFS="StyleId-1" CONTENT="sister," WC="0.9071429" CC="0400010" />
            <SP ID="P6_SP00058" WIDTH="0" HPOS="0" VPOS="0" />
            <String ID="P6_S00067" HPOS="809" VPOS="783" WIDTH="114" HEIGHT="49" STYLEREFS="StyleId-1" CONTENT="wife," WC="0.796" CC="04500" />
            <SP ID="P6_SP00059" WIDTH="0" HPOS="0" VPOS="0" />
            <String ID="P6_S00068" HPOS="950" VPOS="784" WIDTH="170" HEIGHT="48" STYLEREFS="StyleId-1" CONTENT="mother" WC="0.9" CC="060000" />
            <SP ID="P6_SP00060" WIDTH="0" HPOS="0" VPOS="0" />
            <String ID="P6_S00069" HPOS="1144" VPOS="794" WIDTH="69" HEIGHT="38" STYLEREFS="StyleId-1" CONTENT="are" WC="0.74" CC="070" />
            <SP ID="P6_SP00061" WIDTH="0" HPOS="0" VPOS="0" />
            <String ID="P6_S00070" HPOS="1244" VPOS="781" WIDTH="254" HEIGHT="51" STYLEREFS="StyleId-1" CONTENT="incidental." WC="0.6618182" CC="010040080760" />
            <SP ID="P6_SP00062" WIDTH="0" HPOS="0" VPOS="0" />
            <String ID="P6_S00071" HPOS="1535" VPOS="782" WIDTH="45" HEIGHT="50" STYLEREFS="StyleId-1" CONTENT="It" WC="0.53" CC="27" />
            <SP ID="P6_SP00063" WIDTH="0" HPOS="0" VPOS="0" />
            <String ID="P6_S00072" HPOS="1612" VPOS="780" WIDTH="34" HEIGHT="52" STYLEREFS="StyleId-1" CONTENT="is" WC="0.755" CC="22" />
            <SP ID="P6_SP00064" WIDTH="0" HPOS="0" VPOS="0" />
            <String ID="P6_S00073" HPOS="1689" VPOS="793" WIDTH="22" HEIGHT="39" STYLEREFS="StyleId-1" CONTENT="a" WC="0.72" CC="2" />
          </TextLine>
          <TextLine ID="P6_TL00010" HPOS="197" VPOS="846" WIDTH="1512" HEIGHT="51">
            <String ID="P6_S00074" HPOS="197" VPOS="852" WIDTH="213" HEIGHT="45" STYLEREFS="StyleId-1" CONTENT="personal," WC="0.88" CC="004100040" />
            <SP ID="P6_SP00065" WIDTH="0" HPOS="0" VPOS="0" />
            <String ID="P6_S00075" HPOS="438" VPOS="850" WIDTH="243" HEIGHT="47" STYLEREFS="StyleId-1" CONTENT="individual" WC="0.841" CC="4000000730" />
            <SP ID="P6_SP00066" WIDTH="0" HPOS="0" VPOS="0" />
            <String ID="P6_S00076" HPOS="704" VPOS="849" WIDTH="89" HEIGHT="48" STYLEREFS="StyleId-1" CONTENT="life," WC="0.802" CC="24300" />
            <SP ID="P6_SP00067" WIDTH="0" HPOS="0" VPOS="0" />
            <String ID="P6_S00077" HPOS="829" VPOS="848" WIDTH="228" HEIGHT="49" STYLEREFS="StyleId-1" CONTENT="involving" WC="0.766666651" CC="460230050" />
            <SP ID="P6_SP00068" WIDTH="0" HPOS="0" VPOS="0" />
            <String ID="P6_S00078" HPOS="1092" VPOS="847" WIDTH="231" HEIGHT="50" STYLEREFS="StyleId-1" CONTENT="unlimited" WC="0.795555532" CC="1000601000" />
            <SP ID="P6_SP00069" WIDTH="0" HPOS="0" VPOS="0" />
            <String ID="P6_S00079" HPOS="1362" VPOS="859" WIDTH="128" HEIGHT="38" STYLEREFS="StyleId-1" CONTENT="scope" WC="0.956" CC="20000" />
            <SP ID="P6_SP00070" WIDTH="0" HPOS="0" VPOS="0" />
            <String ID="P6_S00080" HPOS="1535" VPOS="846" WIDTH="66" HEIGHT="51" STYLEREFS="StyleId-1" CONTENT="for" WC="0.886666656" CC="300" />
            <SP ID="P6_SP00071" WIDTH="0" HPOS="0" VPOS="0" />
            <String ID="P6_S00081" HPOS="1637" VPOS="859" WIDTH="72" HEIGHT="38" STYLEREFS="StyleId-1" CONTENT="ex¬" WC="0.94" CC="010" />
          </TextLine>
          <TextLine ID="P6_TL00011" HPOS="197" VPOS="915" WIDTH="632" HEIGHT="48">
            <String ID="P6_S00082" HPOS="197" VPOS="917" WIDTH="182" HEIGHT="46" STYLEREFS="StyleId-1" CONTENT="pansion" WC="0.774285734" CC="7035000" />
            <SP ID="P6_SP00072" WIDTH="0" HPOS="0" VPOS="0" />
            <String ID="P6_S00083" HPOS="404" VPOS="916" WIDTH="83" HEIGHT="47" STYLEREFS="StyleId-1" CONTENT="and" WC="0.76" CC="070" />
            <SP ID="P6_SP00073" WIDTH="0" HPOS="0" VPOS="0" />
            <String ID="P6_S00084" HPOS="510" VPOS="915" WIDTH="319" HEIGHT="48" STYLEREFS="StyleId-1" CONTENT="development." WC="0.845833361" CC="007020000520" />
          </TextLine>
          <TextLine ID="P6_TL00012" HPOS="278" VPOS="977" WIDTH="1433" HEIGHT="49">
            <String ID="P6_S00085" HPOS="278" VPOS="981" WIDTH="94" HEIGHT="38" STYLEREFS="StyleId-1" CONTENT="The" WC="0.75666666" CC="700" />
            <SP ID="P6_SP00074" WIDTH="0" HPOS="0" VPOS="0" />
            <String ID="P6_S00086" HPOS="395" VPOS="993" WIDTH="169" HEIGHT="27" STYLEREFS="StyleId-1" CONTENT="woman" WC="0.732" CC="21009" />
            <SP ID="P6_SP00075" WIDTH="0" HPOS="0" VPOS="0" />
            <String ID="P6_S00087" HPOS="601" VPOS="981" WIDTH="96" HEIGHT="39" STYLEREFS="StyleId-1" CONTENT="who" WC="1" CC="000" />
            <SP ID="P6_SP00076" WIDTH="0" HPOS="0" VPOS="0" />
            <String ID="P6_S00088" HPOS="720" VPOS="980" WIDTH="133" HEIGHT="46" STYLEREFS="StyleId-1" CONTENT="today" WC="0.924" CC="00030" />
            <SP ID="P6_SP00077" WIDTH="0" HPOS="0" VPOS="0" />
            <String ID="P6_S00089" HPOS="895" VPOS="986" WIDTH="142" HEIGHT="40" STYLEREFS="StyleId-1" CONTENT="enters" WC="0.845" CC="030050" />
            <SP ID="P6_SP00078" WIDTH="0" HPOS="0" VPOS="0" />
            <String ID="P6_S00090" HPOS="1059" VPOS="992" WIDTH="24" HEIGHT="34" STYLEREFS="StyleId-1" CONTENT="a" WC="1" CC="0" />
            <SP ID="P6_SP00079" WIDTH="0" HPOS="0" VPOS="0" />
            <String ID="P6_S00091" HPOS="1105" VPOS="978" WIDTH="242" HEIGHT="48" STYLEREFS="StyleId-1" CONTENT="profession" WC="0.762" CC="0232030118" />
            <SP ID="P6_SP00080" WIDTH="0" HPOS="0" VPOS="0" />
            <String ID="P6_S00092" HPOS="1390" VPOS="990" WIDTH="182" HEIGHT="36" STYLEREFS="StyleId-1" CONTENT="appears" WC="0.8" CC="0000373" />
            <SP ID="P6_SP00081" WIDTH="0" HPOS="0" VPOS="0" />
            <String ID="P6_S00093" HPOS="1594" VPOS="983" WIDTH="43" HEIGHT="43" STYLEREFS="StyleId-1" CONTENT="to" WC="1" CC="00" />
            <SP ID="P6_SP00082" WIDTH="0" HPOS="0" VPOS="0" />
            <String ID="P6_S00094" HPOS="1660" VPOS="977" WIDTH="51" HEIGHT="49" STYLEREFS="StyleId-1" CONTENT="be" WC="1" CC="00" />
          </TextLine>
          <TextLine ID="P6_TL00013" HPOS="194" VPOS="1044" WIDTH="1516" HEIGHT="50">
            <String ID="P6_S00095" HPOS="194" VPOS="1048" WIDTH="135" HEIGHT="46" STYLEREFS="StyleId-1" CONTENT="doing" WC="0.644" CC="02536" />
            <SP ID="P6_SP00083" WIDTH="0" HPOS="0" VPOS="0" />
            <String ID="P6_S00096" HPOS="346" VPOS="1061" WIDTH="23" HEIGHT="33" STYLEREFS="StyleId-1" CONTENT="a" WC="1" CC="0" />
            <SP ID="P6_SP00084" WIDTH="0" HPOS="0" VPOS="0" />
            <String ID="P6_S00097" HPOS="391" VPOS="1048" WIDTH="159" HEIGHT="46" STYLEREFS="StyleId-1" CONTENT="casual," WC="0.6742857" CC="2908010" />
            <SP ID="P6_SP00085" WIDTH="0" HPOS="0" VPOS="0" />
            <String ID="P6_S00098" HPOS="570" VPOS="1046" WIDTH="206" HEIGHT="48" STYLEREFS="StyleId-1" CONTENT="ordinary" WC="0.86875" CC="00037000" />
            <SP ID="P6_SP00086" WIDTH="0" HPOS="0" VPOS="0" />
            <String ID="P6_S00099" HPOS="796" VPOS="1046" WIDTH="144" HEIGHT="48" STYLEREFS="StyleId-1" CONTENT="thing." WC="0.831666648" CC="000603" />
            <SP ID="P6_SP00087" WIDTH="0" HPOS="0" VPOS="0" />
            <String ID="P6_S00100" HPOS="995" VPOS="1046" WIDTH="142" HEIGHT="48" STYLEREFS="StyleId-1" CONTENT="When" WC="0.9725" CC="0001" />
            <SP ID="P6_SP00088" WIDTH="0" HPOS="0" VPOS="0" />
            <String ID="P6_S00101" HPOS="1154" VPOS="1046" WIDTH="75" HEIGHT="48" STYLEREFS="StyleId-1" CONTENT="the" WC="1" CC="000" />
            <SP ID="P6_SP00089" WIDTH="0" HPOS="0" VPOS="0" />
            <String ID="P6_S00102" HPOS="1250" VPOS="1045" WIDTH="103" HEIGHT="49" STYLEREFS="StyleId-1" CONTENT="then" WC="0.505" CC="5607" />
            <SP ID="P6_SP00090" WIDTH="0" HPOS="0" VPOS="0" />
            <String ID="P6_S00103" HPOS="1376" VPOS="1044" WIDTH="107" HEIGHT="50" STYLEREFS="StyleId-1" CONTENT="Miss" WC="0.745" CC="0360" />
            <SP ID="P6_SP00091" WIDTH="0" HPOS="0" VPOS="0" />
            <String ID="P6_S00104" HPOS="1505" VPOS="1044" WIDTH="43" HEIGHT="50" STYLEREFS="StyleId-1" CONTENT="S-" WC="0.2" CC="106" />
            <SP ID="P6_SP00092" WIDTH="0" HPOS="0" VPOS="0" />
            <String ID="P6_S00105" HPOS="1572" VPOS="1044" WIDTH="138" HEIGHT="50" STYLEREFS="StyleId-1" CONTENT="Maria" WC="0.59" CC="09451" />
          </TextLine>
          <TextLine ID="P6_TL00014" HPOS="194" VPOS="1109" WIDTH="1514" HEIGHT="48">
            <String ID="P6_S00106" HPOS="194" VPOS="1113" WIDTH="141" HEIGHT="39" STYLEREFS="StyleId-1" CONTENT="Smith" WC="0.64" CC="19024" />
            <SP ID="P6_SP00093" WIDTH="0" HPOS="0" VPOS="0" />
            <String ID="P6_S00107" HPOS="372" VPOS="1112" WIDTH="244" HEIGHT="40" STYLEREFS="StyleId-1" CONTENT="undertook" WC="0.704444468" CC="687020001" />
            <SP ID="P6_SP00094" WIDTH="0" HPOS="0" VPOS="0" />
            <String ID="P6_S00108" HPOS="632" VPOS="1113" WIDTH="77" HEIGHT="39" STYLEREFS="StyleId-1" CONTENT="her" WC="0.82" CC="005" />
            <SP ID="P6_SP00095" WIDTH="0" HPOS="0" VPOS="0" />
            <String ID="P6_S00109" HPOS="730" VPOS="1111" WIDTH="183" HEIGHT="41" STYLEREFS="StyleId-1" CONTENT="medical" WC="1" CC="0000000" />
            <SP ID="P6_SP00096" WIDTH="0" HPOS="0" VPOS="0" />
            <String ID="P6_S00110" HPOS="950" VPOS="1110" WIDTH="350" HEIGHT="47" STYLEREFS="StyleId-1" CONTENT="apprenticeship" WC="0.878571451" CC="00020402007000" />
            <SP ID="P6_SP00097" WIDTH="0" HPOS="0" VPOS="0" />
            <String ID="P6_S00111" HPOS="1342" VPOS="1110" WIDTH="108" HEIGHT="47" STYLEREFS="StyleId-1" CONTENT="such" WC="0.835" CC="0600" />
            <SP ID="P6_SP00098" WIDTH="0" HPOS="0" VPOS="0" />
            <String ID="P6_S00112" HPOS="1474" VPOS="1123" WIDTH="23" HEIGHT="34" STYLEREFS="StyleId-1" CONTENT="a" WC="0.25" CC="7" />
            <SP ID="P6_SP00099" WIDTH="0" HPOS="0" VPOS="0" />
            <String ID="P6_S00113" HPOS="1518" VPOS="1109" WIDTH="190" HEIGHT="48" STYLEREFS="StyleId-1" CONTENT="decision" WC="0.84875" CC="00000308" />
          </TextLine>
          <TextLine ID="P6_TL00015" HPOS="197" VPOS="1175" WIDTH="1513" HEIGHT="46">
            <String ID="P6_S00114" HPOS="197" VPOS="1191" WIDTH="88" HEIGHT="26" STYLEREFS="StyleId-1" CONTENT="was" WC="1" CC="000" />
            <SP ID="P6_SP00100" WIDTH="0" HPOS="0" VPOS="0" />
            <String ID="P6_S00115" HPOS="307" VPOS="1184" WIDTH="288" HEIGHT="33" STYLEREFS="StyleId-1" CONTENT="momentous." WC="0.825" CC="0050600600" />
            <SP ID="P6_SP00101" WIDTH="0" HPOS="0" VPOS="0" />
            <String ID="P6_S00116" HPOS="657" VPOS="1175" WIDTH="96" HEIGHT="42" STYLEREFS="StyleId-1" CONTENT="The" WC="1" CC="000" />
            <SP ID="P6_SP00102" WIDTH="0" HPOS="0" VPOS="0" />
            <String ID="P6_S00117" HPOS="795" VPOS="1177" WIDTH="89" HEIGHT="40" STYLEREFS="StyleId-1" CONTENT="fear" WC="0.8375" CC="2030" />
            <SP ID="P6_SP00103" WIDTH="0" HPOS="0" VPOS="0" />
            <String ID="P6_S00118" HPOS="907" VPOS="1176" WIDTH="45" HEIGHT="41" STYLEREFS="StyleId-1" CONTENT="of" WC="0.875" CC="02" />
            <SP ID="P6_SP00104" WIDTH="0" HPOS="0" VPOS="0" />
            <String ID="P6_S00119" HPOS="987" VPOS="1189" WIDTH="168" HEIGHT="28" STYLEREFS="StyleId-1" CONTENT="woman" WC="0.944" CC="02000" />
            <SP ID="P6_SP00105" WIDTH="0" HPOS="0" VPOS="0" />
            <String ID="P6_S00120" HPOS="1199" VPOS="1175" WIDTH="222" HEIGHT="46" STYLEREFS="StyleId-1" CONTENT="unsexing" WC="0.67375" CC="68700400" />
            <SP ID="P6_SP00106" WIDTH="0" HPOS="0" VPOS="0" />
            <String ID="P6_S00121" HPOS="1442" VPOS="1175" WIDTH="161" HEIGHT="46" STYLEREFS="StyleId-1" CONTENT="herself" WC="0.872857153" CC="0050003" />
            <SP ID="P6_SP00107" WIDTH="0" HPOS="0" VPOS="0" />
            <String ID="P6_S00122" HPOS="1622" VPOS="1188" WIDTH="88" HEIGHT="33" STYLEREFS="StyleId-1" CONTENT="was" WC="0.94" CC="001" />
          </TextLine>
          <TextLine ID="P6_TL00016" HPOS="195" VPOS="1241" WIDTH="1509" HEIGHT="49">
            <String ID="P6_S00123" HPOS="195" VPOS="1246" WIDTH="74" HEIGHT="36" STYLEREFS="StyleId-1" CONTENT="the" WC="1" CC="000" />
            <SP ID="P6_SP00108" WIDTH="0" HPOS="0" VPOS="0" />
            <String ID="P6_S00124" HPOS="284" VPOS="1244" WIDTH="192" HEIGHT="46" STYLEREFS="StyleId-1" CONTENT="bugbear" WC="0.86" CC="0600030" />
            <SP ID="P6_SP00109" WIDTH="0" HPOS="0" VPOS="0" />
            <String ID="P6_S00125" HPOS="518" VPOS="1243" WIDTH="44" HEIGHT="47" STYLEREFS="StyleId-1" CONTENT="of" WC="0.825" CC="03" />
            <SP ID="P6_SP00110" WIDTH="0" HPOS="0" VPOS="0" />
            <String ID="P6_S00126" HPOS="582" VPOS="1244" WIDTH="96" HEIGHT="46" STYLEREFS="StyleId-1" CONTENT="that" WC="0.66" CC="0760" />
            <SP ID="P6_SP00111" WIDTH="0" HPOS="0" VPOS="0" />
            <String ID="P6_S00127" HPOS="720" VPOS="1242" WIDTH="163" HEIGHT="48" STYLEREFS="StyleId-1" CONTENT="period." WC="1" CC="0000000" />
            <SP ID="P6_SP00112" WIDTH="0" HPOS="0" VPOS="0" />
            <String ID="P6_S00128" HPOS="946" VPOS="1242" WIDTH="117" HEIGHT="48" STYLEREFS="StyleId-1" CONTENT="Only" WC="0.41" CC="0869" />
            <SP ID="P6_SP00113" WIDTH="0" HPOS="0" VPOS="0" />
            <String ID="P6_S00129" HPOS="1085" VPOS="1242" WIDTH="313" HEIGHT="48" STYLEREFS="StyleId-1" CONTENT="level-headed," WC="0.9115385" CC="0030400000003" />
            <SP ID="P6_SP00114" WIDTH="0" HPOS="0" VPOS="0" />
            <String ID="P6_S00130" HPOS="1420" VPOS="1241" WIDTH="284" HEIGHT="49" STYLEREFS="StyleId-1" CONTENT="determined," WC="0.927272737" CC="00004020001" />
          </TextLine>
          <TextLine ID="P6_TL00017" HPOS="197" VPOS="1306" WIDTH="1514" HEIGHT="47">
            <String ID="P6_S00131" HPOS="197" VPOS="1310" WIDTH="259" HEIGHT="37" STYLEREFS="StyleId-1" CONTENT="self-reliant" WC="0.8358333" CC="000303010406" />
            <SP ID="P6_SP00115" WIDTH="0" HPOS="0" VPOS="0" />
            <String ID="P6_S00132" HPOS="477" VPOS="1321" WIDTH="167" HEIGHT="26" STYLEREFS="StyleId-1" CONTENT="women" WC="0.824" CC="60002" />
            <SP ID="P6_SP00116" WIDTH="0" HPOS="0" VPOS="0" />
            <String ID="P6_S00133" HPOS="668" VPOS="1308" WIDTH="103" HEIGHT="39" STYLEREFS="StyleId-1" CONTENT="then" WC="0.975" CC="0001" />
            <SP ID="P6_SP00117" WIDTH="0" HPOS="0" VPOS="0" />
            <String ID="P6_S00134" HPOS="795" VPOS="1308" WIDTH="210" HEIGHT="39" STYLEREFS="StyleId-1" CONTENT="ventured" WC="0.78125" CC="006010000" />
            <SP ID="P6_SP00118" WIDTH="0" HPOS="0" VPOS="0" />
            <String ID="P6_S00135" HPOS="1023" VPOS="1313" WIDTH="44" HEIGHT="34" STYLEREFS="StyleId-1" CONTENT="to" WC="1" CC="00" />
            <SP ID="P6_SP00119" WIDTH="0" HPOS="0" VPOS="0" />
            <String ID="P6_S00136" HPOS="1097" VPOS="1307" WIDTH="101" HEIGHT="40" STYLEREFS="StyleId-1" CONTENT="take" WC="0.91" CC="0030" />
            <SP ID="P6_SP00120" WIDTH="0" HPOS="0" VPOS="0" />
            <String ID="P6_S00137" HPOS="1216" VPOS="1320" WIDTH="22" HEIGHT="27" STYLEREFS="StyleId-1" CONTENT="a" WC="0.37" CC="6" />
            <SP ID="P6_SP00121" WIDTH="0" HPOS="0" VPOS="0" />
            <String ID="P6_S00138" HPOS="1260" VPOS="1313" WIDTH="93" HEIGHT="39" STYLEREFS="StyleId-1" CONTENT="step" WC="0.6225" CC="6305" />
            <SP ID="P6_SP00122" WIDTH="0" HPOS="0" VPOS="0" />
            <String ID="P6_S00139" HPOS="1369" VPOS="1306" WIDTH="135" HEIGHT="47" STYLEREFS="StyleId-1" CONTENT="likely" WC="0.936666667" CC="000030" />
            <SP ID="P6_SP00123" WIDTH="0" HPOS="0" VPOS="0" />
            <String ID="P6_S00140" HPOS="1527" VPOS="1312" WIDTH="44" HEIGHT="41" STYLEREFS="StyleId-1" CONTENT="to" WC="1" CC="00" />
            <SP ID="P6_SP00124" WIDTH="0" HPOS="0" VPOS="0" />
            <String ID="P6_S00141" HPOS="1594" VPOS="1307" WIDTH="117" HEIGHT="46" STYLEREFS="StyleId-1" CONTENT="elicit" WC="0.95" CC="020000" />
          </TextLine>
          <TextLine ID="P6_TL00018" HPOS="196" VPOS="1372" WIDTH="1513" HEIGHT="49">
            <String ID="P6_S00142" HPOS="196" VPOS="1375" WIDTH="254" HEIGHT="46" STYLEREFS="StyleId-1" CONTENT="unfriendly" WC="0.761" CC="0520605040" />
            <SP ID="P6_SP00125" WIDTH="0" HPOS="0" VPOS="0" />
            <String ID="P6_S00143" HPOS="491" VPOS="1373" WIDTH="206" HEIGHT="48" STYLEREFS="StyleId-1" CONTENT="criticism" WC="0.7966667" CC="056010400" />
            <SP ID="P6_SP00126" WIDTH="0" HPOS="0" VPOS="0" />
            <String ID="P6_S00144" HPOS="719" VPOS="1387" WIDTH="7" HEIGHT="34" STYLEREFS="StyleId-1" CONTENT=";" WC="1" CC="0" />
            <SP ID="P6_SP00127" WIDTH="0" HPOS="0" VPOS="0" />
            <String ID="P6_S00145" HPOS="766" VPOS="1373" WIDTH="135" HEIGHT="48" STYLEREFS="StyleId-1" CONTENT="likely" WC="0.896666646" CC="040010" />
            <SP ID="P6_SP00128" WIDTH="0" HPOS="0" VPOS="0" />
            <String ID="P6_S00146" HPOS="921" VPOS="1378" WIDTH="44" HEIGHT="43" STYLEREFS="StyleId-1" CONTENT="to" WC="1" CC="00" />
            <SP ID="P6_SP00129" WIDTH="0" HPOS="0" VPOS="0" />
            <String ID="P6_S00147" HPOS="989" VPOS="1373" WIDTH="158" HEIGHT="48" STYLEREFS="StyleId-1" CONTENT="induce" WC="0.6716667" CC="534070" />
            <SP ID="P6_SP00130" WIDTH="0" HPOS="0" VPOS="0" />
            <String ID="P6_S00148" HPOS="1188" VPOS="1372" WIDTH="351" HEIGHT="49" STYLEREFS="StyleId-1" CONTENT="disparagement" WC="0.79384613" CC="05500001000060" />
            <SP ID="P6_SP00131" WIDTH="0" HPOS="0" VPOS="0" />
            <String ID="P6_S00149" HPOS="1579" VPOS="1372" WIDTH="34" HEIGHT="49" STYLEREFS="StyleId-1" CONTENT="if" WC="0.51" CC="45" />
            <SP ID="P6_SP00132" WIDTH="0" HPOS="0" VPOS="0" />
            <String ID="P6_S00150" HPOS="1636" VPOS="1378" WIDTH="73" HEIGHT="43" STYLEREFS="StyleId-1" CONTENT="not" WC="0.876666665" CC="030" />
          </TextLine>
          <TextLine ID="P6_TL00019" HPOS="197" VPOS="1445" WIDTH="336" HEIGHT="41">
            <String ID="P6_S00151" HPOS="197" VPOS="1445" WIDTH="336" HEIGHT="41" STYLEREFS="StyleId-1" CONTENT="estrangement." WC="0.853846133" CC="0005320000800" />
          </TextLine>
          <TextLine ID="P6_TL00020" HPOS="278" VPOS="1503" WIDTH="1432" HEIGHT="47">
            <String ID="P6_S00152" HPOS="278" VPOS="1504" WIDTH="65" HEIGHT="39" STYLEREFS="StyleId-1" CONTENT="To" WC="1" CC="00" />
            <SP ID="P6_SP00133" WIDTH="0" HPOS="0" VPOS="0" />
            <String ID="P6_S00153" HPOS="365" VPOS="1506" WIDTH="74" HEIGHT="37" STYLEREFS="StyleId-1" CONTENT="the" WC="1" CC="000" />
            <SP ID="P6_SP00134" WIDTH="0" HPOS="0" VPOS="0" />
            <String ID="P6_S00154" HPOS="461" VPOS="1505" WIDTH="137" HEIGHT="38" STYLEREFS="StyleId-1" CONTENT="credit" WC="0.8433333" CC="340020" />
            <SP ID="P6_SP00135" WIDTH="0" HPOS="0" VPOS="0" />
            <String ID="P6_S00155" HPOS="619" VPOS="1504" WIDTH="45" HEIGHT="39" STYLEREFS="StyleId-1" CONTENT="of" WC="0.955" CC="00" />
            <SP ID="P6_SP00136" WIDTH="0" HPOS="0" VPOS="0" />
            <String ID="P6_S00156" HPOS="686" VPOS="1516" WIDTH="78" HEIGHT="27" STYLEREFS="StyleId-1" CONTENT="our" WC="0.8466667" CC="004" />
            <SP ID="P6_SP00137" WIDTH="0" HPOS="0" VPOS="0" />
            <String ID="P6_S00157" HPOS="786" VPOS="1517" WIDTH="166" HEIGHT="26" STYLEREFS="StyleId-1" CONTENT="women" WC="0.604" CC="01278" />
            <SP ID="P6_SP00138" WIDTH="0" HPOS="0" VPOS="0" />
            <String ID="P6_S00158" HPOS="977" VPOS="1503" WIDTH="33" HEIGHT="40" STYLEREFS="StyleId-1" CONTENT="it" WC="1" CC="00" />
            <SP ID="P6_SP00139" WIDTH="0" HPOS="0" VPOS="0" />
            <String ID="P6_S00159" HPOS="1031" VPOS="1516" WIDTH="100" HEIGHT="34" STYLEREFS="StyleId-1" CONTENT="may" WC="0.7033333" CC="080" />
            <SP ID="P6_SP00140" WIDTH="0" HPOS="0" VPOS="0" />
            <String ID="P6_S00160" HPOS="1154" VPOS="1503" WIDTH="51" HEIGHT="47" STYLEREFS="StyleId-1" CONTENT="be" WC="1" CC="00" />
            <SP ID="P6_SP00141" WIDTH="0" HPOS="0" VPOS="0" />
            <String ID="P6_S00161" HPOS="1225" VPOS="1503" WIDTH="92" HEIGHT="47" STYLEREFS="StyleId-1" CONTENT="said" WC="0.77" CC="0323" />
            <SP ID="P6_SP00142" WIDTH="0" HPOS="0" VPOS="0" />
            <String ID="P6_S00162" HPOS="1340" VPOS="1504" WIDTH="94" HEIGHT="46" STYLEREFS="StyleId-1" CONTENT="that" WC="1" CC="0000" />
            <SP ID="P6_SP00143" WIDTH="0" HPOS="0" VPOS="0" />
            <String ID="P6_S00163" HPOS="1451" VPOS="1517" WIDTH="115" HEIGHT="33" STYLEREFS="StyleId-1" CONTENT="none" WC="0.635" CC="6080" />
            <SP ID="P6_SP00144" WIDTH="0" HPOS="0" VPOS="0" />
            <String ID="P6_S00164" HPOS="1601" VPOS="1505" WIDTH="109" HEIGHT="45" STYLEREFS="StyleId-1" CONTENT="have" WC="0.5125" CC="09100" />
          </TextLine>
          <TextLine ID="P6_TL00021" HPOS="196" VPOS="1567" WIDTH="1515" HEIGHT="49">
            <String ID="P6_S00165" HPOS="196" VPOS="1584" WIDTH="97" HEIGHT="26" STYLEREFS="StyleId-1" CONTENT="ever" WC="0.885" CC="0004" />
            <SP ID="P6_SP00145" WIDTH="0" HPOS="0" VPOS="0" />
            <String ID="P6_S00166" HPOS="315" VPOS="1571" WIDTH="108" HEIGHT="39" STYLEREFS="StyleId-1" CONTENT="been" WC="0.9675" CC="1000" />
            <SP ID="P6_SP00146" WIDTH="0" HPOS="0" VPOS="0" />
            <String ID="P6_S00167" HPOS="447" VPOS="1583" WIDTH="116" HEIGHT="27" STYLEREFS="StyleId-1" CONTENT="more" WC="0.86" CC="5000" />
            <SP ID="P6_SP00147" WIDTH="0" HPOS="0" VPOS="0" />
            <String ID="P6_S00168" HPOS="586" VPOS="1570" WIDTH="120" HEIGHT="44" STYLEREFS="StyleId-1" CONTENT="alert," WC="0.808333337" CC="010604" />
            <SP ID="P6_SP00148" WIDTH="0" HPOS="0" VPOS="0" />
            <String ID="P6_S00169" HPOS="733" VPOS="1582" WIDTH="118" HEIGHT="32" STYLEREFS="StyleId-1" CONTENT="more" WC="0.8775" CC="0040" />
            <SP ID="P6_SP00149" WIDTH="0" HPOS="0" VPOS="0" />
            <String ID="P6_S00170" HPOS="868" VPOS="1567" WIDTH="285" HEIGHT="48" STYLEREFS="StyleId-1" CONTENT="progressive," WC="0.865" CC="001060025000" />
            <SP ID="P6_SP00150" WIDTH="0" HPOS="0" VPOS="0" />
            <String ID="P6_S00171" HPOS="1174" VPOS="1581" WIDTH="119" HEIGHT="34" STYLEREFS="StyleId-1" CONTENT="more" WC="0.6025" CC="7260" />
            <SP ID="P6_SP00151" WIDTH="0" HPOS="0" VPOS="0" />
            <String ID="P6_S00172" HPOS="1314" VPOS="1569" WIDTH="263" HEIGHT="47" STYLEREFS="StyleId-1" CONTENT="aggressive," WC="0.7327273" CC="0000021051002" />
            <SP ID="P6_SP00152" WIDTH="0" HPOS="0" VPOS="0" />
            <String ID="P6_S00173" HPOS="1594" VPOS="1582" WIDTH="117" HEIGHT="34" STYLEREFS="StyleId-1" CONTENT="more" WC="0.6525" CC="8050" />
          </TextLine>
          <TextLine ID="P6_TL00022" HPOS="195" VPOS="1635" WIDTH="1513" HEIGHT="48">
            <String ID="P6_S00174" HPOS="195" VPOS="1637" WIDTH="131" HEIGHT="46" STYLEREFS="StyleId-1" CONTENT="ready" WC="1" CC="00000" />
            <SP ID="P6_SP00153" WIDTH="0" HPOS="0" VPOS="0" />
            <String ID="P6_S00175" HPOS="347" VPOS="1641" WIDTH="43" HEIGHT="42" STYLEREFS="StyleId-1" CONTENT="to" WC="0.35" CC="85" />
            <SP ID="P6_SP00154" WIDTH="0" HPOS="0" VPOS="0" />
            <String ID="P6_S00176" HPOS="408" VPOS="1636" WIDTH="146" HEIGHT="47" STYLEREFS="StyleId-1" CONTENT="follow" WC="0.788333356" CC="620300" />
            <SP ID="P6_SP00155" WIDTH="0" HPOS="0" VPOS="0" />
            <String ID="P6_S00177" HPOS="576" VPOS="1636" WIDTH="127" HEIGHT="47" STYLEREFS="StyleId-1" CONTENT="paths" WC="0.892" CC="05000" />
            <SP ID="P6_SP00156" WIDTH="0" HPOS="0" VPOS="0" />
            <String ID="P6_S00178" HPOS="724" VPOS="1635" WIDTH="44" HEIGHT="48" STYLEREFS="StyleId-1" CONTENT="of" WC="0.92" CC="01" />
            <SP ID="P6_SP00157" WIDTH="0" HPOS="0" VPOS="0" />
            <String ID="P6_S00179" HPOS="791" VPOS="1635" WIDTH="178" HEIGHT="48" STYLEREFS="StyleId-1" CONTENT="upward" WC="1" CC="000000" />
            <SP ID="P6_SP00158" WIDTH="0" HPOS="0" VPOS="0" />
            <String ID="P6_S00180" HPOS="1005" VPOS="1635" WIDTH="142" HEIGHT="48" STYLEREFS="StyleId-1" CONTENT="trend." WC="0.795" CC="040700" />
            <SP ID="P6_SP00159" WIDTH="0" HPOS="0" VPOS="0" />
            <String ID="P6_S00181" HPOS="1208" VPOS="1636" WIDTH="245" HEIGHT="47" STYLEREFS="StyleId-1" CONTENT="Whenever" WC="0.8775" CC="40000005" />
            <SP ID="P6_SP00160" WIDTH="0" HPOS="0" VPOS="0" />
            <String ID="P6_S00182" HPOS="1468" VPOS="1636" WIDTH="84" HEIGHT="47" STYLEREFS="StyleId-1" CONTENT="and" WC="0.6066667" CC="1010" />
            <SP ID="P6_SP00161" WIDTH="0" HPOS="0" VPOS="0" />
            <String ID="P6_S00183" HPOS="1574" VPOS="1636" WIDTH="134" HEIGHT="47" STYLEREFS="StyleId-1" CONTENT="wher¬" WC="0.878" CC="40010" />
          </TextLine>
          <TextLine ID="P6_TL00023" HPOS="200" VPOS="1700" WIDTH="1511" HEIGHT="48">
            <String ID="P6_S00184" HPOS="200" VPOS="1715" WIDTH="97" HEIGHT="26" STYLEREFS="StyleId-1" CONTENT="ever" WC="0.89" CC="0004" />
            <SP ID="P6_SP00162" WIDTH="0" HPOS="0" VPOS="0" />
            <String ID="P6_S00185" HPOS="319" VPOS="1702" WIDTH="106" HEIGHT="46" STYLEREFS="StyleId-1" CONTENT="they" WC="0.825" CC="0700" />
            <SP ID="P6_SP00163" WIDTH="0" HPOS="0" VPOS="0" />
            <String ID="P6_S00186" HPOS="447" VPOS="1702" WIDTH="109" HEIGHT="46" STYLEREFS="StyleId-1" CONTENT="have" WC="0.91" CC="0300" />
            <SP ID="P6_SP00164" WIDTH="0" HPOS="0" VPOS="0" />
            <String ID="P6_S00187" HPOS="578" VPOS="1701" WIDTH="175" HEIGHT="47" STYLEREFS="StyleId-1" CONTENT="entered" WC="0.9042857" CC="0000104" />
            <SP ID="P6_SP00165" WIDTH="0" HPOS="0" VPOS="0" />
            <String ID="P6_S00188" HPOS="776" VPOS="1701" WIDTH="74" HEIGHT="47" STYLEREFS="StyleId-1" CONTENT="the" WC="1" CC="000" />
            <SP ID="P6_SP00166" WIDTH="0" HPOS="0" VPOS="0" />
            <String ID="P6_S00189" HPOS="871" VPOS="1713" WIDTH="152" HEIGHT="35" STYLEREFS="StyleId-1" CONTENT="arenas" WC="0.836666644" CC="020700" />
            <SP ID="P6_SP00167" WIDTH="0" HPOS="0" VPOS="0" />
            <String ID="P6_S00190" HPOS="1046" VPOS="1700" WIDTH="45" HEIGHT="48" STYLEREFS="StyleId-1" CONTENT="of" WC="0.89" CC="02" />
            <SP ID="P6_SP00168" WIDTH="0" HPOS="0" VPOS="0" />
            <String ID="P6_S00191" HPOS="1112" VPOS="1700" WIDTH="300" HEIGHT="48" STYLEREFS="StyleId-1" CONTENT="competition," WC="0.8591667" CC="020000305050" />
            <SP ID="P6_SP00169" WIDTH="0" HPOS="0" VPOS="0" />
            <String ID="P6_S00192" HPOS="1438" VPOS="1701" WIDTH="132" HEIGHT="47" STYLEREFS="StyleId-1" CONTENT="while" WC="0.734" CC="06600" />
            <SP ID="P6_SP00170" WIDTH="0" HPOS="0" VPOS="0" />
            <String ID="P6_S00193" HPOS="1609" VPOS="1702" WIDTH="102" HEIGHT="46" STYLEREFS="StyleId-1" CONTENT="they" WC="0.85" CC="0600" />
          </TextLine>
          <TextLine ID="P6_TL00024" HPOS="199" VPOS="1766" WIDTH="1512" HEIGHT="47">
            <String ID="P6_S00194" HPOS="199" VPOS="1769" WIDTH="109" HEIGHT="37" STYLEREFS="StyleId-1" CONTENT="have" WC="0.8375" CC="6000" />
            <SP ID="P6_SP00171" WIDTH="0" HPOS="0" VPOS="0" />
            <String ID="P6_S00195" HPOS="324" VPOS="1772" WIDTH="88" HEIGHT="34" STYLEREFS="StyleId-1" CONTENT="met" WC="0.973333359" CC="000" />
            <SP ID="P6_SP00172" WIDTH="0" HPOS="0" VPOS="0" />
            <String ID="P6_S00196" HPOS="428" VPOS="1767" WIDTH="162" HEIGHT="46" STYLEREFS="StyleId-1" CONTENT="equals," WC="0.797142863" CC="00104000" />
            <SP ID="P6_SP00173" WIDTH="0" HPOS="0" VPOS="0" />
            <String ID="P6_S00197" HPOS="617" VPOS="1767" WIDTH="104" HEIGHT="46" STYLEREFS="StyleId-1" CONTENT="they" WC="1" CC="0000" />
            <SP ID="P6_SP00174" WIDTH="0" HPOS="0" VPOS="0" />
            <String ID="P6_S00198" HPOS="742" VPOS="1767" WIDTH="111" HEIGHT="46" STYLEREFS="StyleId-1" CONTENT="have" WC="1" CC="0000" />
            <SP ID="P6_SP00175" WIDTH="0" HPOS="0" VPOS="0" />
            <String ID="P6_S00199" HPOS="874" VPOS="1778" WIDTH="131" HEIGHT="35" STYLEREFS="StyleId-1" CONTENT="never" WC="0.784" CC="90001" />
            <SP ID="P6_SP00176" WIDTH="0" HPOS="0" VPOS="0" />
            <String ID="P6_S00200" HPOS="1040" VPOS="1766" WIDTH="107" HEIGHT="47" STYLEREFS="StyleId-1" CONTENT="been" WC="0.9125" CC="0003" />
            <SP ID="P6_SP00177" WIDTH="0" HPOS="0" VPOS="0" />
            <String ID="P6_S00201" HPOS="1171" VPOS="1766" WIDTH="146" HEIGHT="47" STYLEREFS="StyleId-1" CONTENT="forced" WC="0.9766667" CC="000000" />
            <SP ID="P6_SP00178" WIDTH="0" HPOS="0" VPOS="0" />
            <String ID="P6_S00202" HPOS="1348" VPOS="1771" WIDTH="45" HEIGHT="42" STYLEREFS="StyleId-1" CONTENT="to" WC="0.905" CC="01" />
            <SP ID="P6_SP00179" WIDTH="0" HPOS="0" VPOS="0" />
            <String ID="P6_S00203" HPOS="1415" VPOS="1766" WIDTH="129" HEIGHT="47" STYLEREFS="StyleId-1" CONTENT="retire" WC="0.87833333" CC="000420" />
            <SP ID="P6_SP00180" WIDTH="0" HPOS="0" VPOS="0" />
            <String ID="P6_S00204" HPOS="1564" VPOS="1767" WIDTH="147" HEIGHT="46" STYLEREFS="StyleId-1" CONTENT="before" WC="0.966666639" CC="002000" />
          </TextLine>
          <TextLine ID="P6_TL00025" HPOS="198" VPOS="1831" WIDTH="1511" HEIGHT="48">
            <String ID="P6_S00205" HPOS="198" VPOS="1833" WIDTH="232" HEIGHT="46" STYLEREFS="StyleId-1" CONTENT="superiors." WC="0.85" CC="0000610600" />
            <SP ID="P6_SP00181" WIDTH="0" HPOS="0" VPOS="0" />
            <String ID="P6_S00206" HPOS="494" VPOS="1834" WIDTH="40" HEIGHT="45" STYLEREFS="StyleId-1" CONTENT="It" WC="0.755" CC="40" />
            <SP ID="P6_SP00182" WIDTH="0" HPOS="0" VPOS="0" />
            <String ID="P6_S00207" HPOS="566" VPOS="1832" WIDTH="35" HEIGHT="47" STYLEREFS="StyleId-1" CONTENT="is" WC="0.72" CC="50" />
            <SP ID="P6_SP00183" WIDTH="0" HPOS="0" VPOS="0" />
            <String ID="P6_S00208" HPOS="637" VPOS="1833" WIDTH="136" HEIGHT="46" STYLEREFS="StyleId-1" CONTENT="hence" WC="0.874" CC="00600" />
            <SP ID="P6_SP00184" WIDTH="0" HPOS="0" VPOS="0" />
            <String ID="P6_S00209" HPOS="804" VPOS="1844" WIDTH="119" HEIGHT="35" STYLEREFS="StyleId-1" CONTENT="more" WC="0.62" CC="8150" />
            <SP ID="P6_SP00185" WIDTH="0" HPOS="0" VPOS="0" />
            <String ID="P6_S00210" HPOS="958" VPOS="1831" WIDTH="244" HEIGHT="48" STYLEREFS="StyleId-1" CONTENT="gratifying" WC="0.582" CC="0608640177" />
            <SP ID="P6_SP00186" WIDTH="0" HPOS="0" VPOS="0" />
            <String ID="P6_S00211" HPOS="1242" VPOS="1832" WIDTH="106" HEIGHT="47" STYLEREFS="StyleId-1" CONTENT="than" WC="0.995" CC="0000" />
            <SP ID="P6_SP00187" WIDTH="0" HPOS="0" VPOS="0" />
            <String ID="P6_S00212" HPOS="1390" VPOS="1832" WIDTH="245" HEIGHT="47" STYLEREFS="StyleId-1" CONTENT="surprising" WC="0.674" CC="10104305510" />
            <SP ID="P6_SP00188" WIDTH="0" HPOS="0" VPOS="0" />
            <String ID="P6_S00213" HPOS="1666" VPOS="1838" WIDTH="43" HEIGHT="41" STYLEREFS="StyleId-1" CONTENT="to" WC="0.845" CC="30" />
          </TextLine>
          <TextLine ID="P6_TL00026" HPOS="197" VPOS="1897" WIDTH="1512" HEIGHT="46">
            <String ID="P6_S00214" HPOS="197" VPOS="1903" WIDTH="111" HEIGHT="32" STYLEREFS="StyleId-1" CONTENT="state" WC="0.78" CC="90001" />
            <SP ID="P6_SP00189" WIDTH="0" HPOS="0" VPOS="0" />
            <String ID="P6_S00215" HPOS="330" VPOS="1899" WIDTH="94" HEIGHT="36" STYLEREFS="StyleId-1" CONTENT="that" WC="0.84" CC="0600" />
            <SP ID="P6_SP00190" WIDTH="0" HPOS="0" VPOS="0" />
            <String ID="P6_S00216" HPOS="449" VPOS="1897" WIDTH="106" HEIGHT="38" STYLEREFS="StyleId-1" CONTENT="Miss" WC="0.7675" CC="5300" />
            <SP ID="P6_SP00191" WIDTH="0" HPOS="0" VPOS="0" />
            <String ID="P6_S00217" HPOS="573" VPOS="1897" WIDTH="141" HEIGHT="39" STYLEREFS="StyleId-1" CONTENT="Smith" WC="0.684" CC="40407" />
            <SP ID="P6_SP00192" WIDTH="0" HPOS="0" VPOS="0" />
            <String ID="P6_S00218" HPOS="727" VPOS="1909" WIDTH="87" HEIGHT="28" STYLEREFS="StyleId-1" CONTENT="was" WC="0.766666651" CC="007" />
            <SP ID="P6_SP00193" WIDTH="0" HPOS="0" VPOS="0" />
            <String ID="P6_S00219" HPOS="826" VPOS="1909" WIDTH="56" HEIGHT="28" STYLEREFS="StyleId-1" CONTENT="no" WC="0.65" CC="70" />
            <SP ID="P6_SP00194" WIDTH="0" HPOS="0" VPOS="0" />
            <String ID="P6_S00220" HPOS="895" VPOS="1897" WIDTH="247" HEIGHT="46" STYLEREFS="StyleId-1" CONTENT="exception." WC="0.887" CC="0000005060" />
            <SP ID="P6_SP00195" WIDTH="0" HPOS="0" VPOS="0" />
            <String ID="P6_S00221" HPOS="1178" VPOS="1898" WIDTH="86" HEIGHT="45" STYLEREFS="StyleId-1" CONTENT="She" WC="0.81" CC="500" />
            <SP ID="P6_SP00196" WIDTH="0" HPOS="0" VPOS="0" />
            <String ID="P6_S00222" HPOS="1278" VPOS="1910" WIDTH="88" HEIGHT="33" STYLEREFS="StyleId-1" CONTENT="was" WC="1" CC="000" />
            <SP ID="P6_SP00197" WIDTH="0" HPOS="0" VPOS="0" />
            <String ID="P6_S00223" HPOS="1387" VPOS="1898" WIDTH="170" HEIGHT="45" STYLEREFS="StyleId-1" CONTENT="trained" WC="0.9042857" CC="0000510" />
            <SP ID="P6_SP00198" WIDTH="0" HPOS="0" VPOS="0" />
            <String ID="P6_S00224" HPOS="1575" VPOS="1899" WIDTH="44" HEIGHT="44" STYLEREFS="StyleId-1" CONTENT="in" WC="0.715" CC="14" />
            <SP ID="P6_SP00199" WIDTH="0" HPOS="0" VPOS="0" />
            <String ID="P6_S00225" HPOS="1637" VPOS="1899" WIDTH="72" HEIGHT="44" STYLEREFS="StyleId-1" CONTENT="the" WC="1" CC="000" />
          </TextLine>
          <TextLine ID="P6_TL00027" HPOS="199" VPOS="1962" WIDTH="1510" HEIGHT="48">
            <String ID="P6_S00226" HPOS="199" VPOS="1965" WIDTH="108" HEIGHT="37" STYLEREFS="StyleId-1" CONTENT="New" WC="0.923333347" CC="100" />
            <SP ID="P6_SP00200" WIDTH="0" HPOS="0" VPOS="0" />
            <String ID="P6_S00227" HPOS="327" VPOS="1964" WIDTH="123" HEIGHT="38" STYLEREFS="StyleId-1" CONTENT="York" WC="0.7875" CC="1330" />
            <SP ID="P6_SP00201" WIDTH="0" HPOS="0" VPOS="0" />
            <String ID="P6_S00228" HPOS="473" VPOS="1963" WIDTH="186" HEIGHT="39" STYLEREFS="StyleId-1" CONTENT="Medical" WC="0.867142856" CC="0000090" />
            <SP ID="P6_SP00202" WIDTH="0" HPOS="0" VPOS="0" />
            <String ID="P6_S00229" HPOS="677" VPOS="1963" WIDTH="175" HEIGHT="46" STYLEREFS="StyleId-1" CONTENT="College" WC="0.96" CC="2000000" />
            <SP ID="P6_SP00203" WIDTH="0" HPOS="0" VPOS="0" />
            <String ID="P6_S00230" HPOS="875" VPOS="1963" WIDTH="83" HEIGHT="46" STYLEREFS="StyleId-1" CONTENT="and" WC="0.766666651" CC="070" />
            <SP ID="P6_SP00204" WIDTH="0" HPOS="0" VPOS="0" />
            <String ID="P6_S00231" HPOS="982" VPOS="1962" WIDTH="204" HEIGHT="47" STYLEREFS="StyleId-1" CONTENT="Hospital" WC="0.60125" CC="61074280" />
            <SP ID="P6_SP00205" WIDTH="0" HPOS="0" VPOS="0" />
            <String ID="P6_S00232" HPOS="1210" VPOS="1962" WIDTH="67" HEIGHT="47" STYLEREFS="StyleId-1" CONTENT="for" WC="0.813333333" CC="104" />
            <SP ID="P6_SP00206" WIDTH="0" HPOS="0" VPOS="0" />
            <String ID="P6_S00233" HPOS="1294" VPOS="1964" WIDTH="199" HEIGHT="46" STYLEREFS="StyleId-1" CONTENT="Women," WC="0.8983333" CC="000060" />
            <SP ID="P6_SP00207" WIDTH="0" HPOS="0" VPOS="0" />
            <String ID="P6_S00234" HPOS="1516" VPOS="1977" WIDTH="54" HEIGHT="33" STYLEREFS="StyleId-1" CONTENT="an" WC="0.47" CC="64" />
            <SP ID="P6_SP00208" WIDTH="0" HPOS="0" VPOS="0" />
            <String ID="P6_S00235" HPOS="1588" VPOS="1964" WIDTH="121" HEIGHT="46" STYLEREFS="StyleId-1" CONTENT="insti¬" WC="0.605" CC="460930" />
          </TextLine>
          <TextLine ID="P6_TL00028" HPOS="197" VPOS="2028" WIDTH="1508" HEIGHT="45">
            <String ID="P6_S00236" HPOS="197" VPOS="2029" WIDTH="142" HEIGHT="37" STYLEREFS="StyleId-1" CONTENT="tution" WC="0.821666658" CC="000406" />
            <SP ID="P6_SP00209" WIDTH="0" HPOS="0" VPOS="0" />
            <String ID="P6_S00237" HPOS="363" VPOS="2028" WIDTH="192" HEIGHT="38" STYLEREFS="StyleId-1" CONTENT="founded" WC="0.8685714" CC="0062000" />
            <SP ID="P6_SP00210" WIDTH="0" HPOS="0" VPOS="0" />
            <String ID="P6_S00238" HPOS="579" VPOS="2028" WIDTH="57" HEIGHT="45" STYLEREFS="StyleId-1" CONTENT="by" WC="1" CC="00" />
            <SP ID="P6_SP00211" WIDTH="0" HPOS="0" VPOS="0" />
            <String ID="P6_S00239" HPOS="657" VPOS="2029" WIDTH="74" HEIGHT="44" STYLEREFS="StyleId-1" CONTENT="the" WC="0.82" CC="005" />
            <SP ID="P6_SP00212" WIDTH="0" HPOS="0" VPOS="0" />
            <String ID="P6_S00240" HPOS="761" VPOS="2028" WIDTH="240" HEIGHT="45" STYLEREFS="StyleId-1" CONTENT="illustrious" WC="0.7772727" CC="206000500100" />
            <SP ID="P6_SP00213" WIDTH="0" HPOS="0" VPOS="0" />
            <String ID="P6_S00241" HPOS="1025" VPOS="2029" WIDTH="159" HEIGHT="44" STYLEREFS="StyleId-1" CONTENT="Doctor" WC="0.8183333" CC="600030" />
            <SP ID="P6_SP00214" WIDTH="0" HPOS="0" VPOS="0" />
            <String ID="P6_S00242" HPOS="1208" VPOS="2028" WIDTH="229" HEIGHT="45" STYLEREFS="StyleId-1" CONTENT="Clem»ence" WC="0.854444444" CC="080010300" />
            <SP ID="P6_SP00215" WIDTH="0" HPOS="0" VPOS="0" />
            <String ID="P6_S00243" HPOS="1458" VPOS="2030" WIDTH="44" HEIGHT="43" STYLEREFS="StyleId-1" CONTENT="S." WC="0.795" CC="40" />
            <SP ID="P6_SP00216" WIDTH="0" HPOS="0" VPOS="0" />
            <String ID="P6_S00244" HPOS="1541" VPOS="2030" WIDTH="164" HEIGHT="43" STYLEREFS="StyleId-1" CONTENT="L,ozier." WC="0.67875" CC="87005050" />
          </TextLine>
          <TextLine ID="P6_TL00029" HPOS="194" VPOS="2093" WIDTH="1512" HEIGHT="50">
            <String ID="P6_S00245" HPOS="194" VPOS="2094" WIDTH="85" HEIGHT="39" STYLEREFS="StyleId-1" CONTENT="She" WC="1" CC="000" />
            <SP ID="P6_SP00217" WIDTH="0" HPOS="0" VPOS="0" />
            <String ID="P6_S00246" HPOS="315" VPOS="2093" WIDTH="241" HEIGHT="47" STYLEREFS="StyleId-1" CONTENT="completed" WC="1" CC="000000000" />
            <SP ID="P6_SP00218" WIDTH="0" HPOS="0" VPOS="0" />
            <String ID="P6_S00247" HPOS="579" VPOS="2094" WIDTH="74" HEIGHT="46" STYLEREFS="StyleId-1" CONTENT="the" WC="1" CC="000" />
            <SP ID="P6_SP00219" WIDTH="0" HPOS="0" VPOS="0" />
            <String ID="P6_S00248" HPOS="690" VPOS="2094" WIDTH="245" HEIGHT="46" STYLEREFS="StyleId-1" CONTENT="prescribed" WC="0.975" CC="0000020000" />
            <SP ID="P6_SP00220" WIDTH="0" HPOS="0" VPOS="0" />
            <String ID="P6_S00249" HPOS="959" VPOS="2105" WIDTH="152" HEIGHT="35" STYLEREFS="StyleId-1" CONTENT="course" WC="0.8616667" CC="005200" />
            <SP ID="P6_SP00221" WIDTH="0" HPOS="0" VPOS="0" />
            <String ID="P6_S00250" HPOS="1133" VPOS="2094" WIDTH="106" HEIGHT="46" STYLEREFS="StyleId-1" CONTENT="with" WC="0.835" CC="0600" />
            <SP ID="P6_SP00222" WIDTH="0" HPOS="0" VPOS="0" />
            <String ID="P6_S00251" HPOS="1262" VPOS="2096" WIDTH="75" HEIGHT="44" STYLEREFS="StyleId-1" CONTENT="the" WC="0.863333344" CC="400" />
            <SP ID="P6_SP00223" WIDTH="0" HPOS="0" VPOS="0" />
            <String ID="P6_S00252" HPOS="1358" VPOS="2096" WIDTH="126" HEIGHT="44" STYLEREFS="StyleId-1" CONTENT="usual" WC="0.888" CC="05000" />
            <SP ID="P6_SP00224" WIDTH="0" HPOS="0" VPOS="0" />
            <String ID="P6_S00253" HPOS="1521" VPOS="2108" WIDTH="185" HEIGHT="35" STYLEREFS="StyleId-1" CONTENT="success," WC="0.71375" CC="105000501" />
          </TextLine>
          <TextLine ID="P6_TL00030" HPOS="195" VPOS="2157" WIDTH="1514" HEIGHT="51">
            <String ID="P6_S00254" HPOS="195" VPOS="2160" WIDTH="85" HEIGHT="37" STYLEREFS="StyleId-1" CONTENT="and" WC="0.89" CC="210" />
            <SP ID="P6_SP00225" WIDTH="0" HPOS="0" VPOS="0" />
            <String ID="P6_S00255" HPOS="303" VPOS="2159" WIDTH="107" HEIGHT="39" STYLEREFS="StyleId-1" CONTENT="with" WC="0.7275" CC="0406" />
            <SP ID="P6_SP00226" WIDTH="0" HPOS="0" VPOS="0" />
            <String ID="P6_S00256" HPOS="443" VPOS="2158" WIDTH="239" HEIGHT="40" STYLEREFS="StyleId-1" CONTENT="additional" WC="0.946" CC="0000030100" />
            <SP ID="P6_SP00227" WIDTH="0" HPOS="0" VPOS="0" />
            <String ID="P6_S00257" HPOS="703" VPOS="2159" WIDTH="272" HEIGHT="39" STYLEREFS="StyleId-1" CONTENT="distinction." WC="0.8958333" CC="050000000050" />
            <SP ID="P6_SP00228" WIDTH="0" HPOS="0" VPOS="0" />
            <String ID="P6_S00258" HPOS="1036" VPOS="2157" WIDTH="96" HEIGHT="41" STYLEREFS="StyleId-1" CONTENT="The" WC="1" CC="000" />
            <SP ID="P6_SP00229" WIDTH="0" HPOS="0" VPOS="0" />
            <String ID="P6_S00259" HPOS="1153" VPOS="2161" WIDTH="272" HEIGHT="45" STYLEREFS="StyleId-1" CONTENT="recognition" WC="0.74" CC="000510610004" />
            <SP ID="P6_SP00230" WIDTH="0" HPOS="0" VPOS="0" />
            <String ID="P6_S00260" HPOS="1448" VPOS="2163" WIDTH="58" HEIGHT="45" STYLEREFS="StyleId-1" CONTENT="by" WC="1" CC="00" />
            <SP ID="P6_SP00231" WIDTH="0" HPOS="0" VPOS="0" />
            <String ID="P6_S00261" HPOS="1528" VPOS="2163" WIDTH="75" HEIGHT="45" STYLEREFS="StyleId-1" CONTENT="the" WC="1" CC="000" />
            <SP ID="P6_SP00232" WIDTH="0" HPOS="0" VPOS="0" />
            <String ID="P6_S00262" HPOS="1625" VPOS="2164" WIDTH="84" HEIGHT="44" STYLEREFS="StyleId-1" CONTENT="fac¬" WC="0.87" CC="3001" />
          </TextLine>
          <TextLine ID="P6_TL00031" HPOS="193" VPOS="2224" WIDTH="1514" HEIGHT="48">
            <String ID="P6_S00263" HPOS="193" VPOS="2226" WIDTH="96" HEIGHT="46" STYLEREFS="StyleId-1" CONTENT="ulty" WC="0.7125" CC="10100" />
            <SP ID="P6_SP00233" WIDTH="0" HPOS="0" VPOS="0" />
            <String ID="P6_S00264" HPOS="311" VPOS="2225" WIDTH="44" HEIGHT="47" STYLEREFS="StyleId-1" CONTENT="of" WC="0.985" CC="00" />
            <SP ID="P6_SP00234" WIDTH="0" HPOS="0" VPOS="0" />
            <String ID="P6_S00265" HPOS="379" VPOS="2225" WIDTH="106" HEIGHT="47" STYLEREFS="StyleId-1" CONTENT="Miss" WC="0.8025" CC="0304" />
            <SP ID="P6_SP00235" WIDTH="0" HPOS="0" VPOS="0" />
            <String ID="P6_S00266" HPOS="507" VPOS="2224" WIDTH="184" HEIGHT="48" STYLEREFS="StyleId-1" CONTENT="Smith's" WC="0.81" CC="00301000" />
            <SP ID="P6_SP00236" WIDTH="0" HPOS="0" VPOS="0" />
            <String ID="P6_S00267" HPOS="713" VPOS="2224" WIDTH="141" HEIGHT="48" STYLEREFS="StyleId-1" CONTENT="merit," WC="0.87833333" CC="104100" />
            <SP ID="P6_SP00237" WIDTH="0" HPOS="0" VPOS="0" />
            <String ID="P6_S00268" HPOS="875" VPOS="2237" WIDTH="88" HEIGHT="35" STYLEREFS="StyleId-1" CONTENT="was" WC="0.6933333" CC="053" />
            <SP ID="P6_SP00238" WIDTH="0" HPOS="0" VPOS="0" />
            <String ID="P6_S00269" HPOS="985" VPOS="2237" WIDTH="53" HEIGHT="35" STYLEREFS="StyleId-1" CONTENT="an" WC="0.795" CC="04" />
            <SP ID="P6_SP00239" WIDTH="0" HPOS="0" VPOS="0" />
            <String ID="P6_S00270" HPOS="1063" VPOS="2230" WIDTH="68" HEIGHT="42" STYLEREFS="StyleId-1" CONTENT="act" WC="1" CC="000" />
            <SP ID="P6_SP00240" WIDTH="0" HPOS="0" VPOS="0" />
            <String ID="P6_S00271" HPOS="1154" VPOS="2237" WIDTH="45" HEIGHT="35" STYLEREFS="StyleId-1" CONTENT="as" WC="1" CC="00" />
            <SP ID="P6_SP00241" WIDTH="0" HPOS="0" VPOS="0" />
            <String ID="P6_S00272" HPOS="1221" VPOS="2227" WIDTH="195" HEIGHT="45" STYLEREFS="StyleId-1" CONTENT="graceful" WC="0.79125" CC="103000200" />
            <SP ID="P6_SP00242" WIDTH="0" HPOS="0" VPOS="0" />
            <String ID="P6_S00273" HPOS="1439" VPOS="2240" WIDTH="45" HEIGHT="32" STYLEREFS="StyleId-1" CONTENT="as" WC="1" CC="00" />
            <SP ID="P6_SP00243" WIDTH="0" HPOS="0" VPOS="0" />
            <String ID="P6_S00274" HPOS="1502" VPOS="2230" WIDTH="205" HEIGHT="42" STYLEREFS="StyleId-1" CONTENT="unusual." WC="0.83125" CC="31430000" />
          </TextLine>
          <TextLine ID="P6_TL00032" HPOS="193" VPOS="2290" WIDTH="1519" HEIGHT="49">
            <String ID="P6_S00275" HPOS="193" VPOS="2291" WIDTH="85" HEIGHT="38" STYLEREFS="StyleId-1" CONTENT="She" WC="0.646666646" CC="370" />
            <SP ID="P6_SP00244" WIDTH="0" HPOS="0" VPOS="0" />
            <String ID="P6_S00276" HPOS="294" VPOS="2303" WIDTH="87" HEIGHT="26" STYLEREFS="StyleId-1" CONTENT="was" WC="0.803333342" CC="041" />
            <SP ID="P6_SP00245" WIDTH="0" HPOS="0" VPOS="0" />
            <String ID="P6_S00277" HPOS="403" VPOS="2290" WIDTH="160" HEIGHT="39" STYLEREFS="StyleId-1" CONTENT="chosen" WC="0.886666656" CC="000006" />
            <SP ID="P6_SP00246" WIDTH="0" HPOS="0" VPOS="0" />
            <String ID="P6_S00278" HPOS="586" VPOS="2290" WIDTH="311" HEIGHT="39" STYLEREFS="StyleId-1" CONTENT="valedictorian" WC="0.7530769" CC="10000050040506" />
            <SP ID="P6_SP00247" WIDTH="0" HPOS="0" VPOS="0" />
            <String ID="P6_S00279" HPOS="921" VPOS="2290" WIDTH="45" HEIGHT="39" STYLEREFS="StyleId-1" CONTENT="of" WC="0.86" CC="02" />
            <SP ID="P6_SP00248" WIDTH="0" HPOS="0" VPOS="0" />
            <String ID="P6_S00280" HPOS="987" VPOS="2291" WIDTH="76" HEIGHT="38" STYLEREFS="StyleId-1" CONTENT="her" WC="0.9066667" CC="002" />
            <SP ID="P6_SP00249" WIDTH="0" HPOS="0" VPOS="0" />
            <String ID="P6_S00281" HPOS="1085" VPOS="2291" WIDTH="193" HEIGHT="38" STYLEREFS="StyleId-1" CONTENT="class—a" WC="0.64" CC="0450096" />
            <SP ID="P6_SP00250" WIDTH="0" HPOS="0" VPOS="0" />
            <String ID="P6_S00282" HPOS="1300" VPOS="2292" WIDTH="110" HEIGHT="37" STYLEREFS="StyleId-1" CONTENT="class" WC="0.91" CC="00040" />
            <SP ID="P6_SP00251" WIDTH="0" HPOS="0" VPOS="0" />
            <String ID="P6_S00283" HPOS="1432" VPOS="2295" WIDTH="211" HEIGHT="44" STYLEREFS="StyleId-1" CONTENT="regarded" WC="0.745" CC="501040000" />
            <SP ID="P6_SP00252" WIDTH="0" HPOS="0" VPOS="0" />
            <String ID="P6_S00284" HPOS="1666" VPOS="2308" WIDTH="46" HEIGHT="31" STYLEREFS="StyleId-1" CONTENT="as" WC="0.285" CC="94" />
          </TextLine>
          <TextLine ID="P6_TL00033" HPOS="191" VPOS="2355" WIDTH="1189" HEIGHT="45">
            <String ID="P6_S00285" HPOS="191" VPOS="2369" WIDTH="83" HEIGHT="25" STYLEREFS="StyleId-1" CONTENT="one" WC="0.7733333" CC="060" />
            <SP ID="P6_SP00253" WIDTH="0" HPOS="0" VPOS="0" />
            <String ID="P6_S00286" HPOS="295" VPOS="2356" WIDTH="45" HEIGHT="38" STYLEREFS="StyleId-1" CONTENT="of" WC="0.735" CC="05" />
            <SP ID="P6_SP00254" WIDTH="0" HPOS="0" VPOS="0" />
            <String ID="P6_S00287" HPOS="360" VPOS="2355" WIDTH="75" HEIGHT="39" STYLEREFS="StyleId-1" CONTENT="the" WC="1" CC="000" />
            <SP ID="P6_SP00255" WIDTH="0" HPOS="0" VPOS="0" />
            <String ID="P6_S00288" HPOS="456" VPOS="2360" WIDTH="218" HEIGHT="40" STYLEREFS="StyleId-1" CONTENT="strongest" WC="0.946666658" CC="000040000" />
            <SP ID="P6_SP00256" WIDTH="0" HPOS="0" VPOS="0" />
            <String ID="P6_S00289" HPOS="695" VPOS="2355" WIDTH="95" HEIGHT="45" STYLEREFS="StyleId-1" CONTENT="that" WC="1" CC="0000" />
            <SP ID="P6_SP00257" WIDTH="0" HPOS="0" VPOS="0" />
            <String ID="P6_S00290" HPOS="812" VPOS="2355" WIDTH="84" HEIGHT="45" STYLEREFS="StyleId-1" CONTENT="had" WC="1" CC="000" />
            <SP ID="P6_SP00258" WIDTH="0" HPOS="0" VPOS="0" />
            <String ID="P6_S00291" HPOS="921" VPOS="2368" WIDTH="98" HEIGHT="32" STYLEREFS="StyleId-1" CONTENT="ever" WC="0.96" CC="0001" />
            <SP ID="P6_SP00259" WIDTH="0" HPOS="0" VPOS="0" />
            <String ID="P6_S00292" HPOS="1041" VPOS="2356" WIDTH="107" HEIGHT="44" STYLEREFS="StyleId-1" CONTENT="been" WC="0.8825" CC="0004" />
            <SP ID="P6_SP00260" WIDTH="0" HPOS="0" VPOS="0" />
            <String ID="P6_S00293" HPOS="1171" VPOS="2361" WIDTH="96" HEIGHT="39" STYLEREFS="StyleId-1" CONTENT="sent" WC="0.8225" CC="0070" />
            <SP ID="P6_SP00261" WIDTH="0" HPOS="0" VPOS="0" />
            <String ID="P6_S00294" HPOS="1289" VPOS="2362" WIDTH="91" HEIGHT="38" STYLEREFS="StyleId-1" CONTENT="out." WC="0.8325" CC="0600" />
          </TextLine>
          <TextLine ID="P6_TL00034" HPOS="274" VPOS="2419" WIDTH="1439" HEIGHT="48">
            <String ID="P6_S00295" HPOS="274" VPOS="2419" WIDTH="95" HEIGHT="40" STYLEREFS="StyleId-1" CONTENT="The" WC="1" CC="000" />
            <SP ID="P6_SP00262" WIDTH="0" HPOS="0" VPOS="0" />
            <String ID="P6_S00296" HPOS="391" VPOS="2420" WIDTH="206" HEIGHT="46" STYLEREFS="StyleId-1" CONTENT="youthful" WC="0.74125" CC="00706006" />
            <SP ID="P6_SP00263" WIDTH="0" HPOS="0" VPOS="0" />
            <String ID="P6_S00297" HPOS="619" VPOS="2421" WIDTH="211" HEIGHT="45" STYLEREFS="StyleId-1" CONTENT="graduate" WC="0.9275" CC="00005000" />
            <SP ID="P6_SP00264" WIDTH="0" HPOS="0" VPOS="0" />
            <String ID="P6_S00298" HPOS="853" VPOS="2421" WIDTH="123" HEIGHT="45" STYLEREFS="StyleId-1" CONTENT="hung" WC="0.49" CC="05510" />
            <SP ID="P6_SP00265" WIDTH="0" HPOS="0" VPOS="0" />
            <String ID="P6_S00299" HPOS="997" VPOS="2428" WIDTH="77" HEIGHT="38" STYLEREFS="StyleId-1" CONTENT="out" WC="0.7966667" CC="060" />
            <SP ID="P6_SP00266" WIDTH="0" HPOS="0" VPOS="0" />
            <String ID="P6_S00300" HPOS="1096" VPOS="2422" WIDTH="77" HEIGHT="44" STYLEREFS="StyleId-1" CONTENT="her" WC="0.863333344" CC="004" />
            <SP ID="P6_SP00267" WIDTH="0" HPOS="0" VPOS="0" />
            <String ID="P6_S00301" HPOS="1195" VPOS="2421" WIDTH="174" HEIGHT="46" STYLEREFS="StyleId-1" CONTENT="shingle" WC="0.55" CC="00681060" />
            <SP ID="P6_SP00268" WIDTH="0" HPOS="0" VPOS="0" />
            <String ID="P6_S00302" HPOS="1391" VPOS="2422" WIDTH="44" HEIGHT="45" STYLEREFS="StyleId-1" CONTENT="in" WC="0.59" CC="08" />
            <SP ID="P6_SP00269" WIDTH="0" HPOS="0" VPOS="0" />
            <String ID="P6_S00303" HPOS="1467" VPOS="2424" WIDTH="77" HEIGHT="43" STYLEREFS="StyleId-1" CONTENT="her" WC="0.67" CC="603" />
            <SP ID="P6_SP00270" WIDTH="0" HPOS="0" VPOS="0" />
            <String ID="P6_S00304" HPOS="1566" VPOS="2427" WIDTH="147" HEIGHT="40" STYLEREFS="StyleId-1" CONTENT="native" WC="0.8833333" CC="700000" />
          </TextLine>
          <TextLine ID="P6_TL00035" HPOS="191" VPOS="2485" WIDTH="1521" HEIGHT="49">
            <String ID="P6_S00305" HPOS="191" VPOS="2488" WIDTH="103" HEIGHT="46" STYLEREFS="StyleId-1" CONTENT="city," WC="0.926" CC="02001" />
            <SP ID="P6_SP00271" WIDTH="0" HPOS="0" VPOS="0" />
            <String ID="P6_S00306" HPOS="316" VPOS="2486" WIDTH="237" HEIGHT="48" STYLEREFS="StyleId-1" CONTENT="Brooklyn." WC="0.75222224" CC="650180000" />
            <SP ID="P6_SP00272" WIDTH="0" HPOS="0" VPOS="0" />
            <String ID="P6_S00307" HPOS="582" VPOS="2486" WIDTH="56" HEIGHT="48" STYLEREFS="StyleId-1" CONTENT="N." WC="0.79" CC="40" />
            <SP ID="P6_SP00273" WIDTH="0" HPOS="0" VPOS="0" />
            <String ID="P6_S00308" HPOS="664" VPOS="2487" WIDTH="55" HEIGHT="47" STYLEREFS="StyleId-1" CONTENT="Y." WC="0.805" CC="12" />
            <SP ID="P6_SP00274" WIDTH="0" HPOS="0" VPOS="0" />
            <String ID="P6_S00309" HPOS="781" VPOS="2485" WIDTH="87" HEIGHT="49" STYLEREFS="StyleId-1" CONTENT="She" WC="0.51" CC="950" />
            <SP ID="P6_SP00275" WIDTH="0" HPOS="0" VPOS="0" />
            <String ID="P6_S00310" HPOS="890" VPOS="2486" WIDTH="104" HEIGHT="48" STYLEREFS="StyleId-1" CONTENT="took" WC="0.89" CC="0040" />
            <SP ID="P6_SP00276" WIDTH="0" HPOS="0" VPOS="0" />
            <String ID="P6_S00311" HPOS="1017" VPOS="2500" WIDTH="24" HEIGHT="34" STYLEREFS="StyleId-1" CONTENT="a" WC="1" CC="0" />
            <SP ID="P6_SP00277" WIDTH="0" HPOS="0" VPOS="0" />
            <String ID="P6_S00312" HPOS="1064" VPOS="2488" WIDTH="329" HEIGHT="46" STYLEREFS="StyleId-1" CONTENT="post-graduate" WC="0.7346154" CC="61240105300000" />
            <SP ID="P6_SP00278" WIDTH="0" HPOS="0" VPOS="0" />
            <String ID="P6_S00313" HPOS="1410" VPOS="2492" WIDTH="213" HEIGHT="42" STYLEREFS="StyleId-1" CONTENT="course.in" WC="0.81" CC="034400400" />
            <SP ID="P6_SP00279" WIDTH="0" HPOS="0" VPOS="0" />
            <String ID="P6_S00314" HPOS="1638" VPOS="2494" WIDTH="74" HEIGHT="40" STYLEREFS="StyleId-1" CONTENT="the" WC="0.7966667" CC="060" />
          </TextLine>
        </TextBlock>
      </PrintSpace>
    </Page>
  </Layout>
</alto>