﻿<mets xsi:schemaLocation="http://www.loc.gov/METS/ http://www.loc.gov/standards/mets/mets.xsd http://www.openarchives.org/OAI/2.0/oai_dc/ http://www.openarchives.org/OAI/2.0/oai_dc.xsd http://www.loc.gov/mix/v20 http://www.loc.gov/standards/mix/mix20/mix20.xsd" xmlns:xsi="http://www.w3.org/2001/XMLSchema-instance" xmlns:dc="http://purl.org/dc/elements/1.1/" xmlns:premis="http://purl.org/dc/elements/1.1/premis" xmlns:mix="http://purl.org/dc/elements/1.1/mix" xmlns:xlink="http://www.w3.org/1999/xlink" xmlns="http://www.loc.gov/METS/">
  <metsHdr CREATEDATE="2014-05-09T08:34:13" RECORDSTATUS="Complete">
    <agent ROLE="CREATOR" TYPE="ORGANIZATION">
      <name>Emory University</name>
    </agent>
    <agent ROLE="ARCHIVIST" TYPE="ORGANIZATION">
      <name>Emory University</name>
    </agent>
    <agent ROLE="ARCHIVIST" TYPE="INDIVIDUAL">
      <name>Emory University</name>
    </agent>
  </metsHdr>
  <dmdSec ID="DMD1">
    <mdWrap MIMETYPE="text/xml" MDTYPE="MODS" LABEL="MODS Metadata">
  <xmlData>
    <mods:mods version="3.3" xsi:schemaLocation="http://www.loc.gov/mods/v3 http://www.loc.gov/standards/mods/v3/mods-3-3.xsd" xmlns:mods="http://www.loc.gov/mods/v3">
      <mods:titleInfo>
        <mods:title>Unknown</mods:title>
      </mods:titleInfo>
      <mods:name type="personal">
        <mods:role>
          <mods:roleTerm authority="marcrelator" type="text">creator</mods:roleTerm>
        </mods:role>
      </mods:name>
      <mods:typeOfResource>text</mods:typeOfResource>
      <mods:originInfo>
        <mods:place>
          <mods:placeTerm type="code" authority="marccountry">enk</mods:placeTerm>
        </mods:place>
      </mods:originInfo>
      <mods:recordInfo>
        <mods:recordContentSource authority="marcorg">CtY</mods:recordContentSource>
      </mods:recordInfo>
    </mods:mods>
  </xmlData>
</mdWrap>
  </dmdSec>
  <dmdSec ID="DMD2">
    <mdWrap MIMETYPE="text/xml" MDTYPE="DC" LABEL="DC Metadata">
  <xmlData>
    <dc:dc xsi:schemaLocation="http://www.openarchives.org/OAI/2.0/oai_dc/ http://www.openarchives.org/OAI/2.0/oai_dc.xsd" xmlns:oai_dc="http://www.openarchives.org/OAI/2.0/oai_dc/">
      <dc:title>Unknown</dc:title>
    </dc:dc>
  </xmlData>
</mdWrap>
  </dmdSec>
  <amdSec ID="AMD">
    <techMD ID="AMD_TECHMD_TIF001">
      <mdWrap MDTYPE="NISOIMG" MIMETYPE="text/xml" LABEL="NISO MIX Metadata">
  <xmlData>
    <mix:mix xsi:schemaLocation="http://www.loc.gov/mix/v20 http://www.loc.gov/standards/mix/mix20/mix20.xsd" xmlns:mix="http://www.loc.gov/mix/v20">
      <mix:BasicDigitalObjectInformation>
        <mix:ObjectIdentifier>
          <mix:objectIdentifierType>pathname</mix:objectIdentifierType>
          <mix:objectIdentifierValue>../TIFF/00000001.tif</mix:objectIdentifierValue>
        </mix:ObjectIdentifier>
        <mix:fileSize>3156</mix:fileSize>
        <mix:FormatDesignation>
          <mix:formatName>image/tiff</mix:formatName>
        </mix:FormatDesignation>
        <mix:Fixity>
          <mix:messageDigestAlgorithm>MD5</mix:messageDigestAlgorithm>
          <mix:messageDigest>96fe31d14aafde8e573e94119a2b75ec</mix:messageDigest>
        </mix:Fixity>
      </mix:BasicDigitalObjectInformation>
      <mix:BasicImageInformation>
        <mix:BasicImageCharacteristics>
          <mix:imageWidth>1900</mix:imageWidth>
          <mix:imageHeight>2800</mix:imageHeight>
        </mix:BasicImageCharacteristics>
      </mix:BasicImageInformation>
      <mix:ImageAssessmentMetadata>
        <mix:ImageColorEncoding>
          <mix:BitsPerSample>
            <mix:bitsPerSampleUnit>integer</mix:bitsPerSampleUnit>
          </mix:BitsPerSample>
        </mix:ImageColorEncoding>
      </mix:ImageAssessmentMetadata>
    </mix:mix>
  </xmlData>
</mdWrap>
    </techMD>
    <techMD ID="AMD_TECHMD_TIF002">
      <mdWrap MDTYPE="NISOIMG" MIMETYPE="text/xml" LABEL="NISO MIX Metadata">
  <xmlData>
    <mix:mix xsi:schemaLocation="http://www.loc.gov/mix/v20 http://www.loc.gov/standards/mix/mix20/mix20.xsd" xmlns:mix="http://www.loc.gov/mix/v20">
      <mix:BasicDigitalObjectInformation>
        <mix:ObjectIdentifier>
          <mix:objectIdentifierType>pathname</mix:objectIdentifierType>
          <mix:objectIdentifierValue>../TIFF/00000002.tif</mix:objectIdentifierValue>
        </mix:ObjectIdentifier>
        <mix:fileSize>33797</mix:fileSize>
        <mix:FormatDesignation>
          <mix:formatName>image/tiff</mix:formatName>
        </mix:FormatDesignation>
        <mix:Fixity>
          <mix:messageDigestAlgorithm>MD5</mix:messageDigestAlgorithm>
          <mix:messageDigest>d7080033df87e8abc394c1f9d490fd8c</mix:messageDigest>
        </mix:Fixity>
      </mix:BasicDigitalObjectInformation>
      <mix:BasicImageInformation>
        <mix:BasicImageCharacteristics>
          <mix:imageWidth>1900</mix:imageWidth>
          <mix:imageHeight>2800</mix:imageHeight>
        </mix:BasicImageCharacteristics>
      </mix:BasicImageInformation>
      <mix:ImageAssessmentMetadata>
        <mix:ImageColorEncoding>
          <mix:BitsPerSample>
            <mix:bitsPerSampleUnit>integer</mix:bitsPerSampleUnit>
          </mix:BitsPerSample>
        </mix:ImageColorEncoding>
      </mix:ImageAssessmentMetadata>
    </mix:mix>
  </xmlData>
</mdWrap>
    </techMD>
    <techMD ID="AMD_TECHMD_TIF003">
      <mdWrap MDTYPE="NISOIMG" MIMETYPE="text/xml" LABEL="NISO MIX Metadata">
  <xmlData>
    <mix:mix xsi:schemaLocation="http://www.loc.gov/mix/v20 http://www.loc.gov/standards/mix/mix20/mix20.xsd" xmlns:mix="http://www.loc.gov/mix/v20">
      <mix:BasicDigitalObjectInformation>
        <mix:ObjectIdentifier>
          <mix:objectIdentifierType>pathname</mix:objectIdentifierType>
          <mix:objectIdentifierValue>../TIFF/00000003.tif</mix:objectIdentifierValue>
        </mix:ObjectIdentifier>
        <mix:fileSize>22570</mix:fileSize>
        <mix:FormatDesignation>
          <mix:formatName>image/tiff</mix:formatName>
        </mix:FormatDesignation>
        <mix:Fixity>
          <mix:messageDigestAlgorithm>MD5</mix:messageDigestAlgorithm>
          <mix:messageDigest>bf9db76e0569784b1b068197a28a3b32</mix:messageDigest>
        </mix:Fixity>
      </mix:BasicDigitalObjectInformation>
      <mix:BasicImageInformation>
        <mix:BasicImageCharacteristics>
          <mix:imageWidth>1900</mix:imageWidth>
          <mix:imageHeight>2800</mix:imageHeight>
        </mix:BasicImageCharacteristics>
      </mix:BasicImageInformation>
      <mix:ImageAssessmentMetadata>
        <mix:ImageColorEncoding>
          <mix:BitsPerSample>
            <mix:bitsPerSampleUnit>integer</mix:bitsPerSampleUnit>
          </mix:BitsPerSample>
        </mix:ImageColorEncoding>
      </mix:ImageAssessmentMetadata>
    </mix:mix>
  </xmlData>
</mdWrap>
    </techMD>
    <techMD ID="AMD_TECHMD_TIF004">
      <mdWrap MDTYPE="NISOIMG" MIMETYPE="text/xml" LABEL="NISO MIX Metadata">
  <xmlData>
    <mix:mix xsi:schemaLocation="http://www.loc.gov/mix/v20 http://www.loc.gov/standards/mix/mix20/mix20.xsd" xmlns:mix="http://www.loc.gov/mix/v20">
      <mix:BasicDigitalObjectInformation>
        <mix:ObjectIdentifier>
          <mix:objectIdentifierType>pathname</mix:objectIdentifierType>
          <mix:objectIdentifierValue>../TIFF/00000004.tif</mix:objectIdentifierValue>
        </mix:ObjectIdentifier>
        <mix:fileSize>3156</mix:fileSize>
        <mix:FormatDesignation>
          <mix:formatName>image/tiff</mix:formatName>
        </mix:FormatDesignation>
        <mix:Fixity>
          <mix:messageDigestAlgorithm>MD5</mix:messageDigestAlgorithm>
          <mix:messageDigest>47e3f941c593e9d1a2d3b84551a01f2b</mix:messageDigest>
        </mix:Fixity>
      </mix:BasicDigitalObjectInformation>
      <mix:BasicImageInformation>
        <mix:BasicImageCharacteristics>
          <mix:imageWidth>1900</mix:imageWidth>
          <mix:imageHeight>2800</mix:imageHeight>
        </mix:BasicImageCharacteristics>
      </mix:BasicImageInformation>
      <mix:ImageAssessmentMetadata>
        <mix:ImageColorEncoding>
          <mix:BitsPerSample>
            <mix:bitsPerSampleUnit>integer</mix:bitsPerSampleUnit>
          </mix:BitsPerSample>
        </mix:ImageColorEncoding>
      </mix:ImageAssessmentMetadata>
    </mix:mix>
  </xmlData>
</mdWrap>
    </techMD>
    <techMD ID="AMD_TECHMD_TIF005">
      <mdWrap MDTYPE="NISOIMG" MIMETYPE="text/xml" LABEL="NISO MIX Metadata">
  <xmlData>
    <mix:mix xsi:schemaLocation="http://www.loc.gov/mix/v20 http://www.loc.gov/standards/mix/mix20/mix20.xsd" xmlns:mix="http://www.loc.gov/mix/v20">
      <mix:BasicDigitalObjectInformation>
        <mix:ObjectIdentifier>
          <mix:objectIdentifierType>pathname</mix:objectIdentifierType>
          <mix:objectIdentifierValue>../TIFF/00000005.tif</mix:objectIdentifierValue>
        </mix:ObjectIdentifier>
        <mix:fileSize>89426</mix:fileSize>
        <mix:FormatDesignation>
          <mix:formatName>image/tiff</mix:formatName>
        </mix:FormatDesignation>
        <mix:Fixity>
          <mix:messageDigestAlgorithm>MD5</mix:messageDigestAlgorithm>
          <mix:messageDigest>9fcb0113909bb58cfc74d76dd7229ebb</mix:messageDigest>
        </mix:Fixity>
      </mix:BasicDigitalObjectInformation>
      <mix:BasicImageInformation>
        <mix:BasicImageCharacteristics>
          <mix:imageWidth>1900</mix:imageWidth>
          <mix:imageHeight>2800</mix:imageHeight>
        </mix:BasicImageCharacteristics>
      </mix:BasicImageInformation>
      <mix:ImageAssessmentMetadata>
        <mix:ImageColorEncoding>
          <mix:BitsPerSample>
            <mix:bitsPerSampleUnit>integer</mix:bitsPerSampleUnit>
          </mix:BitsPerSample>
        </mix:ImageColorEncoding>
      </mix:ImageAssessmentMetadata>
    </mix:mix>
  </xmlData>
</mdWrap>
    </techMD>
    <techMD ID="AMD_TECHMD_TIF006">
      <mdWrap MDTYPE="NISOIMG" MIMETYPE="text/xml" LABEL="NISO MIX Metadata">
  <xmlData>
    <mix:mix xsi:schemaLocation="http://www.loc.gov/mix/v20 http://www.loc.gov/standards/mix/mix20/mix20.xsd" xmlns:mix="http://www.loc.gov/mix/v20">
      <mix:BasicDigitalObjectInformation>
        <mix:ObjectIdentifier>
          <mix:objectIdentifierType>pathname</mix:objectIdentifierType>
          <mix:objectIdentifierValue>../TIFF/00000006.tif</mix:objectIdentifierValue>
        </mix:ObjectIdentifier>
        <mix:fileSize>66102</mix:fileSize>
        <mix:FormatDesignation>
          <mix:formatName>image/tiff</mix:formatName>
        </mix:FormatDesignation>
        <mix:Fixity>
          <mix:messageDigestAlgorithm>MD5</mix:messageDigestAlgorithm>
          <mix:messageDigest>985db090c56556fc849be0281d73ef31</mix:messageDigest>
        </mix:Fixity>
      </mix:BasicDigitalObjectInformation>
      <mix:BasicImageInformation>
        <mix:BasicImageCharacteristics>
          <mix:imageWidth>1900</mix:imageWidth>
          <mix:imageHeight>2800</mix:imageHeight>
        </mix:BasicImageCharacteristics>
      </mix:BasicImageInformation>
      <mix:ImageAssessmentMetadata>
        <mix:ImageColorEncoding>
          <mix:BitsPerSample>
            <mix:bitsPerSampleUnit>integer</mix:bitsPerSampleUnit>
          </mix:BitsPerSample>
        </mix:ImageColorEncoding>
      </mix:ImageAssessmentMetadata>
    </mix:mix>
  </xmlData>
</mdWrap>
    </techMD>
    <techMD ID="AMD_TECHMD_TIF007">
      <mdWrap MDTYPE="NISOIMG" MIMETYPE="text/xml" LABEL="NISO MIX Metadata">
  <xmlData>
    <mix:mix xsi:schemaLocation="http://www.loc.gov/mix/v20 http://www.loc.gov/standards/mix/mix20/mix20.xsd" xmlns:mix="http://www.loc.gov/mix/v20">
      <mix:BasicDigitalObjectInformation>
        <mix:ObjectIdentifier>
          <mix:objectIdentifierType>pathname</mix:objectIdentifierType>
          <mix:objectIdentifierValue>../TIFF/00000007.tif</mix:objectIdentifierValue>
        </mix:ObjectIdentifier>
        <mix:fileSize>74274</mix:fileSize>
        <mix:FormatDesignation>
          <mix:formatName>image/tiff</mix:formatName>
        </mix:FormatDesignation>
        <mix:Fixity>
          <mix:messageDigestAlgorithm>MD5</mix:messageDigestAlgorithm>
          <mix:messageDigest>2f5c29df2befb803697e152711bf2a05</mix:messageDigest>
        </mix:Fixity>
      </mix:BasicDigitalObjectInformation>
      <mix:BasicImageInformation>
        <mix:BasicImageCharacteristics>
          <mix:imageWidth>1900</mix:imageWidth>
          <mix:imageHeight>2800</mix:imageHeight>
        </mix:BasicImageCharacteristics>
      </mix:BasicImageInformation>
      <mix:ImageAssessmentMetadata>
        <mix:ImageColorEncoding>
          <mix:BitsPerSample>
            <mix:bitsPerSampleUnit>integer</mix:bitsPerSampleUnit>
          </mix:BitsPerSample>
        </mix:ImageColorEncoding>
      </mix:ImageAssessmentMetadata>
    </mix:mix>
  </xmlData>
</mdWrap>
    </techMD>
    <techMD ID="AMD_TECHMD_TIF008">
      <mdWrap MDTYPE="NISOIMG" MIMETYPE="text/xml" LABEL="NISO MIX Metadata">
  <xmlData>
    <mix:mix xsi:schemaLocation="http://www.loc.gov/mix/v20 http://www.loc.gov/standards/mix/mix20/mix20.xsd" xmlns:mix="http://www.loc.gov/mix/v20">
      <mix:BasicDigitalObjectInformation>
        <mix:ObjectIdentifier>
          <mix:objectIdentifierType>pathname</mix:objectIdentifierType>
          <mix:objectIdentifierValue>../TIFF/00000008.tif</mix:objectIdentifierValue>
        </mix:ObjectIdentifier>
        <mix:fileSize>76589</mix:fileSize>
        <mix:FormatDesignation>
          <mix:formatName>image/tiff</mix:formatName>
        </mix:FormatDesignation>
        <mix:Fixity>
          <mix:messageDigestAlgorithm>MD5</mix:messageDigestAlgorithm>
          <mix:messageDigest>c4bc2038a4a7d39be55a61ae2fac32ff</mix:messageDigest>
        </mix:Fixity>
      </mix:BasicDigitalObjectInformation>
      <mix:BasicImageInformation>
        <mix:BasicImageCharacteristics>
          <mix:imageWidth>1900</mix:imageWidth>
          <mix:imageHeight>2800</mix:imageHeight>
        </mix:BasicImageCharacteristics>
      </mix:BasicImageInformation>
      <mix:ImageAssessmentMetadata>
        <mix:ImageColorEncoding>
          <mix:BitsPerSample>
            <mix:bitsPerSampleUnit>integer</mix:bitsPerSampleUnit>
          </mix:BitsPerSample>
        </mix:ImageColorEncoding>
      </mix:ImageAssessmentMetadata>
    </mix:mix>
  </xmlData>
</mdWrap>
    </techMD>
    <techMD ID="AMD_TECHMD_TIF009">
      <mdWrap MDTYPE="NISOIMG" MIMETYPE="text/xml" LABEL="NISO MIX Metadata">
  <xmlData>
    <mix:mix xsi:schemaLocation="http://www.loc.gov/mix/v20 http://www.loc.gov/standards/mix/mix20/mix20.xsd" xmlns:mix="http://www.loc.gov/mix/v20">
      <mix:BasicDigitalObjectInformation>
        <mix:ObjectIdentifier>
          <mix:objectIdentifierType>pathname</mix:objectIdentifierType>
          <mix:objectIdentifierValue>../TIFF/00000009.tif</mix:objectIdentifierValue>
        </mix:ObjectIdentifier>
        <mix:fileSize>54087</mix:fileSize>
        <mix:FormatDesignation>
          <mix:formatName>image/tiff</mix:formatName>
        </mix:FormatDesignation>
        <mix:Fixity>
          <mix:messageDigestAlgorithm>MD5</mix:messageDigestAlgorithm>
          <mix:messageDigest>d835480d13fcceba0fe3aa685cdc55e9</mix:messageDigest>
        </mix:Fixity>
      </mix:BasicDigitalObjectInformation>
      <mix:BasicImageInformation>
        <mix:BasicImageCharacteristics>
          <mix:imageWidth>1900</mix:imageWidth>
          <mix:imageHeight>2800</mix:imageHeight>
        </mix:BasicImageCharacteristics>
      </mix:BasicImageInformation>
      <mix:ImageAssessmentMetadata>
        <mix:ImageColorEncoding>
          <mix:BitsPerSample>
            <mix:bitsPerSampleUnit>integer</mix:bitsPerSampleUnit>
          </mix:BitsPerSample>
        </mix:ImageColorEncoding>
      </mix:ImageAssessmentMetadata>
    </mix:mix>
  </xmlData>
</mdWrap>
    </techMD>
    <techMD ID="AMD_TECHMD_TIF010">
      <mdWrap MDTYPE="NISOIMG" MIMETYPE="text/xml" LABEL="NISO MIX Metadata">
  <xmlData>
    <mix:mix xsi:schemaLocation="http://www.loc.gov/mix/v20 http://www.loc.gov/standards/mix/mix20/mix20.xsd" xmlns:mix="http://www.loc.gov/mix/v20">
      <mix:BasicDigitalObjectInformation>
        <mix:ObjectIdentifier>
          <mix:objectIdentifierType>pathname</mix:objectIdentifierType>
          <mix:objectIdentifierValue>../TIFF/00000010.tif</mix:objectIdentifierValue>
        </mix:ObjectIdentifier>
        <mix:fileSize>72440</mix:fileSize>
        <mix:FormatDesignation>
          <mix:formatName>image/tiff</mix:formatName>
        </mix:FormatDesignation>
        <mix:Fixity>
          <mix:messageDigestAlgorithm>MD5</mix:messageDigestAlgorithm>
          <mix:messageDigest>5e0f9b6aaa2403320950385c145ad0f0</mix:messageDigest>
        </mix:Fixity>
      </mix:BasicDigitalObjectInformation>
      <mix:BasicImageInformation>
        <mix:BasicImageCharacteristics>
          <mix:imageWidth>1900</mix:imageWidth>
          <mix:imageHeight>2800</mix:imageHeight>
        </mix:BasicImageCharacteristics>
      </mix:BasicImageInformation>
      <mix:ImageAssessmentMetadata>
        <mix:ImageColorEncoding>
          <mix:BitsPerSample>
            <mix:bitsPerSampleUnit>integer</mix:bitsPerSampleUnit>
          </mix:BitsPerSample>
        </mix:ImageColorEncoding>
      </mix:ImageAssessmentMetadata>
    </mix:mix>
  </xmlData>
</mdWrap>
    </techMD>
    <techMD ID="AMD_TECHMD_TIF011">
      <mdWrap MDTYPE="NISOIMG" MIMETYPE="text/xml" LABEL="NISO MIX Metadata">
  <xmlData>
    <mix:mix xsi:schemaLocation="http://www.loc.gov/mix/v20 http://www.loc.gov/standards/mix/mix20/mix20.xsd" xmlns:mix="http://www.loc.gov/mix/v20">
      <mix:BasicDigitalObjectInformation>
        <mix:ObjectIdentifier>
          <mix:objectIdentifierType>pathname</mix:objectIdentifierType>
          <mix:objectIdentifierValue>../TIFF/00000011.tif</mix:objectIdentifierValue>
        </mix:ObjectIdentifier>
        <mix:fileSize>82251</mix:fileSize>
        <mix:FormatDesignation>
          <mix:formatName>image/tiff</mix:formatName>
        </mix:FormatDesignation>
        <mix:Fixity>
          <mix:messageDigestAlgorithm>MD5</mix:messageDigestAlgorithm>
          <mix:messageDigest>3b3fb6a5c17ada59b3d467c2a0dcb1bc</mix:messageDigest>
        </mix:Fixity>
      </mix:BasicDigitalObjectInformation>
      <mix:BasicImageInformation>
        <mix:BasicImageCharacteristics>
          <mix:imageWidth>1900</mix:imageWidth>
          <mix:imageHeight>2800</mix:imageHeight>
        </mix:BasicImageCharacteristics>
      </mix:BasicImageInformation>
      <mix:ImageAssessmentMetadata>
        <mix:ImageColorEncoding>
          <mix:BitsPerSample>
            <mix:bitsPerSampleUnit>integer</mix:bitsPerSampleUnit>
          </mix:BitsPerSample>
        </mix:ImageColorEncoding>
      </mix:ImageAssessmentMetadata>
    </mix:mix>
  </xmlData>
</mdWrap>
    </techMD>
    <techMD ID="AMD_TECHMD_TIF012">
      <mdWrap MDTYPE="NISOIMG" MIMETYPE="text/xml" LABEL="NISO MIX Metadata">
  <xmlData>
    <mix:mix xsi:schemaLocation="http://www.loc.gov/mix/v20 http://www.loc.gov/standards/mix/mix20/mix20.xsd" xmlns:mix="http://www.loc.gov/mix/v20">
      <mix:BasicDigitalObjectInformation>
        <mix:ObjectIdentifier>
          <mix:objectIdentifierType>pathname</mix:objectIdentifierType>
          <mix:objectIdentifierValue>../TIFF/00000012.tif</mix:objectIdentifierValue>
        </mix:ObjectIdentifier>
        <mix:fileSize>76898</mix:fileSize>
        <mix:FormatDesignation>
          <mix:formatName>image/tiff</mix:formatName>
        </mix:FormatDesignation>
        <mix:Fixity>
          <mix:messageDigestAlgorithm>MD5</mix:messageDigestAlgorithm>
          <mix:messageDigest>226ab7afcc824aac26bdba19b7c10cda</mix:messageDigest>
        </mix:Fixity>
      </mix:BasicDigitalObjectInformation>
      <mix:BasicImageInformation>
        <mix:BasicImageCharacteristics>
          <mix:imageWidth>1900</mix:imageWidth>
          <mix:imageHeight>2800</mix:imageHeight>
        </mix:BasicImageCharacteristics>
      </mix:BasicImageInformation>
      <mix:ImageAssessmentMetadata>
        <mix:ImageColorEncoding>
          <mix:BitsPerSample>
            <mix:bitsPerSampleUnit>integer</mix:bitsPerSampleUnit>
          </mix:BitsPerSample>
        </mix:ImageColorEncoding>
      </mix:ImageAssessmentMetadata>
    </mix:mix>
  </xmlData>
</mdWrap>
    </techMD>
    <techMD ID="AMD_TECHMD_TIF013">
      <mdWrap MDTYPE="NISOIMG" MIMETYPE="text/xml" LABEL="NISO MIX Metadata">
  <xmlData>
    <mix:mix xsi:schemaLocation="http://www.loc.gov/mix/v20 http://www.loc.gov/standards/mix/mix20/mix20.xsd" xmlns:mix="http://www.loc.gov/mix/v20">
      <mix:BasicDigitalObjectInformation>
        <mix:ObjectIdentifier>
          <mix:objectIdentifierType>pathname</mix:objectIdentifierType>
          <mix:objectIdentifierValue>../TIFF/00000013.tif</mix:objectIdentifierValue>
        </mix:ObjectIdentifier>
        <mix:fileSize>73917</mix:fileSize>
        <mix:FormatDesignation>
          <mix:formatName>image/tiff</mix:formatName>
        </mix:FormatDesignation>
        <mix:Fixity>
          <mix:messageDigestAlgorithm>MD5</mix:messageDigestAlgorithm>
          <mix:messageDigest>31390315957f8b9c86cd3142ae1dfbab</mix:messageDigest>
        </mix:Fixity>
      </mix:BasicDigitalObjectInformation>
      <mix:BasicImageInformation>
        <mix:BasicImageCharacteristics>
          <mix:imageWidth>1900</mix:imageWidth>
          <mix:imageHeight>2800</mix:imageHeight>
        </mix:BasicImageCharacteristics>
      </mix:BasicImageInformation>
      <mix:ImageAssessmentMetadata>
        <mix:ImageColorEncoding>
          <mix:BitsPerSample>
            <mix:bitsPerSampleUnit>integer</mix:bitsPerSampleUnit>
          </mix:BitsPerSample>
        </mix:ImageColorEncoding>
      </mix:ImageAssessmentMetadata>
    </mix:mix>
  </xmlData>
</mdWrap>
    </techMD>
    <techMD ID="AMD_TECHMD_TIF014">
      <mdWrap MDTYPE="NISOIMG" MIMETYPE="text/xml" LABEL="NISO MIX Metadata">
  <xmlData>
    <mix:mix xsi:schemaLocation="http://www.loc.gov/mix/v20 http://www.loc.gov/standards/mix/mix20/mix20.xsd" xmlns:mix="http://www.loc.gov/mix/v20">
      <mix:BasicDigitalObjectInformation>
        <mix:ObjectIdentifier>
          <mix:objectIdentifierType>pathname</mix:objectIdentifierType>
          <mix:objectIdentifierValue>../TIFF/00000014.tif</mix:objectIdentifierValue>
        </mix:ObjectIdentifier>
        <mix:fileSize>77688</mix:fileSize>
        <mix:FormatDesignation>
          <mix:formatName>image/tiff</mix:formatName>
        </mix:FormatDesignation>
        <mix:Fixity>
          <mix:messageDigestAlgorithm>MD5</mix:messageDigestAlgorithm>
          <mix:messageDigest>71ebd3741c214c278ca78eedd20a9ac4</mix:messageDigest>
        </mix:Fixity>
      </mix:BasicDigitalObjectInformation>
      <mix:BasicImageInformation>
        <mix:BasicImageCharacteristics>
          <mix:imageWidth>1900</mix:imageWidth>
          <mix:imageHeight>2800</mix:imageHeight>
        </mix:BasicImageCharacteristics>
      </mix:BasicImageInformation>
      <mix:ImageAssessmentMetadata>
        <mix:ImageColorEncoding>
          <mix:BitsPerSample>
            <mix:bitsPerSampleUnit>integer</mix:bitsPerSampleUnit>
          </mix:BitsPerSample>
        </mix:ImageColorEncoding>
      </mix:ImageAssessmentMetadata>
    </mix:mix>
  </xmlData>
</mdWrap>
    </techMD>
    <techMD ID="AMD_TECHMD_TIF015">
      <mdWrap MDTYPE="NISOIMG" MIMETYPE="text/xml" LABEL="NISO MIX Metadata">
  <xmlData>
    <mix:mix xsi:schemaLocation="http://www.loc.gov/mix/v20 http://www.loc.gov/standards/mix/mix20/mix20.xsd" xmlns:mix="http://www.loc.gov/mix/v20">
      <mix:BasicDigitalObjectInformation>
        <mix:ObjectIdentifier>
          <mix:objectIdentifierType>pathname</mix:objectIdentifierType>
          <mix:objectIdentifierValue>../TIFF/00000015.tif</mix:objectIdentifierValue>
        </mix:ObjectIdentifier>
        <mix:fileSize>77637</mix:fileSize>
        <mix:FormatDesignation>
          <mix:formatName>image/tiff</mix:formatName>
        </mix:FormatDesignation>
        <mix:Fixity>
          <mix:messageDigestAlgorithm>MD5</mix:messageDigestAlgorithm>
          <mix:messageDigest>9aff1ca2c1c2414e22d9428edcdc3d03</mix:messageDigest>
        </mix:Fixity>
      </mix:BasicDigitalObjectInformation>
      <mix:BasicImageInformation>
        <mix:BasicImageCharacteristics>
          <mix:imageWidth>1900</mix:imageWidth>
          <mix:imageHeight>2800</mix:imageHeight>
        </mix:BasicImageCharacteristics>
      </mix:BasicImageInformation>
      <mix:ImageAssessmentMetadata>
        <mix:ImageColorEncoding>
          <mix:BitsPerSample>
            <mix:bitsPerSampleUnit>integer</mix:bitsPerSampleUnit>
          </mix:BitsPerSample>
        </mix:ImageColorEncoding>
      </mix:ImageAssessmentMetadata>
    </mix:mix>
  </xmlData>
</mdWrap>
    </techMD>
    <techMD ID="AMD_TECHMD_TIF016">
      <mdWrap MDTYPE="NISOIMG" MIMETYPE="text/xml" LABEL="NISO MIX Metadata">
  <xmlData>
    <mix:mix xsi:schemaLocation="http://www.loc.gov/mix/v20 http://www.loc.gov/standards/mix/mix20/mix20.xsd" xmlns:mix="http://www.loc.gov/mix/v20">
      <mix:BasicDigitalObjectInformation>
        <mix:ObjectIdentifier>
          <mix:objectIdentifierType>pathname</mix:objectIdentifierType>
          <mix:objectIdentifierValue>../TIFF/00000016.tif</mix:objectIdentifierValue>
        </mix:ObjectIdentifier>
        <mix:fileSize>79606</mix:fileSize>
        <mix:FormatDesignation>
          <mix:formatName>image/tiff</mix:formatName>
        </mix:FormatDesignation>
        <mix:Fixity>
          <mix:messageDigestAlgorithm>MD5</mix:messageDigestAlgorithm>
          <mix:messageDigest>6c7f25a4fb6566217dddc5b4b72ed562</mix:messageDigest>
        </mix:Fixity>
      </mix:BasicDigitalObjectInformation>
      <mix:BasicImageInformation>
        <mix:BasicImageCharacteristics>
          <mix:imageWidth>1900</mix:imageWidth>
          <mix:imageHeight>2800</mix:imageHeight>
        </mix:BasicImageCharacteristics>
      </mix:BasicImageInformation>
      <mix:ImageAssessmentMetadata>
        <mix:ImageColorEncoding>
          <mix:BitsPerSample>
            <mix:bitsPerSampleUnit>integer</mix:bitsPerSampleUnit>
          </mix:BitsPerSample>
        </mix:ImageColorEncoding>
      </mix:ImageAssessmentMetadata>
    </mix:mix>
  </xmlData>
</mdWrap>
    </techMD>
    <techMD ID="AMD_TECHMD_TIF017">
      <mdWrap MDTYPE="NISOIMG" MIMETYPE="text/xml" LABEL="NISO MIX Metadata">
  <xmlData>
    <mix:mix xsi:schemaLocation="http://www.loc.gov/mix/v20 http://www.loc.gov/standards/mix/mix20/mix20.xsd" xmlns:mix="http://www.loc.gov/mix/v20">
      <mix:BasicDigitalObjectInformation>
        <mix:ObjectIdentifier>
          <mix:objectIdentifierType>pathname</mix:objectIdentifierType>
          <mix:objectIdentifierValue>../TIFF/00000017.tif</mix:objectIdentifierValue>
        </mix:ObjectIdentifier>
        <mix:fileSize>79565</mix:fileSize>
        <mix:FormatDesignation>
          <mix:formatName>image/tiff</mix:formatName>
        </mix:FormatDesignation>
        <mix:Fixity>
          <mix:messageDigestAlgorithm>MD5</mix:messageDigestAlgorithm>
          <mix:messageDigest>d23d7404bd1172ecd4b4aaaa59ad4765</mix:messageDigest>
        </mix:Fixity>
      </mix:BasicDigitalObjectInformation>
      <mix:BasicImageInformation>
        <mix:BasicImageCharacteristics>
          <mix:imageWidth>1900</mix:imageWidth>
          <mix:imageHeight>2800</mix:imageHeight>
        </mix:BasicImageCharacteristics>
      </mix:BasicImageInformation>
      <mix:ImageAssessmentMetadata>
        <mix:ImageColorEncoding>
          <mix:BitsPerSample>
            <mix:bitsPerSampleUnit>integer</mix:bitsPerSampleUnit>
          </mix:BitsPerSample>
        </mix:ImageColorEncoding>
      </mix:ImageAssessmentMetadata>
    </mix:mix>
  </xmlData>
</mdWrap>
    </techMD>
    <techMD ID="AMD_TECHMD_TIF018">
      <mdWrap MDTYPE="NISOIMG" MIMETYPE="text/xml" LABEL="NISO MIX Metadata">
  <xmlData>
    <mix:mix xsi:schemaLocation="http://www.loc.gov/mix/v20 http://www.loc.gov/standards/mix/mix20/mix20.xsd" xmlns:mix="http://www.loc.gov/mix/v20">
      <mix:BasicDigitalObjectInformation>
        <mix:ObjectIdentifier>
          <mix:objectIdentifierType>pathname</mix:objectIdentifierType>
          <mix:objectIdentifierValue>../TIFF/00000018.tif</mix:objectIdentifierValue>
        </mix:ObjectIdentifier>
        <mix:fileSize>54805</mix:fileSize>
        <mix:FormatDesignation>
          <mix:formatName>image/tiff</mix:formatName>
        </mix:FormatDesignation>
        <mix:Fixity>
          <mix:messageDigestAlgorithm>MD5</mix:messageDigestAlgorithm>
          <mix:messageDigest>3105041b8ddedb58e6b688ebf1e4591d</mix:messageDigest>
        </mix:Fixity>
      </mix:BasicDigitalObjectInformation>
      <mix:BasicImageInformation>
        <mix:BasicImageCharacteristics>
          <mix:imageWidth>1900</mix:imageWidth>
          <mix:imageHeight>2800</mix:imageHeight>
        </mix:BasicImageCharacteristics>
      </mix:BasicImageInformation>
      <mix:ImageAssessmentMetadata>
        <mix:ImageColorEncoding>
          <mix:BitsPerSample>
            <mix:bitsPerSampleUnit>integer</mix:bitsPerSampleUnit>
          </mix:BitsPerSample>
        </mix:ImageColorEncoding>
      </mix:ImageAssessmentMetadata>
    </mix:mix>
  </xmlData>
</mdWrap>
    </techMD>
    <techMD ID="AMD_TECHMD_TIF019">
      <mdWrap MDTYPE="NISOIMG" MIMETYPE="text/xml" LABEL="NISO MIX Metadata">
  <xmlData>
    <mix:mix xsi:schemaLocation="http://www.loc.gov/mix/v20 http://www.loc.gov/standards/mix/mix20/mix20.xsd" xmlns:mix="http://www.loc.gov/mix/v20">
      <mix:BasicDigitalObjectInformation>
        <mix:ObjectIdentifier>
          <mix:objectIdentifierType>pathname</mix:objectIdentifierType>
          <mix:objectIdentifierValue>../TIFF/00000019.tif</mix:objectIdentifierValue>
        </mix:ObjectIdentifier>
        <mix:fileSize>3156</mix:fileSize>
        <mix:FormatDesignation>
          <mix:formatName>image/tiff</mix:formatName>
        </mix:FormatDesignation>
        <mix:Fixity>
          <mix:messageDigestAlgorithm>MD5</mix:messageDigestAlgorithm>
          <mix:messageDigest>3f4d0f9a696c9b507523dc67cbb9a621</mix:messageDigest>
        </mix:Fixity>
      </mix:BasicDigitalObjectInformation>
      <mix:BasicImageInformation>
        <mix:BasicImageCharacteristics>
          <mix:imageWidth>1900</mix:imageWidth>
          <mix:imageHeight>2800</mix:imageHeight>
        </mix:BasicImageCharacteristics>
      </mix:BasicImageInformation>
      <mix:ImageAssessmentMetadata>
        <mix:ImageColorEncoding>
          <mix:BitsPerSample>
            <mix:bitsPerSampleUnit>integer</mix:bitsPerSampleUnit>
          </mix:BitsPerSample>
        </mix:ImageColorEncoding>
      </mix:ImageAssessmentMetadata>
    </mix:mix>
  </xmlData>
</mdWrap>
    </techMD>
    <techMD ID="AMD_TECHMD_TIF020">
      <mdWrap MDTYPE="NISOIMG" MIMETYPE="text/xml" LABEL="NISO MIX Metadata">
  <xmlData>
    <mix:mix xsi:schemaLocation="http://www.loc.gov/mix/v20 http://www.loc.gov/standards/mix/mix20/mix20.xsd" xmlns:mix="http://www.loc.gov/mix/v20">
      <mix:BasicDigitalObjectInformation>
        <mix:ObjectIdentifier>
          <mix:objectIdentifierType>pathname</mix:objectIdentifierType>
          <mix:objectIdentifierValue>../TIFF/00000020.tif</mix:objectIdentifierValue>
        </mix:ObjectIdentifier>
        <mix:fileSize>76820</mix:fileSize>
        <mix:FormatDesignation>
          <mix:formatName>image/tiff</mix:formatName>
        </mix:FormatDesignation>
        <mix:Fixity>
          <mix:messageDigestAlgorithm>MD5</mix:messageDigestAlgorithm>
          <mix:messageDigest>512946365241e5dd54a0dbbaabc0c634</mix:messageDigest>
        </mix:Fixity>
      </mix:BasicDigitalObjectInformation>
      <mix:BasicImageInformation>
        <mix:BasicImageCharacteristics>
          <mix:imageWidth>1900</mix:imageWidth>
          <mix:imageHeight>2800</mix:imageHeight>
        </mix:BasicImageCharacteristics>
      </mix:BasicImageInformation>
      <mix:ImageAssessmentMetadata>
        <mix:ImageColorEncoding>
          <mix:BitsPerSample>
            <mix:bitsPerSampleUnit>integer</mix:bitsPerSampleUnit>
          </mix:BitsPerSample>
        </mix:ImageColorEncoding>
      </mix:ImageAssessmentMetadata>
    </mix:mix>
  </xmlData>
</mdWrap>
    </techMD>
    <techMD ID="AMD_TECHMD_TIF021">
      <mdWrap MDTYPE="NISOIMG" MIMETYPE="text/xml" LABEL="NISO MIX Metadata">
  <xmlData>
    <mix:mix xsi:schemaLocation="http://www.loc.gov/mix/v20 http://www.loc.gov/standards/mix/mix20/mix20.xsd" xmlns:mix="http://www.loc.gov/mix/v20">
      <mix:BasicDigitalObjectInformation>
        <mix:ObjectIdentifier>
          <mix:objectIdentifierType>pathname</mix:objectIdentifierType>
          <mix:objectIdentifierValue>../TIFF/00000021.tif</mix:objectIdentifierValue>
        </mix:ObjectIdentifier>
        <mix:fileSize>79904</mix:fileSize>
        <mix:FormatDesignation>
          <mix:formatName>image/tiff</mix:formatName>
        </mix:FormatDesignation>
        <mix:Fixity>
          <mix:messageDigestAlgorithm>MD5</mix:messageDigestAlgorithm>
          <mix:messageDigest>e9b13ca11f66140d19e394f64b302fd6</mix:messageDigest>
        </mix:Fixity>
      </mix:BasicDigitalObjectInformation>
      <mix:BasicImageInformation>
        <mix:BasicImageCharacteristics>
          <mix:imageWidth>1900</mix:imageWidth>
          <mix:imageHeight>2800</mix:imageHeight>
        </mix:BasicImageCharacteristics>
      </mix:BasicImageInformation>
      <mix:ImageAssessmentMetadata>
        <mix:ImageColorEncoding>
          <mix:BitsPerSample>
            <mix:bitsPerSampleUnit>integer</mix:bitsPerSampleUnit>
          </mix:BitsPerSample>
        </mix:ImageColorEncoding>
      </mix:ImageAssessmentMetadata>
    </mix:mix>
  </xmlData>
</mdWrap>
    </techMD>
    <techMD ID="AMD_TECHMD_TIF022">
      <mdWrap MDTYPE="NISOIMG" MIMETYPE="text/xml" LABEL="NISO MIX Metadata">
  <xmlData>
    <mix:mix xsi:schemaLocation="http://www.loc.gov/mix/v20 http://www.loc.gov/standards/mix/mix20/mix20.xsd" xmlns:mix="http://www.loc.gov/mix/v20">
      <mix:BasicDigitalObjectInformation>
        <mix:ObjectIdentifier>
          <mix:objectIdentifierType>pathname</mix:objectIdentifierType>
          <mix:objectIdentifierValue>../TIFF/00000022.tif</mix:objectIdentifierValue>
        </mix:ObjectIdentifier>
        <mix:fileSize>81381</mix:fileSize>
        <mix:FormatDesignation>
          <mix:formatName>image/tiff</mix:formatName>
        </mix:FormatDesignation>
        <mix:Fixity>
          <mix:messageDigestAlgorithm>MD5</mix:messageDigestAlgorithm>
          <mix:messageDigest>c857821dfbb719192e9d761916c16ac7</mix:messageDigest>
        </mix:Fixity>
      </mix:BasicDigitalObjectInformation>
      <mix:BasicImageInformation>
        <mix:BasicImageCharacteristics>
          <mix:imageWidth>1900</mix:imageWidth>
          <mix:imageHeight>2800</mix:imageHeight>
        </mix:BasicImageCharacteristics>
      </mix:BasicImageInformation>
      <mix:ImageAssessmentMetadata>
        <mix:ImageColorEncoding>
          <mix:BitsPerSample>
            <mix:bitsPerSampleUnit>integer</mix:bitsPerSampleUnit>
          </mix:BitsPerSample>
        </mix:ImageColorEncoding>
      </mix:ImageAssessmentMetadata>
    </mix:mix>
  </xmlData>
</mdWrap>
    </techMD>
    <techMD ID="AMD_TECHMD_TIF023">
      <mdWrap MDTYPE="NISOIMG" MIMETYPE="text/xml" LABEL="NISO MIX Metadata">
  <xmlData>
    <mix:mix xsi:schemaLocation="http://www.loc.gov/mix/v20 http://www.loc.gov/standards/mix/mix20/mix20.xsd" xmlns:mix="http://www.loc.gov/mix/v20">
      <mix:BasicDigitalObjectInformation>
        <mix:ObjectIdentifier>
          <mix:objectIdentifierType>pathname</mix:objectIdentifierType>
          <mix:objectIdentifierValue>../TIFF/00000023.tif</mix:objectIdentifierValue>
        </mix:ObjectIdentifier>
        <mix:fileSize>80747</mix:fileSize>
        <mix:FormatDesignation>
          <mix:formatName>image/tiff</mix:formatName>
        </mix:FormatDesignation>
        <mix:Fixity>
          <mix:messageDigestAlgorithm>MD5</mix:messageDigestAlgorithm>
          <mix:messageDigest>cb85be16cc0081dae1b0d71626d6ce0d</mix:messageDigest>
        </mix:Fixity>
      </mix:BasicDigitalObjectInformation>
      <mix:BasicImageInformation>
        <mix:BasicImageCharacteristics>
          <mix:imageWidth>1900</mix:imageWidth>
          <mix:imageHeight>2800</mix:imageHeight>
        </mix:BasicImageCharacteristics>
      </mix:BasicImageInformation>
      <mix:ImageAssessmentMetadata>
        <mix:ImageColorEncoding>
          <mix:BitsPerSample>
            <mix:bitsPerSampleUnit>integer</mix:bitsPerSampleUnit>
          </mix:BitsPerSample>
        </mix:ImageColorEncoding>
      </mix:ImageAssessmentMetadata>
    </mix:mix>
  </xmlData>
</mdWrap>
    </techMD>
    <techMD ID="AMD_TECHMD_TIF024">
      <mdWrap MDTYPE="NISOIMG" MIMETYPE="text/xml" LABEL="NISO MIX Metadata">
  <xmlData>
    <mix:mix xsi:schemaLocation="http://www.loc.gov/mix/v20 http://www.loc.gov/standards/mix/mix20/mix20.xsd" xmlns:mix="http://www.loc.gov/mix/v20">
      <mix:BasicDigitalObjectInformation>
        <mix:ObjectIdentifier>
          <mix:objectIdentifierType>pathname</mix:objectIdentifierType>
          <mix:objectIdentifierValue>../TIFF/00000024.tif</mix:objectIdentifierValue>
        </mix:ObjectIdentifier>
        <mix:fileSize>76138</mix:fileSize>
        <mix:FormatDesignation>
          <mix:formatName>image/tiff</mix:formatName>
        </mix:FormatDesignation>
        <mix:Fixity>
          <mix:messageDigestAlgorithm>MD5</mix:messageDigestAlgorithm>
          <mix:messageDigest>20da84a61580a487e205a8dc3457dd03</mix:messageDigest>
        </mix:Fixity>
      </mix:BasicDigitalObjectInformation>
      <mix:BasicImageInformation>
        <mix:BasicImageCharacteristics>
          <mix:imageWidth>1900</mix:imageWidth>
          <mix:imageHeight>2800</mix:imageHeight>
        </mix:BasicImageCharacteristics>
      </mix:BasicImageInformation>
      <mix:ImageAssessmentMetadata>
        <mix:ImageColorEncoding>
          <mix:BitsPerSample>
            <mix:bitsPerSampleUnit>integer</mix:bitsPerSampleUnit>
          </mix:BitsPerSample>
        </mix:ImageColorEncoding>
      </mix:ImageAssessmentMetadata>
    </mix:mix>
  </xmlData>
</mdWrap>
    </techMD>
    <techMD ID="AMD_TECHMD_TIF025">
      <mdWrap MDTYPE="NISOIMG" MIMETYPE="text/xml" LABEL="NISO MIX Metadata">
  <xmlData>
    <mix:mix xsi:schemaLocation="http://www.loc.gov/mix/v20 http://www.loc.gov/standards/mix/mix20/mix20.xsd" xmlns:mix="http://www.loc.gov/mix/v20">
      <mix:BasicDigitalObjectInformation>
        <mix:ObjectIdentifier>
          <mix:objectIdentifierType>pathname</mix:objectIdentifierType>
          <mix:objectIdentifierValue>../TIFF/00000025.tif</mix:objectIdentifierValue>
        </mix:ObjectIdentifier>
        <mix:fileSize>29731</mix:fileSize>
        <mix:FormatDesignation>
          <mix:formatName>image/tiff</mix:formatName>
        </mix:FormatDesignation>
        <mix:Fixity>
          <mix:messageDigestAlgorithm>MD5</mix:messageDigestAlgorithm>
          <mix:messageDigest>bc3e8639b47f0ba9b3f65388a2498561</mix:messageDigest>
        </mix:Fixity>
      </mix:BasicDigitalObjectInformation>
      <mix:BasicImageInformation>
        <mix:BasicImageCharacteristics>
          <mix:imageWidth>1900</mix:imageWidth>
          <mix:imageHeight>2800</mix:imageHeight>
        </mix:BasicImageCharacteristics>
      </mix:BasicImageInformation>
      <mix:ImageAssessmentMetadata>
        <mix:ImageColorEncoding>
          <mix:BitsPerSample>
            <mix:bitsPerSampleUnit>integer</mix:bitsPerSampleUnit>
          </mix:BitsPerSample>
        </mix:ImageColorEncoding>
      </mix:ImageAssessmentMetadata>
    </mix:mix>
  </xmlData>
</mdWrap>
    </techMD>
    <techMD ID="AMD_TECHMD_TIF026">
      <mdWrap MDTYPE="NISOIMG" MIMETYPE="text/xml" LABEL="NISO MIX Metadata">
  <xmlData>
    <mix:mix xsi:schemaLocation="http://www.loc.gov/mix/v20 http://www.loc.gov/standards/mix/mix20/mix20.xsd" xmlns:mix="http://www.loc.gov/mix/v20">
      <mix:BasicDigitalObjectInformation>
        <mix:ObjectIdentifier>
          <mix:objectIdentifierType>pathname</mix:objectIdentifierType>
          <mix:objectIdentifierValue>../TIFF/00000026.tif</mix:objectIdentifierValue>
        </mix:ObjectIdentifier>
        <mix:fileSize>62696</mix:fileSize>
        <mix:FormatDesignation>
          <mix:formatName>image/tiff</mix:formatName>
        </mix:FormatDesignation>
        <mix:Fixity>
          <mix:messageDigestAlgorithm>MD5</mix:messageDigestAlgorithm>
          <mix:messageDigest>7bcad2093d818388a3890e7617fbbf65</mix:messageDigest>
        </mix:Fixity>
      </mix:BasicDigitalObjectInformation>
      <mix:BasicImageInformation>
        <mix:BasicImageCharacteristics>
          <mix:imageWidth>1900</mix:imageWidth>
          <mix:imageHeight>2800</mix:imageHeight>
        </mix:BasicImageCharacteristics>
      </mix:BasicImageInformation>
      <mix:ImageAssessmentMetadata>
        <mix:ImageColorEncoding>
          <mix:BitsPerSample>
            <mix:bitsPerSampleUnit>integer</mix:bitsPerSampleUnit>
          </mix:BitsPerSample>
        </mix:ImageColorEncoding>
      </mix:ImageAssessmentMetadata>
    </mix:mix>
  </xmlData>
</mdWrap>
    </techMD>
    <techMD ID="AMD_TECHMD_TIF027">
      <mdWrap MDTYPE="NISOIMG" MIMETYPE="text/xml" LABEL="NISO MIX Metadata">
  <xmlData>
    <mix:mix xsi:schemaLocation="http://www.loc.gov/mix/v20 http://www.loc.gov/standards/mix/mix20/mix20.xsd" xmlns:mix="http://www.loc.gov/mix/v20">
      <mix:BasicDigitalObjectInformation>
        <mix:ObjectIdentifier>
          <mix:objectIdentifierType>pathname</mix:objectIdentifierType>
          <mix:objectIdentifierValue>../TIFF/00000027.tif</mix:objectIdentifierValue>
        </mix:ObjectIdentifier>
        <mix:fileSize>72711</mix:fileSize>
        <mix:FormatDesignation>
          <mix:formatName>image/tiff</mix:formatName>
        </mix:FormatDesignation>
        <mix:Fixity>
          <mix:messageDigestAlgorithm>MD5</mix:messageDigestAlgorithm>
          <mix:messageDigest>8219cee9d6c534e3fedbf20925e8dea1</mix:messageDigest>
        </mix:Fixity>
      </mix:BasicDigitalObjectInformation>
      <mix:BasicImageInformation>
        <mix:BasicImageCharacteristics>
          <mix:imageWidth>1900</mix:imageWidth>
          <mix:imageHeight>2800</mix:imageHeight>
        </mix:BasicImageCharacteristics>
      </mix:BasicImageInformation>
      <mix:ImageAssessmentMetadata>
        <mix:ImageColorEncoding>
          <mix:BitsPerSample>
            <mix:bitsPerSampleUnit>integer</mix:bitsPerSampleUnit>
          </mix:BitsPerSample>
        </mix:ImageColorEncoding>
      </mix:ImageAssessmentMetadata>
    </mix:mix>
  </xmlData>
</mdWrap>
    </techMD>
    <techMD ID="AMD_TECHMD_TIF028">
      <mdWrap MDTYPE="NISOIMG" MIMETYPE="text/xml" LABEL="NISO MIX Metadata">
  <xmlData>
    <mix:mix xsi:schemaLocation="http://www.loc.gov/mix/v20 http://www.loc.gov/standards/mix/mix20/mix20.xsd" xmlns:mix="http://www.loc.gov/mix/v20">
      <mix:BasicDigitalObjectInformation>
        <mix:ObjectIdentifier>
          <mix:objectIdentifierType>pathname</mix:objectIdentifierType>
          <mix:objectIdentifierValue>../TIFF/00000028.tif</mix:objectIdentifierValue>
        </mix:ObjectIdentifier>
        <mix:fileSize>16615</mix:fileSize>
        <mix:FormatDesignation>
          <mix:formatName>image/tiff</mix:formatName>
        </mix:FormatDesignation>
        <mix:Fixity>
          <mix:messageDigestAlgorithm>MD5</mix:messageDigestAlgorithm>
          <mix:messageDigest>9c66703a31c282d195fda44387560c48</mix:messageDigest>
        </mix:Fixity>
      </mix:BasicDigitalObjectInformation>
      <mix:BasicImageInformation>
        <mix:BasicImageCharacteristics>
          <mix:imageWidth>1900</mix:imageWidth>
          <mix:imageHeight>2800</mix:imageHeight>
        </mix:BasicImageCharacteristics>
      </mix:BasicImageInformation>
      <mix:ImageAssessmentMetadata>
        <mix:ImageColorEncoding>
          <mix:BitsPerSample>
            <mix:bitsPerSampleUnit>integer</mix:bitsPerSampleUnit>
          </mix:BitsPerSample>
        </mix:ImageColorEncoding>
      </mix:ImageAssessmentMetadata>
    </mix:mix>
  </xmlData>
</mdWrap>
    </techMD>
    <techMD ID="AMD_TECHMD_TIF029">
      <mdWrap MDTYPE="NISOIMG" MIMETYPE="text/xml" LABEL="NISO MIX Metadata">
  <xmlData>
    <mix:mix xsi:schemaLocation="http://www.loc.gov/mix/v20 http://www.loc.gov/standards/mix/mix20/mix20.xsd" xmlns:mix="http://www.loc.gov/mix/v20">
      <mix:BasicDigitalObjectInformation>
        <mix:ObjectIdentifier>
          <mix:objectIdentifierType>pathname</mix:objectIdentifierType>
          <mix:objectIdentifierValue>../TIFF/00000029.tif</mix:objectIdentifierValue>
        </mix:ObjectIdentifier>
        <mix:fileSize>49158</mix:fileSize>
        <mix:FormatDesignation>
          <mix:formatName>image/tiff</mix:formatName>
        </mix:FormatDesignation>
        <mix:Fixity>
          <mix:messageDigestAlgorithm>MD5</mix:messageDigestAlgorithm>
          <mix:messageDigest>936f85456fc046025dc268a5b8ccc4bf</mix:messageDigest>
        </mix:Fixity>
      </mix:BasicDigitalObjectInformation>
      <mix:BasicImageInformation>
        <mix:BasicImageCharacteristics>
          <mix:imageWidth>1900</mix:imageWidth>
          <mix:imageHeight>2800</mix:imageHeight>
        </mix:BasicImageCharacteristics>
      </mix:BasicImageInformation>
      <mix:ImageAssessmentMetadata>
        <mix:ImageColorEncoding>
          <mix:BitsPerSample>
            <mix:bitsPerSampleUnit>integer</mix:bitsPerSampleUnit>
          </mix:BitsPerSample>
        </mix:ImageColorEncoding>
      </mix:ImageAssessmentMetadata>
    </mix:mix>
  </xmlData>
</mdWrap>
    </techMD>
    <techMD ID="AMD_TECHMD_TIF030">
      <mdWrap MDTYPE="NISOIMG" MIMETYPE="text/xml" LABEL="NISO MIX Metadata">
  <xmlData>
    <mix:mix xsi:schemaLocation="http://www.loc.gov/mix/v20 http://www.loc.gov/standards/mix/mix20/mix20.xsd" xmlns:mix="http://www.loc.gov/mix/v20">
      <mix:BasicDigitalObjectInformation>
        <mix:ObjectIdentifier>
          <mix:objectIdentifierType>pathname</mix:objectIdentifierType>
          <mix:objectIdentifierValue>../TIFF/00000030.tif</mix:objectIdentifierValue>
        </mix:ObjectIdentifier>
        <mix:fileSize>3156</mix:fileSize>
        <mix:FormatDesignation>
          <mix:formatName>image/tiff</mix:formatName>
        </mix:FormatDesignation>
        <mix:Fixity>
          <mix:messageDigestAlgorithm>MD5</mix:messageDigestAlgorithm>
          <mix:messageDigest>7e3ab9cfce8d7f898c517ccf206dbc27</mix:messageDigest>
        </mix:Fixity>
      </mix:BasicDigitalObjectInformation>
      <mix:BasicImageInformation>
        <mix:BasicImageCharacteristics>
          <mix:imageWidth>1900</mix:imageWidth>
          <mix:imageHeight>2800</mix:imageHeight>
        </mix:BasicImageCharacteristics>
      </mix:BasicImageInformation>
      <mix:ImageAssessmentMetadata>
        <mix:ImageColorEncoding>
          <mix:BitsPerSample>
            <mix:bitsPerSampleUnit>integer</mix:bitsPerSampleUnit>
          </mix:BitsPerSample>
        </mix:ImageColorEncoding>
      </mix:ImageAssessmentMetadata>
    </mix:mix>
  </xmlData>
</mdWrap>
    </techMD>
    <techMD ID="AMD_TECHMD_TIF031">
      <mdWrap MDTYPE="NISOIMG" MIMETYPE="text/xml" LABEL="NISO MIX Metadata">
  <xmlData>
    <mix:mix xsi:schemaLocation="http://www.loc.gov/mix/v20 http://www.loc.gov/standards/mix/mix20/mix20.xsd" xmlns:mix="http://www.loc.gov/mix/v20">
      <mix:BasicDigitalObjectInformation>
        <mix:ObjectIdentifier>
          <mix:objectIdentifierType>pathname</mix:objectIdentifierType>
          <mix:objectIdentifierValue>../TIFF/00000031.tif</mix:objectIdentifierValue>
        </mix:ObjectIdentifier>
        <mix:fileSize>5274</mix:fileSize>
        <mix:FormatDesignation>
          <mix:formatName>image/tiff</mix:formatName>
        </mix:FormatDesignation>
        <mix:Fixity>
          <mix:messageDigestAlgorithm>MD5</mix:messageDigestAlgorithm>
          <mix:messageDigest>fb2ae06912747d7a0acfeed871d97a66</mix:messageDigest>
        </mix:Fixity>
      </mix:BasicDigitalObjectInformation>
      <mix:BasicImageInformation>
        <mix:BasicImageCharacteristics>
          <mix:imageWidth>1900</mix:imageWidth>
          <mix:imageHeight>2800</mix:imageHeight>
        </mix:BasicImageCharacteristics>
      </mix:BasicImageInformation>
      <mix:ImageAssessmentMetadata>
        <mix:ImageColorEncoding>
          <mix:BitsPerSample>
            <mix:bitsPerSampleUnit>integer</mix:bitsPerSampleUnit>
          </mix:BitsPerSample>
        </mix:ImageColorEncoding>
      </mix:ImageAssessmentMetadata>
    </mix:mix>
  </xmlData>
</mdWrap>
    </techMD>
    <techMD ID="AMD_TECHMD_TIF032">
      <mdWrap MDTYPE="NISOIMG" MIMETYPE="text/xml" LABEL="NISO MIX Metadata">
  <xmlData>
    <mix:mix xsi:schemaLocation="http://www.loc.gov/mix/v20 http://www.loc.gov/standards/mix/mix20/mix20.xsd" xmlns:mix="http://www.loc.gov/mix/v20">
      <mix:BasicDigitalObjectInformation>
        <mix:ObjectIdentifier>
          <mix:objectIdentifierType>pathname</mix:objectIdentifierType>
          <mix:objectIdentifierValue>../TIFF/00000032.tif</mix:objectIdentifierValue>
        </mix:ObjectIdentifier>
        <mix:fileSize>3156</mix:fileSize>
        <mix:FormatDesignation>
          <mix:formatName>image/tiff</mix:formatName>
        </mix:FormatDesignation>
        <mix:Fixity>
          <mix:messageDigestAlgorithm>MD5</mix:messageDigestAlgorithm>
          <mix:messageDigest>9c60e503e1d2e56c6ff2fc4c603e14b3</mix:messageDigest>
        </mix:Fixity>
      </mix:BasicDigitalObjectInformation>
      <mix:BasicImageInformation>
        <mix:BasicImageCharacteristics>
          <mix:imageWidth>1900</mix:imageWidth>
          <mix:imageHeight>2800</mix:imageHeight>
        </mix:BasicImageCharacteristics>
      </mix:BasicImageInformation>
      <mix:ImageAssessmentMetadata>
        <mix:ImageColorEncoding>
          <mix:BitsPerSample>
            <mix:bitsPerSampleUnit>integer</mix:bitsPerSampleUnit>
          </mix:BitsPerSample>
        </mix:ImageColorEncoding>
      </mix:ImageAssessmentMetadata>
    </mix:mix>
  </xmlData>
</mdWrap>
    </techMD>
  </amdSec>
  <fileSec>
    <fileGrp ID="TIFF">
      <file ID="TIF001" ADMID="AMD_TECHMD_TIF001" MIMETYPE="image/tiff">
        <FLocat LOCTYPE="URL" xlink:href="../TIFF/00000001.tif" />
      </file>
      <file ID="TIF002" ADMID="AMD_TECHMD_TIF002" MIMETYPE="image/tiff">
        <FLocat LOCTYPE="URL" xlink:href="../TIFF/00000002.tif" />
      </file>
      <file ID="TIF003" ADMID="AMD_TECHMD_TIF003" MIMETYPE="image/tiff">
        <FLocat LOCTYPE="URL" xlink:href="../TIFF/00000003.tif" />
      </file>
      <file ID="TIF004" ADMID="AMD_TECHMD_TIF004" MIMETYPE="image/tiff">
        <FLocat LOCTYPE="URL" xlink:href="../TIFF/00000004.tif" />
      </file>
      <file ID="TIF005" ADMID="AMD_TECHMD_TIF005" MIMETYPE="image/tiff">
        <FLocat LOCTYPE="URL" xlink:href="../TIFF/00000005.tif" />
      </file>
      <file ID="TIF006" ADMID="AMD_TECHMD_TIF006" MIMETYPE="image/tiff">
        <FLocat LOCTYPE="URL" xlink:href="../TIFF/00000006.tif" />
      </file>
      <file ID="TIF007" ADMID="AMD_TECHMD_TIF007" MIMETYPE="image/tiff">
        <FLocat LOCTYPE="URL" xlink:href="../TIFF/00000007.tif" />
      </file>
      <file ID="TIF008" ADMID="AMD_TECHMD_TIF008" MIMETYPE="image/tiff">
        <FLocat LOCTYPE="URL" xlink:href="../TIFF/00000008.tif" />
      </file>
      <file ID="TIF009" ADMID="AMD_TECHMD_TIF009" MIMETYPE="image/tiff">
        <FLocat LOCTYPE="URL" xlink:href="../TIFF/00000009.tif" />
      </file>
      <file ID="TIF010" ADMID="AMD_TECHMD_TIF010" MIMETYPE="image/tiff">
        <FLocat LOCTYPE="URL" xlink:href="../TIFF/00000010.tif" />
      </file>
      <file ID="TIF011" ADMID="AMD_TECHMD_TIF011" MIMETYPE="image/tiff">
        <FLocat LOCTYPE="URL" xlink:href="../TIFF/00000011.tif" />
      </file>
      <file ID="TIF012" ADMID="AMD_TECHMD_TIF012" MIMETYPE="image/tiff">
        <FLocat LOCTYPE="URL" xlink:href="../TIFF/00000012.tif" />
      </file>
      <file ID="TIF013" ADMID="AMD_TECHMD_TIF013" MIMETYPE="image/tiff">
        <FLocat LOCTYPE="URL" xlink:href="../TIFF/00000013.tif" />
      </file>
      <file ID="TIF014" ADMID="AMD_TECHMD_TIF014" MIMETYPE="image/tiff">
        <FLocat LOCTYPE="URL" xlink:href="../TIFF/00000014.tif" />
      </file>
      <file ID="TIF015" ADMID="AMD_TECHMD_TIF015" MIMETYPE="image/tiff">
        <FLocat LOCTYPE="URL" xlink:href="../TIFF/00000015.tif" />
      </file>
      <file ID="TIF016" ADMID="AMD_TECHMD_TIF016" MIMETYPE="image/tiff">
        <FLocat LOCTYPE="URL" xlink:href="../TIFF/00000016.tif" />
      </file>
      <file ID="TIF017" ADMID="AMD_TECHMD_TIF017" MIMETYPE="image/tiff">
        <FLocat LOCTYPE="URL" xlink:href="../TIFF/00000017.tif" />
      </file>
      <file ID="TIF018" ADMID="AMD_TECHMD_TIF018" MIMETYPE="image/tiff">
        <FLocat LOCTYPE="URL" xlink:href="../TIFF/00000018.tif" />
      </file>
      <file ID="TIF019" ADMID="AMD_TECHMD_TIF019" MIMETYPE="image/tiff">
        <FLocat LOCTYPE="URL" xlink:href="../TIFF/00000019.tif" />
      </file>
      <file ID="TIF020" ADMID="AMD_TECHMD_TIF020" MIMETYPE="image/tiff">
        <FLocat LOCTYPE="URL" xlink:href="../TIFF/00000020.tif" />
      </file>
      <file ID="TIF021" ADMID="AMD_TECHMD_TIF021" MIMETYPE="image/tiff">
        <FLocat LOCTYPE="URL" xlink:href="../TIFF/00000021.tif" />
      </file>
      <file ID="TIF022" ADMID="AMD_TECHMD_TIF022" MIMETYPE="image/tiff">
        <FLocat LOCTYPE="URL" xlink:href="../TIFF/00000022.tif" />
      </file>
      <file ID="TIF023" ADMID="AMD_TECHMD_TIF023" MIMETYPE="image/tiff">
        <FLocat LOCTYPE="URL" xlink:href="../TIFF/00000023.tif" />
      </file>
      <file ID="TIF024" ADMID="AMD_TECHMD_TIF024" MIMETYPE="image/tiff">
        <FLocat LOCTYPE="URL" xlink:href="../TIFF/00000024.tif" />
      </file>
      <file ID="TIF025" ADMID="AMD_TECHMD_TIF025" MIMETYPE="image/tiff">
        <FLocat LOCTYPE="URL" xlink:href="../TIFF/00000025.tif" />
      </file>
      <file ID="TIF026" ADMID="AMD_TECHMD_TIF026" MIMETYPE="image/tiff">
        <FLocat LOCTYPE="URL" xlink:href="../TIFF/00000026.tif" />
      </file>
      <file ID="TIF027" ADMID="AMD_TECHMD_TIF027" MIMETYPE="image/tiff">
        <FLocat LOCTYPE="URL" xlink:href="../TIFF/00000027.tif" />
      </file>
      <file ID="TIF028" ADMID="AMD_TECHMD_TIF028" MIMETYPE="image/tiff">
        <FLocat LOCTYPE="URL" xlink:href="../TIFF/00000028.tif" />
      </file>
      <file ID="TIF029" ADMID="AMD_TECHMD_TIF029" MIMETYPE="image/tiff">
        <FLocat LOCTYPE="URL" xlink:href="../TIFF/00000029.tif" />
      </file>
      <file ID="TIF030" ADMID="AMD_TECHMD_TIF030" MIMETYPE="image/tiff">
        <FLocat LOCTYPE="URL" xlink:href="../TIFF/00000030.tif" />
      </file>
      <file ID="TIF031" ADMID="AMD_TECHMD_TIF031" MIMETYPE="image/tiff">
        <FLocat LOCTYPE="URL" xlink:href="../TIFF/00000031.tif" />
      </file>
      <file ID="TIF032" ADMID="AMD_TECHMD_TIF032" MIMETYPE="image/tiff">
        <FLocat LOCTYPE="URL" xlink:href="../TIFF/00000032.tif" />
      </file>
    </fileGrp>
    <fileGrp ID="ALTO">
      <file ID="ALT001" MIMETYPE="application/alto">
        <FLocat LOCTYPE="URL" xlink:href="../ALTO/00000001..xml" />
      </file>
      <file ID="ALT002" MIMETYPE="application/alto">
        <FLocat LOCTYPE="URL" xlink:href="../ALTO/00000002..xml" />
      </file>
      <file ID="ALT003" MIMETYPE="application/alto">
        <FLocat LOCTYPE="URL" xlink:href="../ALTO/00000003..xml" />
      </file>
      <file ID="ALT004" MIMETYPE="application/alto">
        <FLocat LOCTYPE="URL" xlink:href="../ALTO/00000004..xml" />
      </file>
      <file ID="ALT005" MIMETYPE="application/alto">
        <FLocat LOCTYPE="URL" xlink:href="../ALTO/00000005..xml" />
      </file>
      <file ID="ALT006" MIMETYPE="application/alto">
        <FLocat LOCTYPE="URL" xlink:href="../ALTO/00000006..xml" />
      </file>
      <file ID="ALT007" MIMETYPE="application/alto">
        <FLocat LOCTYPE="URL" xlink:href="../ALTO/00000007..xml" />
      </file>
      <file ID="ALT008" MIMETYPE="application/alto">
        <FLocat LOCTYPE="URL" xlink:href="../ALTO/00000008..xml" />
      </file>
      <file ID="ALT009" MIMETYPE="application/alto">
        <FLocat LOCTYPE="URL" xlink:href="../ALTO/00000009..xml" />
      </file>
      <file ID="ALT010" MIMETYPE="application/alto">
        <FLocat LOCTYPE="URL" xlink:href="../ALTO/00000010..xml" />
      </file>
      <file ID="ALT011" MIMETYPE="application/alto">
        <FLocat LOCTYPE="URL" xlink:href="../ALTO/00000011..xml" />
      </file>
      <file ID="ALT012" MIMETYPE="application/alto">
        <FLocat LOCTYPE="URL" xlink:href="../ALTO/00000012..xml" />
      </file>
      <file ID="ALT013" MIMETYPE="application/alto">
        <FLocat LOCTYPE="URL" xlink:href="../ALTO/00000013..xml" />
      </file>
      <file ID="ALT014" MIMETYPE="application/alto">
        <FLocat LOCTYPE="URL" xlink:href="../ALTO/00000014..xml" />
      </file>
      <file ID="ALT015" MIMETYPE="application/alto">
        <FLocat LOCTYPE="URL" xlink:href="../ALTO/00000015..xml" />
      </file>
      <file ID="ALT016" MIMETYPE="application/alto">
        <FLocat LOCTYPE="URL" xlink:href="../ALTO/00000016..xml" />
      </file>
      <file ID="ALT017" MIMETYPE="application/alto">
        <FLocat LOCTYPE="URL" xlink:href="../ALTO/00000017..xml" />
      </file>
      <file ID="ALT018" MIMETYPE="application/alto">
        <FLocat LOCTYPE="URL" xlink:href="../ALTO/00000018..xml" />
      </file>
      <file ID="ALT019" MIMETYPE="application/alto">
        <FLocat LOCTYPE="URL" xlink:href="../ALTO/00000019..xml" />
      </file>
      <file ID="ALT020" MIMETYPE="application/alto">
        <FLocat LOCTYPE="URL" xlink:href="../ALTO/00000020..xml" />
      </file>
      <file ID="ALT021" MIMETYPE="application/alto">
        <FLocat LOCTYPE="URL" xlink:href="../ALTO/00000021..xml" />
      </file>
      <file ID="ALT022" MIMETYPE="application/alto">
        <FLocat LOCTYPE="URL" xlink:href="../ALTO/00000022..xml" />
      </file>
      <file ID="ALT023" MIMETYPE="application/alto">
        <FLocat LOCTYPE="URL" xlink:href="../ALTO/00000023..xml" />
      </file>
      <file ID="ALT024" MIMETYPE="application/alto">
        <FLocat LOCTYPE="URL" xlink:href="../ALTO/00000024..xml" />
      </file>
      <file ID="ALT025" MIMETYPE="application/alto">
        <FLocat LOCTYPE="URL" xlink:href="../ALTO/00000025..xml" />
      </file>
      <file ID="ALT026" MIMETYPE="application/alto">
        <FLocat LOCTYPE="URL" xlink:href="../ALTO/00000026..xml" />
      </file>
      <file ID="ALT027" MIMETYPE="application/alto">
        <FLocat LOCTYPE="URL" xlink:href="../ALTO/00000027..xml" />
      </file>
      <file ID="ALT028" MIMETYPE="application/alto">
        <FLocat LOCTYPE="URL" xlink:href="../ALTO/00000028..xml" />
      </file>
      <file ID="ALT029" MIMETYPE="application/alto">
        <FLocat LOCTYPE="URL" xlink:href="../ALTO/00000029..xml" />
      </file>
      <file ID="ALT030" MIMETYPE="application/alto">
        <FLocat LOCTYPE="URL" xlink:href="../ALTO/00000030..xml" />
      </file>
      <file ID="ALT031" MIMETYPE="application/alto">
        <FLocat LOCTYPE="URL" xlink:href="../ALTO/00000031..xml" />
      </file>
      <file ID="ALT032" MIMETYPE="application/alto">
        <FLocat LOCTYPE="URL" xlink:href="../ALTO/00000032..xml" />
      </file>
    </fileGrp>
  </fileSec>
  <structMap TYPE="physical">
    <div DMDID="DMD1" LABEL="Unknown" TYPE="volume">
      <div ORDER="1" TYPE="page">
        <fptr FILEID="TIF001" />
        <fptr FILEID="ALT001" />
      </div>
      <div ORDER="2" TYPE="page">
        <fptr FILEID="TIF002" />
        <fptr FILEID="ALT002" />
      </div>
      <div ORDER="3" TYPE="page">
        <fptr FILEID="TIF003" />
        <fptr FILEID="ALT003" />
      </div>
      <div ORDER="4" TYPE="page">
        <fptr FILEID="TIF004" />
        <fptr FILEID="ALT004" />
      </div>
      <div ORDER="5" TYPE="page">
        <fptr FILEID="TIF005" />
        <fptr FILEID="ALT005" />
      </div>
      <div ORDER="6" TYPE="page">
        <fptr FILEID="TIF006" />
        <fptr FILEID="ALT006" />
      </div>
      <div ORDER="7" TYPE="page">
        <fptr FILEID="TIF007" />
        <fptr FILEID="ALT007" />
      </div>
      <div ORDER="8" TYPE="page">
        <fptr FILEID="TIF008" />
        <fptr FILEID="ALT008" />
      </div>
      <div ORDER="9" TYPE="page">
        <fptr FILEID="TIF009" />
        <fptr FILEID="ALT009" />
      </div>
      <div ORDER="10" TYPE="page">
        <fptr FILEID="TIF010" />
        <fptr FILEID="ALT010" />
      </div>
      <div ORDER="11" TYPE="page">
        <fptr FILEID="TIF011" />
        <fptr FILEID="ALT011" />
      </div>
      <div ORDER="12" TYPE="page">
        <fptr FILEID="TIF012" />
        <fptr FILEID="ALT012" />
      </div>
      <div ORDER="13" TYPE="page">
        <fptr FILEID="TIF013" />
        <fptr FILEID="ALT013" />
      </div>
      <div ORDER="14" TYPE="page">
        <fptr FILEID="TIF014" />
        <fptr FILEID="ALT014" />
      </div>
      <div ORDER="15" TYPE="page">
        <fptr FILEID="TIF015" />
        <fptr FILEID="ALT015" />
      </div>
      <div ORDER="16" TYPE="page">
        <fptr FILEID="TIF016" />
        <fptr FILEID="ALT016" />
      </div>
      <div ORDER="17" TYPE="page">
        <fptr FILEID="TIF017" />
        <fptr FILEID="ALT017" />
      </div>
      <div ORDER="18" TYPE="page">
        <fptr FILEID="TIF018" />
        <fptr FILEID="ALT018" />
      </div>
      <div ORDER="19" TYPE="page">
        <fptr FILEID="TIF019" />
        <fptr FILEID="ALT019" />
      </div>
      <div ORDER="20" TYPE="page">
        <fptr FILEID="TIF020" />
        <fptr FILEID="ALT020" />
      </div>
      <div ORDER="21" TYPE="page">
        <fptr FILEID="TIF021" />
        <fptr FILEID="ALT021" />
      </div>
      <div ORDER="22" TYPE="page">
        <fptr FILEID="TIF022" />
        <fptr FILEID="ALT022" />
      </div>
      <div ORDER="23" TYPE="page">
        <fptr FILEID="TIF023" />
        <fptr FILEID="ALT023" />
      </div>
      <div ORDER="24" TYPE="page">
        <fptr FILEID="TIF024" />
        <fptr FILEID="ALT024" />
      </div>
      <div ORDER="25" TYPE="page">
        <fptr FILEID="TIF025" />
        <fptr FILEID="ALT025" />
      </div>
      <div ORDER="26" TYPE="page">
        <fptr FILEID="TIF026" />
        <fptr FILEID="ALT026" />
      </div>
      <div ORDER="27" TYPE="page">
        <fptr FILEID="TIF027" />
        <fptr FILEID="ALT027" />
      </div>
      <div ORDER="28" TYPE="page">
        <fptr FILEID="TIF028" />
        <fptr FILEID="ALT028" />
      </div>
      <div ORDER="29" TYPE="page">
        <fptr FILEID="TIF029" />
        <fptr FILEID="ALT029" />
      </div>
      <div ORDER="30" TYPE="page">
        <fptr FILEID="TIF030" />
        <fptr FILEID="ALT030" />
      </div>
      <div ORDER="31" TYPE="page">
        <fptr FILEID="TIF031" />
        <fptr FILEID="ALT031" />
      </div>
      <div ORDER="32" TYPE="page">
        <fptr FILEID="TIF032" />
        <fptr FILEID="ALT032" />
      </div>
    </div>
  </structMap>
  <structMap TYPE="logical">
    <div ORDER="1" LABEL="Unknown" TYPE="volume">
      <div ORDER="1" ORDERLABEL="" TYPE="page">
        <fptr FILEID="TIF001" />
        <fptr FILEID="ALT001" />
      </div>
      <div ORDER="2" LABEL="Cover" TYPE="cover">
        <div ORDER="1" ORDERLABEL="" TYPE="page">
          <fptr FILEID="TIF002" />
          <fptr FILEID="ALT002" />
        </div>
      </div>
      <div ORDER="3" LABEL="Body" TYPE="body">
        <div ORDER="1" ORDERLABEL="" TYPE="page">
          <fptr FILEID="TIF003" />
          <fptr FILEID="ALT003" />
        </div>
        <div ORDER="2" ORDERLABEL="" TYPE="page">
          <fptr FILEID="TIF004" />
          <fptr FILEID="ALT004" />
        </div>
        <div ORDER="3" ORDERLABEL="" TYPE="page">
          <fptr FILEID="TIF005" />
          <fptr FILEID="ALT005" />
        </div>
        <div ORDER="4" ORDERLABEL="3" TYPE="page">
          <fptr FILEID="TIF006" />
          <fptr FILEID="ALT006" />
        </div>
        <div ORDER="5" ORDERLABEL="4" TYPE="page">
          <fptr FILEID="TIF007" />
          <fptr FILEID="ALT007" />
        </div>
        <div ORDER="6" ORDERLABEL="5" TYPE="page">
          <fptr FILEID="TIF008" />
          <fptr FILEID="ALT008" />
        </div>
        <div ORDER="7" ORDERLABEL="6" TYPE="page">
          <fptr FILEID="TIF009" />
          <fptr FILEID="ALT009" />
        </div>
        <div ORDER="8" ORDERLABEL="7" TYPE="page">
          <fptr FILEID="TIF010" />
          <fptr FILEID="ALT010" />
        </div>
        <div ORDER="9" ORDERLABEL="8" TYPE="page">
          <fptr FILEID="TIF011" />
          <fptr FILEID="ALT011" />
        </div>
        <div ORDER="10" ORDERLABEL="9" TYPE="page">
          <fptr FILEID="TIF012" />
          <fptr FILEID="ALT012" />
        </div>
        <div ORDER="11" ORDERLABEL="10" TYPE="page">
          <fptr FILEID="TIF013" />
          <fptr FILEID="ALT013" />
        </div>
        <div ORDER="12" ORDERLABEL="11" TYPE="page">
          <fptr FILEID="TIF014" />
          <fptr FILEID="ALT014" />
        </div>
        <div ORDER="13" ORDERLABEL="12" TYPE="page">
          <fptr FILEID="TIF015" />
          <fptr FILEID="ALT015" />
        </div>
        <div ORDER="14" ORDERLABEL="13" TYPE="page">
          <fptr FILEID="TIF016" />
          <fptr FILEID="ALT016" />
        </div>
        <div ORDER="15" ORDERLABEL="14" TYPE="page">
          <fptr FILEID="TIF017" />
          <fptr FILEID="ALT017" />
        </div>
        <div ORDER="16" ORDERLABEL="" TYPE="page">
          <fptr FILEID="TIF018" />
          <fptr FILEID="ALT018" />
        </div>
        <div ORDER="17" ORDERLABEL="" TYPE="page">
          <fptr FILEID="TIF019" />
          <fptr FILEID="ALT019" />
        </div>
        <div ORDER="18" ORDERLABEL="15" TYPE="page">
          <fptr FILEID="TIF020" />
          <fptr FILEID="ALT020" />
        </div>
        <div ORDER="19" ORDERLABEL="16" TYPE="page">
          <fptr FILEID="TIF021" />
          <fptr FILEID="ALT021" />
        </div>
        <div ORDER="20" ORDERLABEL="17" TYPE="page">
          <fptr FILEID="TIF022" />
          <fptr FILEID="ALT022" />
        </div>
        <div ORDER="21" ORDERLABEL="18" TYPE="page">
          <fptr FILEID="TIF023" />
          <fptr FILEID="ALT023" />
        </div>
        <div ORDER="22" ORDERLABEL="19" TYPE="page">
          <fptr FILEID="TIF024" />
          <fptr FILEID="ALT024" />
        </div>
        <div ORDER="23" ORDERLABEL="20" TYPE="page">
          <fptr FILEID="TIF025" />
          <fptr FILEID="ALT025" />
        </div>
        <div ORDER="24" ORDERLABEL="21" TYPE="page">
          <fptr FILEID="TIF026" />
          <fptr FILEID="ALT026" />
        </div>
        <div ORDER="25" ORDERLABEL="22" TYPE="page">
          <fptr FILEID="TIF027" />
          <fptr FILEID="ALT027" />
        </div>
        <div ORDER="26" ORDERLABEL="23" TYPE="page">
          <fptr FILEID="TIF028" />
          <fptr FILEID="ALT028" />
        </div>
        <div ORDER="27" ORDERLABEL="24" TYPE="page">
          <fptr FILEID="TIF029" />
          <fptr FILEID="ALT029" />
        </div>
        <div ORDER="28" ORDERLABEL="" TYPE="page">
          <fptr FILEID="TIF030" />
          <fptr FILEID="ALT030" />
        </div>
      </div>
      <div ORDER="4" LABEL="Cover" TYPE="cover">
        <div ORDER="1" ORDERLABEL="" TYPE="page">
          <fptr FILEID="TIF031" />
          <fptr FILEID="ALT031" />
        </div>
      </div>
    </div>
  </structMap>
</mets>